filepath,filename,canonical_class,original_class,width,height,channels,sha256,split
data/dataset/Mild_Demented/mild_237.jpg,mild_237.jpg,Mild Demented,MildDemented,128,128,1,05f49ed48673f4b78c191c821544d9d1bfb3313a5dbc1a5308053b9d1f4d623a,train
data/dataset/Mild_Demented/mild_319.jpg,mild_319.jpg,Mild Demented,MildDemented,128,128,1,4e23ace001d08cdef95574eed1eab5c21db9572ccb09813409a931d089d40bf6,train
data/dataset/Mild_Demented/mild_30.jpg,mild_30.jpg,Mild Demented,MildDemented,128,128,1,3125bdb7f63ce4b01b7ba3a5d4a58bf26015d2f5db24a85eae05a67932c8ed41,train
data/dataset/Mild_Demented/mild_133.jpg,mild_133.jpg,Mild Demented,MildDemented,128,128,1,6a51b261234c14f2247bff316565625b51ca61c1d394106cef341c5219e7713d,train
data/dataset/Mild_Demented/mild_442.jpg,mild_442.jpg,Mild Demented,MildDemented,128,128,1,a9213c0bd6931302d0bc1ee4db53ecf4dd9bc4b614f420c77690159604f49df2,train
data/dataset/Mild_Demented/mild_335.jpg,mild_335.jpg,Mild Demented,MildDemented,128,128,1,8edf6d85fcfb589f7b88eef94ae7e867a9134ce220f316c1f6c27f9706309818,train
data/dataset/Mild_Demented/mild_346.jpg,mild_346.jpg,Mild Demented,MildDemented,128,128,1,6c0aef310920332753f572e6654f6696a895902859880c3165467b5cee2949d9,train
data/dataset/Mild_Demented/mild_6.jpg,mild_6.jpg,Mild Demented,MildDemented,128,128,1,822f1008d2ab5233ce234a686adf6b08c06259ab0d8abd28875e034107d949da,train
data/dataset/Mild_Demented/mild_581.jpg,mild_581.jpg,Mild Demented,MildDemented,128,128,1,a1ea538c139a4a8c03c43e7e9f14a672be2100f9f97db092b9ab881955c4cf68,train
data/dataset/Mild_Demented/mild_126.jpg,mild_126.jpg,Mild Demented,MildDemented,128,128,1,2d1c922c972ac217d42f87b81ae0e9d23d8bdbb4b89dba28d38ff482e7040943,train
data/dataset/Mild_Demented/mild_200.jpg,mild_200.jpg,Mild Demented,MildDemented,128,128,1,73b2960b39caded181e92d4b9dbbf94359b4427a7213e611f763c37d838d5ef1,train
data/dataset/Mild_Demented/mild_752.jpg,mild_752.jpg,Mild Demented,MildDemented,128,128,1,15c12cca8903c40848f14981d135b4220dcc37bbab9320d83931962a72d90f7f,train
data/dataset/Mild_Demented/mild_750.jpg,mild_750.jpg,Mild Demented,MildDemented,128,128,1,665165eacc8130c11c3a3c61d44205ce9b377c51e2de4ed36fb7cd0028599ec9,train
data/dataset/Mild_Demented/mild_417.jpg,mild_417.jpg,Mild Demented,MildDemented,128,128,1,a719ca6cef72beccdb7c85e023221b2e55fc1c447dcb8af39e61ebe069b89137,train
data/dataset/Mild_Demented/mild_794.jpg,mild_794.jpg,Mild Demented,MildDemented,128,128,1,9bb528bfe9252e4c38b1e503e95bb95b8e3c451071ca61f0e525f8dfc8b832b0,train
data/dataset/Mild_Demented/mild_802.jpg,mild_802.jpg,Mild Demented,MildDemented,128,128,1,72e464b57b8899f3a7d227d1d1e19f347228bc594a708441b30aab6c1482d93d,train
data/dataset/Mild_Demented/mild_622.jpg,mild_622.jpg,Mild Demented,MildDemented,128,128,1,43823644f0e5fdcbebba0d751bb0bcf0dd654bd89b04c9f49f22f3db8f90f749,train
data/dataset/Mild_Demented/mild_726.jpg,mild_726.jpg,Mild Demented,MildDemented,128,128,1,dadbb426118dc9f014b7b37db378646b1f236d6d4bd07f740b282a60fa9909da,train
data/dataset/Mild_Demented/mild_753.jpg,mild_753.jpg,Mild Demented,MildDemented,128,128,1,58cc036ba22c6e35862f658d37d205cdc7900695c0a7518d1b8f6d98e7c39e6f,train
data/dataset/Mild_Demented/mild_469.jpg,mild_469.jpg,Mild Demented,MildDemented,128,128,1,5e5f681e9bd38d94d0d8280f33309f93db8448756682db6f4f8e28f4754b8090,train
data/dataset/Mild_Demented/mild_536.jpg,mild_536.jpg,Mild Demented,MildDemented,128,128,1,67bdf1c42b6249c245f52d923e8272ef0170494e18986d364b3296a6682475a4,train
data/dataset/Mild_Demented/mild_383.jpg,mild_383.jpg,Mild Demented,MildDemented,128,128,1,b46b8eba0b4eda7d725347539103c6816b07d63f011362df3ecebe5caa7b8ce8,train
data/dataset/Mild_Demented/mild_285.jpg,mild_285.jpg,Mild Demented,MildDemented,128,128,1,f5a7fc6af73b517139d0924ad5dbd367d2eba4044d64059545d8ee5d65188d3d,train
data/dataset/Mild_Demented/mild_125.jpg,mild_125.jpg,Mild Demented,MildDemented,128,128,1,230b57f68e9408c7dfd108dabecfd3eaadaa735a3ae72f6e09a7922a7d3b729c,train
data/dataset/Mild_Demented/mild_546.jpg,mild_546.jpg,Mild Demented,MildDemented,128,128,1,04983915ef0342543304305c1daeba53a8c7189984485cfefca68ad5609b1a62,train
data/dataset/Mild_Demented/mild_691.jpg,mild_691.jpg,Mild Demented,MildDemented,128,128,1,ec71e33cddc8ff5e5c0138aad3cfdca71a99b241ccdd3e8c3726efc0fdbc2fcd,train
data/dataset/Mild_Demented/mild_796.jpg,mild_796.jpg,Mild Demented,MildDemented,128,128,1,cc97a71a5018dd725bbd6c1b0d114ec5147a3ab454d9101cf80f5b7db2646751,train
data/dataset/Mild_Demented/mild_478.jpg,mild_478.jpg,Mild Demented,MildDemented,128,128,1,c31286a6ad97316fe2dae97e86ee1c183cc792316a8a402c233b372b66249e42,train
data/dataset/Mild_Demented/mild_649.jpg,mild_649.jpg,Mild Demented,MildDemented,128,128,1,d0b3530ffb859aa70e7b6f70889d2423e14efb99234bca21ff045b137decad77,train
data/dataset/Mild_Demented/mild_13.jpg,mild_13.jpg,Mild Demented,MildDemented,128,128,1,8d85f8d3e1fbb4b52897705736fdeac685b06de6ccc33c22d2bb35aebd7379a3,train
data/dataset/Mild_Demented/mild_586.jpg,mild_586.jpg,Mild Demented,MildDemented,128,128,1,008346011228645cc84efc5c4c63442a7975cfece238122c439b812930f250f2,train
data/dataset/Mild_Demented/mild_825.jpg,mild_825.jpg,Mild Demented,MildDemented,128,128,1,57cca685eab38c5823ff87c19d994d3b55f154a225c40c999e2db93378f03913,train
data/dataset/Mild_Demented/mild_266.jpg,mild_266.jpg,Mild Demented,MildDemented,128,128,1,e3c4977a906a2b0401175b4e1ed3aca7b7d2127132cc246debcbf77ba49b5e17,train
data/dataset/Mild_Demented/mild_648.jpg,mild_648.jpg,Mild Demented,MildDemented,128,128,1,506f72126447733e3e70463c8a4ff7f545ce22a5575bb04ea00259b469fb58ba,train
data/dataset/Mild_Demented/mild_818.jpg,mild_818.jpg,Mild Demented,MildDemented,128,128,1,24d83b69b58ab23e31c8eb02b71d2d5c7367fd4fce69647371ff5bff049133fe,train
data/dataset/Mild_Demented/mild_509.jpg,mild_509.jpg,Mild Demented,MildDemented,128,128,1,ceeee58d980708d4996a9ad431b21d0c257b0c8e82bdf494f1fea2e6b015e70b,train
data/dataset/Mild_Demented/mild_689.jpg,mild_689.jpg,Mild Demented,MildDemented,128,128,1,ae1adfe27093a13f80c91e708123cdcd5d5d41e5dac41e26cdbb45bd9d823ae6,train
data/dataset/Mild_Demented/mild_764.jpg,mild_764.jpg,Mild Demented,MildDemented,128,128,1,8fb6aa5ad09cb341465add744ba5c7f7601a1420c444d9e57f9b245c51365b6e,train
data/dataset/Mild_Demented/mild_895.jpg,mild_895.jpg,Mild Demented,MildDemented,128,128,1,5d3fa220f7cac0e816572ba3eedb2575282f77d183ac697ef84c2d4230046e9d,train
data/dataset/Mild_Demented/mild_540.jpg,mild_540.jpg,Mild Demented,MildDemented,128,128,1,cd99fc7d64801f4d0b7a7fb4f50069cb0d247d24d43cfcbe99d7b6be349a68d9,train
data/dataset/Mild_Demented/mild_566.jpg,mild_566.jpg,Mild Demented,MildDemented,128,128,1,0bafa80f0cbc8859674afa889ae349a88cb0e3fad0ab8eaab686a53832c131ae,train
data/dataset/Mild_Demented/mild_633.jpg,mild_633.jpg,Mild Demented,MildDemented,128,128,1,6f29e3076f5e0dff56b2c6537647d7fc1e8cb02c6f6f11d0b37fbbc6c32871b9,train
data/dataset/Mild_Demented/mild_472.jpg,mild_472.jpg,Mild Demented,MildDemented,128,128,1,005c6431c67a16bca26de627407a42d590371ac55706d2eefc41792d457bf93b,train
data/dataset/Mild_Demented/mild_327.jpg,mild_327.jpg,Mild Demented,MildDemented,128,128,1,9eaad6d69178b29291e639f084c65a2fb149aa6035008fd79a095441290a742f,train
data/dataset/Mild_Demented/mild_870.jpg,mild_870.jpg,Mild Demented,MildDemented,128,128,1,b8033d05a221e3c162b8efa2aa240899b2a4be889313f3e59665aa47bdfdf1cd,train
data/dataset/Mild_Demented/mild_401.jpg,mild_401.jpg,Mild Demented,MildDemented,128,128,1,f77c7500dac339caf09e4cbec54f5991c036d2420e5a4da654e1e1bbefa410a9,train
data/dataset/Mild_Demented/mild_59.jpg,mild_59.jpg,Mild Demented,MildDemented,128,128,1,bc1ab33d090acf3811f2945da1e26063d0d6a2edb76be4c504f0876921011583,train
data/dataset/Mild_Demented/mild_838.jpg,mild_838.jpg,Mild Demented,MildDemented,128,128,1,1fae80c8de179e9f2b25ddd99bd0715984d30e65e73f365ac741e33e960fbbad,train
data/dataset/Mild_Demented/mild_531.jpg,mild_531.jpg,Mild Demented,MildDemented,128,128,1,276fae677d0a4e370fc154064db3acf60cc61bdfa822f8dbe822b1a7d5aac97a,train
data/dataset/Mild_Demented/mild_139.jpg,mild_139.jpg,Mild Demented,MildDemented,128,128,1,19933d76f4368d32cf3473d953f2d615e0ded10f392f26f56c69224c9b53080a,train
data/dataset/Mild_Demented/mild_448.jpg,mild_448.jpg,Mild Demented,MildDemented,128,128,1,eed4546346d9ce35fd01d7025faba9310a6eb1c76af2a7a714beb4cbcd1ff22f,train
data/dataset/Mild_Demented/mild_67.jpg,mild_67.jpg,Mild Demented,MildDemented,128,128,1,94a3233ef82de603141457f277059d58dcb237fcc13b5d3247af13b6eb7eb02e,train
data/dataset/Mild_Demented/mild_57.jpg,mild_57.jpg,Mild Demented,MildDemented,128,128,1,418e9a6bcb7931066604a81167b0f4650c21d678e7732c92d3721b2d702e231d,train
data/dataset/Mild_Demented/mild_717.jpg,mild_717.jpg,Mild Demented,MildDemented,128,128,1,8a4bff0e29da1b344795b418ff6ad03af7dda442cfc37a77b42c4f455675d9e5,train
data/dataset/Mild_Demented/mild_92.jpg,mild_92.jpg,Mild Demented,MildDemented,128,128,1,0fd4fe1e53ab232deb5709279e70c45a2cbb262ab17974bb3be3483347214f2a,train
data/dataset/Mild_Demented/mild_140.jpg,mild_140.jpg,Mild Demented,MildDemented,128,128,1,0b8fac1bac649efb2829e555645837aa1d38ef5533ab9e128eaeae4376e25e5f,train
data/dataset/Mild_Demented/mild_238.jpg,mild_238.jpg,Mild Demented,MildDemented,128,128,1,e9dcc0394873fb861e2a1c7706dfe43f60590d5d193fa94b75d1c6edf987766a,train
data/dataset/Mild_Demented/mild_38.jpg,mild_38.jpg,Mild Demented,MildDemented,128,128,1,1ac9f0025ebcfdee6aa9a5fabf0653233583a6609031a409fd76658aa7153e87,train
data/dataset/Mild_Demented/mild_360.jpg,mild_360.jpg,Mild Demented,MildDemented,128,128,1,dbb9a31a9ef2268193b4e24e8dff118f4a124f3a6842767c4ee3e75f24e5196b,train
data/dataset/Mild_Demented/mild_692.jpg,mild_692.jpg,Mild Demented,MildDemented,128,128,1,1a875fef41f865eb002cb06280e57806e719b7ce0e06b3d3232b17b7a15234b7,train
data/dataset/Mild_Demented/mild_645.jpg,mild_645.jpg,Mild Demented,MildDemented,128,128,1,282199ff78409ae2acd4e06155ca35e70f3c236d3f0cfee3f0d268d6885d7787,train
data/dataset/Mild_Demented/mild_122.jpg,mild_122.jpg,Mild Demented,MildDemented,128,128,1,544fceea18ad4e547126b72742d0893420164dfcd755498be2962fd47cb08fbc,train
data/dataset/Mild_Demented/mild_62.jpg,mild_62.jpg,Mild Demented,MildDemented,128,128,1,5c5f10779c623d652f6d5cd655b0d71f414a0905cadbd025c537d8881e93bc4d,train
data/dataset/Mild_Demented/mild_136.jpg,mild_136.jpg,Mild Demented,MildDemented,128,128,1,ae8215973aba7a2f37826207d14be9cccbcb0ef90534e0546bbfc91bdb5c69f7,train
data/dataset/Mild_Demented/mild_766.jpg,mild_766.jpg,Mild Demented,MildDemented,128,128,1,5f9ce87ca1177601ceef9bb8dec5aafaef921c87f47350fc247975d48735d391,train
data/dataset/Mild_Demented/mild_178.jpg,mild_178.jpg,Mild Demented,MildDemented,128,128,1,ad3914e9809e564479b4aa24ad6e6800e7981f257706a81491bd9a36a308dc80,train
data/dataset/Mild_Demented/mild_43.jpg,mild_43.jpg,Mild Demented,MildDemented,128,128,1,06d6d7a094c318c87382f956a79c350f8ae0c8e4241ab966e7441a305a32e88c,train
data/dataset/Mild_Demented/mild_559.jpg,mild_559.jpg,Mild Demented,MildDemented,128,128,1,5a07a7b9bf0275d512df63545d27db846a11652b08f922b4d4bbd5685834a2ff,train
data/dataset/Mild_Demented/mild_161.jpg,mild_161.jpg,Mild Demented,MildDemented,128,128,1,dc3cf88d773e1f57159e35559afe20784f96d204133c3e6e48a886303155ceb8,train
data/dataset/Mild_Demented/mild_857.jpg,mild_857.jpg,Mild Demented,MildDemented,128,128,1,986a4c9a950c6ec666555d1b1bdb0edaf7f6920f3e1a1d7957836e73ae54470f,train
data/dataset/Mild_Demented/mild_354.jpg,mild_354.jpg,Mild Demented,MildDemented,128,128,1,3ec6565ef42862d37bd1ac247cce4fc5ded152b62f0d2bf6705937eaad7124f6,train
data/dataset/Mild_Demented/mild_840.jpg,mild_840.jpg,Mild Demented,MildDemented,128,128,1,c6688a0303df874371f331a9bb82dedf8a34da3c4949a62170e89eab650318e2,train
data/dataset/Mild_Demented/mild_68.jpg,mild_68.jpg,Mild Demented,MildDemented,128,128,1,d09c8b06eb74929247cd5b748170620dd9c031f1cac6fbbc175582e6005b7262,train
data/dataset/Mild_Demented/mild_627.jpg,mild_627.jpg,Mild Demented,MildDemented,128,128,1,7a29e867bd207750f1158eecef6b8da4eb5573d960a4d72ec0ca03706c0631cc,train
data/dataset/Mild_Demented/mild_596.jpg,mild_596.jpg,Mild Demented,MildDemented,128,128,1,6fee56f1ddb99da7dbe632ee88d935b79abd311e966383fa28104a6a1d1737a7,train
data/dataset/Mild_Demented/mild_459.jpg,mild_459.jpg,Mild Demented,MildDemented,128,128,1,082481def46a2f83954bbbfe1df220cacc7c5655d864b5b9d108cf4bfde8ba97,train
data/dataset/Mild_Demented/mild_94.jpg,mild_94.jpg,Mild Demented,MildDemented,128,128,1,6377cce6d4593825afdc62ef02b86776728f38f5a953473a6c0e07c445a906b4,train
data/dataset/Mild_Demented/mild_630.jpg,mild_630.jpg,Mild Demented,MildDemented,128,128,1,4ce80b6d897b9aa6b0f348e6d2eb785d6b1420c2aae01f4874905e02528824f8,train
data/dataset/Mild_Demented/mild_385.jpg,mild_385.jpg,Mild Demented,MildDemented,128,128,1,aa120194285f483a6bc0faf9af7c3c9f1d21a1622cf0a3cd5c127ff668d3e02b,train
data/dataset/Mild_Demented/mild_555.jpg,mild_555.jpg,Mild Demented,MildDemented,128,128,1,b3e49265ceb3b97a9e37a43c3466e8fa59af71ec07eb05046eaa232c067b5aa7,train
data/dataset/Mild_Demented/mild_376.jpg,mild_376.jpg,Mild Demented,MildDemented,128,128,1,a160697ca498dfadf047c055b06ac3ec288756c087a6670bef2c4a6192da1815,train
data/dataset/Mild_Demented/mild_734.jpg,mild_734.jpg,Mild Demented,MildDemented,128,128,1,0f94041a8e7993140ed2f7713b6ac2f232b9109ef168b720cde7360856e336b3,train
data/dataset/Mild_Demented/mild_514.jpg,mild_514.jpg,Mild Demented,MildDemented,128,128,1,6980c7f47bffc77e6f58dc221c35c5a29a8a8f37a038ab537e17a088df7b904c,train
data/dataset/Mild_Demented/mild_722.jpg,mild_722.jpg,Mild Demented,MildDemented,128,128,1,46066c2f824fe257d920c26e523c91a388321a559ee50a0f390b38304195204e,train
data/dataset/Mild_Demented/mild_861.jpg,mild_861.jpg,Mild Demented,MildDemented,128,128,1,4547002f127a4b36d3f6d60f33daa5759bbea7dc1fcbeb0eb197394ac624dd21,train
data/dataset/Mild_Demented/mild_41.jpg,mild_41.jpg,Mild Demented,MildDemented,128,128,1,eb688a73dd51db05c17b0d86b6aef60c74edfe47d61d5b09ede45a27699f17ad,train
data/dataset/Mild_Demented/mild_7.jpg,mild_7.jpg,Mild Demented,MildDemented,128,128,1,dcf2e16fcfad3bdc861c6f16ecbb30f00280eea051589676699f2352e4b84a46,train
data/dataset/Mild_Demented/mild_206.jpg,mild_206.jpg,Mild Demented,MildDemented,128,128,1,7027eae84e7ba83b40d49e730e0ba12276de4a28738f2cb88c26164d08dac860,train
data/dataset/Mild_Demented/mild_405.jpg,mild_405.jpg,Mild Demented,MildDemented,128,128,1,9fd777d68f88b7978252841df94cbcdd1a57e7612604f29c1516ace7b07beda5,train
data/dataset/Mild_Demented/mild_453.jpg,mild_453.jpg,Mild Demented,MildDemented,128,128,1,db7c00069e125dbc9a5fd6e089ff42ae8c53d3cc99e5263317a9ed098b1ff0e0,train
data/dataset/Mild_Demented/mild_833.jpg,mild_833.jpg,Mild Demented,MildDemented,128,128,1,bf8d80780f050bea11b56f66762e705c07d69251c570fb783ae70a1e0dd8f3a2,train
data/dataset/Mild_Demented/mild_449.jpg,mild_449.jpg,Mild Demented,MildDemented,128,128,1,f96e12ff9d4ce5639ec36b602866f71bea5c3094740ee0f057345a49318ed783,train
data/dataset/Mild_Demented/mild_308.jpg,mild_308.jpg,Mild Demented,MildDemented,128,128,1,a7fafb98089d60869fc5354b0aae1d8925e45375761023f82af221deae541ac9,train
data/dataset/Mild_Demented/mild_575.jpg,mild_575.jpg,Mild Demented,MildDemented,128,128,1,5fbbba2ffb7bfa59ebe3a71ac29924c06fe72dc7bb4cb3a90a1f6c66363f0ffa,train
data/dataset/Mild_Demented/mild_673.jpg,mild_673.jpg,Mild Demented,MildDemented,128,128,1,0636d4eef31dded5545237c988ea9870e5be7e562d1bf9057436db0497db77ca,train
data/dataset/Mild_Demented/mild_685.jpg,mild_685.jpg,Mild Demented,MildDemented,128,128,1,7b1607e617dbaf3b3fb3390ef5ab4e6df5020dc4585e0d7227ce0991b94490ff,train
data/dataset/Mild_Demented/mild_339.jpg,mild_339.jpg,Mild Demented,MildDemented,128,128,1,d621449725a0137e510f9eabe8ce8be4e872e285fbe258d9df7d4a99767a1f4f,train
data/dataset/Mild_Demented/mild_810.jpg,mild_810.jpg,Mild Demented,MildDemented,128,128,1,5808fe4f002387383986b9782fff1f7e3a0f3b2528c5cab9a51486ddb7530a4a,train
data/dataset/Mild_Demented/mild_368.jpg,mild_368.jpg,Mild Demented,MildDemented,128,128,1,5b2700a12cb33b14325b3db82b0ad2bf4c464f9d5120f9d1081976c67425e750,train
data/dataset/Mild_Demented/mild_732.jpg,mild_732.jpg,Mild Demented,MildDemented,128,128,1,ce723082e0b2bd584aeb7571461432be7f9911c0c07861ec7e6d0db6c0e479b5,train
data/dataset/Mild_Demented/mild_671.jpg,mild_671.jpg,Mild Demented,MildDemented,128,128,1,4cd98308f2c111e6da7db386ed5a580bf4f941ceba17dd6e6a77dd2b76e88e76,train
data/dataset/Mild_Demented/mild_393.jpg,mild_393.jpg,Mild Demented,MildDemented,128,128,1,72c564a35a4f48b44e4393fd99e95245221165e07c356a0355b5aa00d797af0f,train
data/dataset/Mild_Demented/mild_632.jpg,mild_632.jpg,Mild Demented,MildDemented,128,128,1,d3e26907ea9da5b9b99e93d0c25f0b6076e556d510ac971f7c29dfcf3d1b2e07,train
data/dataset/Mild_Demented/mild_96.jpg,mild_96.jpg,Mild Demented,MildDemented,128,128,1,105b7f3173f277b373ef245c61ca5e0211fb0ba7f65d4c474e8b6960e0ae2e40,train
data/dataset/Mild_Demented/mild_823.jpg,mild_823.jpg,Mild Demented,MildDemented,128,128,1,e0ce7392720336f91a1df4d408ccbadd7a1077a69a1100d6e243dd80ac61c14d,train
data/dataset/Mild_Demented/mild_470.jpg,mild_470.jpg,Mild Demented,MildDemented,128,128,1,5741416efe94ac98a948c61e3746460ea1c8ff820e4158c9d1d92e586008c98a,train
data/dataset/Mild_Demented/mild_587.jpg,mild_587.jpg,Mild Demented,MildDemented,128,128,1,0852f67b2fbc871fccf70457de67786bb28b042ae3ec82eabec69c82a7b209c6,train
data/dataset/Mild_Demented/mild_404.jpg,mild_404.jpg,Mild Demented,MildDemented,128,128,1,4140a2b12cca983cda01dda050dbe088640431d87b282e29d3134c9b148117e3,train
data/dataset/Mild_Demented/mild_252.jpg,mild_252.jpg,Mild Demented,MildDemented,128,128,1,aa626bdeb311b3a5d983b9944ef80bd5eb230a174b95ed6ee44052dcce1def7f,train
data/dataset/Mild_Demented/mild_654.jpg,mild_654.jpg,Mild Demented,MildDemented,128,128,1,35f2ca79d15876f54c97cdcd79dbc0151ae4329b833578b522a3aacca3cfda08,train
data/dataset/Mild_Demented/mild_98.jpg,mild_98.jpg,Mild Demented,MildDemented,128,128,1,af28983ce6d98d7d309b8b8369ddfb18495a82a5739784725044dc4738786808,train
data/dataset/Mild_Demented/mild_276.jpg,mild_276.jpg,Mild Demented,MildDemented,128,128,1,a8b115ccec9d188893f5b315420b857559e8a442bd9e60d0559c41316b0cd544,train
data/dataset/Mild_Demented/mild_703.jpg,mild_703.jpg,Mild Demented,MildDemented,128,128,1,c32b31d60097c3bd7af011b09fe8132b0b7587a04a6f1b39bcab34d26a55f080,train
data/dataset/Mild_Demented/mild_854.jpg,mild_854.jpg,Mild Demented,MildDemented,128,128,1,d7a5c52902ddecc1565fff007688904dab41ae26f7280d5d1a2e38de5c8f8a48,train
data/dataset/Mild_Demented/mild_693.jpg,mild_693.jpg,Mild Demented,MildDemented,128,128,1,b918e08f00be55265460c26d4299c5c1bd916e0c3ccbc87b3bb0c0aeea6d05c7,train
data/dataset/Mild_Demented/mild_853.jpg,mild_853.jpg,Mild Demented,MildDemented,128,128,1,7f4b1bb6af43c16c1ef69374ce937a2307748a2960cc2d8523c23bca5b9ec827,train
data/dataset/Mild_Demented/mild_809.jpg,mild_809.jpg,Mild Demented,MildDemented,128,128,1,ce167dde53a5fd4fb7d728c80973a1a6f4a4fa7b53074cc562a1dbb096d86e8a,train
data/dataset/Mild_Demented/mild_331.jpg,mild_331.jpg,Mild Demented,MildDemented,128,128,1,517ef64136d4baf05a67b13ff6b7a0feb27c48b9c13ac63cbcb5aa56a6fb63de,train
data/dataset/Mild_Demented/mild_892.jpg,mild_892.jpg,Mild Demented,MildDemented,128,128,1,7bcdbdeaeacf3cb86cd9be10db112fd741e6a6924aaaa76347c9afa3f933cff4,train
data/dataset/Mild_Demented/mild_551.jpg,mild_551.jpg,Mild Demented,MildDemented,128,128,1,6a9fb67c849308a61d88f10e65239099e91c5a0a8c85ac8cf7ccf89a16319ca0,train
data/dataset/Mild_Demented/mild_302.jpg,mild_302.jpg,Mild Demented,MildDemented,128,128,1,d4871dfed45c4efc9135007f6a7a5fa5b6d93729b97f5bb85271130690cd3715,train
data/dataset/Mild_Demented/mild_416.jpg,mild_416.jpg,Mild Demented,MildDemented,128,128,1,5637ac48d9ce13a47a2273713217d3458e9890a007430716505e193a611b1d64,train
data/dataset/Mild_Demented/mild_817.jpg,mild_817.jpg,Mild Demented,MildDemented,128,128,1,a18d19fab3eee8bd3c2b6be52c92d22bfb9c1ebf1b0e303a25cfcb0b6b72f208,train
data/dataset/Mild_Demented/mild_213.jpg,mild_213.jpg,Mild Demented,MildDemented,128,128,1,18ce0e8b90abf2538df2798d1da020c24b648f361e3754bdfd225d2d982863bd,train
data/dataset/Mild_Demented/mild_348.jpg,mild_348.jpg,Mild Demented,MildDemented,128,128,1,893a6f97acafedf49915f31cc4dd7954983b1776a11b060301b6ccc310e498dd,train
data/dataset/Mild_Demented/mild_542.jpg,mild_542.jpg,Mild Demented,MildDemented,128,128,1,d47980f4eacd3ac9208ab159b4c40186874edb027d438d0671fc31ef8a406c90,train
data/dataset/Mild_Demented/mild_441.jpg,mild_441.jpg,Mild Demented,MildDemented,128,128,1,118010e55416f8f07731ee8b59b2c8469b7c9e2be3723ae3690a62b589e83b51,train
data/dataset/Mild_Demented/mild_369.jpg,mild_369.jpg,Mild Demented,MildDemented,128,128,1,18d4fc7ff26dc05d6b751bccc3e5be86e024f6c63f268320fedb0ef4438d9603,train
data/dataset/Mild_Demented/mild_42.jpg,mild_42.jpg,Mild Demented,MildDemented,128,128,1,e9d189906e54b8339b990a4a4edcd2906ace53a7e56753408248ed289928d0ff,train
data/dataset/Mild_Demented/mild_225.jpg,mild_225.jpg,Mild Demented,MildDemented,128,128,1,8d0c5992167969621bd9e8f92a0d2dd1499dafe2b34f1a99561c0094a022696c,train
data/dataset/Mild_Demented/mild_816.jpg,mild_816.jpg,Mild Demented,MildDemented,128,128,1,f5e8b4115ee698ae364671eb3800b61330f02ebfde40b4e230d09462c70673f0,train
data/dataset/Mild_Demented/mild_867.jpg,mild_867.jpg,Mild Demented,MildDemented,128,128,1,2499f2a3cfc6f3ff57814dd8c43ce7eb103e27b429e44fabcd833ee7415cde0d,train
data/dataset/Mild_Demented/mild_151.jpg,mild_151.jpg,Mild Demented,MildDemented,128,128,1,75fcd1194dc8f5156e2666af83e7192119b9d9733fd41ac8e0b7ab84aced136b,train
data/dataset/Mild_Demented/mild_776.jpg,mild_776.jpg,Mild Demented,MildDemented,128,128,1,8cbbbfcf401e322d325ae569be42df4a3b55ce18677a0fe9c7a6b03cc36a7d5b,train
data/dataset/Mild_Demented/mild_156.jpg,mild_156.jpg,Mild Demented,MildDemented,128,128,1,58b290350354826e4c95a12b1313e2806bc7df36bc1e5f7c6f094162823bc04a,train
data/dataset/Mild_Demented/mild.jpg,mild.jpg,Mild Demented,MildDemented,128,128,1,644437874ab9ea704382560b97a0833341a732c898f34899cb05afb422b1b00f,train
data/dataset/Mild_Demented/mild_176.jpg,mild_176.jpg,Mild Demented,MildDemented,128,128,1,59ddc23daa193d9347fb8ada86dd4082c7a7b254f0275375459a38a9ae50373e,train
data/dataset/Mild_Demented/mild_826.jpg,mild_826.jpg,Mild Demented,MildDemented,128,128,1,36b286abb99bc54437adb6fc30cccccfa79ebf7875dbbc69cd2b3153877c2fe5,train
data/dataset/Mild_Demented/mild_392.jpg,mild_392.jpg,Mild Demented,MildDemented,128,128,1,19371b9ffb40c5021df1a6cd37213efe33b561f3236adcedc096896b099e0d2f,train
data/dataset/Mild_Demented/mild_492.jpg,mild_492.jpg,Mild Demented,MildDemented,128,128,1,c70133cb3e193c9f783d0f0492c6acb2ec755c7d063c22384127e83b9bbda63b,train
data/dataset/Mild_Demented/mild_232.jpg,mild_232.jpg,Mild Demented,MildDemented,128,128,1,0d45bf7c96cf475e17323a8f1ecb0d777c91626a2863592f387b5b9537e92749,train
data/dataset/Mild_Demented/mild_758.jpg,mild_758.jpg,Mild Demented,MildDemented,128,128,1,0cf0b12900c96b12dad40df4f14d6258a2977da4db69e6e92c79972df5aabea2,train
data/dataset/Mild_Demented/mild_46.jpg,mild_46.jpg,Mild Demented,MildDemented,128,128,1,b88217185cd434ed3fb0d9830130e952f8c1d4fdcde7684ab8408a657b760c00,train
data/dataset/Mild_Demented/mild_646.jpg,mild_646.jpg,Mild Demented,MildDemented,128,128,1,ed230e5800009358649ed81d24e85afe693cd837f60f3c7a1a5de053b2fd599e,train
data/dataset/Mild_Demented/mild_537.jpg,mild_537.jpg,Mild Demented,MildDemented,128,128,1,40ff631e61220a89aa9f239ac6585eaa51380033c6dfc19e6d5d64c96189ac8d,train
data/dataset/Mild_Demented/mild_217.jpg,mild_217.jpg,Mild Demented,MildDemented,128,128,1,2f412355240f02cce112fc8eac30946f6be3fcdb64d82cb54bc3a3ea1026606e,train
data/dataset/Mild_Demented/mild_399.jpg,mild_399.jpg,Mild Demented,MildDemented,128,128,1,d632a90d7b9430e334f64a5745901a8adb6b5fd8c9aa4b408e19efa5bdf36a65,train
data/dataset/Mild_Demented/mild_631.jpg,mild_631.jpg,Mild Demented,MildDemented,128,128,1,7f762ef24488fa8e0724b5e01e4b13c3c0debc4a0a260d388596b2dc01354f6e,train
data/dataset/Mild_Demented/mild_406.jpg,mild_406.jpg,Mild Demented,MildDemented,128,128,1,ffe50e8326c1ab32032cf68cafc3fbe83411ccbdcf3c3e2f195e858b34a324e0,train
data/dataset/Mild_Demented/mild_47.jpg,mild_47.jpg,Mild Demented,MildDemented,128,128,1,b28cc3cd67be773947e9aedc0c970beaccaac8cd07b87a88da359cb110d2463c,train
data/dataset/Mild_Demented/mild_612.jpg,mild_612.jpg,Mild Demented,MildDemented,128,128,1,276bebc0b95ef7692afbb8fb043b45f98ba79c1b4244d90ebc25a2044b27f3b3,train
data/dataset/Mild_Demented/mild_790.jpg,mild_790.jpg,Mild Demented,MildDemented,128,128,1,5ab856b38a18ccf54c5b59cc1e2d21ff2bb89edf961dadc339d37a824cacd83a,train
data/dataset/Mild_Demented/mild_617.jpg,mild_617.jpg,Mild Demented,MildDemented,128,128,1,c5498d2d26eec909620a48e6aa6682d46fee83eaa255700272e597fcb1005041,train
data/dataset/Mild_Demented/mild_505.jpg,mild_505.jpg,Mild Demented,MildDemented,128,128,1,d4d2ab721885fa1913272f8c0f94935ddefa3cc62405cfafe1b4779501d32124,train
data/dataset/Mild_Demented/mild_129.jpg,mild_129.jpg,Mild Demented,MildDemented,128,128,1,cc8cc3d6fbd308d8c618e9f031f9550887c3d840fbeaf23efb24e5a1e4e469d0,train
data/dataset/Mild_Demented/mild_720.jpg,mild_720.jpg,Mild Demented,MildDemented,128,128,1,63421ad75836240192ca5145fb19a163d948e41a76d7b8abf898b7b25f41cbe3,train
data/dataset/Mild_Demented/mild_896.jpg,mild_896.jpg,Mild Demented,MildDemented,128,128,1,fc58ba9285b49c8ff5d04fb75511e2f4783a37a773255952d29a4fc63d8825df,train
data/dataset/Mild_Demented/mild_438.jpg,mild_438.jpg,Mild Demented,MildDemented,128,128,1,1717ef842d4e92e27a56a39bc28af9513357372854d9712a6e7fb7a5f1687588,train
data/dataset/Mild_Demented/mild_529.jpg,mild_529.jpg,Mild Demented,MildDemented,128,128,1,b356acb81fb49892597007e9c09819a3351e85e816f35d8b6d2dee48fd2393da,train
data/dataset/Mild_Demented/mild_797.jpg,mild_797.jpg,Mild Demented,MildDemented,128,128,1,4fcdd7acd1967e6148451a946f7bc7a2c3d763efbc2d5c5d174c85de0c7d6c63,train
data/dataset/Mild_Demented/mild_291.jpg,mild_291.jpg,Mild Demented,MildDemented,128,128,1,ef9f28a590a1fa9eb46ff9ad6bb324a8ea0d66e111793b4d7c6276020d86d362,train
data/dataset/Mild_Demented/mild_323.jpg,mild_323.jpg,Mild Demented,MildDemented,128,128,1,01d615f0fcb10adfeec1238ba8225b52b23fc0e9a76304c8b5947dad7081561a,train
data/dataset/Mild_Demented/mild_786.jpg,mild_786.jpg,Mild Demented,MildDemented,128,128,1,e90ca1ffc94714291f78c19e69586e9fa456969bd650a6817e2a68540dfdce84,train
data/dataset/Mild_Demented/mild_487.jpg,mild_487.jpg,Mild Demented,MildDemented,128,128,1,16c939d292290204b7f53df7412c225ccc59e25cf5a752b8f0663da6d26d570f,train
data/dataset/Mild_Demented/mild_260.jpg,mild_260.jpg,Mild Demented,MildDemented,128,128,1,759451daa4ce33d78f4024aa2b03395a6179b725ff85dca0b9e713bd76ce8f80,train
data/dataset/Mild_Demented/mild_293.jpg,mild_293.jpg,Mild Demented,MildDemented,128,128,1,cc2ca10247791da9767162e1f570642de4c7a7e6e5d318054a6623884ffa45ef,train
data/dataset/Mild_Demented/mild_340.jpg,mild_340.jpg,Mild Demented,MildDemented,128,128,1,c72f0c61001990f4772c7fe37f541c4a5c6fc621b3720123acae0c50fff01318,train
data/dataset/Mild_Demented/mild_475.jpg,mild_475.jpg,Mild Demented,MildDemented,128,128,1,edc69afa7b926a74e1cb6ff19d94945a0fdb578f4243e62c4b87030a4470c9fb,train
data/dataset/Mild_Demented/mild_425.jpg,mild_425.jpg,Mild Demented,MildDemented,128,128,1,4f72e0429b35b956d9dfec995cc20648592c7eee69dba055ae6c12ac214d1937,train
data/dataset/Mild_Demented/mild_643.jpg,mild_643.jpg,Mild Demented,MildDemented,128,128,1,9fbb2a926681e90f9fe7354346065c3ad88692c99c30a8b589a5feec75668aa3,train
data/dataset/Mild_Demented/mild_272.jpg,mild_272.jpg,Mild Demented,MildDemented,128,128,1,db537ff6934e55c3b7255178bd5f1aa356c87a8956b7e4e325bf23f6ed9dbab8,train
data/dataset/Mild_Demented/mild_209.jpg,mild_209.jpg,Mild Demented,MildDemented,128,128,1,5472feef97d8e85d3d760335b548b94ea6701df5592bc6e384b64f6786d58cfe,train
data/dataset/Mild_Demented/mild_811.jpg,mild_811.jpg,Mild Demented,MildDemented,128,128,1,c53ae5a4d23df5878c8cdb30e62e47d4d03f45b01e39522b590c59f021923508,train
data/dataset/Mild_Demented/mild_127.jpg,mild_127.jpg,Mild Demented,MildDemented,128,128,1,2070080fb30ac0d7aa003173ac18a3545db9293348d0bb93be0e64887722b263,train
data/dataset/Mild_Demented/mild_524.jpg,mild_524.jpg,Mild Demented,MildDemented,128,128,1,2d505012f69318e7bf22590f3e044fd5358f01b67a848f61bef83be9c80e812d,train
data/dataset/Mild_Demented/mild_35.jpg,mild_35.jpg,Mild Demented,MildDemented,128,128,1,2f11e5462c70e37212e7491bf0f8cf0edb6331c8a04e9a9f557e528b5824aaa4,train
data/dataset/Mild_Demented/mild_212.jpg,mild_212.jpg,Mild Demented,MildDemented,128,128,1,40e20869d9dd4bae2dd30e11f7121d41e57511f3a8e7580581b5060d329c70eb,train
data/dataset/Mild_Demented/mild_490.jpg,mild_490.jpg,Mild Demented,MildDemented,128,128,1,2cab259055d85301e45536906fc3bf4cd500804f31ba9daa080e53960898ee28,train
data/dataset/Mild_Demented/mild_621.jpg,mild_621.jpg,Mild Demented,MildDemented,128,128,1,17905da6f2023dddf3a6f047381e918f174617d6f66f857df4dec69011318648,train
data/dataset/Mild_Demented/mild_799.jpg,mild_799.jpg,Mild Demented,MildDemented,128,128,1,4e399ab87c80bf6c9dc1e30e17851f529c7199efa32d83c67acb9dc3c1d50240,train
data/dataset/Mild_Demented/mild_236.jpg,mild_236.jpg,Mild Demented,MildDemented,128,128,1,b06a5e7cebd4611372ebd32f8179bf980c1dc592e5b6cb9412cc3245ff21a7d3,train
data/dataset/Mild_Demented/mild_402.jpg,mild_402.jpg,Mild Demented,MildDemented,128,128,1,c26497fe223d1fa49c3d2fbe0bf11f75e4447d2fcd3f1452b8d97411b06be1ce,train
data/dataset/Mild_Demented/mild_608.jpg,mild_608.jpg,Mild Demented,MildDemented,128,128,1,43d39de7dac8d598e4191737d0e2b7dc9a864fb422bc8f2c44224b18b5326d45,train
data/dataset/Mild_Demented/mild_444.jpg,mild_444.jpg,Mild Demented,MildDemented,128,128,1,ad1ca113a8098805415d281b98211c574cdfa9ad7786fad69089c0309eb2f617,train
data/dataset/Mild_Demented/mild_851.jpg,mild_851.jpg,Mild Demented,MildDemented,128,128,1,4cfccfb17ecab39cb3616671e86fe9217af633bf9c5985daa215bc6b938bcf7a,train
data/dataset/Mild_Demented/mild_458.jpg,mild_458.jpg,Mild Demented,MildDemented,128,128,1,16befdbe2567ea1f27d49241eafd00714bed85699756e8a8f57bf14fc59d29c1,train
data/dataset/Mild_Demented/mild_18.jpg,mild_18.jpg,Mild Demented,MildDemented,128,128,1,2a7f33a9ff590397a76858fc3562a4ee10e36e948b2739d110fabd0260e95c5c,train
data/dataset/Mild_Demented/mild_642.jpg,mild_642.jpg,Mild Demented,MildDemented,128,128,1,874d25eac8c19a5f2929a5052099e2a21fb64c50fa47d286e49ee8faf743f4ff,train
data/dataset/Mild_Demented/mild_350.jpg,mild_350.jpg,Mild Demented,MildDemented,128,128,1,bc2fc1762c2717914bce3a393015a46a31352327b18ec25b23932661dd969ae1,train
data/dataset/Mild_Demented/mild_367.jpg,mild_367.jpg,Mild Demented,MildDemented,128,128,1,62da8b8d5979babd97b452e48154761b93a284a33d26387834ae00530883d354,train
data/dataset/Mild_Demented/mild_466.jpg,mild_466.jpg,Mild Demented,MildDemented,128,128,1,e295509ddd12d8595518294d41f5908c519d2a89f12b51c98dbcdd6eeb6bc244,train
data/dataset/Mild_Demented/mild_193.jpg,mild_193.jpg,Mild Demented,MildDemented,128,128,1,a69b25bdc6249fe482942f8ddca2fffd5d6137ab3394172288946783520a75de,train
data/dataset/Mild_Demented/mild_530.jpg,mild_530.jpg,Mild Demented,MildDemented,128,128,1,5c4c56a02ab689978e53413a1f6abf839c6af2196a991e702ae193700c55a61a,train
data/dataset/Mild_Demented/mild_211.jpg,mild_211.jpg,Mild Demented,MildDemented,128,128,1,28f50fd2ae86d20754099bd294c2638672775ffe47046c9510a8eb4030b1664b,train
data/dataset/Mild_Demented/mild_834.jpg,mild_834.jpg,Mild Demented,MildDemented,128,128,1,30f8575262edc61b89d19cec38b09c39a4daa48bda33f46e39f50502f0d45970,train
data/dataset/Mild_Demented/mild_737.jpg,mild_737.jpg,Mild Demented,MildDemented,128,128,1,ff50ecb4379cac83421d3f4e96b8dbaf5a9dcf882b0859ff1759edec665da44c,train
data/dataset/Mild_Demented/mild_169.jpg,mild_169.jpg,Mild Demented,MildDemented,128,128,1,3ab22d5be68e767be015fb1599d7c969af8d2a65e77bf226ed7e1ae48c15a97d,train
data/dataset/Mild_Demented/mild_397.jpg,mild_397.jpg,Mild Demented,MildDemented,128,128,1,6ca1cc55a3c92777b5146ff4da42e3087d9eeadb8bc70bf4462843dafbcda1cb,train
data/dataset/Mild_Demented/mild_426.jpg,mild_426.jpg,Mild Demented,MildDemented,128,128,1,75d324dc82d9f3d9cccc22674a5fb152bff98301d939a13f9db453b08e2a8309,train
data/dataset/Mild_Demented/mild_700.jpg,mild_700.jpg,Mild Demented,MildDemented,128,128,1,6b7313c13d73e950168f9d3a03cadd99e87a21dad22ebdccb2801ff52db1b348,train
data/dataset/Mild_Demented/mild_651.jpg,mild_651.jpg,Mild Demented,MildDemented,128,128,1,3a89604709ceccb54ccd7312f2ed6eeff8f96f13838fc6c298006c2ba4138a45,train
data/dataset/Mild_Demented/mild_26.jpg,mild_26.jpg,Mild Demented,MildDemented,128,128,1,34148584f1de35faca23d8f60e93815bc3f41a22838d649fa72864021aa603a0,train
data/dataset/Mild_Demented/mild_506.jpg,mild_506.jpg,Mild Demented,MildDemented,128,128,1,de9369cb09fa9842503eb16e218c1d507cc0c724880a99062d9ef93fd1439fc1,train
data/dataset/Mild_Demented/mild_294.jpg,mild_294.jpg,Mild Demented,MildDemented,128,128,1,54259c80b0d223793021449b42311fd76fa893c577ee1fe289bec5b5d86fa581,train
data/dataset/Mild_Demented/mild_873.jpg,mild_873.jpg,Mild Demented,MildDemented,128,128,1,e331208e3fd946114680bd957bd7fd656bba81b5d7fd3c27dbb9e79474713f93,train
data/dataset/Mild_Demented/mild_123.jpg,mild_123.jpg,Mild Demented,MildDemented,128,128,1,fefc8dc4cd1eb0c42c274a5f0122d4e52a6553129b3b6b4dcd11a7031f8fe871,train
data/dataset/Mild_Demented/mild_101.jpg,mild_101.jpg,Mild Demented,MildDemented,128,128,1,c44d0f80451c62757bb6b7b9a1998aa2568b48806317f87721b22ece6197656f,train
data/dataset/Mild_Demented/mild_865.jpg,mild_865.jpg,Mild Demented,MildDemented,128,128,1,a89702ef34e9cb16123d4a12cbbf6b173222215090085ba8a6d03ecc5e8ef9a3,train
data/dataset/Mild_Demented/mild_803.jpg,mild_803.jpg,Mild Demented,MildDemented,128,128,1,90bbb63789a7700a31b371ad25a18ce5a2cb6c4033b3b10c09f797594c703289,train
data/dataset/Mild_Demented/mild_227.jpg,mild_227.jpg,Mild Demented,MildDemented,128,128,1,68d3b208b77cb5d5c4520817c0e0041749a3a8b7deeb822ac02683707bb81a28,train
data/dataset/Mild_Demented/mild_186.jpg,mild_186.jpg,Mild Demented,MildDemented,128,128,1,ceca461e0da432bc962e9de1e40eb89445dc395001ca083900d93a9c2a883774,train
data/dataset/Mild_Demented/mild_508.jpg,mild_508.jpg,Mild Demented,MildDemented,128,128,1,f5968742836eb476bfb9844b6e661cad22039cd27af1bcb625f4cff0dd4ff23e,train
data/dataset/Mild_Demented/mild_120.jpg,mild_120.jpg,Mild Demented,MildDemented,128,128,1,2de8ba384ff8bf2b9f16c38dca47133fe988889437cc7d2458493ec2d31bd942,train
data/dataset/Mild_Demented/mild_37.jpg,mild_37.jpg,Mild Demented,MildDemented,128,128,1,2c0056b69a08b07895e4779edc6f43ab3aeaf59c1a82a94fe76c91f8fdb5e146,train
data/dataset/Mild_Demented/mild_116.jpg,mild_116.jpg,Mild Demented,MildDemented,128,128,1,a43caa438399d3a3bb00fc2daf2c3fb0cda3baf6c46728551d58d24958a572df,train
data/dataset/Mild_Demented/mild_150.jpg,mild_150.jpg,Mild Demented,MildDemented,128,128,1,e2417afe1f464b8c1a530a7f6e092f476efb04355aa867080d62f49e8183e392,train
data/dataset/Mild_Demented/mild_498.jpg,mild_498.jpg,Mild Demented,MildDemented,128,128,1,824e04bfa2cd37a435613b691853f638254604b3b587a20178148ef94035f64a,train
data/dataset/Mild_Demented/mild_485.jpg,mild_485.jpg,Mild Demented,MildDemented,128,128,1,7c60101ff3cf61ab85e60e76ee354355692deea22e2771dabeb3f4f110f237d4,train
data/dataset/Mild_Demented/mild_390.jpg,mild_390.jpg,Mild Demented,MildDemented,128,128,1,d868d40e4115c73c209f400efa391851757f60f558895b841996fc459fa3bc8d,train
data/dataset/Mild_Demented/mild_658.jpg,mild_658.jpg,Mild Demented,MildDemented,128,128,1,e1ad59a178cbc141d65f822106595dd8f4f119bbf2a58eab701f5cdf5765edb3,train
data/dataset/Mild_Demented/mild_688.jpg,mild_688.jpg,Mild Demented,MildDemented,128,128,1,291802665a3528c93842d46a5ed079fac9db1a8c7493155e83d4815bc316e442,train
data/dataset/Mild_Demented/mild_743.jpg,mild_743.jpg,Mild Demented,MildDemented,128,128,1,8de7873346daee2d71edd9e9ed2889462cd090c528168aa17f1276f315944477,train
data/dataset/Mild_Demented/mild_45.jpg,mild_45.jpg,Mild Demented,MildDemented,128,128,1,2986b824dd1c8f2ae8d715971c2b090efd29be2f3db52c408da3ed11a9243837,train
data/dataset/Mild_Demented/mild_179.jpg,mild_179.jpg,Mild Demented,MildDemented,128,128,1,837ec2b6b97a802f30be921dca455b92add5489a51ceb6aeb602b4c80c9870cf,train
data/dataset/Mild_Demented/mild_114.jpg,mild_114.jpg,Mild Demented,MildDemented,128,128,1,e6e75059738a17a52a78e13b842875452f4f9071d705d2aa5d598823a894e5e6,train
data/dataset/Mild_Demented/mild_890.jpg,mild_890.jpg,Mild Demented,MildDemented,128,128,1,872e3acd4520776a0626b53e3e0b3d96e649bf3920b98f458fea8a255bd8d58d,train
data/dataset/Mild_Demented/mild_889.jpg,mild_889.jpg,Mild Demented,MildDemented,128,128,1,ad9ba5c9cff500da6950473dc9ac06742d3fa01322058690da0da8998d824a9a,train
data/dataset/Mild_Demented/mild_79.jpg,mild_79.jpg,Mild Demented,MildDemented,128,128,1,097008d5f81c9c3131f214e404647f6b26ded3a5c2b6f7ef0e2c4e6ebee8122a,train
data/dataset/Mild_Demented/mild_370.jpg,mild_370.jpg,Mild Demented,MildDemented,128,128,1,8cba0d6350ab0b4df09b19fc7935244488be3feeb5d969b65b6e2ab060b6ab53,train
data/dataset/Mild_Demented/mild_396.jpg,mild_396.jpg,Mild Demented,MildDemented,128,128,1,3ce2ad8877f20c0e6cc50b033122d7f796fa02a964fa5205367918dec6bbb520,train
data/dataset/Mild_Demented/mild_863.jpg,mild_863.jpg,Mild Demented,MildDemented,128,128,1,1b00d9d201b5e01716cbe4efa205a5ac3c4d611c8cd446eac503e00401f0ed7b,train
data/dataset/Mild_Demented/mild_228.jpg,mild_228.jpg,Mild Demented,MildDemented,128,128,1,05bacf29eae632ff7ee1a33774955cc8c34bff8e7847bd2252a9e95b333092e2,train
data/dataset/Mild_Demented/mild_218.jpg,mild_218.jpg,Mild Demented,MildDemented,128,128,1,bd9519d34a0dc53cf415eec021fa31825066187d72e0bb7015ce280a8dc8b4c8,train
data/dataset/Mild_Demented/mild_304.jpg,mild_304.jpg,Mild Demented,MildDemented,128,128,1,e753025a78090b58baaafb82d9290e49ed3132a4c43217d471aa483924098b25,train
data/dataset/Mild_Demented/mild_499.jpg,mild_499.jpg,Mild Demented,MildDemented,128,128,1,da286bf776186da6f4a7393e47f9b96d703242d0c63f48fdfeefe129c2cc64a0,train
data/dataset/Mild_Demented/mild_655.jpg,mild_655.jpg,Mild Demented,MildDemented,128,128,1,d81f0c30c7bd5d03a6fe085fbbd06f94015d344593a01e25cc2dbb4be4cc4d9c,train
data/dataset/Mild_Demented/mild_613.jpg,mild_613.jpg,Mild Demented,MildDemented,128,128,1,41f256a88593aa65a7f980a07f460c18c849dc79b92018f3f2c09900553e25b0,train
data/dataset/Mild_Demented/mild_755.jpg,mild_755.jpg,Mild Demented,MildDemented,128,128,1,11770e997c0afbb41d712e63341b6dca1cec278ea0dad674a185d6b26fd7362d,train
data/dataset/Mild_Demented/mild_847.jpg,mild_847.jpg,Mild Demented,MildDemented,128,128,1,c8582a9a3835e5da1c3ef9ce5b8e4830bebf10af3e6070710f85d748bee9fe6e,train
data/dataset/Mild_Demented/mild_220.jpg,mild_220.jpg,Mild Demented,MildDemented,128,128,1,f535b5ab33919561de0904f1d7c7c59d9ff1a9ac2db243861a4ae9ab3b6d0014,train
data/dataset/Mild_Demented/mild_735.jpg,mild_735.jpg,Mild Demented,MildDemented,128,128,1,8f86f3220010c31e2252f47d6367cfd2de39b37cf7aff372e045ffbe03660896,train
data/dataset/Mild_Demented/mild_751.jpg,mild_751.jpg,Mild Demented,MildDemented,128,128,1,2fe14e77d7bb47e5a90b7e1c4cddc651bec0e0f5e2c472caf2968f6b75251478,train
data/dataset/Mild_Demented/mild_804.jpg,mild_804.jpg,Mild Demented,MildDemented,128,128,1,5bf9134ffb3eae1742ae2ddcd17a089121bb20814e9fdad19f7bf2da64ca98e6,train
data/dataset/Mild_Demented/mild_628.jpg,mild_628.jpg,Mild Demented,MildDemented,128,128,1,4c17c613a0438687553714d4a35274972220c79f58441644b4f79d530698eece,train
data/dataset/Mild_Demented/mild_106.jpg,mild_106.jpg,Mild Demented,MildDemented,128,128,1,5171aac776442503b30c46e3677ead9c69dedd16de842131f53b50a90fdffaa5,train
data/dataset/Mild_Demented/mild_372.jpg,mild_372.jpg,Mild Demented,MildDemented,128,128,1,d3825798dafccbef154b0a23f5117df566d8ad7b9c80256c2fdf2e4736273e5e,train
data/dataset/Mild_Demented/mild_247.jpg,mild_247.jpg,Mild Demented,MildDemented,128,128,1,9659342d651df02dc6ed33c644eaaa92822c7a14422f084cd63c8e7fa32f778f,train
data/dataset/Mild_Demented/mild_84.jpg,mild_84.jpg,Mild Demented,MildDemented,128,128,1,48a2cfdd6f68e813a9c307e848054f44a7de548ba8364aee1711439a3e2a46ab,train
data/dataset/Mild_Demented/mild_86.jpg,mild_86.jpg,Mild Demented,MildDemented,128,128,1,de3b11b4300706cff4f3e8ab0f4ad3d6ce5752f11b0dcf53c1621857100b26f0,train
data/dataset/Mild_Demented/mild_249.jpg,mild_249.jpg,Mild Demented,MildDemented,128,128,1,a939b91bbc605373fa5e2e04af1c9048d733b920b2efa280e4b40e7114eadfcc,train
data/dataset/Mild_Demented/mild_262.jpg,mild_262.jpg,Mild Demented,MildDemented,128,128,1,8b15f242d41633e884a91a5cb50bba237a6b0b0dda6991c07ab300cac8edc156,train
data/dataset/Mild_Demented/mild_882.jpg,mild_882.jpg,Mild Demented,MildDemented,128,128,1,bc3f0adabed1cc45da6a8ee86998c4eaf19ad1b8944ae7a5c4a4653f080ac282,train
data/dataset/Mild_Demented/mild_830.jpg,mild_830.jpg,Mild Demented,MildDemented,128,128,1,6c17cc7e063acde777cea668f597b785e0fa682c6ca868fa88f2025a48ffb720,train
data/dataset/Mild_Demented/mild_573.jpg,mild_573.jpg,Mild Demented,MildDemented,128,128,1,d360be0289cbd4ab516f3ca7b73719187738ba46f77daf50faf8b6367483af6f,train
data/dataset/Mild_Demented/mild_739.jpg,mild_739.jpg,Mild Demented,MildDemented,128,128,1,986479e0460cb304b4c94752d0864b941b5882d5686d1c8884dbd33927bc0c8c,train
data/dataset/Mild_Demented/mild_289.jpg,mild_289.jpg,Mild Demented,MildDemented,128,128,1,cf4952e7ebcf44ade1c9509f10b91648093ce46c60a049ee60f2a5626cdff871,train
data/dataset/Mild_Demented/mild_770.jpg,mild_770.jpg,Mild Demented,MildDemented,128,128,1,9cf05035ed2c48011412cef8712f118d69d0f234d9b7d4479b688864b44c7886,train
data/dataset/Mild_Demented/mild_598.jpg,mild_598.jpg,Mild Demented,MildDemented,128,128,1,35510ffe83ea61be2ca7a2596cb6cd979407fcd733a05ed6726f40fb502a85c1,train
data/dataset/Mild_Demented/mild_583.jpg,mild_583.jpg,Mild Demented,MildDemented,128,128,1,5ea0a886fc06165d08356c09496095379f07f71fd8c876922c5d5f96a39916cd,train
data/dataset/Mild_Demented/mild_443.jpg,mild_443.jpg,Mild Demented,MildDemented,128,128,1,7eba1d8e3328401561b7d8beaeeb37ffc3ceaeb75032a400ac5cf64eebf72bcf,train
data/dataset/Mild_Demented/mild_104.jpg,mild_104.jpg,Mild Demented,MildDemented,128,128,1,7d4b2a41d1996c6a1c3e350e205f199f7ad6ae20592f455082e50a8d05fc5d37,train
data/dataset/Mild_Demented/mild_641.jpg,mild_641.jpg,Mild Demented,MildDemented,128,128,1,c9e3cf925390ea22d5c786ac7f4281f06dc3af58f807a1d6a17dc5928efeacb7,train
data/dataset/Mild_Demented/mild_662.jpg,mild_662.jpg,Mild Demented,MildDemented,128,128,1,768daa30d72937b7ecf2b158247e9d4dc7fc133bffa20852c76b9642f981eb30,train
data/dataset/Mild_Demented/mild_564.jpg,mild_564.jpg,Mild Demented,MildDemented,128,128,1,05f6ccb5fcd64900a88f5324d679209bbaa1b4192f0bdd6fb161cd6d0f3a63bf,train
data/dataset/Mild_Demented/mild_82.jpg,mild_82.jpg,Mild Demented,MildDemented,128,128,1,e55ee85a9f0294cfe5e295d83885967ffdb06661882f0a5efeddf7b8d104395f,train
data/dataset/Mild_Demented/mild_311.jpg,mild_311.jpg,Mild Demented,MildDemented,128,128,1,acc559de91450df90b43dbc663b9fe2f7448548076055c77364794ea6998db4b,train
data/dataset/Mild_Demented/mild_822.jpg,mild_822.jpg,Mild Demented,MildDemented,128,128,1,3e1c2dff26acaac7cdc3c048926ef33f49f6e92cb8a566c88055be1acbbd7e2e,train
data/dataset/Mild_Demented/mild_198.jpg,mild_198.jpg,Mild Demented,MildDemented,128,128,1,2fef2be0fae638a24c52b74f594e88f940a4a49d2da90dd298633081c7427a11,train
data/dataset/Mild_Demented/mild_511.jpg,mild_511.jpg,Mild Demented,MildDemented,128,128,1,ab81e9c2397b5fcdacbacdfa39ce14eb10b2c614bc0c3c5bb0ee0609e9863b20,train
data/dataset/Mild_Demented/mild_538.jpg,mild_538.jpg,Mild Demented,MildDemented,128,128,1,6d3119bc0f2d087ad14bb9140aac856fa4c197c1f89333e8cb94ff2eb00ef380,train
data/dataset/Mild_Demented/mild_222.jpg,mild_222.jpg,Mild Demented,MildDemented,128,128,1,555512cd9ecb02a75dcbfe26043c31855d8a9c03abf7f4b50b82613f0f1a4f8c,train
data/dataset/Mild_Demented/mild_576.jpg,mild_576.jpg,Mild Demented,MildDemented,128,128,1,34da43f494b78c1a6e461423cd54e8c3f5b69fb5cd05b2256161784c6856c812,train
data/dataset/Mild_Demented/mild_682.jpg,mild_682.jpg,Mild Demented,MildDemented,128,128,1,3a0075ea4425fb3db3874d7a76a1aff3bc3287fa2393230fe7c3c44698978591,train
data/dataset/Mild_Demented/mild_173.jpg,mild_173.jpg,Mild Demented,MildDemented,128,128,1,4b0e74834d4a4b527df456a329bee3702a0415183047661c45c34a655d82e1a0,train
data/dataset/Mild_Demented/mild_51.jpg,mild_51.jpg,Mild Demented,MildDemented,128,128,1,3945b91934c00c768f1c8b1e652b82c6371e905b2c0f602bd173b07b29c9609f,train
data/dataset/Mild_Demented/mild_183.jpg,mild_183.jpg,Mild Demented,MildDemented,128,128,1,20d38289b050f6b69d5247d50312daa48b68ba235d23c42d0f9f7c9dfe28794c,train
data/dataset/Mild_Demented/mild_742.jpg,mild_742.jpg,Mild Demented,MildDemented,128,128,1,1444453b5f5188fd3a3909b9554ddd29e3926fbc52b578e8031a49870583f794,train
data/dataset/Mild_Demented/mild_738.jpg,mild_738.jpg,Mild Demented,MildDemented,128,128,1,b465e03135e9935ad1dc1a69dfa5906128d258efd904fba8e034a4dc655dc544,train
data/dataset/Mild_Demented/mild_547.jpg,mild_547.jpg,Mild Demented,MildDemented,128,128,1,68b77cdacdfcf326906e025150d122c4b3e75185429d1b3b79bb6fbc9a9a35ec,train
data/dataset/Mild_Demented/mild_730.jpg,mild_730.jpg,Mild Demented,MildDemented,128,128,1,fef36e8c91ed11f0d2f43b40adffe73c7c72ca5ad0c222fba02f1adbe174ce12,train
data/dataset/Mild_Demented/mild_832.jpg,mild_832.jpg,Mild Demented,MildDemented,128,128,1,a69efd577881c138b728d6f9e8208e27cf983e6ffd0cd076bf5d8600b880a4be,train
data/dataset/Mild_Demented/mild_497.jpg,mild_497.jpg,Mild Demented,MildDemented,128,128,1,fd6752300bc6ab75e46fd6015baa05f8276ce3c898b685bd9137b80c6fc248ea,train
data/dataset/Mild_Demented/mild_349.jpg,mild_349.jpg,Mild Demented,MildDemented,128,128,1,b69bc238a736012c6c16e50ca707b68b4be39d10b2ae6f148d9761fb71c2541b,train
data/dataset/Mild_Demented/mild_588.jpg,mild_588.jpg,Mild Demented,MildDemented,128,128,1,500d3289d93ba532ede79fd11bbb64a2f361af8ccb526bfde7703775d39b7934,train
data/dataset/Mild_Demented/mild_783.jpg,mild_783.jpg,Mild Demented,MildDemented,128,128,1,b29d26b1aeec861e9038989617923747c661db88a91f97e63cd781b1ba193a03,train
data/dataset/Mild_Demented/mild_353.jpg,mild_353.jpg,Mild Demented,MildDemented,128,128,1,03b30d26f1950bced8c94afef95674b50cb3ad617ea5ed68acf0ac897b3ba59a,train
data/dataset/Mild_Demented/mild_789.jpg,mild_789.jpg,Mild Demented,MildDemented,128,128,1,eac2a1ca77443c360833779599703ee65febaf51e72f7ca65bfbeecb6b8fc623,train
data/dataset/Mild_Demented/mild_432.jpg,mild_432.jpg,Mild Demented,MildDemented,128,128,1,5c8d0cb597bb7c5265939041554e75e11be2b1d98671f7661a5b94bca28839d5,train
data/dataset/Mild_Demented/mild_187.jpg,mild_187.jpg,Mild Demented,MildDemented,128,128,1,eec3fd51ad845429a8cdd0cf8b6fec572095cff157233dbec493a0612830b3f6,train
data/dataset/Mild_Demented/mild_297.jpg,mild_297.jpg,Mild Demented,MildDemented,128,128,1,5f68bf8b645b65670070e696403fdd56ba50eb6b5bd8b2455c17670db6b36ee0,train
data/dataset/Mild_Demented/mild_182.jpg,mild_182.jpg,Mild Demented,MildDemented,128,128,1,e6b82b73131a47fdef6b239cea6d1b171aaa43ef9c4cf7a749b65660b7a24810,train
data/dataset/Mild_Demented/mild_877.jpg,mild_877.jpg,Mild Demented,MildDemented,128,128,1,df1b2905fa9fc08b12e3df76f37abe980592f8d7c78ca29a8c318a11ff06cfd9,train
data/dataset/Mild_Demented/mild_482.jpg,mild_482.jpg,Mild Demented,MildDemented,128,128,1,fe32dc345f0aab2b0e7842d1e9ebd5a3d5a6db22eeacaf24e056228c452dc27e,train
data/dataset/Mild_Demented/mild_468.jpg,mild_468.jpg,Mild Demented,MildDemented,128,128,1,7fbfc1476e69e895630e915bc681b6d200c153c18debc3c91b0474375de8482f,train
data/dataset/Mild_Demented/mild_39.jpg,mild_39.jpg,Mild Demented,MildDemented,128,128,1,d2c860a55a4174c0b869aefff4ace48a5675eeb1e5f2759cb69d834f090ac023,train
data/dataset/Mild_Demented/mild_725.jpg,mild_725.jpg,Mild Demented,MildDemented,128,128,1,a3da6006af04532fe1f29b343053c56f0677938704ad7387b630c299186de5c5,train
data/dataset/Mild_Demented/mild_814.jpg,mild_814.jpg,Mild Demented,MildDemented,128,128,1,7f9f95174e5c1ea229b1fc2de61e9e636a692ad461f586cbd43d18b286c3b2cc,train
data/dataset/Mild_Demented/mild_467.jpg,mild_467.jpg,Mild Demented,MildDemented,128,128,1,f10807f2a2a1e43c5deda6c1fbbea903503366298a0d586def419c87f7042034,train
data/dataset/Mild_Demented/mild_221.jpg,mild_221.jpg,Mild Demented,MildDemented,128,128,1,31556f7a4693bf02634a11eede357c8f7dc644ebe31cd544573fe689a6badf25,train
data/dataset/Mild_Demented/mild_610.jpg,mild_610.jpg,Mild Demented,MildDemented,128,128,1,d75b2428b8a07e7d08dc73d56c3fbb15fff981fa49d6b7ec064aa5e49e85eebb,train
data/dataset/Mild_Demented/mild_719.jpg,mild_719.jpg,Mild Demented,MildDemented,128,128,1,ad1221c355d9005d4dabd0b8b16ad5afbc223ce9dfcb988ebf0ed8055a960816,train
data/dataset/Mild_Demented/mild_860.jpg,mild_860.jpg,Mild Demented,MildDemented,128,128,1,3b4b3edb824cee968a67f09d862fe5faac38017f4e6f3cc71dab3b73f92db0f1,train
data/dataset/Mild_Demented/mild_716.jpg,mild_716.jpg,Mild Demented,MildDemented,128,128,1,31fe205a56ddd69cccb3ec3613486c17d95a14b05fd0d7be53a599e1b7b72825,train
data/dataset/Mild_Demented/mild_522.jpg,mild_522.jpg,Mild Demented,MildDemented,128,128,1,f2317c0f61e7d1e7748d40386e109269d4093eaefa5d56fc0c85f02e574fee63,train
data/dataset/Mild_Demented/mild_433.jpg,mild_433.jpg,Mild Demented,MildDemented,128,128,1,f4f7aa32b334a5c19152adeb1fa098484430a78f4f3c0dfa482206bbf7a885f0,train
data/dataset/Mild_Demented/mild_844.jpg,mild_844.jpg,Mild Demented,MildDemented,128,128,1,d2a6580f79aa64ca741e8ee472b4ea15b64c695ea6b250c2d61f1bb05f682ead,train
data/dataset/Mild_Demented/mild_520.jpg,mild_520.jpg,Mild Demented,MildDemented,128,128,1,4569ae6601c5fc3f9d701b2ba9a33e25b99bd84d697ca77b4dcbb170796919d6,train
data/dataset/Mild_Demented/mild_775.jpg,mild_775.jpg,Mild Demented,MildDemented,128,128,1,2fcbdbc6b99ebd96fbfdfb35a74985a1e4a35e4003ee26d32ee6d5ff9ba0fb02,train
data/dataset/Mild_Demented/mild_647.jpg,mild_647.jpg,Mild Demented,MildDemented,128,128,1,1ce31f8899ad8358ada3f4696e65d98b3650e0a4413bc26f51cabf853f993d6c,train
data/dataset/Mild_Demented/mild_619.jpg,mild_619.jpg,Mild Demented,MildDemented,128,128,1,5d0f7093bd2c6011547ad67938b0aa1475afacea712e3cbb89436d74fd2d9a94,train
data/dataset/Mild_Demented/mild_407.jpg,mild_407.jpg,Mild Demented,MildDemented,128,128,1,b3d4917f09aa371c7a1cf409ea0e71a177430414ab6da865de99f5a6f750bfcb,train
data/dataset/Mild_Demented/mild_516.jpg,mild_516.jpg,Mild Demented,MildDemented,128,128,1,0d454143670778512c8f01d51719c483d4aadcafadb55b1ad47f2455b0be6838,train
data/dataset/Mild_Demented/mild_66.jpg,mild_66.jpg,Mild Demented,MildDemented,128,128,1,bfceb12588dd21c2c245770f924bd0e0019f8216dcde0118730d721e06eef355,train
data/dataset/Mild_Demented/mild_474.jpg,mild_474.jpg,Mild Demented,MildDemented,128,128,1,d526cc22670453a88c008a228d34f72aff30bf62c13ab7aae0d2a35c9ade81dd,train
data/dataset/Mild_Demented/mild_97.jpg,mild_97.jpg,Mild Demented,MildDemented,128,128,1,daa22fac21355c39293f8469f3926ec0eecd36eb693123cc55c3b99d59170fec,train
data/dataset/Mild_Demented/mild_144.jpg,mild_144.jpg,Mild Demented,MildDemented,128,128,1,935bc46cc6a665751cfbfe21c51e3da1a096ef8a2e1f08ca88c9182a4b1d61b9,train
data/dataset/Mild_Demented/mild_779.jpg,mild_779.jpg,Mild Demented,MildDemented,128,128,1,da72229f8196becca02d59a07588864400c5731de6f98e045f74804d5f3533e0,train
data/dataset/Mild_Demented/mild_128.jpg,mild_128.jpg,Mild Demented,MildDemented,128,128,1,3527c3576a17fc006673d2b3a2c41859482df656d45ea669bfce312e4522ce94,train
data/dataset/Mild_Demented/mild_99.jpg,mild_99.jpg,Mild Demented,MildDemented,128,128,1,8780b1563c37794512a7b7db77da9ca002cb680dcc63dad9e3ef9737886f9570,train
data/dataset/Mild_Demented/mild_143.jpg,mild_143.jpg,Mild Demented,MildDemented,128,128,1,9c8752927677c14f4c1cb212a6a6ce39e37ab91805ab7da754d305456cbbc9a0,train
data/dataset/Mild_Demented/mild_539.jpg,mild_539.jpg,Mild Demented,MildDemented,128,128,1,791b4798d11071ee17c9f5c69d1a0aa722fb2739d4535b78a65864cdb6037a3d,train
data/dataset/Mild_Demented/mild_462.jpg,mild_462.jpg,Mild Demented,MildDemented,128,128,1,e60c4fd02340af72d1167aa2d449854bb3a27c0312de8229eb259276d863b0b0,train
data/dataset/Mild_Demented/mild_503.jpg,mild_503.jpg,Mild Demented,MildDemented,128,128,1,880e311403895389b8443833364bac12742e766d8cbb2d52a06e9b5aeab0b179,train
data/dataset/Mild_Demented/mild_471.jpg,mild_471.jpg,Mild Demented,MildDemented,128,128,1,b23a4d19bf58c7dd2c1b8a66f12423a465549799b30d8cdf16dc41f688d7372e,train
data/dataset/Mild_Demented/mild_829.jpg,mild_829.jpg,Mild Demented,MildDemented,128,128,1,7c8718bf5ff9776b32d92e0febc05e90e3dc0c8ee65252203bc21645b0aa903d,train
data/dataset/Mild_Demented/mild_849.jpg,mild_849.jpg,Mild Demented,MildDemented,128,128,1,e2ffa17919391a0a91b07dd5e99d6d2588d47546d628e05fb04f1a2558dadb1a,train
data/dataset/Mild_Demented/mild_451.jpg,mild_451.jpg,Mild Demented,MildDemented,128,128,1,f4e389a4c7873e04b5bed0c0b146112585e2d063893dab83bedb3228f03fe15e,train
data/dataset/Mild_Demented/mild_852.jpg,mild_852.jpg,Mild Demented,MildDemented,128,128,1,7e379a64bef3b41c6c6d9d45b976327ead65f6a97d0ff0426ed403ca325a74e7,train
data/dataset/Mild_Demented/mild_710.jpg,mild_710.jpg,Mild Demented,MildDemented,128,128,1,ddf6006f886be7e00faadc2f608c62a486a13b1e7bcff169211756d98a389a6c,train
data/dataset/Mild_Demented/mild_50.jpg,mild_50.jpg,Mild Demented,MildDemented,128,128,1,611718ea6ec9e48d20f8385fbda71a7b1a3b1e8992fa195a574b84969cdfb94f,train
data/dataset/Mild_Demented/mild_687.jpg,mild_687.jpg,Mild Demented,MildDemented,128,128,1,edadca8894668633e341989c9108cc6a81b093db69b54f69f6d67cf445c99801,train
data/dataset/Mild_Demented/mild_400.jpg,mild_400.jpg,Mild Demented,MildDemented,128,128,1,e487225a572810344de963a0d5c455438ecade84166701ba1d4c1df328f4720f,train
data/dataset/Mild_Demented/mild_801.jpg,mild_801.jpg,Mild Demented,MildDemented,128,128,1,24be1225916cba327cd7cf5ba31ef960f77e3f6803eb17318513084025057de2,train
data/dataset/Mild_Demented/mild_706.jpg,mild_706.jpg,Mild Demented,MildDemented,128,128,1,5b6169f5ed884a0f0aef2c0a627825163a579ae1d4bb07c5d277721c46715705,train
data/dataset/Mild_Demented/mild_145.jpg,mild_145.jpg,Mild Demented,MildDemented,128,128,1,e0bc2fc98e559e30da73746aa5c58b163177b75fffdb733183f6fd62956b7502,train
data/dataset/Mild_Demented/mild_378.jpg,mild_378.jpg,Mild Demented,MildDemented,128,128,1,1340f3ef4cf053d000e2aad7b702ea24fdad766b82443d1987ae62e352b3200f,train
data/dataset/Mild_Demented/mild_305.jpg,mild_305.jpg,Mild Demented,MildDemented,128,128,1,9da09e6dd2855ae9d105455d73c79fe1c24df41e12e2c1e932a976d4d5829723,train
data/dataset/Mild_Demented/mild_147.jpg,mild_147.jpg,Mild Demented,MildDemented,128,128,1,03def7ff6a0f52171e4e9fb39ee29e54eed165289b3f1a015d17bf635460b77f,train
data/dataset/Mild_Demented/mild_535.jpg,mild_535.jpg,Mild Demented,MildDemented,128,128,1,66d26a8ee160ac9cfd450168b5e469cafe609131c0db1623088fa8967bfed847,train
data/dataset/Mild_Demented/mild_878.jpg,mild_878.jpg,Mild Demented,MildDemented,128,128,1,3df9a7a5bbfde3b12c648117840fa3cd45553d32239d1824a3c4cd804b2f67db,train
data/dataset/Mild_Demented/mild_636.jpg,mild_636.jpg,Mild Demented,MildDemented,128,128,1,51b6f1f38d6215d536e6414f41b9e43e3f57d4f214eb83371853b38c260bb747,train
data/dataset/Mild_Demented/mild_80.jpg,mild_80.jpg,Mild Demented,MildDemented,128,128,1,ec1d6c4a834494f654399801b25885327333b648c5cb586bdbd7b203065bf27d,train
data/dataset/Mild_Demented/mild_638.jpg,mild_638.jpg,Mild Demented,MildDemented,128,128,1,90f685bcbdec42b87b4763d87c819c4a66fa9a737a0fc08436514590732b9074,train
data/dataset/Mild_Demented/mild_807.jpg,mild_807.jpg,Mild Demented,MildDemented,128,128,1,88768d6cff052f5d09ec8fcc0c2c08dc142ef34cb49d349cf2f02053fa0f257c,train
data/dataset/Mild_Demented/mild_258.jpg,mild_258.jpg,Mild Demented,MildDemented,128,128,1,259dda0715fe6a04e71e71d53f48328f6378e32ebee178748b93fe615fb6eba7,train
data/dataset/Mild_Demented/mild_243.jpg,mild_243.jpg,Mild Demented,MildDemented,128,128,1,a4363fbd43e193382df39a2e7ac337612a35038926100b6feb0a97d370b0cdce,train
data/dataset/Mild_Demented/mild_418.jpg,mild_418.jpg,Mild Demented,MildDemented,128,128,1,23d48eaedb8c7f9980341868c02704acbf80b82f9e6da537ed972b4951ca2b8a,train
data/dataset/Mild_Demented/mild_239.jpg,mild_239.jpg,Mild Demented,MildDemented,128,128,1,fa4ac699f138385a5aa89cf5ce4cd11bfa894b471109e9e7d838ba924b686422,train
data/dataset/Mild_Demented/mild_837.jpg,mild_837.jpg,Mild Demented,MildDemented,128,128,1,009d62151ff555c0408372bc78f2f80512842ae71590a4da9de979b30af93af4,train
data/dataset/Mild_Demented/mild_142.jpg,mild_142.jpg,Mild Demented,MildDemented,128,128,1,4125fb17fcc9664511942a400126cfed0eb49afe27b5628767e5e3d73fce332a,train
data/dataset/Mild_Demented/mild_463.jpg,mild_463.jpg,Mild Demented,MildDemented,128,128,1,2e4c91d33c2c652fd411d611f3ee9d62c883abdade139c84f7d4281a0e38661d,train
data/dataset/Mild_Demented/mild_698.jpg,mild_698.jpg,Mild Demented,MildDemented,128,128,1,0edc4a92e561803a3d0d5ad37e8c7444b0e8170178d27659909d055dab80eb76,train
data/dataset/Mild_Demented/mild_154.jpg,mild_154.jpg,Mild Demented,MildDemented,128,128,1,6c0950cfd995a731a562c238d8365270e3030c48da1883f85bac8d2265ca9159,train
data/dataset/Mild_Demented/mild_652.jpg,mild_652.jpg,Mild Demented,MildDemented,128,128,1,3b92155980af5a0d588e164d8c301a04d7ec1e89b5a59e0b307b99c9f110be5d,train
data/dataset/Mild_Demented/mild_427.jpg,mild_427.jpg,Mild Demented,MildDemented,128,128,1,6f48d25c8376e0c8b10f7f53335194b0582c5ef59c26431d7469ddd849de0935,train
data/dataset/Mild_Demented/mild_410.jpg,mild_410.jpg,Mild Demented,MildDemented,128,128,1,79f86c03cb59a89f3691ff8dac946eca2a54fb72f4588715799570108deb9474,train
data/dataset/Mild_Demented/mild_615.jpg,mild_615.jpg,Mild Demented,MildDemented,128,128,1,ac234010355cd14cc5670ff004408a3ec1339e0eda1bd19659c0d54e74ef374a,train
data/dataset/Mild_Demented/mild_90.jpg,mild_90.jpg,Mild Demented,MildDemented,128,128,1,e327f455b209c4205a176d921e8bc7508e7f8a9ba5ce45ab522874c100371cd7,train
data/dataset/Mild_Demented/mild_244.jpg,mild_244.jpg,Mild Demented,MildDemented,128,128,1,be73b48c1004e91d0881c4ee02236d31231ced1ab96afc30868ff26181fda387,train
data/dataset/Mild_Demented/mild_496.jpg,mild_496.jpg,Mild Demented,MildDemented,128,128,1,7f858d6fd6190454ede0a6140884e0d6010173912e9f424fb72ed54a0a8b190d,train
data/dataset/Mild_Demented/mild_267.jpg,mild_267.jpg,Mild Demented,MildDemented,128,128,1,5f265c7664ba15fcc32972a914648455ca7ccbd0f8419a6dc8caa8f0795767f4,train
data/dataset/Mild_Demented/mild_862.jpg,mild_862.jpg,Mild Demented,MildDemented,128,128,1,15e6c755614eaff4f4cb58bb9385d0892f7c23fef29d416aff54d0298fc2b293,train
data/dataset/Mild_Demented/mild_25.jpg,mild_25.jpg,Mild Demented,MildDemented,128,128,1,0699f1403a4bd1aa6fd0f6876404f2a88f0e8bd4c2a9e1782a9e5e3bb25b5574,train
data/dataset/Mild_Demented/mild_394.jpg,mild_394.jpg,Mild Demented,MildDemented,128,128,1,a8e4bafb2387d4819de5d3391c15f8fa131470a8ef2fee2c1ffc1542f5ec6ef9,train
data/dataset/Mild_Demented/mild_318.jpg,mild_318.jpg,Mild Demented,MildDemented,128,128,1,ad6dbc39d38eb0d3cb17e5723ba657ae34bdfea2dd7aa7413a0f44919d270f1a,train
data/dataset/Mild_Demented/mild_477.jpg,mild_477.jpg,Mild Demented,MildDemented,128,128,1,2578d71551c3413031cac501754c899979e1db4f49439a3c8ca877a6ebb4ed33,train
data/dataset/Mild_Demented/mild_488.jpg,mild_488.jpg,Mild Demented,MildDemented,128,128,1,2b4174edc810c86f93ba962302cba44979e4706cd409b4f52fad10a741beba02,train
data/dataset/Mild_Demented/mild_580.jpg,mild_580.jpg,Mild Demented,MildDemented,128,128,1,4c2d149ec0dfa73fa2738cb9a71e977bbb42a92d862add39488b494f97b32406,train
data/dataset/Mild_Demented/mild_625.jpg,mild_625.jpg,Mild Demented,MildDemented,128,128,1,867d4e6021521c2b315d8c7f51c78f3965f8fe473ff7af3d7989603658cae0fd,train
data/dataset/Mild_Demented/mild_484.jpg,mild_484.jpg,Mild Demented,MildDemented,128,128,1,3b04906601fee69b94c7f1b5c8d438c129cad4c27dff81c05a38fbe140b080c0,train
data/dataset/Mild_Demented/mild_277.jpg,mild_277.jpg,Mild Demented,MildDemented,128,128,1,72a4e34c05a2e21f9e2e000729796c980e9a0fc9abfc952327481b9601ae1fe0,train
data/dataset/Mild_Demented/mild_699.jpg,mild_699.jpg,Mild Demented,MildDemented,128,128,1,9600cfbf7bcffa269708dc8156e07abb27bc9cc96cd4d2a35a1c43b6733065f4,train
data/dataset/Mild_Demented/mild_670.jpg,mild_670.jpg,Mild Demented,MildDemented,128,128,1,cccbb5cee00cdf97d28e2c49fcd18936902333d32543f20cfd925deda3f6c6f9,train
data/dataset/Mild_Demented/mild_859.jpg,mild_859.jpg,Mild Demented,MildDemented,128,128,1,e287b200bb40eb92d1b3558876f04dedb5d379f2cf5d45bdc6f0807084799060,train
data/dataset/Mild_Demented/mild_332.jpg,mild_332.jpg,Mild Demented,MildDemented,128,128,1,e1965ab688e17ec34e27ea836f840eab9d4ca7bbfae525c27419ebf6ccb66180,train
data/dataset/Mild_Demented/mild_667.jpg,mild_667.jpg,Mild Demented,MildDemented,128,128,1,dc8eae10f41fdb600b38d60767b5e7603e3c1e6fa60db94b82b91cbe1d2bd044,train
data/dataset/Mild_Demented/mild_177.jpg,mild_177.jpg,Mild Demented,MildDemented,128,128,1,366b40f85f463011d250a475802b76366a35a570be8d00106b5d691bdd8468f7,train
data/dataset/Mild_Demented/mild_36.jpg,mild_36.jpg,Mild Demented,MildDemented,128,128,1,094dfd7ab6c8067acc2b431b0992754924a555857837683c73ccef1270274ec6,train
data/dataset/Mild_Demented/mild_282.jpg,mild_282.jpg,Mild Demented,MildDemented,128,128,1,33e829a9d547bef31b6671797ab006870b878becddc95a042e21f50d8f408165,train
data/dataset/Mild_Demented/mild_644.jpg,mild_644.jpg,Mild Demented,MildDemented,128,128,1,ac039e0edbb16af2978ee37b67f3a03d3a2b37321a95784b37609195e6b96192,train
data/dataset/Mild_Demented/mild_696.jpg,mild_696.jpg,Mild Demented,MildDemented,128,128,1,f6f775f9d21bdcef7ec3bd74ed05610c28a48a3218c2f23fbef566ac5df31653,train
data/dataset/Mild_Demented/mild_607.jpg,mild_607.jpg,Mild Demented,MildDemented,128,128,1,8c7348e16b7d1c467db6e4c0047e97ba3503d1c01da6f255979b037619de7255,train
data/dataset/Mild_Demented/mild_590.jpg,mild_590.jpg,Mild Demented,MildDemented,128,128,1,b7eef1d9b064ebb53d9b18f0d98c17b04b989ced6e376e02f14dab18ec0a6f3d,train
data/dataset/Mild_Demented/mild_460.jpg,mild_460.jpg,Mild Demented,MildDemented,128,128,1,7c47d3243dd03e711c0116289be245b50526832262b6a2e4d9ec4dd984f13c74,train
data/dataset/Mild_Demented/mild_419.jpg,mild_419.jpg,Mild Demented,MildDemented,128,128,1,9790e3cdc038e56ebd54cfabf5b334a17607428a859ad1a598fc995d7bd3a3ca,train
data/dataset/Mild_Demented/mild_765.jpg,mild_765.jpg,Mild Demented,MildDemented,128,128,1,4c579cee24d86ae1b07a8959418528903f9d2c5cebd0fbeb294e8c5b19bc7a24,train
data/dataset/Mild_Demented/mild_476.jpg,mild_476.jpg,Mild Demented,MildDemented,128,128,1,838727250aba9ecf117d1cd91dadffd0ce29d548c9fdaa0a0db2ac74664ddd26,train
data/dataset/Mild_Demented/mild_768.jpg,mild_768.jpg,Mild Demented,MildDemented,128,128,1,88a290d62b413788b789050026464a51cc0299d6f764865a494cb54f1db51937,train
data/dataset/Mild_Demented/mild_525.jpg,mild_525.jpg,Mild Demented,MildDemented,128,128,1,2e336247f4bde8d4ab64b006d3c4d6faae65a2af91d43d16cd2f3bd05230a27a,train
data/dataset/Mild_Demented/mild_446.jpg,mild_446.jpg,Mild Demented,MildDemented,128,128,1,1388f6191d83ed2612ec452205c4544064462e422c62673258ba2e3fbbd49557,train
data/dataset/Mild_Demented/mild_565.jpg,mild_565.jpg,Mild Demented,MildDemented,128,128,1,95da9fea34bba585ffe56a5c37f8cc1a864a0e75ced6ca266778e5138db4cfe3,train
data/dataset/Mild_Demented/mild_683.jpg,mild_683.jpg,Mild Demented,MildDemented,128,128,1,997c08a22562c08d2689be542d170b0d0c1e1171bdb631f581ef419201dcaf92,train
data/dataset/Mild_Demented/mild_338.jpg,mild_338.jpg,Mild Demented,MildDemented,128,128,1,83fcf378cd006ab5f3a3d55fc9c11cda3f4328b6127ba2142811a370b0866d93,train
data/dataset/Mild_Demented/mild_286.jpg,mild_286.jpg,Mild Demented,MildDemented,128,128,1,6fd98de9b12493e470cbdccafa551edc97c00436193e3cd2ee3ada12e161b450,train
data/dataset/Mild_Demented/mild_387.jpg,mild_387.jpg,Mild Demented,MildDemented,128,128,1,765c550f97567d59b303be1af7d8ffa8477ba345af37be645ae957ef78c21663,train
data/dataset/Mild_Demented/mild_635.jpg,mild_635.jpg,Mild Demented,MildDemented,128,128,1,aa8b8b461692bf87b785c504009afb6ada4e10a46e08b7941b07e2587a010c5a,train
data/dataset/Mild_Demented/mild_10.jpg,mild_10.jpg,Mild Demented,MildDemented,128,128,1,55ce6ad32baa2226f0e566fba378a6ae016948092545a23f6ebce3fc2d67c32c,train
data/dataset/Mild_Demented/mild_557.jpg,mild_557.jpg,Mild Demented,MildDemented,128,128,1,081fe28387f9d3600d78ae06f3a993d9bbd0f33e7da7ca822d975b2da768553c,train
data/dataset/Mild_Demented/mild_265.jpg,mild_265.jpg,Mild Demented,MildDemented,128,128,1,10571b4576e5a2db7abcf39bff55d66084cd800becc58ecea9aaad1bc3b1c4d2,train
data/dataset/Mild_Demented/mild_223.jpg,mild_223.jpg,Mild Demented,MildDemented,128,128,1,881fcbbb2d4b59eb611b7efd8aa09282adf2ca932121905b6ae8774316f24769,train
data/dataset/Mild_Demented/mild_321.jpg,mild_321.jpg,Mild Demented,MildDemented,128,128,1,1f6d44fed58005b932ebded0bd95851a412cc68b7d29dad6c6a88ba6b439fb16,train
data/dataset/Mild_Demented/mild_457.jpg,mild_457.jpg,Mild Demented,MildDemented,128,128,1,71b01c8402215aacfced3832c079cc38a749c3e3a149ad0c8f75862f5e15844f,train
data/dataset/Mild_Demented/mild_326.jpg,mild_326.jpg,Mild Demented,MildDemented,128,128,1,8047644a86ce9b62a56b2ba2f44d31b7a814dbceee00e3077e715b301c3c4fcb,train
data/dataset/Mild_Demented/mild_121.jpg,mild_121.jpg,Mild Demented,MildDemented,128,128,1,c653001627aff41c60f52ba6d23caf62360cc07ad0649d317b7fddad34298c67,train
data/dataset/Mild_Demented/mild_893.jpg,mild_893.jpg,Mild Demented,MildDemented,128,128,1,4f76bf500fed0bb3210077b070779b40d78334f747d8aa04dd9ca9763af24949,train
data/dataset/Mild_Demented/mild_675.jpg,mild_675.jpg,Mild Demented,MildDemented,128,128,1,eb70d678b1c8598d6fd13c46f90de8ab509c96a2626d2028cea409d46d522a54,train
data/dataset/Mild_Demented/mild_881.jpg,mild_881.jpg,Mild Demented,MildDemented,128,128,1,bc46afa2c0ee03da4197bd7bf9da0361bf050c2ca7b35b96b6e9f28e325aa2b4,train
data/dataset/Mild_Demented/mild_845.jpg,mild_845.jpg,Mild Demented,MildDemented,128,128,1,b7f451e21c18232e55435fabb5532968cfa77b4f2dcdb3a1698d7e559e11a842,train
data/dataset/Mild_Demented/mild_307.jpg,mild_307.jpg,Mild Demented,MildDemented,128,128,1,739b2c0072cfe24389b8e466c12c3af6f60c0fa99dd6c01561b41ff41850ff55,train
data/dataset/Mild_Demented/mild_313.jpg,mild_313.jpg,Mild Demented,MildDemented,128,128,1,81c600fd70e9e53f2e75f088446af3851a98df95aa08bb85d852adcc301641e0,train
data/dataset/Mild_Demented/mild_180.jpg,mild_180.jpg,Mild Demented,MildDemented,128,128,1,08e531cf1178e4930db898d23e04f637a5c83cc2e9048b42ea3d96f5148a48c9,train
data/dataset/Mild_Demented/mild_31.jpg,mild_31.jpg,Mild Demented,MildDemented,128,128,1,0732df0bd93d24aba1e45036393cd1e7271fd48b80f34872b1c23265bda763af,train
data/dataset/Mild_Demented/mild_171.jpg,mild_171.jpg,Mild Demented,MildDemented,128,128,1,39fc68bf1a347365797290f384f572392bbca206922f8cd40f88652cb6f975a4,train
data/dataset/Mild_Demented/mild_301.jpg,mild_301.jpg,Mild Demented,MildDemented,128,128,1,4f2a3d737f153b3d32835e21e7309a6c75c07c60cedf1f55fd00675ebc2cc4e2,train
data/dataset/Mild_Demented/mild_473.jpg,mild_473.jpg,Mild Demented,MildDemented,128,128,1,2cc7f79979e17572b9dc4ec97adb0fc9250bef95c2a959d77eaffbb7208196e5,train
data/dataset/Mild_Demented/mild_170.jpg,mild_170.jpg,Mild Demented,MildDemented,128,128,1,9dbef70ada4237f08b272ec0668441c783ddb77daaab36bd9711d635443cdf87,train
data/dataset/Mild_Demented/mild_174.jpg,mild_174.jpg,Mild Demented,MildDemented,128,128,1,395e26d0c37dbd20bf953069f80c86ea5228ae6830ab2412f3516da35765fc42,train
data/dataset/Mild_Demented/mild_403.jpg,mild_403.jpg,Mild Demented,MildDemented,128,128,1,b4e853decfb0ee705996c656dc06790df714b0e600fea2572e8546dcc50e342b,train
data/dataset/Mild_Demented/mild_781.jpg,mild_781.jpg,Mild Demented,MildDemented,128,128,1,8d03c1669b93453828a3502c6495a31e0861af1bb0f6fd0a8f32e7d3a316b26d,train
data/dataset/Mild_Demented/mild_574.jpg,mild_574.jpg,Mild Demented,MildDemented,128,128,1,325b3e716985118ec76418e359a7cbba10446673e3ccb0bc7438d6532104643a,train
data/dataset/Mild_Demented/mild_600.jpg,mild_600.jpg,Mild Demented,MildDemented,128,128,1,652d8ab575f22652b67b9066f143586e22ea5a05e20ca2e67475b5db62f2acd2,train
data/dataset/Mild_Demented/mild_489.jpg,mild_489.jpg,Mild Demented,MildDemented,128,128,1,6095aff22fa2410d5a4a6aec99e1038ef7029781c75a5f0e5e83c4db4ecb4b4e,train
data/dataset/Mild_Demented/mild_109.jpg,mild_109.jpg,Mild Demented,MildDemented,128,128,1,344cf9f1deeca186889bb1f06d20423cdaf258b7407ce6ec8992907b6292bd05,train
data/dataset/Mild_Demented/mild_567.jpg,mild_567.jpg,Mild Demented,MildDemented,128,128,1,d7e73da3080f1885338feb3c9c6ef06723b69c91b63ef2b0a35b772d3fe8ea68,train
data/dataset/Mild_Demented/mild_208.jpg,mild_208.jpg,Mild Demented,MildDemented,128,128,1,9a65e25f2d0fa94f17216fa5a7f0ca7a22288af50aeec5ed4f5b1cfff8964011,train
data/dataset/Mild_Demented/mild_653.jpg,mild_653.jpg,Mild Demented,MildDemented,128,128,1,125b4315fdf35c2465f3bbd2d584e9ec007679e467cdd7abb3bb9f4df2dd3a06,train
data/dataset/Mild_Demented/mild_843.jpg,mild_843.jpg,Mild Demented,MildDemented,128,128,1,ec25d3da6fd857e2c4b17e35bbb335d1f24bd125eab02ae5f1e879d486173059,train
data/dataset/Mild_Demented/mild_712.jpg,mild_712.jpg,Mild Demented,MildDemented,128,128,1,89734a41772209118936874c26c625133b2361692f98e3f5fcd8f20393137833,train
data/dataset/Mild_Demented/mild_268.jpg,mild_268.jpg,Mild Demented,MildDemented,128,128,1,73c819f918b5ea6bc6ecd5ac875ea91495332dc69a971ce0dd243ca2b090cd3e,train
data/dataset/Mild_Demented/mild_553.jpg,mild_553.jpg,Mild Demented,MildDemented,128,128,1,32924f6d0ef811d73efbe6c273b7629643c9daf0e1305327fdb10d1b7716544a,train
data/dataset/Mild_Demented/mild_315.jpg,mild_315.jpg,Mild Demented,MildDemented,128,128,1,9e8a24386f86d86b9a559ec9a162b95f65bea83dbc4e9b70edda9ce818a3bec0,train
data/dataset/Mild_Demented/mild_624.jpg,mild_624.jpg,Mild Demented,MildDemented,128,128,1,4e20603b587e025185285b4a1786917822361a284c60241bb066484a42d12825,train
data/dataset/Mild_Demented/mild_681.jpg,mild_681.jpg,Mild Demented,MildDemented,128,128,1,2ab488418d0964199da1dc44d1b261b9f1e95bb3e42edb0a6db18a8b1861a58c,train
data/dataset/Mild_Demented/mild_73.jpg,mild_73.jpg,Mild Demented,MildDemented,128,128,1,da8b745ad618a77915510bf905bdbaa9a2edf879fb14f7db49ab1fefa228a22c,train
data/dataset/Mild_Demented/mild_660.jpg,mild_660.jpg,Mild Demented,MildDemented,128,128,1,ed796a79f82175aef98091de2ab0615b527e92f3b2049ead0dd813ce2e5be74f,train
data/dataset/Mild_Demented/mild_215.jpg,mild_215.jpg,Mild Demented,MildDemented,128,128,1,facb89c9a67064e18fbd2f7863d70f79d772c823c9cb66d7e1431be83d901b77,train
data/dataset/Mild_Demented/mild_48.jpg,mild_48.jpg,Mild Demented,MildDemented,128,128,1,02b6cfa2bcf7bfa43bbbe2c23ca9d5399919b62434d611d07695daf40c5a3b1f,train
data/dataset/Mild_Demented/mild_275.jpg,mild_275.jpg,Mild Demented,MildDemented,128,128,1,8c47bf36423e8c5f0301a35f17f261ba64a119ba22a0763cb2244567b34f38c5,train
data/dataset/Mild_Demented/mild_864.jpg,mild_864.jpg,Mild Demented,MildDemented,128,128,1,bc6d0e3eb4a02d808f38ede24947e5145f53e095af3af70d6f2249d3a768f651,train
data/dataset/Mild_Demented/mild_21.jpg,mild_21.jpg,Mild Demented,MildDemented,128,128,1,cc575c99666e9d6741cf39ffcb9583a8d5aa62d3df11c0d0e890d280999d9a07,train
data/dataset/Mild_Demented/mild_603.jpg,mild_603.jpg,Mild Demented,MildDemented,128,128,1,a7577a749a9b1249f5a2309d6d1b37f0bb7274f9aefd3a264fdee5af8c16b671,train
data/dataset/Mild_Demented/mild_886.jpg,mild_886.jpg,Mild Demented,MildDemented,128,128,1,df500db680763c39ac4a3585503a4184709cffbb22b4d8b2d61a0ebfba7d16ea,train
data/dataset/Mild_Demented/mild_839.jpg,mild_839.jpg,Mild Demented,MildDemented,128,128,1,bbd6a8850ba642d78483997dc90f2cea445d6d1c37b5f4dd3fb7ba26a0eebd97,train
data/dataset/Mild_Demented/mild_657.jpg,mild_657.jpg,Mild Demented,MildDemented,128,128,1,ae638800f9891a803fdbdb522ca086b5160f9ba77b0e86d7e6f8b4faf567da11,train
data/dataset/Mild_Demented/mild_391.jpg,mild_391.jpg,Mild Demented,MildDemented,128,128,1,f4fea2236c50adc881a5caedfaa257b5a646a7acb159b890f4478465179b08f6,train
data/dataset/Mild_Demented/mild_665.jpg,mild_665.jpg,Mild Demented,MildDemented,128,128,1,1812ba4dfe45705ee54c7b2ba29bb66286d329d0bc754c29b83671155053c2af,train
data/dataset/Mild_Demented/mild_253.jpg,mild_253.jpg,Mild Demented,MildDemented,128,128,1,0f5ecbeedb1768a42578dc0e83e7abccfbf836326f8065b5e54ea7311d184164,train
data/dataset/Mild_Demented/mild_836.jpg,mild_836.jpg,Mild Demented,MildDemented,128,128,1,0a8d691547d2a688d40ed0a718b94aff027115fa859f591d20e610424f79702f,train
data/dataset/Mild_Demented/mild_795.jpg,mild_795.jpg,Mild Demented,MildDemented,128,128,1,5c37bd112d701cb07eb4c52f43b0805bbc2aaf33bc9ae4a1ea72f4ef543a8836,train
data/dataset/Mild_Demented/mild_666.jpg,mild_666.jpg,Mild Demented,MildDemented,128,128,1,c0559063b661fccd9e8d94dd7efb0f5d1b9072603201fa779832db3e3159f942,train
data/dataset/Mild_Demented/mild_747.jpg,mild_747.jpg,Mild Demented,MildDemented,128,128,1,7c8df0868b7c99b3f026c46716d9952597e8ca7ea513837d660d7dc7854691c2,train
data/dataset/Mild_Demented/mild_745.jpg,mild_745.jpg,Mild Demented,MildDemented,128,128,1,9616152116686fea057ba279def04672f256eeb3ab0abdd7b5946c6ae989850c,train
data/dataset/Mild_Demented/mild_78.jpg,mild_78.jpg,Mild Demented,MildDemented,128,128,1,8260090efcc247198fc23782698ede9a87437ed5342703005b84d8bbcbc5e984,train
data/dataset/Mild_Demented/mild_528.jpg,mild_528.jpg,Mild Demented,MildDemented,128,128,1,54506a3755f55c45000c1f391df824a89a4ece5536b2b39d4f332ccdd3102662,train
data/dataset/Mild_Demented/mild_595.jpg,mild_595.jpg,Mild Demented,MildDemented,128,128,1,fa26ab8f2c8d9ec1e3e1e12c05e3b37054e973d8c04e4e8c34a0223b6781de88,train
data/dataset/Mild_Demented/mild_292.jpg,mild_292.jpg,Mild Demented,MildDemented,128,128,1,5ce753d5715883c8b1fa4cbcb4c332a93d993e330f4dc2b1ef1686f1e8614f03,train
data/dataset/Mild_Demented/mild_437.jpg,mild_437.jpg,Mild Demented,MildDemented,128,128,1,1d2de95740222942d3d5f3a461b0deff9e37932c8c9e5ddf40661c66968f7d86,train
data/dataset/Mild_Demented/mild_85.jpg,mild_85.jpg,Mild Demented,MildDemented,128,128,1,da66081beff99a920b62fa88a77da430238d34efa05b8187161bc27be5ffe2c7,train
data/dataset/Mild_Demented/mild_569.jpg,mild_569.jpg,Mild Demented,MildDemented,128,128,1,ddcfaf7f011ca87454346f06610b39b1df24abdf9803a3474ffdd24e806715c5,train
data/dataset/Mild_Demented/mild_366.jpg,mild_366.jpg,Mild Demented,MildDemented,128,128,1,983a7fae6291bd5dc90f521baa782cba03b1c653685bee6acdf003a09aab4b68,train
data/dataset/Mild_Demented/mild_19.jpg,mild_19.jpg,Mild Demented,MildDemented,128,128,1,a58e246ac4ae360cd87833584048acf6c8cd710fc827125e1d19ce4fb4be2c16,train
data/dataset/Mild_Demented/mild_334.jpg,mild_334.jpg,Mild Demented,MildDemented,128,128,1,bca2238307ca11b33d72817999b290c4074ee5e286422e8e88a80f7cf1396acd,train
data/dataset/Mild_Demented/mild_131.jpg,mild_131.jpg,Mild Demented,MildDemented,128,128,1,2ec04b2cf8a174f9917ba2ab8a6d61362eb0fe626791ca7255a62da0f48177b0,train
data/dataset/Mild_Demented/mild_690.jpg,mild_690.jpg,Mild Demented,MildDemented,128,128,1,ab41d4c6ee4d42ea5a99a338b821183c3626b2c366ee162694e48f92b9516563,train
data/dataset/Mild_Demented/mild_521.jpg,mild_521.jpg,Mild Demented,MildDemented,128,128,1,01736171a5261e90d7b1684964f6cbbad81557ba21e5ccbd2aaa7133d0511a27,train
data/dataset/Mild_Demented/mild_883.jpg,mild_883.jpg,Mild Demented,MildDemented,128,128,1,10864f43357140a5049d5e2dba62073dbcd31229c264ae82013cb2fe87b9ef27,train
data/dataset/Mild_Demented/mild_316.jpg,mild_316.jpg,Mild Demented,MildDemented,128,128,1,6c2a98e5bfdf63bb9bea8d090161f69cd11b69ab88a42d9945080735339031fc,train
data/dataset/Mild_Demented/mild_188.jpg,mild_188.jpg,Mild Demented,MildDemented,128,128,1,4027d6edc9dbdf74353317919377bb92843f8be4634c56d2c45000f3c325fff9,train
data/dataset/Mild_Demented/mild_500.jpg,mild_500.jpg,Mild Demented,MildDemented,128,128,1,4f692d906713618e09e8af5a6d395eb3f83bce64b265ce61364a92884d69053c,train
data/dataset/Mild_Demented/mild_164.jpg,mild_164.jpg,Mild Demented,MildDemented,128,128,1,09febb9d57123e668d4a0a152ad8c5949958f0f22b055ff4501480dc9740daea,train
data/dataset/Mild_Demented/mild_381.jpg,mild_381.jpg,Mild Demented,MildDemented,128,128,1,f266118075ee7708e5392103a7ee4d7275f5bef79bfc20c45604c86e68655996,train
data/dataset/Mild_Demented/mild_884.jpg,mild_884.jpg,Mild Demented,MildDemented,128,128,1,639c38194a28711e255b9f3fdc31d878bcbfa7903faea60a4cf62af88bd0aa42,train
data/dataset/Mild_Demented/mild_871.jpg,mild_871.jpg,Mild Demented,MildDemented,128,128,1,4086cc03a8849fb189a07f3e47998e8f02ea90021ba14944c6a52d04bb0885b8,train
data/dataset/Mild_Demented/mild_846.jpg,mild_846.jpg,Mild Demented,MildDemented,128,128,1,e3b87165dbc643cec1b47414e7a83fa242159a6e041de9a06e42941464117b50,train
data/dataset/Mild_Demented/mild_17.jpg,mild_17.jpg,Mild Demented,MildDemented,128,128,1,68be67f6132187a2fd4cdb95d2f0b56946d1f7b5aeef08ff3b5784b3cbdda176,train
data/dataset/Mild_Demented/mild_510.jpg,mild_510.jpg,Mild Demented,MildDemented,128,128,1,1898f143457e59dbdbde37ca2a5d14c69ba8f3e4d168b947eeacb048bb71f5d6,train
data/dataset/Mild_Demented/mild_102.jpg,mild_102.jpg,Mild Demented,MildDemented,128,128,1,7c9b34d3bc2eff946343743c34c4a6caa1dc7035aa7a98ba97b79182bc2bc4a6,train
data/dataset/Mild_Demented/mild_358.jpg,mild_358.jpg,Mild Demented,MildDemented,128,128,1,7d0f4a2edd79779e9a1f9dace6ff0a305eb2a2121763dc481fff1b03463073a9,train
data/dataset/Mild_Demented/mild_421.jpg,mild_421.jpg,Mild Demented,MildDemented,128,128,1,6265793281ddc45e70d91db84f611bdc6dcb34f73e067b26e1f88282e1fcda8c,train
data/dataset/Mild_Demented/mild_806.jpg,mild_806.jpg,Mild Demented,MildDemented,128,128,1,fe5a879596dd36670e167485191b9c052949bb1de73ec3b28aa68d113b4819d6,train
data/dataset/Mild_Demented/mild_614.jpg,mild_614.jpg,Mild Demented,MildDemented,128,128,1,0ad9c5ce1efa0573ba6b80591d858b1b1d6c4563b6365ed8733c1198e9e863b8,train
data/dataset/Mild_Demented/mild_34.jpg,mild_34.jpg,Mild Demented,MildDemented,128,128,1,5e066f71be8d27b5e0a5bafe7a3e39955f9787d6bc9cd01cceebe920ac56d736,train
data/dataset/Mild_Demented/mild_868.jpg,mild_868.jpg,Mild Demented,MildDemented,128,128,1,a8fca4568b15a9397fe9e04f80d45aec54d8169f1d05efe764e3f3f28d39adc1,train
data/dataset/Mild_Demented/mild_894.jpg,mild_894.jpg,Mild Demented,MildDemented,128,128,1,b003001f6dba0298340bf5a05f20affe4e0b763d8b53cfa342c3de88bf1ed473,train
data/dataset/Mild_Demented/mild_87.jpg,mild_87.jpg,Mild Demented,MildDemented,128,128,1,0b8bf6a4a8cf643d66f07e16a88bec490ea5b45d5b43c9f93c998c088b2a848b,train
data/dataset/Mild_Demented/mild_235.jpg,mild_235.jpg,Mild Demented,MildDemented,128,128,1,3365a2492550700af2d385caaff0dda2b17c18871bc3e73de0d28f014ac68db6,train
data/dataset/Mild_Demented/mild_204.jpg,mild_204.jpg,Mild Demented,MildDemented,128,128,1,362f087fc759bf0240ac11a9ac4f0c8315b039db31db7558ed982d55d65189a3,train
data/dataset/Mild_Demented/mild_359.jpg,mild_359.jpg,Mild Demented,MildDemented,128,128,1,c9fcf6b8f23b58355a232809d96856bf6773958f547d5bcdf4fe2316215493fe,train
data/dataset/Mild_Demented/mild_185.jpg,mild_185.jpg,Mild Demented,MildDemented,128,128,1,31d3db09006a2c61f0d6786234dfefd305aa5b5926daed0149658fa2f520bc50,train
data/dataset/Mild_Demented/mild_162.jpg,mild_162.jpg,Mild Demented,MildDemented,128,128,1,6489d8a7c04272f337edd5e16f9a232bbc4fca8fe02b90fb40540c60e59636ff,train
data/dataset/Mild_Demented/mild_197.jpg,mild_197.jpg,Mild Demented,MildDemented,128,128,1,970891783c5554b083d1a23b8791cd3562a06212d08e8f883150e9a0dcfe9f2f,train
data/dataset/Mild_Demented/mild_708.jpg,mild_708.jpg,Mild Demented,MildDemented,128,128,1,37292f5b3ac39b87aacd0851f00028c4cfc85f49d2ffccc88a607577590ab3fc,train
data/dataset/Mild_Demented/mild_788.jpg,mild_788.jpg,Mild Demented,MildDemented,128,128,1,45461e8ec0ca175449be63dfcbba387d804db15d2f134f2b5bbacfe3e9b2c565,train
data/dataset/Mild_Demented/mild_858.jpg,mild_858.jpg,Mild Demented,MildDemented,128,128,1,7980501c456150e86d52e3a98ab709537f8daa7ad921cb0f839a601ae6492497,train
data/dataset/Mild_Demented/mild_599.jpg,mild_599.jpg,Mild Demented,MildDemented,128,128,1,f56b650d4a5a4be83f7ac46c22a43634a217e5aa6c8b43f2bc5ab06b8aedb99a,train
data/dataset/Mild_Demented/mild_494.jpg,mild_494.jpg,Mild Demented,MildDemented,128,128,1,70c8c937b4277894c0059b1497bd5584b48d2122745c809c8325e3c3a1f30977,train
data/dataset/Mild_Demented/mild_226.jpg,mild_226.jpg,Mild Demented,MildDemented,128,128,1,660ae0a242c0035aeb630df819bfe45e186dd43d3032292a1b5813ed19dc8e26,train
data/dataset/Mild_Demented/mild_808.jpg,mild_808.jpg,Mild Demented,MildDemented,128,128,1,5876e58f0d9b4260d2aa2fcfdfd5f25a77591c2051934aa402bb5cb81bdaab00,train
data/dataset/Mild_Demented/mild_377.jpg,mild_377.jpg,Mild Demented,MildDemented,128,128,1,7203b20487950f59d837dd40cf665bf0b650fda0ca4cf0a46bbc51c871a066cd,train
data/dataset/Mild_Demented/mild_850.jpg,mild_850.jpg,Mild Demented,MildDemented,128,128,1,7cb1027fe858b0425a4a8f85360d51071891f8bbe29122924f22b0813c9813d4,train
data/dataset/Mild_Demented/mild_479.jpg,mild_479.jpg,Mild Demented,MildDemented,128,128,1,7ad121257467d079ed71248ac8d14e2deede65dd46dd7af14b39c958f8fce2da,train
data/dataset/Mild_Demented/mild_605.jpg,mild_605.jpg,Mild Demented,MildDemented,128,128,1,8cff6b6da56ac47cdd815eceabbe0d848d46d67eb83ae80772eae6ad788f3b08,train
data/dataset/Mild_Demented/mild_382.jpg,mild_382.jpg,Mild Demented,MildDemented,128,128,1,17fae0ea310e5438b1127ea0e00fa0a1e4fa47fe9feecf20f40a15f5cf4a535a,train
data/dataset/Mild_Demented/mild_310.jpg,mild_310.jpg,Mild Demented,MildDemented,128,128,1,029a3446af2b0ab8d0b21bcaba05d7d296de97cc4138d9f982d2fd830b4b8387,train
data/dataset/Mild_Demented/mild_40.jpg,mild_40.jpg,Mild Demented,MildDemented,128,128,1,ef042a4cf2157efa84a3fa19ffcf45af199213359c6f23377297de2c58d64c64,train
data/dataset/Mild_Demented/mild_534.jpg,mild_534.jpg,Mild Demented,MildDemented,128,128,1,c45ef7b54f03b9fb5801c1ecdffb769e4156b55e479eed53f99faed2f82d8451,train
data/dataset/Mild_Demented/mild_791.jpg,mild_791.jpg,Mild Demented,MildDemented,128,128,1,a7b151fc5a15d64efc6622ef4c55bb4989775dbb31267b89784f580e2ba251e0,train
data/dataset/Mild_Demented/mild_384.jpg,mild_384.jpg,Mild Demented,MildDemented,128,128,1,80923052d2b37071a450bd6d4971e439945bbc1bb08428a6dd65a9eddcee7a76,train
data/dataset/Mild_Demented/mild_240.jpg,mild_240.jpg,Mild Demented,MildDemented,128,128,1,77540bb113f2eefd43b0194b241528ea9e437a20de010bce14d555f9d3b5c16f,train
data/dataset/Mild_Demented/mild_544.jpg,mild_544.jpg,Mild Demented,MildDemented,128,128,1,ffae4b5bee71ce24dd3f355e5d3ccf9eaa98e6c0247fe4205bba6f70e9a5fcb5,train
data/dataset/Mild_Demented/mild_27.jpg,mild_27.jpg,Mild Demented,MildDemented,128,128,1,1de64da9766710b9aea9b3abf103a9bcfabc4faf04e16558f13eb031cf4a7499,train
data/dataset/Mild_Demented/mild_754.jpg,mild_754.jpg,Mild Demented,MildDemented,128,128,1,87fd9ca08ea7762c8ce43ab7d277d87ba3b8c9af3adbdbc4b8d299f9baca4a9c,train
data/dataset/Mild_Demented/mild_91.jpg,mild_91.jpg,Mild Demented,MildDemented,128,128,1,847b5d9ab04bbbbb31316b106782e14ba4969e87c7b25cdc58c43e7fb9fb2158,train
data/dataset/Mild_Demented/mild_656.jpg,mild_656.jpg,Mild Demented,MildDemented,128,128,1,33015a5a2f492a262afeb87adfe320b3f924a0a48413ba02f8c345a4fb7d03e3,train
data/dataset/Mild_Demented/mild_637.jpg,mild_637.jpg,Mild Demented,MildDemented,128,128,1,20bf66b9ad1f4c47122b0deba8d4f44fe354da3aed750c6b26ac6488177a264a,train
data/dataset/Mild_Demented/mild_415.jpg,mild_415.jpg,Mild Demented,MildDemented,128,128,1,03ec55744259d8fee38cb072704c57e049a5673eee1b90947f9794e94a6313be,train
data/dataset/Mild_Demented/mild_205.jpg,mild_205.jpg,Mild Demented,MildDemented,128,128,1,c88b37be771ecc181371e6275f15f4587fd188877b76002a5c38ccf94000b10b,train
data/dataset/Mild_Demented/mild_629.jpg,mild_629.jpg,Mild Demented,MildDemented,128,128,1,786e8fd34f7df15929385c4d9c1d5a245610c99b07743237904baa7bc28a54d3,train
data/dataset/Mild_Demented/mild_281.jpg,mild_281.jpg,Mild Demented,MildDemented,128,128,1,0820da71bb5120118fa23babf88ee14eb2568efa6016d18ea7aefa8868458636,train
data/dataset/Mild_Demented/mild_721.jpg,mild_721.jpg,Mild Demented,MildDemented,128,128,1,da5b7d4600cdce796b81b299c7c0ff9db5e5adb0f037178ac67a10a8a754a60a,train
data/dataset/Mild_Demented/mild_431.jpg,mild_431.jpg,Mild Demented,MildDemented,128,128,1,ac1fafe99decce1601ae6615c4a369c7335571b381025260c68f855c7ed8649c,train
data/dataset/Mild_Demented/mild_118.jpg,mild_118.jpg,Mild Demented,MildDemented,128,128,1,1b2f399bbec495074bfa4a25c5cac2ed8b53ca0a4a14a5963057695fbca05887,train
data/dataset/Mild_Demented/mild_604.jpg,mild_604.jpg,Mild Demented,MildDemented,128,128,1,625536ff4910491e3a86a5625b4073513235a8153949a85aed89438e6fd13f60,train
data/dataset/Mild_Demented/mild_11.jpg,mild_11.jpg,Mild Demented,MildDemented,128,128,1,5e05f7343ccd4c0ccf322095d0c85a15f985a3f72a29c4c814ba28624002a2f2,train
data/dataset/Mild_Demented/mild_464.jpg,mild_464.jpg,Mild Demented,MildDemented,128,128,1,b458a08cb7a0fa1b9b4cfe8f0c2db049b125738f66c0e1d1cf37cec06ee53b95,train
data/dataset/Mild_Demented/mild_167.jpg,mild_167.jpg,Mild Demented,MildDemented,128,128,1,6a316a144a57e3e23d6404a5f3945e29605ff28b897e847db32ba18d218c5252,train
data/dataset/Mild_Demented/mild_32.jpg,mild_32.jpg,Mild Demented,MildDemented,128,128,1,d1631afed224bf99df7adca4ed9b4d56b4e89f8fb4a490cf8ef5371004a303b6,train
data/dataset/Mild_Demented/mild_322.jpg,mild_322.jpg,Mild Demented,MildDemented,128,128,1,b8089e9f4c02231f680954fd10e411dac9fc1dfb957dcd53ea4c351828ef0184,train
data/dataset/Mild_Demented/mild_589.jpg,mild_589.jpg,Mild Demented,MildDemented,128,128,1,c54d18775aa7cfd7d25350c7fb02cf9780813fad7153e8dcc5a7c26275a59a95,train
data/dataset/Mild_Demented/mild_14.jpg,mild_14.jpg,Mild Demented,MildDemented,128,128,1,904ff76e7d2853cd2f27ad73890c76583dceed7a2878339303cfe956e16edc2a,train
data/dataset/Mild_Demented/mild_379.jpg,mild_379.jpg,Mild Demented,MildDemented,128,128,1,d9658f7333426ea265be72e75397fa85f77224196c69a8f4690a60bc6f38b92e,train
data/dataset/Mild_Demented/mild_155.jpg,mild_155.jpg,Mild Demented,MildDemented,128,128,1,16c439506311267cdb8aa845ee0a0337f9e8d69ad998653340ee1c1bc6e182eb,train
data/dataset/Mild_Demented/mild_741.jpg,mild_741.jpg,Mild Demented,MildDemented,128,128,1,fdcfc998d43dd436c842bf02aaa4366846e09e2e81eb34c57bb7f3d9b4e89a95,train
data/dataset/Mild_Demented/mild_371.jpg,mild_371.jpg,Mild Demented,MildDemented,128,128,1,0b34a717b8f1380215f898bc84ea09e193aaa26fda4c032f2fd7216abcdc4db6,train
data/dataset/Mild_Demented/mild_805.jpg,mild_805.jpg,Mild Demented,MildDemented,128,128,1,9d499ac4933d414ca29be5d76ee7cfe23d3f9df54d2ddb8b59765a0b0ee718f2,train
data/dataset/Mild_Demented/mild_677.jpg,mild_677.jpg,Mild Demented,MildDemented,128,128,1,578d2c01b5e2cebf6f513ff35a80fad2761da6fe1b3c605b61946dc0febd9f20,train
data/dataset/Mild_Demented/mild_63.jpg,mild_63.jpg,Mild Demented,MildDemented,128,128,1,8a4fd65a84610d969b263d8a4034f74a0c77c70501f69e81d84ee9aaf7d5b4b6,train
data/dataset/Mild_Demented/mild_709.jpg,mild_709.jpg,Mild Demented,MildDemented,128,128,1,e53b30e966b7e96c5454d98f6aa02d5cbf981c97b69589dbd63d51bf86d069d8,train
data/dataset/Mild_Demented/mild_800.jpg,mild_800.jpg,Mild Demented,MildDemented,128,128,1,cae2937202470a2d5b9d97175141f0de4f4c26bdae1549640764dd9bbe3d1d66,train
data/dataset/Mild_Demented/mild_229.jpg,mild_229.jpg,Mild Demented,MildDemented,128,128,1,5d0fd5d57e86390281ab2a2475e6316122e24610406a37a977f03ac45077c518,train
data/dataset/Mild_Demented/mild_707.jpg,mild_707.jpg,Mild Demented,MildDemented,128,128,1,d063f2dc36afd5dbd7c321654215d32a237a9cd9d962354eaa0807079c4540d5,train
data/dataset/Mild_Demented/mild_616.jpg,mild_616.jpg,Mild Demented,MildDemented,128,128,1,6071e6c3eab71787a5932b51bcccc44461c94afae3844a686490d76bb8a8c5bf,train
data/dataset/Mild_Demented/mild_756.jpg,mild_756.jpg,Mild Demented,MildDemented,128,128,1,e70035472ddae9b1d30158db96b3a6895458819e96293c4612c32c82fb268279,train
data/dataset/Mild_Demented/mild_296.jpg,mild_296.jpg,Mild Demented,MildDemented,128,128,1,05b2921cf18e8846f8813a4ad1cccea77b2ebf6a4e5d45e61214d924a5c95241,train
data/dataset/Mild_Demented/mild_203.jpg,mild_203.jpg,Mild Demented,MildDemented,128,128,1,8b87ad09aee6ede000d393c73a43941ff1f103babe42bda3b2bc013944d0add6,train
data/dataset/Mild_Demented/mild_388.jpg,mild_388.jpg,Mild Demented,MildDemented,128,128,1,8730cc7172e3e403ef22279ebf6c2fa89a2c5cb764d91cd669de141d4e1b867d,train
data/dataset/Mild_Demented/mild_132.jpg,mild_132.jpg,Mild Demented,MildDemented,128,128,1,3f3dc43569401edf9e2864d8bfa78ab1ec9d9cdd8ea31857616a16e9ab6c840d,train
data/dataset/Mild_Demented/mild_562.jpg,mild_562.jpg,Mild Demented,MildDemented,128,128,1,15743394d4a4fb5b476c794a48aa2fde4fe47c724fcce0c26ef4f581ea259b11,train
data/dataset/Mild_Demented/mild_290.jpg,mild_290.jpg,Mild Demented,MildDemented,128,128,1,d13af61152845bee18a07bb163bce98b29565d8231389e7b8ab8c4dfe36c9139,train
data/dataset/Mild_Demented/mild_674.jpg,mild_674.jpg,Mild Demented,MildDemented,128,128,1,54a07d955ab5ef13220a4a200d7bb382f7ca8e1fe7f134ecd63d1c8e164438a3,train
data/dataset/Mild_Demented/mild_12.jpg,mild_12.jpg,Mild Demented,MildDemented,128,128,1,d118017320462a21b91e3c17eec39bc8835eeea2639c207c34291935786e4663,train
data/dataset/Mild_Demented/mild_149.jpg,mild_149.jpg,Mild Demented,MildDemented,128,128,1,dbad639550fdfed2eaad73674c6fcaf970ed7b12daa3bbc233c58be6c0d46e3e,train
data/dataset/Mild_Demented/mild_76.jpg,mild_76.jpg,Mild Demented,MildDemented,128,128,1,655fb124903469e7baf8fa50bb303286862a7d5cd4469aa307c2a9c22fe52108,train
data/dataset/Mild_Demented/mild_563.jpg,mild_563.jpg,Mild Demented,MildDemented,128,128,1,9429bdf778f9c60e09581b11c86c67f679194aa81b3d91d49dc3b52418c9e629,train
data/dataset/Mild_Demented/mild_679.jpg,mild_679.jpg,Mild Demented,MildDemented,128,128,1,3d3282f4c66d52d90f8984564afdecf197344f9291706d7515319bf2dabb910a,train
data/dataset/Mild_Demented/mild_592.jpg,mild_592.jpg,Mild Demented,MildDemented,128,128,1,2315263149b84407b2276741ceaa97f530c62b6afa08b1f66959c7e16fae8ad3,train
data/dataset/Mild_Demented/mild_224.jpg,mild_224.jpg,Mild Demented,MildDemented,128,128,1,596d1896ce1723472f8beb123c55f28ce8991c494de55bd05e35dd92d9842ae1,train
data/dataset/Mild_Demented/mild_295.jpg,mild_295.jpg,Mild Demented,MildDemented,128,128,1,44144699b58dfafc4c9e042bb44b2ce697da8b8e7778158c7638ca3606c0f784,train
data/dataset/Mild_Demented/mild_606.jpg,mild_606.jpg,Mild Demented,MildDemented,128,128,1,9a741ac440fce2850b43b1eb6caf0d615b8622d9c695c08e0e385ebdbe53046c,train
data/dataset/Mild_Demented/mild_718.jpg,mild_718.jpg,Mild Demented,MildDemented,128,128,1,a8e635467adb60b9db9ef1c195aaf5e8f404213118388b6f74ff0a559994c43d,train
data/dataset/Mild_Demented/mild_435.jpg,mild_435.jpg,Mild Demented,MildDemented,128,128,1,d8b39db0914c8b41a5f66398cdf3349e4e562741265ed1a0ef728011e20b7759,train
data/dataset/Mild_Demented/mild_347.jpg,mild_347.jpg,Mild Demented,MildDemented,128,128,1,c6e0fc26acb4a52eda2a60a2d852a1a134fc55c8534dcbadb119204785b98580,train
data/dataset/Mild_Demented/mild_314.jpg,mild_314.jpg,Mild Demented,MildDemented,128,128,1,1181a724e7f42957153a0a8cd7824acbf0757143d6fff797b3c94e97dffc6351,train
data/dataset/Mild_Demented/mild_824.jpg,mild_824.jpg,Mild Demented,MildDemented,128,128,1,26cd358afb5e001ed40c18774ca1c4a854e22368bc1d347a7f0cd83dc841a64c,train
data/dataset/Mild_Demented/mild_29.jpg,mild_29.jpg,Mild Demented,MildDemented,128,128,1,275b60b669dce3dbe196f4f83e08c5aca65bd66ddaf6019e26fb12d9617d7d06,train
data/dataset/Mild_Demented/mild_74.jpg,mild_74.jpg,Mild Demented,MildDemented,128,128,1,41212b5bccb0364add52c610bd25fce75e08b833d7e9d63ed03028f9b50dc775,train
data/dataset/Mild_Demented/mild_875.jpg,mild_875.jpg,Mild Demented,MildDemented,128,128,1,03e704bb941190dc5d286a4416bcc846281fe89d6d8bb8266c761070662af7d7,train
data/dataset/Mild_Demented/mild_336.jpg,mild_336.jpg,Mild Demented,MildDemented,128,128,1,42a73c7dff0cd9f158216efbdd534ea4ebd964d3a0d69d34ef22cf58da425e27,train
data/dataset/Mild_Demented/mild_513.jpg,mild_513.jpg,Mild Demented,MildDemented,128,128,1,6e34d6b62166ddd87ac04d236260ffe21930e925d21dd6bd906c0d4cd8f6a11c,train
data/dataset/Mild_Demented/mild_543.jpg,mild_543.jpg,Mild Demented,MildDemented,128,128,1,f19bb3d3ae7ca87191f447a97e39ba6f06372251ba44cbe5b0a1d9f785bdf103,train
data/dataset/Mild_Demented/mild_245.jpg,mild_245.jpg,Mild Demented,MildDemented,128,128,1,3586fe952086d2cbfc038f3279cf1138fab0d76996538326e5f6e43899ecdb40,train
data/dataset/Mild_Demented/mild_727.jpg,mild_727.jpg,Mild Demented,MildDemented,128,128,1,aec36b3eceb879fa51d551c1ec4d4291db98736f5975140e849cd8eba98c88d4,train
data/dataset/Mild_Demented/mild_88.jpg,mild_88.jpg,Mild Demented,MildDemented,128,128,1,a652641e841449dcf712cd7e93e38e88d0ec3e4e2edd486458b184244e1bae49,train
data/dataset/Mild_Demented/mild_191.jpg,mild_191.jpg,Mild Demented,MildDemented,128,128,1,d87682af224e4b3476ce09d4c74955b3d50a886f3b6b6378cc27fb9bbc60607b,train
data/dataset/Mild_Demented/mild_52.jpg,mild_52.jpg,Mild Demented,MildDemented,128,128,1,b4666a460677954001beee2b4e594a3c0bd62796038bf960e2e0db0852aebaed,train
data/dataset/Mild_Demented/mild_22.jpg,mild_22.jpg,Mild Demented,MildDemented,128,128,1,778ecb74d5d8a9b6da00a53ecdf142d078611eaf44044c7b65d00c8add03b23b,train
data/dataset/Mild_Demented/mild_115.jpg,mild_115.jpg,Mild Demented,MildDemented,128,128,1,1add649dca18b05f17e9ed72116a8368a52465582e5307f10614052eacdf597a,train
data/dataset/Mild_Demented/mild_887.jpg,mild_887.jpg,Mild Demented,MildDemented,128,128,1,814fb2d753c33e1ca493db0572b61708acee003e9b72e12fa24e7a6ee33f6fd0,train
data/dataset/Mild_Demented/mild_626.jpg,mild_626.jpg,Mild Demented,MildDemented,128,128,1,a7785f8984d3090ebe35a71b69b8669fa143bae2335e12fbe501ec65c5f9441f,train
data/dataset/Mild_Demented/mild_364.jpg,mild_364.jpg,Mild Demented,MildDemented,128,128,1,f0bd374f6eac191efda6afe80adae9f128edbf0d6cdca275380972d8974dc7a8,train
data/dataset/Mild_Demented/mild_480.jpg,mild_480.jpg,Mild Demented,MildDemented,128,128,1,528e1fbbd58e7e6f24f8c9f48ca8f4bac1d85060a209c094285d59cb3e40b78d,train
data/dataset/Mild_Demented/mild_880.jpg,mild_880.jpg,Mild Demented,MildDemented,128,128,1,377b8e063ac6507ac32b16815e0c67a67465b38b815fc6da33d07a26d4d03528,train
data/dataset/Mild_Demented/mild_28.jpg,mild_28.jpg,Mild Demented,MildDemented,128,128,1,5504e9aaefc5ce2b66b8f7977813c56eb4237b7c48fbc5b45df520022d17e39a,train
data/dataset/Mild_Demented/mild_572.jpg,mild_572.jpg,Mild Demented,MildDemented,128,128,1,a67381379b35f89da49c8798de28f7fed03170d93d31bbd14cdcdb194aa140eb,train
data/dataset/Mild_Demented/mild_148.jpg,mild_148.jpg,Mild Demented,MildDemented,128,128,1,d5ee209a16606fb994d30d52803019a0cea4c2ac98477696185b519c5936766c,train
data/dataset/Mild_Demented/mild_65.jpg,mild_65.jpg,Mild Demented,MildDemented,128,128,1,d453b6d4bbdceb2b05870a5b663e5ae47d5c1393036cd37b9e1221cfa62e1e7f,train
data/dataset/Mild_Demented/mild_856.jpg,mild_856.jpg,Mild Demented,MildDemented,128,128,1,70e44d1fe432477d7d72c5a0d2b07d295f5351f15b4d3af667675e2895af515a,train
data/dataset/Mild_Demented/mild_216.jpg,mild_216.jpg,Mild Demented,MildDemented,128,128,1,22f685102cacf65462c79075899f31cc3029ea8a051cf31d4325bf7932416944,train
data/dataset/Mild_Demented/mild_450.jpg,mild_450.jpg,Mild Demented,MildDemented,128,128,1,58aaf0f24836e47b18a30505e95ee2bf17dcb3535accb80ad458785f0a139b12,train
data/dataset/Mild_Demented/mild_782.jpg,mild_782.jpg,Mild Demented,MildDemented,128,128,1,36a27ca0ba1d77f07d07bc1c311e8ef43727fa243c71b0bb153ace9b7c5016bb,train
data/dataset/Mild_Demented/mild_242.jpg,mild_242.jpg,Mild Demented,MildDemented,128,128,1,5853924cabb45a85e999be2c0c6e5c5b87fd3f1e43339e0de4905307621dfff0,train
data/dataset/Mild_Demented/mild_570.jpg,mild_570.jpg,Mild Demented,MildDemented,128,128,1,9f9f985947cf6160d06e2a2ee5e88ddeae8f124f4701dfe2fc86d31a0f146d22,train
data/dataset/Mild_Demented/mild_812.jpg,mild_812.jpg,Mild Demented,MildDemented,128,128,1,c94cdd9e475e574484bc8d240ca554d1a6cf7d8144d295d1bd9b2216c300e724,train
data/dataset/Mild_Demented/mild_158.jpg,mild_158.jpg,Mild Demented,MildDemented,128,128,1,4a7cf5fae42f0d2c151a5d68671752017f353d9efe04c6ec40b9e3a0ed485f28,train
data/dataset/Mild_Demented/mild_309.jpg,mild_309.jpg,Mild Demented,MildDemented,128,128,1,663cc9ec16062c47ddcfb91bc800528073775364d7a37000ded9e5d2c14dd3b2,train
data/dataset/Mild_Demented/mild_561.jpg,mild_561.jpg,Mild Demented,MildDemented,128,128,1,f07c5fb3a5e2819f3924367ae5c4b900d0b6b93195425015f00dbe31cf643144,train
data/dataset/Mild_Demented/mild_246.jpg,mild_246.jpg,Mild Demented,MildDemented,128,128,1,2ec09e5b3fe97505ac69fd11488d0b69038d15654c44c16d45b5360075a9c22b,train
data/dataset/Mild_Demented/mild_298.jpg,mild_298.jpg,Mild Demented,MildDemented,128,128,1,771db347aa01f9d374a1feb2fa902386c05bf9cfafe8915754734ab732d0736d,train
data/dataset/Mild_Demented/mild_552.jpg,mild_552.jpg,Mild Demented,MildDemented,128,128,1,8cc6fedacccf7f164faad9cc869b58f624ebe8bd4b8cd847a4b3e5baaaeafa85,train
data/dataset/Mild_Demented/mild_134.jpg,mild_134.jpg,Mild Demented,MildDemented,128,128,1,e3e9da6633c2d528e6af901a25fd0b19081af56e94ba4a1c0a0c9ad4f004f98e,train
data/dataset/Mild_Demented/mild_746.jpg,mild_746.jpg,Mild Demented,MildDemented,128,128,1,08004bb5c63b5f1da1ef8c806f7a9b5d958c75060c1c15fc59b2ce931f7b1f51,train
data/dataset/Mild_Demented/mild_279.jpg,mild_279.jpg,Mild Demented,MildDemented,128,128,1,e882f93a34a792f11739d53c75d93641e87f54628258cda908b1e6c446c7b7cb,train
data/dataset/Mild_Demented/mild_729.jpg,mild_729.jpg,Mild Demented,MildDemented,128,128,1,4984d4e1a3ad34c3044bbce2727c8b8bca8774c15ac8155547888a34eb5d1633,train
data/dataset/Mild_Demented/mild_504.jpg,mild_504.jpg,Mild Demented,MildDemented,128,128,1,2508611978494e9b62b61c5188e3e6972f61e4d10dbeaeb80f2c5a95592183e0,train
data/dataset/Mild_Demented/mild_876.jpg,mild_876.jpg,Mild Demented,MildDemented,128,128,1,20ab2b9e40dec7f89d40a6f75a7d8b086b50f442a34812bc84de0655a466bcea,train
data/dataset/Mild_Demented/mild_515.jpg,mild_515.jpg,Mild Demented,MildDemented,128,128,1,28058c8f971bc791a9691c0e19a7efcf629aaddee49b27f8b6afdb0ae31cb5c9,train
data/dataset/Mild_Demented/mild_533.jpg,mild_533.jpg,Mild Demented,MildDemented,128,128,1,695ca302164ca03b039595e95c7159320f9cb768f2b2dc27a2036ae2e1227bd6,train
data/dataset/Mild_Demented/mild_278.jpg,mild_278.jpg,Mild Demented,MildDemented,128,128,1,01598d6a9ba3fddbad36af283522bc6d595b8c8712a56f250de765d4af14f72d,train
data/dataset/Mild_Demented/mild_769.jpg,mild_769.jpg,Mild Demented,MildDemented,128,128,1,bdad0d63a95579490912e343595355341a75c578d7dc94e28600da173723ce66,train
data/dataset/Mild_Demented/mild_792.jpg,mild_792.jpg,Mild Demented,MildDemented,128,128,1,42920c74be4f6989f760cc7edc2a9244eda884c3ab968fced82ce9f24945012b,train
data/dataset/Mild_Demented/mild_53.jpg,mild_53.jpg,Mild Demented,MildDemented,128,128,1,881674d7f285e67001713405c736ab8b1ddff6b1825962c5a9aa38e0f4a57b84,train
data/dataset/Mild_Demented/mild_166.jpg,mild_166.jpg,Mild Demented,MildDemented,128,128,1,ee573015f3ede5afd4b5a772d7936edf2cd1dbcb5bf34c3c4386896d95641bb7,train
data/dataset/Mild_Demented/mild_518.jpg,mild_518.jpg,Mild Demented,MildDemented,128,128,1,30e000751251c893821fcd02398f5754b0b0048aaac8de347eee7b2706a365da,train
data/dataset/Mild_Demented/mild_714.jpg,mild_714.jpg,Mild Demented,MildDemented,128,128,1,f88518116f69237ea3ca96d390ec62b2f14772ed9abd90fbdcc060704f20ad88,train
data/dataset/Mild_Demented/mild_72.jpg,mild_72.jpg,Mild Demented,MildDemented,128,128,1,97dd7a4350bdca89b0a8a5413fb5ad76544ede9b5d0e8d49bfc979c21959fe68,train
data/dataset/Mild_Demented/mild_56.jpg,mild_56.jpg,Mild Demented,MildDemented,128,128,1,c79cb1cae96399b4260ca8aa5aafd1438d1407a07de541fc5ab93678e50ed1ed,train
data/dataset/Mild_Demented/mild_545.jpg,mild_545.jpg,Mild Demented,MildDemented,128,128,1,d4f37d22dbf1f0cc18c2ff56bab16e53757a7e188878f876dfb12e4456e1f5c1,train
data/dataset/Mild_Demented/mild_601.jpg,mild_601.jpg,Mild Demented,MildDemented,128,128,1,0fc80e8e2fe5209b3afba94a93ce6f99896811681bd4842e3ca938c4fe758eb9,train
data/dataset/Mild_Demented/mild_702.jpg,mild_702.jpg,Mild Demented,MildDemented,128,128,1,b5b8f37c95f2985aa09d1f5c4f08637f2a14e23d90400941e48b3d662fd4b0b7,train
data/dataset/Mild_Demented/mild_341.jpg,mild_341.jpg,Mild Demented,MildDemented,128,128,1,26357ad884896b19dfb9a62cb99a6219d82572e0711223ee5ff0db9d94115d39,train
data/dataset/Mild_Demented/mild_95.jpg,mild_95.jpg,Mild Demented,MildDemented,128,128,1,19575ef38e77f8623f3564267490d88e3829ae298df000d24ecfe5f38a058528,train
data/dataset/Mild_Demented/mild_69.jpg,mild_69.jpg,Mild Demented,MildDemented,128,128,1,3ce49a6ee36dbed7c02289a2e5d053f3fc58afaa90bf6869b358bff35a072f0f,train
data/dataset/Mild_Demented/mild_481.jpg,mild_481.jpg,Mild Demented,MildDemented,128,128,1,071ed387abd972df3711dd2d504bb455275e8c09ea61e3f06eb39cd6a263fd2c,train
data/dataset/Mild_Demented/mild_731.jpg,mild_731.jpg,Mild Demented,MildDemented,128,128,1,8f515016e6ddb38f0197d0592ba2f2ee161479a82e72f9aa47b81cbaa0ce5cfa,train
data/dataset/Mild_Demented/mild_560.jpg,mild_560.jpg,Mild Demented,MildDemented,128,128,1,5005a6988d0c950841cbaad05e2d8e837003214356f11d07a5d91290c42b9a60,train
data/dataset/Mild_Demented/mild_344.jpg,mild_344.jpg,Mild Demented,MildDemented,128,128,1,cd5d4ec29135b30f9495872b0b3cff3c5969909e67dcbc30d0b6b6d6657f79b8,train
data/dataset/Mild_Demented/mild_760.jpg,mild_760.jpg,Mild Demented,MildDemented,128,128,1,700423c7502beabf6f90fe5dbf9ea5c736062d72077473631516930103c2b85d,train
data/dataset/Moderate_Demented/moderate_15.jpg,moderate_15.jpg,Moderate Demented,ModerateDemented,128,128,1,e5ca59231b6b01afee6806ca06707b5e5273756081f696620be9b157f7cc747f,train
data/dataset/Moderate_Demented/moderate.jpg,moderate.jpg,Moderate Demented,ModerateDemented,128,128,1,486f560c627a71d06fd45b346a1e79d92e4e293bbddd9b723951a93dc2f4dc5c,train
data/dataset/Moderate_Demented/moderate_55.jpg,moderate_55.jpg,Moderate Demented,ModerateDemented,128,128,1,335ce67df820d7059c43159dac41ea306dd86802e78e703810100a9ab5755080,train
data/dataset/Moderate_Demented/moderate_47.jpg,moderate_47.jpg,Moderate Demented,ModerateDemented,128,128,1,814ec69a7448da6c46b0dff767ecddddd28fc77f188b23074d80097b8e09ea45,train
data/dataset/Moderate_Demented/moderate_34.jpg,moderate_34.jpg,Moderate Demented,ModerateDemented,128,128,1,6d19f2971bead643bc9d93dbe8c50256a7d50d02198c96de80c1505d75f21344,train
data/dataset/Moderate_Demented/moderate_62.jpg,moderate_62.jpg,Moderate Demented,ModerateDemented,128,128,1,1b34b38ba4ca45c7e7ed45a681595d9d7b1ec3253037d2abdaea27eac7f41774,train
data/dataset/Moderate_Demented/moderate_11.jpg,moderate_11.jpg,Moderate Demented,ModerateDemented,128,128,1,22b6e72edcc1974c38107cfdeac041f6c65f20a23055d44bbfe67d03f46871f4,train
data/dataset/Moderate_Demented/moderate_10.jpg,moderate_10.jpg,Moderate Demented,ModerateDemented,128,128,1,3bf26987a97b1e522646157b1d09cef911b4c445c9d0ccb459fb328e8c9e3e0d,train
data/dataset/Moderate_Demented/moderate_38.jpg,moderate_38.jpg,Moderate Demented,ModerateDemented,128,128,1,5b2fa3bf9e9d8e2e982c951afc8d5e3ec32ad543c9853bc634dad4a9ccb456f5,train
data/dataset/Moderate_Demented/moderate_64.jpg,moderate_64.jpg,Moderate Demented,ModerateDemented,128,128,1,cec9d67430bc3cb24dec7a11745942b78a0e040e1037cbd12132de3360214dec,train
data/dataset/Moderate_Demented/moderate_29.jpg,moderate_29.jpg,Moderate Demented,ModerateDemented,128,128,1,310d8dd46b646517d1878241604a4b02e1b665d60687f8c0c34eec6e9ad578e9,train
data/dataset/Moderate_Demented/moderate_28.jpg,moderate_28.jpg,Moderate Demented,ModerateDemented,128,128,1,222eb56ca0c3085e87c2cc692ee80f29bfd1d8382957c316ff6e123a5fc31e56,train
data/dataset/Moderate_Demented/moderate_46.jpg,moderate_46.jpg,Moderate Demented,ModerateDemented,128,128,1,f48490f63300cfd13004eca2b9644fcd824919211d1827f4b36a562e43512c40,train
data/dataset/Moderate_Demented/moderate_44.jpg,moderate_44.jpg,Moderate Demented,ModerateDemented,128,128,1,10b7f19aeec8e5493bdfe3a56860ba1394aedf3ef231e649a608f41d043a5409,train
data/dataset/Moderate_Demented/moderate_61.jpg,moderate_61.jpg,Moderate Demented,ModerateDemented,128,128,1,5ac8f6e99e450612f489e94d347a6f9da4eba9736486fe7cc20a3e061080221f,train
data/dataset/Moderate_Demented/moderate_43.jpg,moderate_43.jpg,Moderate Demented,ModerateDemented,128,128,1,a2518f493030fa04c5f54201859100ae91ac0a645745f0bbb04ac0cd7b4f4ccd,train
data/dataset/Moderate_Demented/moderate_49.jpg,moderate_49.jpg,Moderate Demented,ModerateDemented,128,128,1,45a281cc7c78b4a6bc393418c5d37727ca6715e151ab6230e94bf8c5500e44fb,train
data/dataset/Moderate_Demented/moderate_42.jpg,moderate_42.jpg,Moderate Demented,ModerateDemented,128,128,1,ceb12389a07cc23aadb841760a1c49ef07f8799fe91f9ab627c57e318de28817,train
data/dataset/Moderate_Demented/moderate_20.jpg,moderate_20.jpg,Moderate Demented,ModerateDemented,128,128,1,55cdb3a40b1f9fd1bd478f8fb7f50fecc3e4f00126e475f44815870dacf0203f,train
data/dataset/Moderate_Demented/moderate_18.jpg,moderate_18.jpg,Moderate Demented,ModerateDemented,128,128,1,832c2da37c7beab9aad6a3be1088e5c387039f5896f811e101d0db8fdbbecbfc,train
data/dataset/Moderate_Demented/moderate_17.jpg,moderate_17.jpg,Moderate Demented,ModerateDemented,128,128,1,22293621fdf6ddfd2a150ff5775abd4a5dc2d48c3130236f0338cbda632c7315,train
data/dataset/Moderate_Demented/moderate_56.jpg,moderate_56.jpg,Moderate Demented,ModerateDemented,128,128,1,9857b58c155687d7e8b906be739da69db31869e43ace5a61a8e9be12ea5752d5,train
data/dataset/Moderate_Demented/moderate_25.jpg,moderate_25.jpg,Moderate Demented,ModerateDemented,128,128,1,c8a8033bd95a2cefa1fdfc86150ac08b7170d913b08163f038bd4143caede6fa,train
data/dataset/Moderate_Demented/moderate_60.jpg,moderate_60.jpg,Moderate Demented,ModerateDemented,128,128,1,5fde79e3c4c98469bfa75659cdbbf991405e34304a125d4123f91b18379abfea,train
data/dataset/Moderate_Demented/moderate_30.jpg,moderate_30.jpg,Moderate Demented,ModerateDemented,128,128,1,668b85c031c1272f98ca6c8f27fb65dd96202c2cc933c359a760fd2b42097550,train
data/dataset/Moderate_Demented/moderate_14.jpg,moderate_14.jpg,Moderate Demented,ModerateDemented,128,128,1,45cc891a15b86df0dd95b067cc86ac068ed5be70887b3ca032b0623002cdd0d0,train
data/dataset/Moderate_Demented/moderate_8.jpg,moderate_8.jpg,Moderate Demented,ModerateDemented,128,128,1,cbf9cf315439a390b93ee35d813e71b73842c9a6c202b591f85611c72498a8c8,train
data/dataset/Moderate_Demented/moderate_7.jpg,moderate_7.jpg,Moderate Demented,ModerateDemented,128,128,1,18fe74c0e3f13ab16eaa641c1fa7eb326c92b2a5a15bc46766ffd2dc0ad540fc,train
data/dataset/Moderate_Demented/moderate_24.jpg,moderate_24.jpg,Moderate Demented,ModerateDemented,128,128,1,3c38e0bed80ac6a5606ba26d2ef5c941a864a28ad345f61943ed07113d6fb42f,train
data/dataset/Moderate_Demented/moderate_32.jpg,moderate_32.jpg,Moderate Demented,ModerateDemented,128,128,1,8f2a172a7cc231091304969deede2fb9b50a6d1478ced4f584d63064a046d29c,train
data/dataset/Moderate_Demented/moderate_54.jpg,moderate_54.jpg,Moderate Demented,ModerateDemented,128,128,1,9aa9115ef73e657a77d354665ef5aca46bf49a896b04a18d19a56da3d72bec36,train
data/dataset/Moderate_Demented/moderate_39.jpg,moderate_39.jpg,Moderate Demented,ModerateDemented,128,128,1,f40f3cc6385ae7264c823c7e5970cf0d2a5f43c7b6d4fd559157cd6b461a7ce6,train
data/dataset/Moderate_Demented/moderate_23.jpg,moderate_23.jpg,Moderate Demented,ModerateDemented,128,128,1,9e4d38a5275fa92a7b3e10a944aa2beff76519f1d800945489d8ca7b7661c32f,train
data/dataset/Moderate_Demented/moderate_52.jpg,moderate_52.jpg,Moderate Demented,ModerateDemented,128,128,1,577b6e2ab76fb5675e068fa83b111272a8277e4d761190e2303d0e9f5151b6aa,train
data/dataset/Moderate_Demented/moderate_3.jpg,moderate_3.jpg,Moderate Demented,ModerateDemented,128,128,1,2e14787627941c612fba230e1db93c44fb4c2171c09f3a2bce813d1f0adbed66,train
data/dataset/Moderate_Demented/moderate_22.jpg,moderate_22.jpg,Moderate Demented,ModerateDemented,128,128,1,0d03bc8eebbc21f0b853275b7d418e9920daa082a672c6518eaa55643584721e,train
data/dataset/Moderate_Demented/moderate_45.jpg,moderate_45.jpg,Moderate Demented,ModerateDemented,128,128,1,ecee41c854e8e014d410dd698c1331f2a6ea0a507dd044eb2709ce2a6e6bc852,train
data/dataset/Moderate_Demented/moderate_50.jpg,moderate_50.jpg,Moderate Demented,ModerateDemented,128,128,1,7056f725f00c672e35c7197f4f2d43a5ab94db4be6d8f43f46d3b12d071fbb98,train
data/dataset/Moderate_Demented/moderate_51.jpg,moderate_51.jpg,Moderate Demented,ModerateDemented,128,128,1,028a04b4882e39fce3eb65e3f854d59211a73ea9eb0a3ce734717aa02d436a07,train
data/dataset/Moderate_Demented/moderate_35.jpg,moderate_35.jpg,Moderate Demented,ModerateDemented,128,128,1,a22f4c2bae1983b43e5093407fd229d8e164cde025cbfcd33cc2ee2e436aa7de,train
data/dataset/Moderate_Demented/moderate_12.jpg,moderate_12.jpg,Moderate Demented,ModerateDemented,128,128,1,828acea69fc2cd3537ef91adc80a2bd029b57cdd6a9bdca118251a808e483a7f,train
data/dataset/Moderate_Demented/moderate_6.jpg,moderate_6.jpg,Moderate Demented,ModerateDemented,128,128,1,d0b8b369310c9fbf00e2056cfab5a908931ba04fbe18494bd5a48e660787af8e,train
data/dataset/Moderate_Demented/moderate_41.jpg,moderate_41.jpg,Moderate Demented,ModerateDemented,128,128,1,21ae9a449c2a54627e514f43d943facac547e8aad307c9207aab967555590555,train
data/dataset/Moderate_Demented/moderate_59.jpg,moderate_59.jpg,Moderate Demented,ModerateDemented,128,128,1,484d18ddcfb112bbff7d8d822afbbfa5d9b0f994a4938533052d61a20316c836,train
data/dataset/Moderate_Demented/moderate_40.jpg,moderate_40.jpg,Moderate Demented,ModerateDemented,128,128,1,a98837f9b2897f113179a5cf4a52a721cd873e408265e412f811166557f96c5d,train
data/dataset/Non_Demented/non_865.jpg,non_865.jpg,Non-Demented,NonDemented,128,128,1,fea5b8c7e552e3912e76901c58070912355bca7714f6c59bbdc1f2aebe745f5f,train
data/dataset/Non_Demented/non_1988.jpg,non_1988.jpg,Non-Demented,NonDemented,128,128,1,4124a402be4d513ad091d387fa40678f3be0b72df1b4dda4f62263cac0b493ae,train
data/dataset/Non_Demented/non_3018.jpg,non_3018.jpg,Non-Demented,NonDemented,128,128,1,d3d390083f1cfbd6073cb1c907f878a5feb16218de72858ffcaffa157697a985,train
data/dataset/Non_Demented/non_789.jpg,non_789.jpg,Non-Demented,NonDemented,128,128,1,76753d954a27829348657df3ccde57f1b5ff0180c1dbeb09619ebbb4db5ea1af,train
data/dataset/Non_Demented/non_800.jpg,non_800.jpg,Non-Demented,NonDemented,128,128,1,91cbf3fd1989faa74733792b03347396a2bd102b2ba54462a8453544518f5d0d,train
data/dataset/Non_Demented/non_3106.jpg,non_3106.jpg,Non-Demented,NonDemented,128,128,1,6a682539b3443cf5775bc8c2e3a5e86d3a6ba6d41726a7b6a63958ba86f6f18c,train
data/dataset/Non_Demented/non_2748.jpg,non_2748.jpg,Non-Demented,NonDemented,128,128,1,46b195ac43a66cac15c11b551a51f811dce7dc947f787d3c8f7b8bad615802a4,train
data/dataset/Non_Demented/non_1600.jpg,non_1600.jpg,Non-Demented,NonDemented,128,128,1,d9253ce9452e5a138ebbe9f152fd2db222526b47ffaea8f81a4ac860c0d87655,train
data/dataset/Non_Demented/non_1053.jpg,non_1053.jpg,Non-Demented,NonDemented,128,128,1,116046679bd7d033758a6c8cc315ba0b5fbe190afdad7fb80e3103ee5e233c49,train
data/dataset/Non_Demented/non_1386.jpg,non_1386.jpg,Non-Demented,NonDemented,128,128,1,986ecdb54f6ad5e86208f713b9648c70bba835009bb6d5f9f73e0d9d594727c0,train
data/dataset/Non_Demented/non_2073.jpg,non_2073.jpg,Non-Demented,NonDemented,128,128,1,e0a016175f0a207e50d8a9f954dbf2c72e4834e871dae3c11948be2021d5d699,train
data/dataset/Non_Demented/non_2871.jpg,non_2871.jpg,Non-Demented,NonDemented,128,128,1,d029e1449dc4f0300d88745afa535750d55fcfd94644010de5e77c09ee45f3d7,train
data/dataset/Non_Demented/non_624.jpg,non_624.jpg,Non-Demented,NonDemented,128,128,1,f3a569b2001e04d5faaccafdd6d8b28fce80cf4dc2ddec3354921d7a7bb8f3a1,train
data/dataset/Non_Demented/non_1765.jpg,non_1765.jpg,Non-Demented,NonDemented,128,128,1,b2fa298d97964d5e3afa0c6c38e5a63ec66233c0ce8d1316322506e559fd2416,train
data/dataset/Non_Demented/non_3039.jpg,non_3039.jpg,Non-Demented,NonDemented,128,128,1,dca7269f916c07a318e12762cbe55f96893c0e3f16789c2d5d9fa8c825d50b07,train
data/dataset/Non_Demented/non_1880.jpg,non_1880.jpg,Non-Demented,NonDemented,128,128,1,b6cad59d5475855a6fccec0ab921e5438d9dfa6c09eafb4b3cb0077ec54ecc66,train
data/dataset/Non_Demented/non_1258.jpg,non_1258.jpg,Non-Demented,NonDemented,128,128,1,45a7bbacb1f1c13ebb427b55fc4b1619e7ec0196983c42630f790f4790796f8a,train
data/dataset/Non_Demented/non_953.jpg,non_953.jpg,Non-Demented,NonDemented,128,128,1,259ebcdb0a19340e6d591bdf74948b929959a2e15c81b7834da0d7b0371f1bde,train
data/dataset/Non_Demented/non_2978.jpg,non_2978.jpg,Non-Demented,NonDemented,128,128,1,16b078b34daaa2a157fc700d78188636e54cc1e3d48e2c956cd596115e038046,train
data/dataset/Non_Demented/non_538.jpg,non_538.jpg,Non-Demented,NonDemented,128,128,1,1d5e2aaceaa47460e78bf562c2b80ff7a932c327cac352a27ff62ea7a5f51fb7,train
data/dataset/Non_Demented/non_1783.jpg,non_1783.jpg,Non-Demented,NonDemented,128,128,1,c828cd9ed75c4003534d1526b26114f4740921a7ac73461728555ae59d7f74eb,train
data/dataset/Non_Demented/non_407.jpg,non_407.jpg,Non-Demented,NonDemented,128,128,1,c3cf65197bdd35c2affaa50b6d7e8a16f4da5dd910b3c967b7830876aaf8f73b,train
data/dataset/Non_Demented/non_138.jpg,non_138.jpg,Non-Demented,NonDemented,128,128,1,f07964fad0f43c27c598d6afa76930ec4f4a8a10191b3c02e8c3fdba526cb442,train
data/dataset/Non_Demented/non_2093.jpg,non_2093.jpg,Non-Demented,NonDemented,128,128,1,9d512ba684cc88a84bcbd16ec4913222a61b9b670ae4a3679c1627a90388fdaa,train
data/dataset/Non_Demented/non_148.jpg,non_148.jpg,Non-Demented,NonDemented,128,128,1,e6621f855d7c4c7b87594c3317fafef9b5a24df5a9911d22c68b3cd48e4acf45,train
data/dataset/Non_Demented/non_1225.jpg,non_1225.jpg,Non-Demented,NonDemented,128,128,1,cbe59b5ad76c8c54f0172d9ab57a7d1f3d73ac534e988d3deb1b70e58c51167c,train
data/dataset/Non_Demented/non_689.jpg,non_689.jpg,Non-Demented,NonDemented,128,128,1,7930263d10775e4e338e591648e1cfc4688cae9bc86afdfa4520b2c6470d637e,train
data/dataset/Non_Demented/non_3004.jpg,non_3004.jpg,Non-Demented,NonDemented,128,128,1,d3fcf4526a71073e1a351b0cf9e03d932f089b496de63a2d1b9eef7faf84f937,train
data/dataset/Non_Demented/non_3082.jpg,non_3082.jpg,Non-Demented,NonDemented,128,128,1,d8f447d2cf857ecde618dc895d4f96fa579cf29ca4064e4eff8b705bf10015cf,train
data/dataset/Non_Demented/non_207.jpg,non_207.jpg,Non-Demented,NonDemented,128,128,1,2f93d47db8bfa0f172310c4a4b100ea3cdedfa06350706d5615efabd50bdb170,train
data/dataset/Non_Demented/non_1495.jpg,non_1495.jpg,Non-Demented,NonDemented,128,128,1,8775db6f75a5b29105e3e80af968aad416a3538e9ba5ffb912e196287df890cd,train
data/dataset/Non_Demented/non_2424.jpg,non_2424.jpg,Non-Demented,NonDemented,128,128,1,adc646f2c2c4a51f267aacf3269ccbb03cf25048b896cd337a1ff5afa8946e8f,train
data/dataset/Non_Demented/non_2635.jpg,non_2635.jpg,Non-Demented,NonDemented,128,128,1,5c8dc91a18c3441568222d57a74453d38277308fd0a7d050edcfd88bc9590581,train
data/dataset/Non_Demented/non_778.jpg,non_778.jpg,Non-Demented,NonDemented,128,128,1,b6d3b9e34f1a9ae07a746308e6012fc7e4f6074e5477b2284b66d39087e76952,train
data/dataset/Non_Demented/non_3070.jpg,non_3070.jpg,Non-Demented,NonDemented,128,128,1,3f0feac3c170e0e0dc82e18f7a7f869d188bdb72469b82b0341bcf92a52d4150,train
data/dataset/Non_Demented/non_1070.jpg,non_1070.jpg,Non-Demented,NonDemented,128,128,1,c5fd9bcdbcec55d462facf09b40627ed6a8bbb008ddf05e0dc95350f4e1f3d0f,train
data/dataset/Non_Demented/non_2078.jpg,non_2078.jpg,Non-Demented,NonDemented,128,128,1,6f73e0085309d5a79f3c42d693df8be5ea5713931cd494a9115df3b014775471,train
data/dataset/Non_Demented/non_2884.jpg,non_2884.jpg,Non-Demented,NonDemented,128,128,1,b180e9f1b38f429c12355fa38e0967bc54c7ee97044e6d192ce1ad2698d68812,train
data/dataset/Non_Demented/non_1327.jpg,non_1327.jpg,Non-Demented,NonDemented,128,128,1,664289cddc01b9a73b4d4468d9f9e5e931f34d6ad092c9210cea58c31f143b33,train
data/dataset/Non_Demented/non_1209.jpg,non_1209.jpg,Non-Demented,NonDemented,128,128,1,5a9a21c671c9be049de343de1ad45d8484eea36cd0a727aa315cb61ffdcf2af6,train
data/dataset/Non_Demented/non_614.jpg,non_614.jpg,Non-Demented,NonDemented,128,128,1,320d2fd12c84d8920a7aa4ddc646db14879aa35033d17bed3d94f70d47c8b26a,train
data/dataset/Non_Demented/non_438.jpg,non_438.jpg,Non-Demented,NonDemented,128,128,1,1f17f780ed40bf1f350fa2ab0984b47788f1455b57dcb8cab53b64fcbdf11a0a,train
data/dataset/Non_Demented/non_2154.jpg,non_2154.jpg,Non-Demented,NonDemented,128,128,1,d70dd2131047b97ccbdcdf59980790faca4b4058f6e963fa78f4205641bb8518,train
data/dataset/Non_Demented/non_696.jpg,non_696.jpg,Non-Demented,NonDemented,128,128,1,6f27b82ab4f03a770a50f00e31e23fa6713a61e41f5e7a49041f20b33a00973d,train
data/dataset/Non_Demented/non_3114.jpg,non_3114.jpg,Non-Demented,NonDemented,128,128,1,625c33df3ffabcf84f40cc553d858625d394e4071ca82745dafba66f195f03e0,train
data/dataset/Non_Demented/non_1423.jpg,non_1423.jpg,Non-Demented,NonDemented,128,128,1,d2361f389dce4e4e7d9e641e0e99a970e241b2153a2fdb73dc080d6b22e8c741,train
data/dataset/Non_Demented/non_1613.jpg,non_1613.jpg,Non-Demented,NonDemented,128,128,1,c4400328917381b92a7e8ee6c193dbeaed057565b58fc07bd81334bbc2dea381,train
data/dataset/Non_Demented/non_1712.jpg,non_1712.jpg,Non-Demented,NonDemented,128,128,1,62f63fd641c350c1fd1a7a6e32b8c7a2250acc4b7ff4770d97eacf91b6ee602c,train
data/dataset/Non_Demented/non_1446.jpg,non_1446.jpg,Non-Demented,NonDemented,128,128,1,de9b6ec6edb367b2150d3665ac44e6774bb9a478af8076dad1ab430a5e6cd773,train
data/dataset/Non_Demented/non_371.jpg,non_371.jpg,Non-Demented,NonDemented,128,128,1,078c3aca9914155b3e49cb0e6810081e93a2e0660af07028b91125d56f1c2916,train
data/dataset/Non_Demented/non_550.jpg,non_550.jpg,Non-Demented,NonDemented,128,128,1,336c2ad7f22bff44c46723fb9065e9d8d2d2277cb48f114a5d569f2bf5a65d73,train
data/dataset/Non_Demented/non_754.jpg,non_754.jpg,Non-Demented,NonDemented,128,128,1,5a3f7b0832a70aedb770e21d5d478f1b8bb6aa6db71ab5eae48c2f5f29f9e780,train
data/dataset/Non_Demented/non_364.jpg,non_364.jpg,Non-Demented,NonDemented,128,128,1,d82bd5fa6f4c6b7ffdffae071cfc4274f8b0de203aa0aa0fad22d34c2fb10f3c,train
data/dataset/Non_Demented/non_972.jpg,non_972.jpg,Non-Demented,NonDemented,128,128,1,4956d855b2f2a64736b85bc818b2d2d5c9f48c1be783f647b9a0a3284f6e0dcc,train
data/dataset/Non_Demented/non_2906.jpg,non_2906.jpg,Non-Demented,NonDemented,128,128,1,68105d4d95f2c6a568a2eb4daa672b1741d7ed96f77a435888b3fbad60dd9c21,train
data/dataset/Non_Demented/non_2425.jpg,non_2425.jpg,Non-Demented,NonDemented,128,128,1,125d7343697cdb1585621ee990918533b8fcd088a2541b594a131a67c1aadfe5,train
data/dataset/Non_Demented/non_2938.jpg,non_2938.jpg,Non-Demented,NonDemented,128,128,1,8fe4fec2a6f71b363b7103263dcac23b8b9cf07a8076338b6e73d238298d904a,train
data/dataset/Non_Demented/non_2303.jpg,non_2303.jpg,Non-Demented,NonDemented,128,128,1,f90a71361f89b78ce15a930ccf7b631c57df5866147dcab71358aead9b9ec110,train
data/dataset/Non_Demented/non_1405.jpg,non_1405.jpg,Non-Demented,NonDemented,128,128,1,eae42397363a71115408457ece65025cbca3ee78a199b856746d990b70525e3e,train
data/dataset/Non_Demented/non_1029.jpg,non_1029.jpg,Non-Demented,NonDemented,128,128,1,2025deb72d4ce01b460e862ae2ef3e72a29343ac832a13e604559704283cd9a7,train
data/dataset/Non_Demented/non_1537.jpg,non_1537.jpg,Non-Demented,NonDemented,128,128,1,12339679d9680b9e48128fafe2407fd83e1fde07c47ce4bdb46524c0a14b2271,train
data/dataset/Non_Demented/non_16.jpg,non_16.jpg,Non-Demented,NonDemented,128,128,1,c6ed9af1f3c8ae8e4764a92c1a93d9fd61af9950ccdb06076ea4119cf95daf71,train
data/dataset/Non_Demented/non_2292.jpg,non_2292.jpg,Non-Demented,NonDemented,128,128,1,a74190e2abc4a3eee588eb601065df82b7062fea8600cb29134cd1fa2758a491,train
data/dataset/Non_Demented/non_1057.jpg,non_1057.jpg,Non-Demented,NonDemented,128,128,1,f8f63e5b935d5517eb26f76b90fbaff039be00d6733545994a384bbd295fb1f6,train
data/dataset/Non_Demented/non_87.jpg,non_87.jpg,Non-Demented,NonDemented,128,128,1,eeb27a46d9a4b605487da0e74ae222a234728e4c6f2d9e67cf5f2f5ee350ec14,train
data/dataset/Non_Demented/non_893.jpg,non_893.jpg,Non-Demented,NonDemented,128,128,1,cfb517dcf61ff39b0576266c6e32dc011bb816132a4d0cc1b21315a219da1f6b,train
data/dataset/Non_Demented/non_2910.jpg,non_2910.jpg,Non-Demented,NonDemented,128,128,1,8e832e69455f9806398b3931ccfa7d5836361326db997e9ccfd81091131a5b48,train
data/dataset/Non_Demented/non_1224.jpg,non_1224.jpg,Non-Demented,NonDemented,128,128,1,cfe7520fca8161caec20fce2b6aea76456ba01b910109548534e642331d45766,train
data/dataset/Non_Demented/non_247.jpg,non_247.jpg,Non-Demented,NonDemented,128,128,1,ba439eca0ddb0fad94b9022f4927c0711b0c91df2e22683d2e7c034e20a83854,train
data/dataset/Non_Demented/non_1992.jpg,non_1992.jpg,Non-Demented,NonDemented,128,128,1,44365fa47732885c7adb4ab40fa1a13d552a9aed7937ccd3480513d3c2dd747f,train
data/dataset/Non_Demented/non_2016.jpg,non_2016.jpg,Non-Demented,NonDemented,128,128,1,56d330b0b191b03121e84b41a793340c568e7f37545d71ee08b80ccccf9f1d6b,train
data/dataset/Non_Demented/non_3164.jpg,non_3164.jpg,Non-Demented,NonDemented,128,128,1,c18a5a2512dab207fb809aa9c92b0706c0018c4604181644fc2f6ea65da157c5,train
data/dataset/Non_Demented/non_3147.jpg,non_3147.jpg,Non-Demented,NonDemented,128,128,1,0dc931601c52ee7afa6d721eeb322d913b698b10d22345bf2e416b24fd94ee38,train
data/dataset/Non_Demented/non_2031.jpg,non_2031.jpg,Non-Demented,NonDemented,128,128,1,41a457d8832d0650dc9d692fb2256edee2e646e5e29995f9a94a3b99409fc8c5,train
data/dataset/Non_Demented/non_1567.jpg,non_1567.jpg,Non-Demented,NonDemented,128,128,1,b9c010b8fd10807e34af9ebb3221bcb025d541a7619704b36eefbf15abddf2bc,train
data/dataset/Non_Demented/non_1443.jpg,non_1443.jpg,Non-Demented,NonDemented,128,128,1,a0732778d91a9b853f8ec319c69a768c9f85aac9537730dcdaa0ed027cec075f,train
data/dataset/Non_Demented/non_1054.jpg,non_1054.jpg,Non-Demented,NonDemented,128,128,1,1fc2b2f646ecfbb3f6fa3c8c4ff40f94df7d173334fc9fc1dd0148c771ce2f1f,train
data/dataset/Non_Demented/non_714.jpg,non_714.jpg,Non-Demented,NonDemented,128,128,1,4888454007d1a4a4640681cb9f81daefabd009b440b4c33e48261188b0d85319,train
data/dataset/Non_Demented/non_685.jpg,non_685.jpg,Non-Demented,NonDemented,128,128,1,f4ea72abec67e38fce0191efa606bcce1f72d2520e957c9a9ba48af35d08b5a6,train
data/dataset/Non_Demented/non_815.jpg,non_815.jpg,Non-Demented,NonDemented,128,128,1,44e33494a41a5a007e273255842696fdacd4a69c870bf71c109cd19b14f5a23c,train
data/dataset/Non_Demented/non_868.jpg,non_868.jpg,Non-Demented,NonDemented,128,128,1,9386808cdf16c7b466c30fc0a91cca32deddb8058cc2e1ba30dc8afb39323cae,train
data/dataset/Non_Demented/non_1528.jpg,non_1528.jpg,Non-Demented,NonDemented,128,128,1,82f43060c68722379c5eed620f1cf15f3e8926af4b370eef2e2681defb079dd6,train
data/dataset/Non_Demented/non_2273.jpg,non_2273.jpg,Non-Demented,NonDemented,128,128,1,d1ce73e1d907e098e242084701877f2e06d1df27fef861ce319d98c8f4dfadb8,train
data/dataset/Non_Demented/non_884.jpg,non_884.jpg,Non-Demented,NonDemented,128,128,1,2aa92aa2291cfb4fc442228414e2af81727020b582bac4a1a7a09067c073d901,train
data/dataset/Non_Demented/non_747.jpg,non_747.jpg,Non-Demented,NonDemented,128,128,1,8a8bd87b8151fda5d27953e1ad783aa18a605a259c91a4d771a85b878c3f0e89,train
data/dataset/Non_Demented/non_505.jpg,non_505.jpg,Non-Demented,NonDemented,128,128,1,5ad2cb03001093dd8a633fac3e9e482269dcdd65d1185fa710ba2d6d3a2ea2f6,train
data/dataset/Non_Demented/non_864.jpg,non_864.jpg,Non-Demented,NonDemented,128,128,1,b83d1269041ad752f252317a729da09ce8e9525126991f4d0f4c7b0b1a6654a2,train
data/dataset/Non_Demented/non_1696.jpg,non_1696.jpg,Non-Demented,NonDemented,128,128,1,c68ab6d984a71e1a363558d7951a41862d50932c3890341bf07b1488637c7e26,train
data/dataset/Non_Demented/non_2077.jpg,non_2077.jpg,Non-Demented,NonDemented,128,128,1,9ea4a5032aded9ab585314fba806ffe803c89cbebd3190c36333e55f0958d9ce,train
data/dataset/Non_Demented/non_2770.jpg,non_2770.jpg,Non-Demented,NonDemented,128,128,1,3cde01a24e1c0702bd45e1bfb3c88aba20340efcf4661f8b33859dc987beebc7,train
data/dataset/Non_Demented/non_3137.jpg,non_3137.jpg,Non-Demented,NonDemented,128,128,1,1375b4f05d6ae78bd6ded7e61662c716f64ffe437809ab94cf57b113486e0286,train
data/dataset/Non_Demented/non_3166.jpg,non_3166.jpg,Non-Demented,NonDemented,128,128,1,f250ec5c2f7f45da4b72cdb38e715d080c327c5fabb096c30af9f29cf70e3bad,train
data/dataset/Non_Demented/non_1875.jpg,non_1875.jpg,Non-Demented,NonDemented,128,128,1,fc57fbcc5a510b411b89aff7d5f4a10c6056905584eab1eef8ebaf3fec5d00cb,train
data/dataset/Non_Demented/non_2889.jpg,non_2889.jpg,Non-Demented,NonDemented,128,128,1,622e86ac14b07d5d97c5479f1b07d1531d172f9be8d8105e59b7a9650204e22a,train
data/dataset/Non_Demented/non_1418.jpg,non_1418.jpg,Non-Demented,NonDemented,128,128,1,cecb71e9d6b6fc6cd693bb6e9c5b3cb6a7a32eb1aceda81ee8ea06b9aef94d85,train
data/dataset/Non_Demented/non_1907.jpg,non_1907.jpg,Non-Demented,NonDemented,128,128,1,497253238c0be5074628152ac5be0ca142e08fad136f1dbd08566c7b1abc9905,train
data/dataset/Non_Demented/non_196.jpg,non_196.jpg,Non-Demented,NonDemented,128,128,1,bab94ef461da19ac98404db1987e4d651b5d85a5fa416e9dc7b4b077ed2cd0e6,train
data/dataset/Non_Demented/non_2848.jpg,non_2848.jpg,Non-Demented,NonDemented,128,128,1,907c8f17072e9f0b857b595d5bb9a5fc97a2e577f45c8eaa5f57124dc3692f7b,train
data/dataset/Non_Demented/non_1307.jpg,non_1307.jpg,Non-Demented,NonDemented,128,128,1,a6cbedb1a0852beea92c6fff198200b63e4b181c2db1413ee9746be78633263f,train
data/dataset/Non_Demented/non_1705.jpg,non_1705.jpg,Non-Demented,NonDemented,128,128,1,fac11c09eb4b40713e63007cdca095fe507ebe4ab632eb8c4fefbd9ec347711e,train
data/dataset/Non_Demented/non_2851.jpg,non_2851.jpg,Non-Demented,NonDemented,128,128,1,af45c7c4cf7278529430fb6d3101219f705f9279c741b54f4717807b6cbbe7dd,train
data/dataset/Non_Demented/non_2823.jpg,non_2823.jpg,Non-Demented,NonDemented,128,128,1,fbbd59e4534ae3517053b12d0ddeae681e5a4670fdf15a16eb736702ed412858,train
data/dataset/Non_Demented/non_2595.jpg,non_2595.jpg,Non-Demented,NonDemented,128,128,1,ba0a7da50bc8f35bccd440c909fadcda9f92c7dc736e9902e9e043cdc669f69e,train
data/dataset/Non_Demented/non_128.jpg,non_128.jpg,Non-Demented,NonDemented,128,128,1,153f073b2a48fb6a2a7424bbb005819c6749cd0cf089cbf1546f3f5ae80e062a,train
data/dataset/Non_Demented/non_1389.jpg,non_1389.jpg,Non-Demented,NonDemented,128,128,1,53fb4c53ae2ad26ae21c42fae83fcd017355e2db804d6c3add5bb6aec34aa0a3,train
data/dataset/Non_Demented/non_2132.jpg,non_2132.jpg,Non-Demented,NonDemented,128,128,1,d97453f1583d2c41afbfc6ddfa526b7f92d551512f92ecb294e622a6f4943f11,train
data/dataset/Non_Demented/non_1637.jpg,non_1637.jpg,Non-Demented,NonDemented,128,128,1,a0d7a21b43d958cbba8fa6c3f2cd59cc4f5e50bdc506a4edb94da90bf663837e,train
data/dataset/Non_Demented/non_2855.jpg,non_2855.jpg,Non-Demented,NonDemented,128,128,1,0cf3bfc249166a03dc433065373a908644cc3ee46d1c60c7421888d34dfe90bd,train
data/dataset/Non_Demented/non_1336.jpg,non_1336.jpg,Non-Demented,NonDemented,128,128,1,fcf922d5a237778132fb4ff911493e03465a6fe9f1407cf3c17f6543f66ff420,train
data/dataset/Non_Demented/non_983.jpg,non_983.jpg,Non-Demented,NonDemented,128,128,1,04148cc534d339aef0721ce855627ea0763e77d6a742fee37a5339c382f9ae85,train
data/dataset/Non_Demented/non_1026.jpg,non_1026.jpg,Non-Demented,NonDemented,128,128,1,b27c7f302c59ee12e4d06b1eb99ed025c1687dfff26ba1a18eca8702eb1b3734,train
data/dataset/Non_Demented/non_3037.jpg,non_3037.jpg,Non-Demented,NonDemented,128,128,1,11f06e1382663cd853adb8b79abcba12212e0cc3bbdfdf3bd68121cdc23e9335,train
data/dataset/Non_Demented/non_1155.jpg,non_1155.jpg,Non-Demented,NonDemented,128,128,1,672dde513b446a9859cc301d612d293c1cde6bf19925d958f40a3aed1b957016,train
data/dataset/Non_Demented/non_1832.jpg,non_1832.jpg,Non-Demented,NonDemented,128,128,1,fcdc5127d38e72e46f68ed89a5b28fd42739922c9322b9130f34b2ab90705616,train
data/dataset/Non_Demented/non_2475.jpg,non_2475.jpg,Non-Demented,NonDemented,128,128,1,019713af55981dd8d6bba0119257907477d34acc422d10dbd497c36ed214f433,train
data/dataset/Non_Demented/non_2390.jpg,non_2390.jpg,Non-Demented,NonDemented,128,128,1,428d5c2c59cf69165cff96c0ff3df607f4a592da51eb6e3f6d3ea73eb815e1c0,train
data/dataset/Non_Demented/non_521.jpg,non_521.jpg,Non-Demented,NonDemented,128,128,1,8f6258675e62bd62e8b4579bda0fe79f26a3e1232ccf43ae2692b8f1164a7829,train
data/dataset/Non_Demented/non_3066.jpg,non_3066.jpg,Non-Demented,NonDemented,128,128,1,b3362356d79833a39ccf9c54e4d70f94d776b08b83a0f90a4f4b36e6d624d56d,train
data/dataset/Non_Demented/non_1345.jpg,non_1345.jpg,Non-Demented,NonDemented,128,128,1,d47d2870ed7f20b3ba2e0507f2028e102904b7b331e2b4f45ba8b32008e1fd36,train
data/dataset/Non_Demented/non_1192.jpg,non_1192.jpg,Non-Demented,NonDemented,128,128,1,f21b8d69ecc5d9dd740a56b2b86c5d978b6a6a31d9482f28d58ecff754a81a75,train
data/dataset/Non_Demented/non_2809.jpg,non_2809.jpg,Non-Demented,NonDemented,128,128,1,ec0f184fe46e3ba16f377690cef1e26c29b937332d1eb2ed18fbb1ffbb4aa79d,train
data/dataset/Non_Demented/non_1924.jpg,non_1924.jpg,Non-Demented,NonDemented,128,128,1,d1b7468e3dd180e558b625b6bb842846266c90cf9251a67baadc9807bd670bb9,train
data/dataset/Non_Demented/non_1471.jpg,non_1471.jpg,Non-Demented,NonDemented,128,128,1,cc9314e231208bcd15b288af92e837235a207788ed4ef56a500acced57f93c54,train
data/dataset/Non_Demented/non_731.jpg,non_731.jpg,Non-Demented,NonDemented,128,128,1,9568cf560dcbdef4c30f9b53674a4b7c083db03793459708fa84bdafd2109eed,train
data/dataset/Non_Demented/non_958.jpg,non_958.jpg,Non-Demented,NonDemented,128,128,1,37f1e27d087c82c18b07661b79443674d4b0d4b2e209bd14dd5694e046c6b48f,train
data/dataset/Non_Demented/non_644.jpg,non_644.jpg,Non-Demented,NonDemented,128,128,1,de79a5ec7db6dd52495490953e4f9c8c9e77d2c80f28c5d73f3e335fd2b80d28,train
data/dataset/Non_Demented/non_1128.jpg,non_1128.jpg,Non-Demented,NonDemented,128,128,1,75a6e762827dce00b29118ebad0572420612fd45c1df5281a4d7a54f2a5d2972,train
data/dataset/Non_Demented/non_2050.jpg,non_2050.jpg,Non-Demented,NonDemented,128,128,1,5008f8bcdc33409ce25f5d6321bb15a6de63aad07bd9c66f6e686aefe9da897a,train
data/dataset/Non_Demented/non_25.jpg,non_25.jpg,Non-Demented,NonDemented,128,128,1,18c554fc326c5bca03265e383c2fb48b0a2f1ca54e046d6caae2f6b8798e075c,train
data/dataset/Non_Demented/non_1288.jpg,non_1288.jpg,Non-Demented,NonDemented,128,128,1,3409df6fd1b296a3e40b42afc79ca975de82ba90bed27527eb769088f129175f,train
data/dataset/Non_Demented/non_277.jpg,non_277.jpg,Non-Demented,NonDemented,128,128,1,5d15f1dbdbfdf57a3608cf9a94ee6a3d96ce93ed0a186dd574b6b135b0fa9099,train
data/dataset/Non_Demented/non_2454.jpg,non_2454.jpg,Non-Demented,NonDemented,128,128,1,6c6bb0b2c7c53340358e9ac60c6a3ddad183c15342154bd438991373f5f1553d,train
data/dataset/Non_Demented/non_3199.jpg,non_3199.jpg,Non-Demented,NonDemented,128,128,1,5358bb40cc2724448158e87ba1c74fd49ed52fe7b4bb8cf834bb657d99e0842b,train
data/dataset/Non_Demented/non_2407.jpg,non_2407.jpg,Non-Demented,NonDemented,128,128,1,60808f31b58d168eb4a0b7d11c5a7f1b9dcea6072b92c4e8ec5ba020b39af875,train
data/dataset/Non_Demented/non_1449.jpg,non_1449.jpg,Non-Demented,NonDemented,128,128,1,c3a720573b752e36277a68ecc83fa0fe3eb03218de941bc8ae4ae62f9a11c09a,train
data/dataset/Non_Demented/non_635.jpg,non_635.jpg,Non-Demented,NonDemented,128,128,1,777fe396017cea498a8cc4b821e5560eabf06826d4f78471ec371c01ffd39ed4,train
data/dataset/Non_Demented/non_890.jpg,non_890.jpg,Non-Demented,NonDemented,128,128,1,42fc392bfcb375350c5c86aba3f5a1db92b7119193e13a276ae5d9f505f755a4,train
data/dataset/Non_Demented/non_920.jpg,non_920.jpg,Non-Demented,NonDemented,128,128,1,23a2f78b3b6b40563cfcb20fca020564b79ebc1b51825666b409e0fdf605330c,train
data/dataset/Non_Demented/non_2080.jpg,non_2080.jpg,Non-Demented,NonDemented,128,128,1,b1ea0ff487f5b7e00613181a9d7b0e65e0dece24ea6469e907439a6289ff40f7,train
data/dataset/Non_Demented/non_535.jpg,non_535.jpg,Non-Demented,NonDemented,128,128,1,f07d10e54f685702049c0bd98fb6c328a9f07a3a888ff6e8122d107f18a2cd15,train
data/dataset/Non_Demented/non_465.jpg,non_465.jpg,Non-Demented,NonDemented,128,128,1,f29f93299f739c53b09f1e9da032a05af49eac61df19750ddefd6a169742fd8e,train
data/dataset/Non_Demented/non_219.jpg,non_219.jpg,Non-Demented,NonDemented,128,128,1,ef05b695740b60c68a0f3cd4401c64c93c6cf1c89b9bdb848b3c62448fc13a1f,train
data/dataset/Non_Demented/non_1212.jpg,non_1212.jpg,Non-Demented,NonDemented,128,128,1,345f116015e86d3ea6182634c14f931d6ba50da630b43d9dcc7ebc6c05820a8b,train
data/dataset/Non_Demented/non_841.jpg,non_841.jpg,Non-Demented,NonDemented,128,128,1,dedda350faaba05f848c3074976ba352e40f261d00bf34995d2d011689916b4e,train
data/dataset/Non_Demented/non_3176.jpg,non_3176.jpg,Non-Demented,NonDemented,128,128,1,1d61f08afb1a39a916382fa81abf9c8f72bea2c1b0bf1e5122a8a305b151f613,train
data/dataset/Non_Demented/non_1820.jpg,non_1820.jpg,Non-Demented,NonDemented,128,128,1,e30e60b438ed43528b8a2637b74f3e6dc8be4ca38c366e1f1f60563ea5755dc7,train
data/dataset/Non_Demented/non_2895.jpg,non_2895.jpg,Non-Demented,NonDemented,128,128,1,6eff31215ffe82e3f91d01ab4910bd9f572770557bccdcb6107b02ce3734898f,train
data/dataset/Non_Demented/non_590.jpg,non_590.jpg,Non-Demented,NonDemented,128,128,1,65f6860a4f7052d1a058109c5b5b5f3a5dca77f4d378c57ec20a9dc19ea44b58,train
data/dataset/Non_Demented/non_1427.jpg,non_1427.jpg,Non-Demented,NonDemented,128,128,1,d075ec125e750d318ddf75aad7e76bb67a807f9c05d8c165a5db09f631fe837d,train
data/dataset/Non_Demented/non_1886.jpg,non_1886.jpg,Non-Demented,NonDemented,128,128,1,3a03e2d085efc9746aeaae917aca4aa801ac2988212422c8995e2c84a038b573,train
data/dataset/Non_Demented/non_1802.jpg,non_1802.jpg,Non-Demented,NonDemented,128,128,1,e169ae4a3d7cb7b0fea31d2034d13e5e052d2772e36c863df0f1870975d971ad,train
data/dataset/Non_Demented/non_3100.jpg,non_3100.jpg,Non-Demented,NonDemented,128,128,1,15bae89dcbfe1e2c20b55b69c23a3f9e2e62c99ba3e568793c64eb995fad4c2e,train
data/dataset/Non_Demented/non_1425.jpg,non_1425.jpg,Non-Demented,NonDemented,128,128,1,91e7e1fa50789fae838260bb84004bc430cc694cd07476402123bc637b7711c6,train
data/dataset/Non_Demented/non_875.jpg,non_875.jpg,Non-Demented,NonDemented,128,128,1,9f7376bbf06c036f8dc0b94672934426097c32d262b5fd5a9f515de2cef093c0,train
data/dataset/Non_Demented/non_628.jpg,non_628.jpg,Non-Demented,NonDemented,128,128,1,d2d0ce2e3e5811b8506b87749fd402445473918fc4aeaa551121ead080c786e4,train
data/dataset/Non_Demented/non_1351.jpg,non_1351.jpg,Non-Demented,NonDemented,128,128,1,b39d648df6fd0e6d62ab792d54bdf90c2ad798e42827e77f68f2e0a654cf2b43,train
data/dataset/Non_Demented/non_2619.jpg,non_2619.jpg,Non-Demented,NonDemented,128,128,1,0cbea93f1a22492e2036083fe5e5b45eb121af6f1c172e0ee1c61b30be2fab17,train
data/dataset/Non_Demented/non_1598.jpg,non_1598.jpg,Non-Demented,NonDemented,128,128,1,2afca83f5859c0042d866aeb60aa3de2a45424d3cb9c400946906d80bb5ab0ba,train
data/dataset/Non_Demented/non_526.jpg,non_526.jpg,Non-Demented,NonDemented,128,128,1,c4ba64e2aa37cd55fe650964aff0741965d39cecfb6fa9539077b7d17dd88117,train
data/dataset/Non_Demented/non_2633.jpg,non_2633.jpg,Non-Demented,NonDemented,128,128,1,c7f57312270f7028ab1b0c90ddca2a978c3dd52bde37df52910a1e91cef92d93,train
data/dataset/Non_Demented/non_2226.jpg,non_2226.jpg,Non-Demented,NonDemented,128,128,1,5b57c08291158bdb335c077a7b10c7067ccb4577836fd000013cd47258f54105,train
data/dataset/Non_Demented/non_498.jpg,non_498.jpg,Non-Demented,NonDemented,128,128,1,cab3afc9d2922deacc82a94089e0e4fa3c98beccf9082ff227513d123cb80c2c,train
data/dataset/Non_Demented/non_80.jpg,non_80.jpg,Non-Demented,NonDemented,128,128,1,9efc05bae6203420959b9eac09967e9c6942d69cd46e3c7b66ff3602021f5dba,train
data/dataset/Non_Demented/non_1409.jpg,non_1409.jpg,Non-Demented,NonDemented,128,128,1,eb5c04ddf22a5b4729a2dd2073a1b0c07e57aedc5fbc07507a50eb0753ca4a7e,train
data/dataset/Non_Demented/non_1494.jpg,non_1494.jpg,Non-Demented,NonDemented,128,128,1,3643619646633013aff6dc1f9ece2bdaa184751ffff0bb88ec6911a19ce9fa03,train
data/dataset/Non_Demented/non_2381.jpg,non_2381.jpg,Non-Demented,NonDemented,128,128,1,47c1dece33b695958646a81798d81ba73049f97db3cf3d205267be7cc570e64a,train
data/dataset/Non_Demented/non_752.jpg,non_752.jpg,Non-Demented,NonDemented,128,128,1,9887e086acedac69aefb8b24103d10d7451f33d4c4a47cc3808f3ae7b056972b,train
data/dataset/Non_Demented/non_136.jpg,non_136.jpg,Non-Demented,NonDemented,128,128,1,038dfed7ee3b201f6b995d16824787e867e0224bf9130e4fd5f34561990019f5,train
data/dataset/Non_Demented/non_2035.jpg,non_2035.jpg,Non-Demented,NonDemented,128,128,1,c33286cc5fdc7bd0fafc939ceccf32b1865b9bc8c6ddc03077b77b22d508dc4e,train
data/dataset/Non_Demented/non_981.jpg,non_981.jpg,Non-Demented,NonDemented,128,128,1,7896ce7ebf30a06f81235646a8c5ff300f965c796faa056025a27c88a8a6e799,train
data/dataset/Non_Demented/non_356.jpg,non_356.jpg,Non-Demented,NonDemented,128,128,1,2f3834395b9688078cc81d66d7de5089afa7849c2b860838a6840dda7b3f16dd,train
data/dataset/Non_Demented/non_419.jpg,non_419.jpg,Non-Demented,NonDemented,128,128,1,df3809faf779f92b7fbc0aa9d9c63f7bb3be845808f23ed61a4e2f5831119a7d,train
data/dataset/Non_Demented/non_591.jpg,non_591.jpg,Non-Demented,NonDemented,128,128,1,08877af00a4debba9ac8f13c9348785df4bbddee469cb84babc5103ff1bbecb7,train
data/dataset/Non_Demented/non_2298.jpg,non_2298.jpg,Non-Demented,NonDemented,128,128,1,a10480a74cc3ce6294b368c388fb3b10d213714379133ffcf5bb6ec5f6730559,train
data/dataset/Non_Demented/non_2541.jpg,non_2541.jpg,Non-Demented,NonDemented,128,128,1,6485c9276d09c8ab81740726f4b0d4a236ccde6dd0b57d897f9a9ca94502b26a,train
data/dataset/Non_Demented/non_786.jpg,non_786.jpg,Non-Demented,NonDemented,128,128,1,0d2882e383883a69407777c8091ba2d794519c81cadc68dc9656ec23099bc382,train
data/dataset/Non_Demented/non_376.jpg,non_376.jpg,Non-Demented,NonDemented,128,128,1,13af313c916568ea08b4361f9449d8ec8b7134767de1321b1c93695e9a8c7060,train
data/dataset/Non_Demented/non_1432.jpg,non_1432.jpg,Non-Demented,NonDemented,128,128,1,343181cc9ca3c301f40af78bc31859f27b53883594a469afb6ffcc112bbe9274,train
data/dataset/Non_Demented/non_2737.jpg,non_2737.jpg,Non-Demented,NonDemented,128,128,1,ed72d991639db4390b997cf4c45648eb6ec9b64b568fa4fc437b2d9e3415b10a,train
data/dataset/Non_Demented/non_2698.jpg,non_2698.jpg,Non-Demented,NonDemented,128,128,1,6f73c0bedd42cd5ff6179ac3a466e446d0dc6469668f316991133bfefb6df547,train
data/dataset/Non_Demented/non_1142.jpg,non_1142.jpg,Non-Demented,NonDemented,128,128,1,98dd56a4e438ea0c873b58bb4415c829aa070dfff63e80d9667c9b4901c84566,train
data/dataset/Non_Demented/non_1663.jpg,non_1663.jpg,Non-Demented,NonDemented,128,128,1,75f3371162ac8283de99c6a9022c32cda1116f9d49eb28404fa53aebf0bc6595,train
data/dataset/Non_Demented/non_2246.jpg,non_2246.jpg,Non-Demented,NonDemented,128,128,1,408f5fe0edf73ac2b97af2062f85fb4b3abfacdaa4b86e8f5c10669d2dd07ee9,train
data/dataset/Non_Demented/non_1352.jpg,non_1352.jpg,Non-Demented,NonDemented,128,128,1,1876b816dac0a9a800fb084ffc676c32921f8a1e4b53ecaaf7402a8f127b36aa,train
data/dataset/Non_Demented/non_2743.jpg,non_2743.jpg,Non-Demented,NonDemented,128,128,1,08715cdfb1d4e37577a565f896ff4c11103634ebb3f215c810823c3a1080a705,train
data/dataset/Non_Demented/non_2063.jpg,non_2063.jpg,Non-Demented,NonDemented,128,128,1,8891e4ae8748c1b583a1c1b74a67589012151719eeb4e5f81bf8135a5992779f,train
data/dataset/Non_Demented/non_3035.jpg,non_3035.jpg,Non-Demented,NonDemented,128,128,1,8d88f3e23da2d2b2abd7b03008fc4b792b368fd48dfff3558e5000ca3e843232,train
data/dataset/Non_Demented/non_1966.jpg,non_1966.jpg,Non-Demented,NonDemented,128,128,1,624770d2a8e0aeffdb8a43a14c613342ebc0085c59e49b44b5c5f3915a536c29,train
data/dataset/Non_Demented/non_2790.jpg,non_2790.jpg,Non-Demented,NonDemented,128,128,1,8d85dbfe6bf0e5283ace135abf621d7d1d51d4cb6ddbf1befc3a7a5489c04fdf,train
data/dataset/Non_Demented/non_1180.jpg,non_1180.jpg,Non-Demented,NonDemented,128,128,1,8e8d35dab2b6b31f3c7d6f0d6cc3f0529137aae6a829ce4490b9038b012ba558,train
data/dataset/Non_Demented/non_3034.jpg,non_3034.jpg,Non-Demented,NonDemented,128,128,1,460d802d53478a012fe57502d3f76dd91e2bb9b10fbb8e8ab21f68966be5d78c,train
data/dataset/Non_Demented/non_1442.jpg,non_1442.jpg,Non-Demented,NonDemented,128,128,1,bd35faf7a96a586458765b335d06561cc67efce76abbdafe6fdc78425e81cc6b,train
data/dataset/Non_Demented/non_2030.jpg,non_2030.jpg,Non-Demented,NonDemented,128,128,1,fa32ba8e51dbb363e23912b8ace4759961b8f6100116b626900da709620a23a2,train
data/dataset/Non_Demented/non_641.jpg,non_641.jpg,Non-Demented,NonDemented,128,128,1,85d6a55075ca025a81cd8ceea0243a4faaf26f61dc4ced09a23e4993e41656af,train
data/dataset/Non_Demented/non_2670.jpg,non_2670.jpg,Non-Demented,NonDemented,128,128,1,519c535b6770608e2217d9000d162c66ea6430f85a752d2d3eba6167ce2f73d6,train
data/dataset/Non_Demented/non_1007.jpg,non_1007.jpg,Non-Demented,NonDemented,128,128,1,c13c9cb03d6cb64c9da5e79b7a88181f91f5f45c4d791ee7d01295a234b76c38,train
data/dataset/Non_Demented/non_3038.jpg,non_3038.jpg,Non-Demented,NonDemented,128,128,1,1ca2f4a1832495eef47d884480b63365752cb13328cb41097569afd94751f751,train
data/dataset/Non_Demented/non_2693.jpg,non_2693.jpg,Non-Demented,NonDemented,128,128,1,c8672843e2c15aa4029ed5b4fa8085738d55979a1acd43e4ffc8da024f785080,train
data/dataset/Non_Demented/non_2879.jpg,non_2879.jpg,Non-Demented,NonDemented,128,128,1,97858839b05907f6bebef66f84755349f6ef859e6bc0e8f1f0672a1a6219055f,train
data/dataset/Non_Demented/non_154.jpg,non_154.jpg,Non-Demented,NonDemented,128,128,1,181b32371ede3bcf6ac04241c7d2f70af3e12738f662b37cfc7fcf4dc704622c,train
data/dataset/Non_Demented/non_863.jpg,non_863.jpg,Non-Demented,NonDemented,128,128,1,73b9a63281a4d74fddb84031f206070b4a5d57b5626101d5d18fd493c94a1fcc,train
data/dataset/Non_Demented/non_2580.jpg,non_2580.jpg,Non-Demented,NonDemented,128,128,1,6f2fa030596ac468262950df4597de71f977ae4661211bf53e23645bac1e6952,train
data/dataset/Non_Demented/non_1594.jpg,non_1594.jpg,Non-Demented,NonDemented,128,128,1,e4c50596ec94ed61f689987939c38520d917ab8581b17d0003af7d9417919344,train
data/dataset/Non_Demented/non_1722.jpg,non_1722.jpg,Non-Demented,NonDemented,128,128,1,e6d42719469f14d386c2f6f0f21762bcc2768290c42ef6be08c70db8a3d1a8a0,train
data/dataset/Non_Demented/non_811.jpg,non_811.jpg,Non-Demented,NonDemented,128,128,1,4d87cf3381d6a985d994a19de6838bc9dd8f8537b44befade3e6edc9788c20e5,train
data/dataset/Non_Demented/non_1065.jpg,non_1065.jpg,Non-Demented,NonDemented,128,128,1,859ddad02074874f5ed3603a0d79f3c8a40c866f15f1b5d96d9fee5879ef44f8,train
data/dataset/Non_Demented/non_9.jpg,non_9.jpg,Non-Demented,NonDemented,128,128,1,9953319475f6ca00138a0893d015db5b1a5c97339623db22e76aa7a8e1c906c2,train
data/dataset/Non_Demented/non_2731.jpg,non_2731.jpg,Non-Demented,NonDemented,128,128,1,4d665b6cf5dc9d35ce44749f747440dba1e9baa5df7df9470743d052ba303ecf,train
data/dataset/Non_Demented/non_1846.jpg,non_1846.jpg,Non-Demented,NonDemented,128,128,1,e87240e16ded6fcad9c78f00f4af313190f241bd9040b27cd7f15095be4f7bba,train
data/dataset/Non_Demented/non_2141.jpg,non_2141.jpg,Non-Demented,NonDemented,128,128,1,03063a9fe95078c4832a88f38670f4ca9ac0df3b3debd1afd6d00328921cded3,train
data/dataset/Non_Demented/non_3118.jpg,non_3118.jpg,Non-Demented,NonDemented,128,128,1,3700ba9f15d0dc255ec0a2ea67076f51de959d16f18bede2591a4afe412578b6,train
data/dataset/Non_Demented/non_617.jpg,non_617.jpg,Non-Demented,NonDemented,128,128,1,ca1a6442302e409b612fb0eab623ea7fc046cef77ff5aacda973f3af9be1bdcd,train
data/dataset/Non_Demented/non_2881.jpg,non_2881.jpg,Non-Demented,NonDemented,128,128,1,69b2d9c7f3100f84958702bc903fe6e2ccf529ed827fb119528f5540bafa10c2,train
data/dataset/Non_Demented/non_1437.jpg,non_1437.jpg,Non-Demented,NonDemented,128,128,1,dbc2354c4ebbf03139ab8c555aec75b5f1fc2ec6c1862039d5e60278f736b811,train
data/dataset/Non_Demented/non_989.jpg,non_989.jpg,Non-Demented,NonDemented,128,128,1,a73b6137eed55b75ad47696a87ce9fc3fef648daf4383236496e43c380410b28,train
data/dataset/Non_Demented/non_98.jpg,non_98.jpg,Non-Demented,NonDemented,128,128,1,4f96ec4233eaae1ea14b8a12adfe0ce8a3ad86275cfb40af0f207d3fb22b22ff,train
data/dataset/Non_Demented/non_18.jpg,non_18.jpg,Non-Demented,NonDemented,128,128,1,973e097a23e45c864c7e6ba09f98a6ab503d9790fb1c9ea515d6cbf5f0a71944,train
data/dataset/Non_Demented/non_2928.jpg,non_2928.jpg,Non-Demented,NonDemented,128,128,1,994fc50b242cdb1ef450b9800abe5a5787e5ebbd5a0be2f65f5705afae79224c,train
data/dataset/Non_Demented/non_286.jpg,non_286.jpg,Non-Demented,NonDemented,128,128,1,c65c22deeeca857af3b2cd01e4b6bcd1719ee1befe3bddb021ec557eafacc06a,train
data/dataset/Non_Demented/non_536.jpg,non_536.jpg,Non-Demented,NonDemented,128,128,1,acb90fda01fa840afeceeaded7b6065c605e2ba7c4bb9aa2c6db1629f86ca86f,train
data/dataset/Non_Demented/non_1841.jpg,non_1841.jpg,Non-Demented,NonDemented,128,128,1,d6837f1ad6a1822b2875711a2a9dadffa6e3a137ee0cf535be56fe97c5d7d78a,train
data/dataset/Non_Demented/non_2299.jpg,non_2299.jpg,Non-Demented,NonDemented,128,128,1,fd907257ca76827045a5b36e1a024cd4e035fff70432bdc4b7a4b38b4fbb22f9,train
data/dataset/Non_Demented/non_1990.jpg,non_1990.jpg,Non-Demented,NonDemented,128,128,1,9f89213e495ea165bc497be1918ac4defd4ad41a9366b420a5ba518bf30e28e0,train
data/dataset/Non_Demented/non_3076.jpg,non_3076.jpg,Non-Demented,NonDemented,128,128,1,829be6500b4bd7f9bd01e15c9094e378c43c62bfeac3a715e88dd0547966b9b2,train
data/dataset/Non_Demented/non_748.jpg,non_748.jpg,Non-Demented,NonDemented,128,128,1,95974e4e247f1f5ec592d3101543269304eb00db08a2d7b0a16bf217f1271701,train
data/dataset/Non_Demented/non_2733.jpg,non_2733.jpg,Non-Demented,NonDemented,128,128,1,df62ff5de17d5d4f2a034d03d2676418c9f67801ba15456062615d456e9e642b,train
data/dataset/Non_Demented/non_2241.jpg,non_2241.jpg,Non-Demented,NonDemented,128,128,1,a802ff1681109541d7d16ab40a5dd576b4f45a3d0f219bd8935c6dac62f3b876,train
data/dataset/Non_Demented/non_1945.jpg,non_1945.jpg,Non-Demented,NonDemented,128,128,1,56d30e19bdf3488bd20402f451b7c89453899245913ab850a1dd2f40de4f1571,train
data/dataset/Non_Demented/non_456.jpg,non_456.jpg,Non-Demented,NonDemented,128,128,1,823017579bc1192ca254f70b40f5fb3f6189085a6e88949604b138a675e91c2c,train
data/dataset/Non_Demented/non_1133.jpg,non_1133.jpg,Non-Demented,NonDemented,128,128,1,7e3254f3560e2490780f8cdf9adb67609b2d0220e3022630789becea9fb33fc7,train
data/dataset/Non_Demented/non_1144.jpg,non_1144.jpg,Non-Demented,NonDemented,128,128,1,ae4c7ea292ad78ff1c951447555dcd1132491bd9999c20b8baa1fcd50f8ea2bd,train
data/dataset/Non_Demented/non_3043.jpg,non_3043.jpg,Non-Demented,NonDemented,128,128,1,8be1f07624cf21cb7a0a7a822966495cd00c9690bf6587b08497722717f80caa,train
data/dataset/Non_Demented/non_2004.jpg,non_2004.jpg,Non-Demented,NonDemented,128,128,1,ea438190078c70a3604d0be9058c8416ffe810f533380402ec765f78ea6e1926,train
data/dataset/Non_Demented/non_2883.jpg,non_2883.jpg,Non-Demented,NonDemented,128,128,1,24373e69cee531d97b34d5bb5c514daecdc1ecaaf90e6aaccf984663c60c6b39,train
data/dataset/Non_Demented/non_843.jpg,non_843.jpg,Non-Demented,NonDemented,128,128,1,1588392330e211d574289b2c7a51a0922d047ec70d59dfff022a32f2b1df6496,train
data/dataset/Non_Demented/non_2129.jpg,non_2129.jpg,Non-Demented,NonDemented,128,128,1,5816faa0ca76b202d4aec0d2e49ac4b88ee1a89123084e92eab2a18e19971367,train
data/dataset/Non_Demented/non_1323.jpg,non_1323.jpg,Non-Demented,NonDemented,128,128,1,ec23377b569f9034f86dc37992283b90951f57a1c57af304763639a7d3e1b723,train
data/dataset/Non_Demented/non_1103.jpg,non_1103.jpg,Non-Demented,NonDemented,128,128,1,f25bcb537aa5c37e9559ea79207fa40f06cdd39fd127558b6aa936a50e64ba52,train
data/dataset/Non_Demented/non_2297.jpg,non_2297.jpg,Non-Demented,NonDemented,128,128,1,739d1eef682a567915efb617b5e08d8ed3e851325cf76b34b263f02401f9dc14,train
data/dataset/Non_Demented/non_2430.jpg,non_2430.jpg,Non-Demented,NonDemented,128,128,1,d124d5456d36a9f2eb1f3cbfda3db768de7f5034ae974d645f4e9d0929a2c8c4,train
data/dataset/Non_Demented/non_1525.jpg,non_1525.jpg,Non-Demented,NonDemented,128,128,1,2104a477976c111ad6b9cb4cfe79211e77864b88245444aed5d29c416fee9758,train
data/dataset/Non_Demented/non_2242.jpg,non_2242.jpg,Non-Demented,NonDemented,128,128,1,d04ebfc7e58eaad2e090209a7c229bfa009d9c9b0845692392002adf7ad12685,train
data/dataset/Non_Demented/non_1670.jpg,non_1670.jpg,Non-Demented,NonDemented,128,128,1,0bc487499e34b46370a7d6c683c5cce5b62d0d2798f2949524743b2d21fd1aee,train
data/dataset/Non_Demented/non_2660.jpg,non_2660.jpg,Non-Demented,NonDemented,128,128,1,295e4f26faa3303d552c8fef6588044fe390a117d4f471f20dd5d7cb3d538308,train
data/dataset/Non_Demented/non_1629.jpg,non_1629.jpg,Non-Demented,NonDemented,128,128,1,823be02a30d9fa6131f12d6750a6b8137dc79a3ec14e8b7df4f2aa846860eabc,train
data/dataset/Non_Demented/non_895.jpg,non_895.jpg,Non-Demented,NonDemented,128,128,1,24c66152976280cb38b5faf46d1a12df0b682ebd76bb879de4dad4f051040676,train
data/dataset/Non_Demented/non_924.jpg,non_924.jpg,Non-Demented,NonDemented,128,128,1,968815832df73bf86314966c7169f8e79f8d5292895b6209efaf0c476da718ce,train
data/dataset/Non_Demented/non_1036.jpg,non_1036.jpg,Non-Demented,NonDemented,128,128,1,80a060ae64d9daf8324930733ce773c071842b252b15887466c82785b4ac9045,train
data/dataset/Non_Demented/non_3175.jpg,non_3175.jpg,Non-Demented,NonDemented,128,128,1,5d53dfeb0b2d7edda230ff048371da279de3daa05cfe15a5c56c754dacb4f2b2,train
data/dataset/Non_Demented/non_1498.jpg,non_1498.jpg,Non-Demented,NonDemented,128,128,1,ce03c5d1ad7e4360984d4973ae08a112aedba9b59aeb4289a31f61d9e061042f,train
data/dataset/Non_Demented/non_2929.jpg,non_2929.jpg,Non-Demented,NonDemented,128,128,1,64fddb756f24ba2b52f4f082f09560f5a71f23b700407ae0d414b79c4bf00c6b,train
data/dataset/Non_Demented/non_1129.jpg,non_1129.jpg,Non-Demented,NonDemented,128,128,1,c94df46338b82a01d9ba2209380dff8ae75fe8cb3526bef68a3194e01306ef2f,train
data/dataset/Non_Demented/non_471.jpg,non_471.jpg,Non-Demented,NonDemented,128,128,1,4804a256e72f7d00fdbb89968b3c2bd26a92a9698bff2776300878ed4b3df410,train
data/dataset/Non_Demented/non_1874.jpg,non_1874.jpg,Non-Demented,NonDemented,128,128,1,1da497b5c5a49e103299bcf12246205ad81ef9ff77f11a6e2df74e56b78ea118,train
data/dataset/Non_Demented/non_1762.jpg,non_1762.jpg,Non-Demented,NonDemented,128,128,1,ff2edd005cd321bae430d7776711c7a270dd99d80301e7fd734023167a34427e,train
data/dataset/Non_Demented/non_2560.jpg,non_2560.jpg,Non-Demented,NonDemented,128,128,1,b33d1421e18c8caf1cf86c09ed7d4f5910a2e517480680f20b0605ebcbd14f85,train
data/dataset/Non_Demented/non_1150.jpg,non_1150.jpg,Non-Demented,NonDemented,128,128,1,4de3bc13892445d6b553cf6df569c501be9341f0cf25d34757bc91e1a956f64c,train
data/dataset/Non_Demented/non_2438.jpg,non_2438.jpg,Non-Demented,NonDemented,128,128,1,b774848e68bc65fdfaf5adf1de4ea793f48c0e48f3da489e0b40845ff76aa45a,train
data/dataset/Non_Demented/non_2358.jpg,non_2358.jpg,Non-Demented,NonDemented,128,128,1,ab12e905a6710db85d47489d72d3b8a1328779f924b2376d577e59b911cfafd9,train
data/dataset/Non_Demented/non_808.jpg,non_808.jpg,Non-Demented,NonDemented,128,128,1,82f58b88865801a0190459e5dcac9e18acdd863d89090b5bdfb71106dde82721,train
data/dataset/Non_Demented/non_568.jpg,non_568.jpg,Non-Demented,NonDemented,128,128,1,9ceb9e7a894ba440321b08f00afab797898ca23ae621781ee454b678fb3b9819,train
data/dataset/Non_Demented/non_3057.jpg,non_3057.jpg,Non-Demented,NonDemented,128,128,1,ff5a24ddb96f6c3e161af114774f84eb5c2037f18d6731e2ea7eface14d8faa5,train
data/dataset/Non_Demented/non_2614.jpg,non_2614.jpg,Non-Demented,NonDemented,128,128,1,1b29af726779b76bffa826d28ddf60757dc2a9fd33f9ec62aab0692094678d56,train
data/dataset/Non_Demented/non_1376.jpg,non_1376.jpg,Non-Demented,NonDemented,128,128,1,4ba04b14970ee3128451e6dc9a5cfee5c64f15d6cb167c6e4b9138ba77137443,train
data/dataset/Non_Demented/non_167.jpg,non_167.jpg,Non-Demented,NonDemented,128,128,1,5e5ef84322f10130e687f956bb0eb429c0b8ae5578d7efac4bcad0d3cc361d91,train
data/dataset/Non_Demented/non_92.jpg,non_92.jpg,Non-Demented,NonDemented,128,128,1,0a109cfcfb2ac50b8dcce185a62a4d369f44c0e6aee5cbd376be97e74aad27e7,train
data/dataset/Non_Demented/non_1411.jpg,non_1411.jpg,Non-Demented,NonDemented,128,128,1,08688e6304a088bc9bd6432417c207eee7268fbd92c31d49ed1ae14bc2f77e64,train
data/dataset/Non_Demented/non_2594.jpg,non_2594.jpg,Non-Demented,NonDemented,128,128,1,608720f0332b6b67a7564d8b7cd61f11365d7a8b8a4438813661f22efb1761b8,train
data/dataset/Non_Demented/non_2863.jpg,non_2863.jpg,Non-Demented,NonDemented,128,128,1,c297ba633d0787af619f2c72ea99c55f1c665f9d2e4398c9e95db49ff256a18e,train
data/dataset/Non_Demented/non_2235.jpg,non_2235.jpg,Non-Demented,NonDemented,128,128,1,d4063f3f4095788b803361bca0b2cd372a89c90c662de219557719fcb342ca18,train
data/dataset/Non_Demented/non_2719.jpg,non_2719.jpg,Non-Demented,NonDemented,128,128,1,ee2c171b0d5a5822b16bc4ec3a8ec41f68e725a9b9229615fb3802748549070b,train
data/dataset/Non_Demented/non_325.jpg,non_325.jpg,Non-Demented,NonDemented,128,128,1,9fc280b6cb408c58eee8d1ae9fd2b6c06ef8d47ca495ce96c3e1650f57506c41,train
data/dataset/Non_Demented/non_2340.jpg,non_2340.jpg,Non-Demented,NonDemented,128,128,1,1a88b39f22c885fc6a2691b1ed601b8044e39cbb8a60ecf251639ce8d6abb447,train
data/dataset/Non_Demented/non_2260.jpg,non_2260.jpg,Non-Demented,NonDemented,128,128,1,70f48c797856aa99b38140989c53982d7849b574a02f1e7a443d50ec19ff1315,train
data/dataset/Non_Demented/non_1614.jpg,non_1614.jpg,Non-Demented,NonDemented,128,128,1,03d3b4c670d6c94319d104c8ded9a861d9a3027875255b29ef018e458c8689e8,train
data/dataset/Non_Demented/non_765.jpg,non_765.jpg,Non-Demented,NonDemented,128,128,1,edf9c6ff168319d0ba185a668698606a5a515f71bb2a4dad682464933205a01f,train
data/dataset/Non_Demented/non_1156.jpg,non_1156.jpg,Non-Demented,NonDemented,128,128,1,a8cdaa50beb2f831cb4ebf7f7cf371e2f382c591773004b1f739c793ba2ffd76,train
data/dataset/Non_Demented/non_53.jpg,non_53.jpg,Non-Demented,NonDemented,128,128,1,52c4075e5e77405951db7bdd7093b86a994faf5457bf3ccd6166e8d41f61f5c4,train
data/dataset/Non_Demented/non_2062.jpg,non_2062.jpg,Non-Demented,NonDemented,128,128,1,22f4b0429359eeeccf166902b8ef6def056748ca2c96e018fdd97e203a42dc11,train
data/dataset/Non_Demented/non_912.jpg,non_912.jpg,Non-Demented,NonDemented,128,128,1,2d65fffb32923527d69d31c04fb4d92236719675001140fc64c0090443081a55,train
data/dataset/Non_Demented/non_1322.jpg,non_1322.jpg,Non-Demented,NonDemented,128,128,1,28ffb2164f3864bf822b7286c2aae1a2ba115f6cd1767cc1015e188023ca3902,train
data/dataset/Non_Demented/non_3067.jpg,non_3067.jpg,Non-Demented,NonDemented,128,128,1,42aca742872be52d982708fbee42d24e1878c827563cba6b23eda047c10b30ca,train
data/dataset/Non_Demented/non_45.jpg,non_45.jpg,Non-Demented,NonDemented,128,128,1,333e0657d2b040b6eb13c48fb26e3eccf4481210153d3861067de10385d69850,train
data/dataset/Non_Demented/non_2989.jpg,non_2989.jpg,Non-Demented,NonDemented,128,128,1,959b93559e3710fd5d8dff3d01bc034b283a1757a96a2bca69e789b6445028b2,train
data/dataset/Non_Demented/non_2903.jpg,non_2903.jpg,Non-Demented,NonDemented,128,128,1,133ec69db2724d305f6a2f71df84eeb70aae08b8d42bb5896ba9488b6b28f8aa,train
data/dataset/Non_Demented/non_1876.jpg,non_1876.jpg,Non-Demented,NonDemented,128,128,1,fccbb50171bbfc3781f7717ad46096b6170e27a66811c3693b62415841f0d12c,train
data/dataset/Non_Demented/non_1454.jpg,non_1454.jpg,Non-Demented,NonDemented,128,128,1,0391a0c30fec542a817da6eae6c3efb180e137c29be3012c984143b8e9ca805e,train
data/dataset/Non_Demented/non_1041.jpg,non_1041.jpg,Non-Demented,NonDemented,128,128,1,1718f5a18b77e6038f429c4f7fdee66611b174f97bce13f0d450f5e85de1e4d8,train
data/dataset/Non_Demented/non_982.jpg,non_982.jpg,Non-Demented,NonDemented,128,128,1,6153913b7f89d276d393050630d8c9ac427f1f5e2c39764ebc09c2cb7be5cea6,train
data/dataset/Non_Demented/non_566.jpg,non_566.jpg,Non-Demented,NonDemented,128,128,1,4448f5d848f3ef999541aa4419b8c0ab9031dca4ea14f63713e15ffdd3c457bd,train
data/dataset/Non_Demented/non_1934.jpg,non_1934.jpg,Non-Demented,NonDemented,128,128,1,c91fe917be3a627840b6d7371dab26a24fe603fa0ace9f11ba349cb646e2c872,train
data/dataset/Non_Demented/non_1796.jpg,non_1796.jpg,Non-Demented,NonDemented,128,128,1,1d1911e4dffe289ae85bed495acf08fbec8d4ebeb94bc8c0647913c84fa8b9bd,train
data/dataset/Non_Demented/non_2812.jpg,non_2812.jpg,Non-Demented,NonDemented,128,128,1,f4f06363df08f13170a2057285e86da267482905526a14dbeef2c2428987b46a,train
data/dataset/Non_Demented/non_2837.jpg,non_2837.jpg,Non-Demented,NonDemented,128,128,1,63d92abf412ea7c3a4ff8a4921d2ad9c2ec4aa46b45804a97f0c231859d002fd,train
data/dataset/Non_Demented/non_1277.jpg,non_1277.jpg,Non-Demented,NonDemented,128,128,1,574d4f1a89bcefc543b35a8b0553939ccc4e8c7beb49fe1c2f6b98f35eae1859,train
data/dataset/Non_Demented/non_1152.jpg,non_1152.jpg,Non-Demented,NonDemented,128,128,1,f995ebcc80388273e1cac046e7955c48bd624ead31b40975a891a01214957ab9,train
data/dataset/Non_Demented/non_1281.jpg,non_1281.jpg,Non-Demented,NonDemented,128,128,1,00b20bb35fefff680caf938db30ce9cb820f5443eff095eef4f6aa158a20b0fa,train
data/dataset/Non_Demented/non_2780.jpg,non_2780.jpg,Non-Demented,NonDemented,128,128,1,56d08e087b87bfa1a8ea41e8eb1df87bb7fb5c19fa17453d9fb89377f15aaf90,train
data/dataset/Non_Demented/non_100.jpg,non_100.jpg,Non-Demented,NonDemented,128,128,1,7d862733c158d1d110c75d6a52018bfda506f4c8155fbae8d89e3ac40160db8c,train
data/dataset/Non_Demented/non_1623.jpg,non_1623.jpg,Non-Demented,NonDemented,128,128,1,bfd0b20fab0e2b899b4d75c94ceb11675e4e6f378b89b8bac3ef1f0c1fcef39d,train
data/dataset/Non_Demented/non_1698.jpg,non_1698.jpg,Non-Demented,NonDemented,128,128,1,f687b093546808e0003d0de3c0a0a79a9d0c5dd92ce45ba6b5ad2db4b6e5bdc3,train
data/dataset/Non_Demented/non_327.jpg,non_327.jpg,Non-Demented,NonDemented,128,128,1,c5aa6c04fb73b47276ac9b85239559a1078b769a505eb9028a227ca4ba64e741,train
data/dataset/Non_Demented/non_1813.jpg,non_1813.jpg,Non-Demented,NonDemented,128,128,1,e85951b68c04c556348296140af2e986670723d9430b0b5f2343dcbc5e369ff1,train
data/dataset/Non_Demented/non_193.jpg,non_193.jpg,Non-Demented,NonDemented,128,128,1,0a0a6cc0de39e490f82df32873a8ad5b7d324fc25faab13f226fb036e3de3b38,train
data/dataset/Non_Demented/non_206.jpg,non_206.jpg,Non-Demented,NonDemented,128,128,1,10fe988c73981823836f894a5b8d0f2404375ac5bb0fa714f023d888adde52c6,train
data/dataset/Non_Demented/non_1859.jpg,non_1859.jpg,Non-Demented,NonDemented,128,128,1,19cf139a4b41688df120df24e3fa48b19b53239e7f393c1affa509111e716334,train
data/dataset/Non_Demented/non_1666.jpg,non_1666.jpg,Non-Demented,NonDemented,128,128,1,adefae4d053f1b730341da41438dd7630f44f53f84763610b46715313ed5b14a,train
data/dataset/Non_Demented/non_1752.jpg,non_1752.jpg,Non-Demented,NonDemented,128,128,1,842f7fd5434888d61ae1736ee22d4a4fcdc89c25c8b15544a0822ba574ed73b3,train
data/dataset/Non_Demented/non_2913.jpg,non_2913.jpg,Non-Demented,NonDemented,128,128,1,5f11b06ab1a935ca02ce2b5648cab027d279621ae068a9bd12b3304d02190f70,train
data/dataset/Non_Demented/non_2175.jpg,non_2175.jpg,Non-Demented,NonDemented,128,128,1,0fa1ab984599d0aab41bd5e6fa3c71971f6fde39492520b924d5629161ece627,train
data/dataset/Non_Demented/non_2443.jpg,non_2443.jpg,Non-Demented,NonDemented,128,128,1,f1d1f5ded4b73de3ae587004103bae0f016e6488fe267a816e28fdb7973cd31f,train
data/dataset/Non_Demented/non_3169.jpg,non_3169.jpg,Non-Demented,NonDemented,128,128,1,3c6ebc21dfa0cdd984579db8aa31d1da1aa74d4ae86ef4959aea7a849caa0d1b,train
data/dataset/Non_Demented/non_1971.jpg,non_1971.jpg,Non-Demented,NonDemented,128,128,1,dd496ffc2a1dd92ff54db0e4f29f522ee515a71d4ae43bb235b1341222b90028,train
data/dataset/Non_Demented/non_2058.jpg,non_2058.jpg,Non-Demented,NonDemented,128,128,1,98787223a57e89b505d7db0ec6e21b338ddca48c6bb9414a3f530c042e20ef83,train
data/dataset/Non_Demented/non_2840.jpg,non_2840.jpg,Non-Demented,NonDemented,128,128,1,f357db5b1775afc35447b4e6b6865384c0fe203dac3e9210bb2df9e1e8c6a4df,train
data/dataset/Non_Demented/non_2742.jpg,non_2742.jpg,Non-Demented,NonDemented,128,128,1,402e81448906e3d67a462544e19288decf4894c2ddd30f7695838906b5ab4275,train
data/dataset/Non_Demented/non_368.jpg,non_368.jpg,Non-Demented,NonDemented,128,128,1,c7b8ea2b1973f18db20b346484bbe5564644a88ecc278c4a6135a777bf4a9fba,train
data/dataset/Non_Demented/non_1371.jpg,non_1371.jpg,Non-Demented,NonDemented,128,128,1,e73a962ca2233e4dcc35fbd5a99b648b5f2ede8b40a1fc3037cef09811663b63,train
data/dataset/Non_Demented/non_1785.jpg,non_1785.jpg,Non-Demented,NonDemented,128,128,1,8fe0ab856518ea6599a87b24e27a24168e5e86dcc8451d3b108862b8c9fa7c20,train
data/dataset/Non_Demented/non_2365.jpg,non_2365.jpg,Non-Demented,NonDemented,128,128,1,376cbcd6c9eaea24bc46245f6f8c8aab3db1f16869f0717ecd0ad79c4e2e4f43,train
data/dataset/Non_Demented/non_2012.jpg,non_2012.jpg,Non-Demented,NonDemented,128,128,1,0c8f9f61e10cac42f02bd769a1dc9fdfedc73330816e57301b5125478798e740,train
data/dataset/Non_Demented/non_2318.jpg,non_2318.jpg,Non-Demented,NonDemented,128,128,1,64bed59b5d43f3efd320de14cd14b75068c710e4f2f6873629cda965ef2f3a5f,train
data/dataset/Non_Demented/non_2755.jpg,non_2755.jpg,Non-Demented,NonDemented,128,128,1,a0477ca904bffd016a90c8277de91930b00f150853bedbf1c2ef8de2fa2ab397,train
data/dataset/Non_Demented/non_1273.jpg,non_1273.jpg,Non-Demented,NonDemented,128,128,1,eeef206fa8108cd14170adc33d78ae122e12848c68c07f28447ac8cd6144080a,train
data/dataset/Non_Demented/non_1929.jpg,non_1929.jpg,Non-Demented,NonDemented,128,128,1,e4940ef1c11624102b6ca5152b02105beeec0ead9faa8d82165fe071acd9c2ee,train
data/dataset/Non_Demented/non_1766.jpg,non_1766.jpg,Non-Demented,NonDemented,128,128,1,a0a2ee81253dee42c87a7f217dc132f102aaf346cb5e2811a287e390f94a02d8,train
data/dataset/Non_Demented/non_1742.jpg,non_1742.jpg,Non-Demented,NonDemented,128,128,1,04403712de0a8b52d6987f6c6f15c2c3de35cdda82e51b005e4b42f04adc6446,train
data/dataset/Non_Demented/non_1575.jpg,non_1575.jpg,Non-Demented,NonDemented,128,128,1,b5dc275615c67e3bfcc198a0430b98e74411a0caa3df06b1914fab192f56cda4,train
data/dataset/Non_Demented/non_1821.jpg,non_1821.jpg,Non-Demented,NonDemented,128,128,1,2e245e3db84e6ce6857d47b537bf28564720fa60760b99e8525798d4583c58e9,train
data/dataset/Non_Demented/non_366.jpg,non_366.jpg,Non-Demented,NonDemented,128,128,1,5b0bd38efc46e25d87e86a0377ca93b1725f989dbb90debe9f0fa0ba4d6e2748,train
data/dataset/Non_Demented/non_2329.jpg,non_2329.jpg,Non-Demented,NonDemented,128,128,1,edc90ff282af3e9aa06709adce3ce1cdafba709ae9ef82b16b0ac4359dfeaac4,train
data/dataset/Non_Demented/non_2112.jpg,non_2112.jpg,Non-Demented,NonDemented,128,128,1,5b1572bcbb4a8c7ec26bc5b48faa305e6bc45b01617a92d6b8d5f9d52b956509,train
data/dataset/Non_Demented/non_1185.jpg,non_1185.jpg,Non-Demented,NonDemented,128,128,1,574f782ba6789285a3c3a20ac1f2a4672f973d08adc8779e267a16a6e5458096,train
data/dataset/Non_Demented/non_2351.jpg,non_2351.jpg,Non-Demented,NonDemented,128,128,1,0402d4fb215e621566a4eb30dc3758c57ca7bed2cafe0b39799d4144643daae5,train
data/dataset/Non_Demented/non_2637.jpg,non_2637.jpg,Non-Demented,NonDemented,128,128,1,5579416a0775a8ae7b3d385afd6d8867cb5965e9d93a5a52bc3b0ace414f837e,train
data/dataset/Non_Demented/non_2998.jpg,non_2998.jpg,Non-Demented,NonDemented,128,128,1,ae054a9b300f3ced39886c7d5fcb1cb8470ecede1d484eb9554f26b0c5e30368,train
data/dataset/Non_Demented/non_2548.jpg,non_2548.jpg,Non-Demented,NonDemented,128,128,1,a0f8d66a7a5d6fed328b8d1e2fdf9de18b1e4e72e8a43623f15b1fe22b3a6d9f,train
data/dataset/Non_Demented/non_1434.jpg,non_1434.jpg,Non-Demented,NonDemented,128,128,1,d427169cbed38caae971457300af3d7e8dedb3f2dc1f5fd31f136f7d668c20ac,train
data/dataset/Non_Demented/non_586.jpg,non_586.jpg,Non-Demented,NonDemented,128,128,1,2b86d2020c1e640e5a380a0277abc063abf394644c6739f1e0aeb3b6dc441e37,train
data/dataset/Non_Demented/non_2773.jpg,non_2773.jpg,Non-Demented,NonDemented,128,128,1,e31126ecd16c79269babee91edcc5eae68f0c7010d7fb2eb7c4406c49d3f52ff,train
data/dataset/Non_Demented/non_462.jpg,non_462.jpg,Non-Demented,NonDemented,128,128,1,26d77125ed99738f9027c5047e7bbd499c8a90ddeceb260ecf20b43f9fb494cd,train
data/dataset/Non_Demented/non_1141.jpg,non_1141.jpg,Non-Demented,NonDemented,128,128,1,9a37fb3d3dd85a87865ef48c8f3d1e9480cd19b12e7f8ae21edb0d7859b75988,train
data/dataset/Non_Demented/non_5.jpg,non_5.jpg,Non-Demented,NonDemented,128,128,1,ae2921a538ec45a0f123971706ad3aa629f52efacf3584f150a0775fa9cd0b3d,train
data/dataset/Non_Demented/non_603.jpg,non_603.jpg,Non-Demented,NonDemented,128,128,1,9c9bd35eb846da5a9a54adeec361b91f2c1546388713145ddcfe4635fdb6f9f7,train
data/dataset/Non_Demented/non_1852.jpg,non_1852.jpg,Non-Demented,NonDemented,128,128,1,c0f7a25c3203976e5481ea3949ac3ed33c5227b3f0bf2ea5c7b9ed5c2b717648,train
data/dataset/Non_Demented/non_2493.jpg,non_2493.jpg,Non-Demented,NonDemented,128,128,1,04320c57ce1e3d8c858cbdde97ea97cb0ec548852387eeca869271fe8e50704c,train
data/dataset/Non_Demented/non_1950.jpg,non_1950.jpg,Non-Demented,NonDemented,128,128,1,3de78455ebd09ce9b95dd72019a4dcd17d69b2a3011098977e7edc4255bd1de1,train
data/dataset/Non_Demented/non_2684.jpg,non_2684.jpg,Non-Demented,NonDemented,128,128,1,566def40738a2d467c9a13e059cbb82c4aa98755a205478d3d7326a9519307a7,train
data/dataset/Non_Demented/non_2772.jpg,non_2772.jpg,Non-Demented,NonDemented,128,128,1,3e1f4a4e59bdbabab4d2f50211b76948afcf2493b18e7e66c3ba2c90d0564287,train
data/dataset/Non_Demented/non_1999.jpg,non_1999.jpg,Non-Demented,NonDemented,128,128,1,d425275ca2a8bf6280154006568834464d8c3f2fea96413ebc1ffeb7e9fd4dde,train
data/dataset/Non_Demented/non_3156.jpg,non_3156.jpg,Non-Demented,NonDemented,128,128,1,f82ca44585cab862d4f2965b1c64c1e73434035a79f29e0b5e1995d2ec1f83d1,train
data/dataset/Non_Demented/non_947.jpg,non_947.jpg,Non-Demented,NonDemented,128,128,1,202d3d73f20515074f15f8b7264e69192b23d45a99c5a7978363536aa3d5ca7b,train
data/dataset/Non_Demented/non_124.jpg,non_124.jpg,Non-Demented,NonDemented,128,128,1,a313c3bfcaa7cdb5bf663e93643686acf64b7baed1266d270481e2ad02637be7,train
data/dataset/Non_Demented/non_3148.jpg,non_3148.jpg,Non-Demented,NonDemented,128,128,1,7f32ec9a6e98e6b42a6ad740a5195b727db7dfa4bb3c47da1ddd34881f4f45ed,train
data/dataset/Non_Demented/non_480.jpg,non_480.jpg,Non-Demented,NonDemented,128,128,1,cae3b451ac9b6723c5cde5e3590d93c7204a16efe4b31a00951467aa738f32fe,train
data/dataset/Non_Demented/non_1238.jpg,non_1238.jpg,Non-Demented,NonDemented,128,128,1,219177f15b6a6a3289fdfc5fd8344f36c713ce783ba239243c0446dc7ef8ebdc,train
data/dataset/Non_Demented/non_1369.jpg,non_1369.jpg,Non-Demented,NonDemented,128,128,1,5ad1394600d8be3d4f0ec799831e0bb4c5b996137d90d43feb932f236a4d3883,train
data/dataset/Non_Demented/non_2932.jpg,non_2932.jpg,Non-Demented,NonDemented,128,128,1,3a662ae55a3ba123b54d7aa9781a157919160898a76e5faf9dcffd56464757fa,train
data/dataset/Non_Demented/non_862.jpg,non_862.jpg,Non-Demented,NonDemented,128,128,1,64dea7544e4984032c43d6d4909fbfafd15f3492253325b2630630ac88a3f905,train
data/dataset/Non_Demented/non_365.jpg,non_365.jpg,Non-Demented,NonDemented,128,128,1,44ae3fc041b10c4b7a0a7083e82ac2f0384b99d4008e3b864342a1b9fdb7b1b0,train
data/dataset/Non_Demented/non_3080.jpg,non_3080.jpg,Non-Demented,NonDemented,128,128,1,b59ab8fa700dbb329157ab7c6176d3c8f6cd6701502daf192ab7c1910eb97b8c,train
data/dataset/Non_Demented/non_1583.jpg,non_1583.jpg,Non-Demented,NonDemented,128,128,1,f763b8329179cca8bc5ea268ce5960778d1217949219db466b0d614651263b0d,train
data/dataset/Non_Demented/non_1923.jpg,non_1923.jpg,Non-Demented,NonDemented,128,128,1,2d7ca1b6f3dc8faf01c5a0c7aa9451f109dcb40a4305bf8bd92ed5ddfbe4c224,train
data/dataset/Non_Demented/non_1632.jpg,non_1632.jpg,Non-Demented,NonDemented,128,128,1,75b3fee270fe9dc94d63a082c8328751cb41d23b8caefc9b5a6f8a4b25f0a60c,train
data/dataset/Non_Demented/non_998.jpg,non_998.jpg,Non-Demented,NonDemented,128,128,1,edae0118c929dc3b1df200a8b6dfaca18799d0a0b7f106ef6fb146c80b755a5b,train
data/dataset/Non_Demented/non_195.jpg,non_195.jpg,Non-Demented,NonDemented,128,128,1,0c17c7364fd4d5e46b3faafe9b165c0353f54fc3c321be8105d6a0b09f640fe0,train
data/dataset/Non_Demented/non_2307.jpg,non_2307.jpg,Non-Demented,NonDemented,128,128,1,181e402d43778ee10dbe4fbaa38ac511862f502638deebfb1f63074bb275f881,train
data/dataset/Non_Demented/non_1021.jpg,non_1021.jpg,Non-Demented,NonDemented,128,128,1,bc378ac30fc8347dccd8b9208125a7f5ac9fa1745800cbb0c688d2196328c054,train
data/dataset/Non_Demented/non_2500.jpg,non_2500.jpg,Non-Demented,NonDemented,128,128,1,24a55e1b7e291558ff970c674b8df11add171bb62852bca2067d477e9c0c9b3f,train
data/dataset/Non_Demented/non_21.jpg,non_21.jpg,Non-Demented,NonDemented,128,128,1,8b4be8d9ecb919a4728ed43058930c705a9f3543299c98e47882f599c5178cda,train
data/dataset/Non_Demented/non_1309.jpg,non_1309.jpg,Non-Demented,NonDemented,128,128,1,018993d0f18ddf6edac728a82d197e7ec14b7a42e1626f02a1172330e19d4966,train
data/dataset/Non_Demented/non_2694.jpg,non_2694.jpg,Non-Demented,NonDemented,128,128,1,fdbde5075ca3d6fb9a537d65fb7eae3bdcdf1d3df638e08904a2b98ad31d85dc,train
data/dataset/Non_Demented/non_130.jpg,non_130.jpg,Non-Demented,NonDemented,128,128,1,e66bc4737218163ce0d9f80dcc12f6460d85468f967bf070e81f191e9445a1fb,train
data/dataset/Non_Demented/non_2624.jpg,non_2624.jpg,Non-Demented,NonDemented,128,128,1,7ed6135a136c5f182863140315e32c4ead380a104954b64efefb9ba677482ef6,train
data/dataset/Non_Demented/non_437.jpg,non_437.jpg,Non-Demented,NonDemented,128,128,1,c7ef85b113a94f58315b475e65e1853ea7e21ef94e9fd90c9024bc3dd924fde3,train
data/dataset/Non_Demented/non_1381.jpg,non_1381.jpg,Non-Demented,NonDemented,128,128,1,c434f194cfe05f27ece641d99b8af52289ca59dd9009f2290ba4941278b88de3,train
data/dataset/Non_Demented/non_1758.jpg,non_1758.jpg,Non-Demented,NonDemented,128,128,1,b182815984cbb7254c9bbc36026f5cf2533fcf8c1986d33b6c26573ce0340968,train
data/dataset/Non_Demented/non_678.jpg,non_678.jpg,Non-Demented,NonDemented,128,128,1,085faf4e636e48dd8de3d391f844cf8e4a2fa1d8123d5b36ae6ab743ceaf7055,train
data/dataset/Non_Demented/non_3192.jpg,non_3192.jpg,Non-Demented,NonDemented,128,128,1,ee9e1ed82da546d1b0d0911a14ab1b98f53b6cec440729fc3d5a14e14f45ec16,train
data/dataset/Non_Demented/non_1286.jpg,non_1286.jpg,Non-Demented,NonDemented,128,128,1,30d1718a731e0161be4e8e9a692f15913f759db96e2cd9e395bb1f53b2799022,train
data/dataset/Non_Demented/non_942.jpg,non_942.jpg,Non-Demented,NonDemented,128,128,1,9c07a8b4815ca65e41095335d0fd115d88880547f4154d253605e66ec0390765,train
data/dataset/Non_Demented/non_93.jpg,non_93.jpg,Non-Demented,NonDemented,128,128,1,cf2e7625acd16edcac6efa274d0cf5d06fbaf27240a5641fa3530129f82e2b79,train
data/dataset/Non_Demented/non_1782.jpg,non_1782.jpg,Non-Demented,NonDemented,128,128,1,2a6f9b9e10cf5c9ba20f3675d6bbc16ec5736e32eaa1b80826a798330d2897f0,train
data/dataset/Non_Demented/non_781.jpg,non_781.jpg,Non-Demented,NonDemented,128,128,1,3c361cc9c62a5b04e3f6e47689d9295ae55acaa059ba09462f1e6129aef95d1e,train
data/dataset/Non_Demented/non_2102.jpg,non_2102.jpg,Non-Demented,NonDemented,128,128,1,f8d936aec6c1bce01ecb9dace7caf4c06063d99ec355b6bd78363685c7b3355b,train
data/dataset/Non_Demented/non_1335.jpg,non_1335.jpg,Non-Demented,NonDemented,128,128,1,b6a5fc2b6693c95f19ea4a953f02385ed844b1db2838cd43f8e4a245e75267bb,train
data/dataset/Non_Demented/non_1899.jpg,non_1899.jpg,Non-Demented,NonDemented,128,128,1,121cf50d729eb01eae80bd61ef2da5248f211609f714c9b86f258da94a2dfaac,train
data/dataset/Non_Demented/non_2127.jpg,non_2127.jpg,Non-Demented,NonDemented,128,128,1,805066e8061719dfa62c776293b42ad903e4d96ff68fc4d2added8623587667f,train
data/dataset/Non_Demented/non_1958.jpg,non_1958.jpg,Non-Demented,NonDemented,128,128,1,7e8ab745c729010e1e2074c49297bd8acf4990fa6e3c74972cc89cbfac0bab16,train
data/dataset/Non_Demented/non_2945.jpg,non_2945.jpg,Non-Demented,NonDemented,128,128,1,03bb7cf845de0348652e4dba2391041ffe0656b85c3eb469bbb7cf47d4598d42,train
data/dataset/Non_Demented/non_945.jpg,non_945.jpg,Non-Demented,NonDemented,128,128,1,e0214b309ff92da218a5f61d133aa606f1f1ae135644e388aa7e421072212423,train
data/dataset/Non_Demented/non_2882.jpg,non_2882.jpg,Non-Demented,NonDemented,128,128,1,56d4a517155b6a17fa7d35ae4fde83cf8be0258b34195ac43d30f801c306053b,train
data/dataset/Non_Demented/non_2068.jpg,non_2068.jpg,Non-Demented,NonDemented,128,128,1,6a6ebc8e69f39dfa340a6e62d38b24d7275a2b70fac591041179f96370965b66,train
data/dataset/Non_Demented/non_697.jpg,non_697.jpg,Non-Demented,NonDemented,128,128,1,4296cd6ab305cb46cfc50554e002f9c5eb9878f138e901de1f08d6786ac690a5,train
data/dataset/Non_Demented/non_32.jpg,non_32.jpg,Non-Demented,NonDemented,128,128,1,d46a5473726393eab8e56f0230722087bc906781ddf8684b6bfeae36c06ef5a6,train
data/dataset/Non_Demented/non_146.jpg,non_146.jpg,Non-Demented,NonDemented,128,128,1,a00d2ccfde57dc840f41fea6fe394f7c04735d5d46d70d5d62b9e619fbdc0192,train
data/dataset/Non_Demented/non_2538.jpg,non_2538.jpg,Non-Demented,NonDemented,128,128,1,56ed440f5e03e00a423978bd4850d5c8fa071ce8c479207882860a75131d89c9,train
data/dataset/Non_Demented/non_845.jpg,non_845.jpg,Non-Demented,NonDemented,128,128,1,146f36bf72cf306ddc5fb09b5df0be54ca64902160ab29bb4c584f5e41ddbcef,train
data/dataset/Non_Demented/non_1158.jpg,non_1158.jpg,Non-Demented,NonDemented,128,128,1,ee1aa86f4d99e477c26a83b6d3832562044367f1186d40b4fabc61e160fe2c77,train
data/dataset/Non_Demented/non_1956.jpg,non_1956.jpg,Non-Demented,NonDemented,128,128,1,917e5befa561679e61a9bf9723915ae57d8449d6dc1b0c65eb77199eaa2b04de,train
data/dataset/Non_Demented/non_753.jpg,non_753.jpg,Non-Demented,NonDemented,128,128,1,0f567c6bdb01606c07e1e286437902d62c162d17b9e9ddc246b798908894ae1f,train
data/dataset/Non_Demented/non_2085.jpg,non_2085.jpg,Non-Demented,NonDemented,128,128,1,20503d7ae3bae46d91f2adf1ee69f670dff803cb5ca09e34d910f2651afb4647,train
data/dataset/Non_Demented/non_802.jpg,non_802.jpg,Non-Demented,NonDemented,128,128,1,cb9a92f89acd1486e1c0f33b95c6433f084eb6c6996919570d486def0e9f3f11,train
data/dataset/Non_Demented/non_2581.jpg,non_2581.jpg,Non-Demented,NonDemented,128,128,1,33e3d9359c62fc6792710c2e8029173d6b556df8802daff719090b8f33c4d90e,train
data/dataset/Non_Demented/non_1310.jpg,non_1310.jpg,Non-Demented,NonDemented,128,128,1,b309ec98cb8903ba14c6f1821a50bb5b9f6a84dd50b8ad32eaa4c6adf022ccfc,train
data/dataset/Non_Demented/non_2600.jpg,non_2600.jpg,Non-Demented,NonDemented,128,128,1,14c47db81b8768acb5fd0b66cbec2fe46f37fff4f4e6e25acb8735edff8cf332,train
data/dataset/Non_Demented/non_1869.jpg,non_1869.jpg,Non-Demented,NonDemented,128,128,1,82d1edbc5e29c5a0decfbebe0ee6217020ce20f7ec932fe9c3947ab478a36dfa,train
data/dataset/Non_Demented/non_990.jpg,non_990.jpg,Non-Demented,NonDemented,128,128,1,bc57caaf7c122f08484616a0bc6f052a2331299819a8f7ca84bbc1c5bf666a69,train
data/dataset/Non_Demented/non_107.jpg,non_107.jpg,Non-Demented,NonDemented,128,128,1,e998363b709234de5d724fd7628998e68c7661209fe743c44455994eea165090,train
data/dataset/Non_Demented/non_3111.jpg,non_3111.jpg,Non-Demented,NonDemented,128,128,1,2091091642c3fb9d923b4e8aece25d958aba74b8135e181510eb49502607ee49,train
data/dataset/Non_Demented/non_532.jpg,non_532.jpg,Non-Demented,NonDemented,128,128,1,043f5ebc1e28c5118bc59f81890290340f9d85313352ff33943b74b4139e749f,train
data/dataset/Non_Demented/non_2361.jpg,non_2361.jpg,Non-Demented,NonDemented,128,128,1,d3fc616e57c80cc84d99573063ba3928cce3701a67888d8cf0ace3f55f937d4f,train
data/dataset/Non_Demented/non_2432.jpg,non_2432.jpg,Non-Demented,NonDemented,128,128,1,6a9dd22cd368852118d65609ae357c5ee5ed519c5cfa43bafb7177cd89d439e1,train
data/dataset/Non_Demented/non_2582.jpg,non_2582.jpg,Non-Demented,NonDemented,128,128,1,0b1aaad47cee602f817e91b5956cf4ec8a16976f9d8fc7b2acb99b1147933599,train
data/dataset/Non_Demented/non_2625.jpg,non_2625.jpg,Non-Demented,NonDemented,128,128,1,ac00fc87ab5c4fc042aa23f6ca3df733b706edee2f84102936b2c5edc73ae5ab,train
data/dataset/Non_Demented/non_1916.jpg,non_1916.jpg,Non-Demented,NonDemented,128,128,1,ca01412f7b519afc6b7ec129b6ea4affc7f6e3d1cae91d5132a82d09685651cf,train
data/dataset/Non_Demented/non_1111.jpg,non_1111.jpg,Non-Demented,NonDemented,128,128,1,7fcfaecd77984699789461de0df73f7fc3470b704390e89902ca36062efc11bf,train
data/dataset/Non_Demented/non_3065.jpg,non_3065.jpg,Non-Demented,NonDemented,128,128,1,9422ed99f233cd91b114da1a2643f8155216af8d05b9cf2f616434d144943be2,train
data/dataset/Non_Demented/non_3045.jpg,non_3045.jpg,Non-Demented,NonDemented,128,128,1,cad13f57ef927ed22e2c21d1f5b1b289709354fcc7fa06e95c338472bafd9733,train
data/dataset/Non_Demented/non_1176.jpg,non_1176.jpg,Non-Demented,NonDemented,128,128,1,a6fb53f0536ee77f43b50e36aee4d753f06cc261ef8840ac0889ba997793d3d9,train
data/dataset/Non_Demented/non_662.jpg,non_662.jpg,Non-Demented,NonDemented,128,128,1,d503d0721297ec28e4047f4c267cfaf535f7c416bc7814dafb01fd618981d87e,train
data/dataset/Non_Demented/non_1016.jpg,non_1016.jpg,Non-Demented,NonDemented,128,128,1,afa813783cf0ffa7b2df05987588d28e3b6f3f4a429df366c04cb79e4f41b70d,train
data/dataset/Non_Demented/non_2649.jpg,non_2649.jpg,Non-Demented,NonDemented,128,128,1,dacf3b681243c33763d0d395e116d08f0d70ed9e97df961071a106aa1123c033,train
data/dataset/Non_Demented/non_194.jpg,non_194.jpg,Non-Demented,NonDemented,128,128,1,f2c3058098587e8466ae1cc3d633f77539108e53bd1d3c0e50c206da8cc4578c,train
data/dataset/Non_Demented/non_1444.jpg,non_1444.jpg,Non-Demented,NonDemented,128,128,1,d41638fe1c5e062b35e699d90966aeb6ae28fe4fce5307aa33f8ef685173ae09,train
data/dataset/Non_Demented/non_1275.jpg,non_1275.jpg,Non-Demented,NonDemented,128,128,1,e91d77764b024a930acc773671cb14eb9ab4e86c98ed1e0d19a622fbffd22c4f,train
data/dataset/Non_Demented/non_1178.jpg,non_1178.jpg,Non-Demented,NonDemented,128,128,1,e1fc565742ab39f12f371cbc4b3eaf947feb60704ea0d5a9044c5f311079007d,train
data/dataset/Non_Demented/non_2300.jpg,non_2300.jpg,Non-Demented,NonDemented,128,128,1,390155a5d1ae8543478d79cb6ece54166eabd002d84e539544bc49f73b29bb6f,train
data/dataset/Non_Demented/non_2575.jpg,non_2575.jpg,Non-Demented,NonDemented,128,128,1,38dab674decf1ebdfac6349972b90ad831c90f7e11d705858d5308e689e03406,train
data/dataset/Non_Demented/non_1741.jpg,non_1741.jpg,Non-Demented,NonDemented,128,128,1,9a786f8eab5f39742395fea7d703facb2333c0916f9213dbfb9e421f62aa639d,train
data/dataset/Non_Demented/non_2657.jpg,non_2657.jpg,Non-Demented,NonDemented,128,128,1,1af1d33afccea209680e2eccbc0f66daca0756334870f0e4d3cd43b23e392591,train
data/dataset/Non_Demented/non_3133.jpg,non_3133.jpg,Non-Demented,NonDemented,128,128,1,d2ea044e4e6bb987d14c1006c726918921ebf4f7682024b5252781ff994742c1,train
data/dataset/Non_Demented/non_343.jpg,non_343.jpg,Non-Demented,NonDemented,128,128,1,0773df1fc0e252e8f21a2c5f0263d3bdaff2eddaacee8c30d4d2548ba0f81f69,train
data/dataset/Non_Demented/non_2000.jpg,non_2000.jpg,Non-Demented,NonDemented,128,128,1,b6e66cf54c231974f0f9285c4fb54c9b8f71c4792a75ef18abf69b997f100cae,train
data/dataset/Non_Demented/non_63.jpg,non_63.jpg,Non-Demented,NonDemented,128,128,1,cf2e5636f251241c61adef34a94975098d3b15ee6152a61b6ac9aac11766c0c1,train
data/dataset/Non_Demented/non_2808.jpg,non_2808.jpg,Non-Demented,NonDemented,128,128,1,d5867981930541733d8452614cd0cc42e6ea0895123d41b6c859b19ac64aab2d,train
data/dataset/Non_Demented/non_1678.jpg,non_1678.jpg,Non-Demented,NonDemented,128,128,1,4ff66b4fb679ccad2ef3cb53694b60c9331e692c5cee230567240835ac6a2cb8,train
data/dataset/Non_Demented/non_1380.jpg,non_1380.jpg,Non-Demented,NonDemented,128,128,1,e64649c06a9f0a2a0677a20a9375b5d3d11f8e0da9ceff7b0414308fbdb16b11,train
data/dataset/Non_Demented/non_244.jpg,non_244.jpg,Non-Demented,NonDemented,128,128,1,20f25f695e6c8c03f8163214f5758fa8af00855a2cbd3afc99308b74300bbc82,train
data/dataset/Non_Demented/non_2901.jpg,non_2901.jpg,Non-Demented,NonDemented,128,128,1,8a130468802bc1817bfdec86fe8af6063bbc7c46799e96182917e8b52c997e59,train
data/dataset/Non_Demented/non_2010.jpg,non_2010.jpg,Non-Demented,NonDemented,128,128,1,05805b863a5b51f6297006f5125ec8391497ffaa7d78897168b4d084cbcf1a8d,train
data/dataset/Non_Demented/non_968.jpg,non_968.jpg,Non-Demented,NonDemented,128,128,1,6f1c2d431975c82ed27a875659a49aecafcf55631ee787b30f27e972c67dc6d9,train
data/dataset/Non_Demented/non_389.jpg,non_389.jpg,Non-Demented,NonDemented,128,128,1,03c74123c19a0a9e2346b8c34cf3dffdb9d0200c85bf12f5aaecf09c75acb250,train
data/dataset/Non_Demented/non_384.jpg,non_384.jpg,Non-Demented,NonDemented,128,128,1,8cf3b957b9f0967a4049a4964703df03bf22e846c510d8a8fe9a8894670ac102,train
data/dataset/Non_Demented/non_918.jpg,non_918.jpg,Non-Demented,NonDemented,128,128,1,8a6df98de52ec9f1ade3ec611cb8f80914b288ca31f5e41ba67dff86927eade0,train
data/dataset/Non_Demented/non_2918.jpg,non_2918.jpg,Non-Demented,NonDemented,128,128,1,7a2285517741fff86f31813bc8aaedd92c288a7a16d8d6d87a478ee7e5195caa,train
data/dataset/Non_Demented/non_2675.jpg,non_2675.jpg,Non-Demented,NonDemented,128,128,1,d35508a73496f104391ea784d93746b3f38fa25e805d1a04b693f00d6d9ee1e4,train
data/dataset/Non_Demented/non_2109.jpg,non_2109.jpg,Non-Demented,NonDemented,128,128,1,b25571b65ca9e67eeceaea3c5aeeb216e1b134216a4ec92f48e0d8d14208c762,train
data/dataset/Non_Demented/non_2590.jpg,non_2590.jpg,Non-Demented,NonDemented,128,128,1,c73dfdd51ca9ca443239e3a2c3f3d6bef08c6c47797f3526f83fd23752e10276,train
data/dataset/Non_Demented/non_2512.jpg,non_2512.jpg,Non-Demented,NonDemented,128,128,1,a1540dad6d09a22e7d58289fbb156ae8dbeba8a3e5178bfa4e1dca8097f00641,train
data/dataset/Non_Demented/non_1017.jpg,non_1017.jpg,Non-Demented,NonDemented,128,128,1,c69a4e50bfa10c2a141eb3af76df134cb8e67822092f44638b58d2c8b18d0ea7,train
data/dataset/Non_Demented/non_3171.jpg,non_3171.jpg,Non-Demented,NonDemented,128,128,1,09e62eafe27683f3246f9587664a11483f7f227c94989a6bf3d33360dc1b5ad4,train
data/dataset/Non_Demented/non_95.jpg,non_95.jpg,Non-Demented,NonDemented,128,128,1,d111ec2ae7f10b3a67abcf463cfcf4db01b8be6dfa50772512dfbd43739e02fc,train
data/dataset/Non_Demented/non_335.jpg,non_335.jpg,Non-Demented,NonDemented,128,128,1,428be8e0e6fd13de3628868cd25f70d9aec8ddb8b1bfe75f33bad8626db2cf65,train
data/dataset/Non_Demented/non_1565.jpg,non_1565.jpg,Non-Demented,NonDemented,128,128,1,abe90e3ade0aed29304ac4127cc7b3aeb463653c276dd241e676c72307a67170,train
data/dataset/Non_Demented/non_1473.jpg,non_1473.jpg,Non-Demented,NonDemented,128,128,1,2295de842e4461b76ce3bb5fc2abcc302607c51b564eb4eddc7e74dd82637d92,train
data/dataset/Non_Demented/non_418.jpg,non_418.jpg,Non-Demented,NonDemented,128,128,1,19e2d1058ff79acc3b758974ce6271f757630a9bd26775ea0b6e0743e7b77a89,train
data/dataset/Non_Demented/non_186.jpg,non_186.jpg,Non-Demented,NonDemented,128,128,1,6d959578a5d93f5c812c8ff9be144e930aa8c1f388f3a4bfccef31dd86e06eb8,train
data/dataset/Non_Demented/non_42.jpg,non_42.jpg,Non-Demented,NonDemented,128,128,1,8a418a402bfbb1480d750b1318b27d9a399462412a091ad1980b23bc5a73bcbc,train
data/dataset/Non_Demented/non_2468.jpg,non_2468.jpg,Non-Demented,NonDemented,128,128,1,02f9832a52622467fc143940299400e94ee6be1bbbd953451012aecc69df3bd2,train
data/dataset/Non_Demented/non_724.jpg,non_724.jpg,Non-Demented,NonDemented,128,128,1,293289b7773582fc477ac2d7d284be54e9f3323e3675b273c9efac4142a9c821,train
data/dataset/Non_Demented/non_524.jpg,non_524.jpg,Non-Demented,NonDemented,128,128,1,dd6018029c638a56cb6602663dd31e036aa5a76b68cad2a3a3defdadad5cf8f8,train
data/dataset/Non_Demented/non_2309.jpg,non_2309.jpg,Non-Demented,NonDemented,128,128,1,031daed2a7476daa09f55d6757e357838a1dc7fa4efbecfc5f081f34e3a558d9,train
data/dataset/Non_Demented/non_692.jpg,non_692.jpg,Non-Demented,NonDemented,128,128,1,57569046399dafad380599de5caa400dae62d02634b479c198851542c65a5ae3,train
data/dataset/Non_Demented/non_2704.jpg,non_2704.jpg,Non-Demented,NonDemented,128,128,1,8af19bfc324b71724a1052d5811f7acb2a4bc3417fb2e49e1b98b4e5a6d03b40,train
data/dataset/Non_Demented/non_1994.jpg,non_1994.jpg,Non-Demented,NonDemented,128,128,1,221ec01030f69ee568c2168a6ac85a87b6602f06290d52aa85cb49960b5abcad,train
data/dataset/Non_Demented/non_272.jpg,non_272.jpg,Non-Demented,NonDemented,128,128,1,a603194f36386c13e520219f14a89b8f764c9a0d46f635f252ece32877e5f820,train
data/dataset/Non_Demented/non_2495.jpg,non_2495.jpg,Non-Demented,NonDemented,128,128,1,dd2aa45d7467d489b4868a03bfbcf2369b444c76647f35d54810f82c6856f8cb,train
data/dataset/Non_Demented/non_90.jpg,non_90.jpg,Non-Demented,NonDemented,128,128,1,8262cfce6ccbfb8497df4819eb5d5f322c5139748d892fe3645fbf18a883b74a,train
data/dataset/Non_Demented/non_2225.jpg,non_2225.jpg,Non-Demented,NonDemented,128,128,1,a1c9ad0bf7ca853891197e833f4fe441895b66adde2291b18cb13fa29e5b5c6e,train
data/dataset/Non_Demented/non_1788.jpg,non_1788.jpg,Non-Demented,NonDemented,128,128,1,67aa0e6287309cd411ab55381e18ee84f1fc34f567b8b38ffaf5f8ab1c919038,train
data/dataset/Non_Demented/non_2.jpg,non_2.jpg,Non-Demented,NonDemented,128,128,1,f329b8b509317a0ef4435a9e9e3ef26676c5fdf76859d75f2a20480e76db1d81,train
data/dataset/Non_Demented/non_2452.jpg,non_2452.jpg,Non-Demented,NonDemented,128,128,1,67327976a84b178e1092b7c93f797adacda6285d3ba5affb7d7686b092d0a406,train
data/dataset/Non_Demented/non_1877.jpg,non_1877.jpg,Non-Demented,NonDemented,128,128,1,637696df2cf0150f07da8acf3b583342150fb13aff541127d4a737080a54bff1,train
data/dataset/Non_Demented/non_723.jpg,non_723.jpg,Non-Demented,NonDemented,128,128,1,0d5be25c68905bc826a85002e8afd8a94ae807c3b8329df66e537d4ef14c74b4,train
data/dataset/Non_Demented/non_91.jpg,non_91.jpg,Non-Demented,NonDemented,128,128,1,5b40752e84e77032ea1c52cfb5b416c85327f719cda321306130e767eb1b8282,train
data/dataset/Non_Demented/non_1590.jpg,non_1590.jpg,Non-Demented,NonDemented,128,128,1,e1299392d5c86829eb60ea61cad42a9f63d499c5d843bb634f2bba643cbb113a,train
data/dataset/Non_Demented/non_2669.jpg,non_2669.jpg,Non-Demented,NonDemented,128,128,1,c73180761d396e158d7fd99ca1e749e251b017cc8db5f0d3805ca10c8a647cd6,train
data/dataset/Non_Demented/non_2972.jpg,non_2972.jpg,Non-Demented,NonDemented,128,128,1,daf23f547774d7b6d5b453778fd7c69da3b14b7551df9e3792f8e1cf97bc4f8a,train
data/dataset/Non_Demented/non_551.jpg,non_551.jpg,Non-Demented,NonDemented,128,128,1,8be2fd109dc714a44a35ac960f3ce639e1228b7971bf46e23ebd52a953589a4c,train
data/dataset/Non_Demented/non_954.jpg,non_954.jpg,Non-Demented,NonDemented,128,128,1,cf761528e10d4e7c721c24287e95fb197218f229abf08e46a8f9d8627f7a45c5,train
data/dataset/Non_Demented/non_2464.jpg,non_2464.jpg,Non-Demented,NonDemented,128,128,1,ce93ca96cf493751a351b03b1f49fedeeba9b454b24ce4ae44a14d0c7becfa66,train
data/dataset/Non_Demented/non_539.jpg,non_539.jpg,Non-Demented,NonDemented,128,128,1,e5315c6fb3256655ce55ea720fbd33f80edfd795171a8524871eb514a1a0f695,train
data/dataset/Non_Demented/non_2395.jpg,non_2395.jpg,Non-Demented,NonDemented,128,128,1,c85d866339f453fbc2f4e62ee77a71f6d4e0ee2ee8d7469c48c68ec17c303035,train
data/dataset/Non_Demented/non_977.jpg,non_977.jpg,Non-Demented,NonDemented,128,128,1,8bbd8339518052291b0d834be917ace5d1d545d5b516b847cd44a5b704086279,train
data/dataset/Non_Demented/non_1955.jpg,non_1955.jpg,Non-Demented,NonDemented,128,128,1,cbb35bfd88371d653c1adcaaf12aaf22038978bb33eadbae27cbb41b95901f90,train
data/dataset/Non_Demented/non_1728.jpg,non_1728.jpg,Non-Demented,NonDemented,128,128,1,aa1654cb53db4f0a460421067375f1db78a48a4d6a7372e7e9337a737b248959,train
data/dataset/Non_Demented/non_2088.jpg,non_2088.jpg,Non-Demented,NonDemented,128,128,1,1b4681787ab1fd528cab796b05ac1f2575f5dfd86e1bcc0b91c69a9a076607eb,train
data/dataset/Non_Demented/non_846.jpg,non_846.jpg,Non-Demented,NonDemented,128,128,1,178812b0124de1efb0724b6399a5cbf3882dec4413f270920d341444698a429d,train
data/dataset/Non_Demented/non_1757.jpg,non_1757.jpg,Non-Demented,NonDemented,128,128,1,40499f64f08ad80d128128cdb344ee3f804fdba2e5b8474b6a3381770025dd16,train
data/dataset/Non_Demented/non_824.jpg,non_824.jpg,Non-Demented,NonDemented,128,128,1,950968fcff0a2a37f6d970e6d6143b97baa1f6abb62c97e07f157231afb9ca15,train
data/dataset/Non_Demented/non_2783.jpg,non_2783.jpg,Non-Demented,NonDemented,128,128,1,fb1de5eaef41767962841ff5542d7659657c4e37d7f2e742e7d3f1b07f30e2ea,train
data/dataset/Non_Demented/non_919.jpg,non_919.jpg,Non-Demented,NonDemented,128,128,1,a5c76aa8c8ed69c9a06785ed1bd465691c39e904217d65bc6e0891c6c9830f27,train
data/dataset/Non_Demented/non_1794.jpg,non_1794.jpg,Non-Demented,NonDemented,128,128,1,7b1ce2f6bef9ed31b03d69c12b452056bf597f0c61f26330e3f34cede17ed461,train
data/dataset/Non_Demented/non_608.jpg,non_608.jpg,Non-Demented,NonDemented,128,128,1,59c106aa891a4df5ff92f13d5bcbf4da2dcd34e86034276a68c5e40f0b779119,train
data/dataset/Non_Demented/non_1217.jpg,non_1217.jpg,Non-Demented,NonDemented,128,128,1,2107fed5e895356fe430eb8d99b0598582640313c7a14cc75509d83e383324f3,train
data/dataset/Non_Demented/non_2258.jpg,non_2258.jpg,Non-Demented,NonDemented,128,128,1,bebb023c5dff09dda4e79fa227c39aa51e115bf231f7dd99344a09c9d403dde7,train
data/dataset/Non_Demented/non_509.jpg,non_509.jpg,Non-Demented,NonDemented,128,128,1,91f85779e83e2a012c41328ba20eefb396b516202389f425e249adcedfb5ceb6,train
data/dataset/Non_Demented/non_659.jpg,non_659.jpg,Non-Demented,NonDemented,128,128,1,ef3b40a7c4c444f964a5a25d1ba641aca55746fe323084b4146f1096eedd72d7,train
data/dataset/Non_Demented/non_783.jpg,non_783.jpg,Non-Demented,NonDemented,128,128,1,ea1b276cb6d517c91d9f73c72da56dd1bb2a71b183bee032632f9932242b5f0d,train
data/dataset/Non_Demented/non_2164.jpg,non_2164.jpg,Non-Demented,NonDemented,128,128,1,df789400f1bf0b2f3838f7661e60f98c04b8e3c5e18293c00ec17240d353079a,train
data/dataset/Non_Demented/non_2026.jpg,non_2026.jpg,Non-Demented,NonDemented,128,128,1,640b5632155a3c215377ecfa70e92dd093f1ca64c3e5ea649a7fd646b6ff35b3,train
data/dataset/Non_Demented/non_2811.jpg,non_2811.jpg,Non-Demented,NonDemented,128,128,1,3ac579fdc68978eee5c2dd73bb5872e24e9ff9aedb9319ebf45eb44391c5cec2,train
data/dataset/Non_Demented/non_2924.jpg,non_2924.jpg,Non-Demented,NonDemented,128,128,1,443403c567c5f676a77bd33d412cb740e48b98a93f8551b0c43a119118d1b94b,train
data/dataset/Non_Demented/non_2537.jpg,non_2537.jpg,Non-Demented,NonDemented,128,128,1,03a24ec4cedb2c31cbbf7765f1bf9279eb2f8a1ce36e8a7c2d8a3f8f8b7a346f,train
data/dataset/Non_Demented/non_155.jpg,non_155.jpg,Non-Demented,NonDemented,128,128,1,43a6f3ac09f90d968c451773ebf7463af1d264bccf51aac219986a0dda9e1e22,train
data/dataset/Non_Demented/non_160.jpg,non_160.jpg,Non-Demented,NonDemented,128,128,1,38f0b338dc4049e63ba60bd8648422e18f642909e9145e63aef0bd02ab313682,train
data/dataset/Non_Demented/non_2006.jpg,non_2006.jpg,Non-Demented,NonDemented,128,128,1,e889417e38677cd737b859eccc256a6d100c85e095fb4dadcf2e6647576b179b,train
data/dataset/Non_Demented/non_2720.jpg,non_2720.jpg,Non-Demented,NonDemented,128,128,1,4efe11125e1a3555f299b8bc2c261b9563bcc2f51d3a5709ec8f6631de3335fd,train
data/dataset/Non_Demented/non_2451.jpg,non_2451.jpg,Non-Demented,NonDemented,128,128,1,bfd91c233c5a27c468abf4177d07554d1fb8793ee27ed844003699858771304c,train
data/dataset/Non_Demented/non_2420.jpg,non_2420.jpg,Non-Demented,NonDemented,128,128,1,b819508f1fa165cc164b3f7cdd295b21e634c48490cd2af2373fb44b659de217,train
data/dataset/Non_Demented/non_2834.jpg,non_2834.jpg,Non-Demented,NonDemented,128,128,1,84868f79b33cdf5ca5e0b2f040c0c629416c28466d1d572d512ef32fd790b691,train
data/dataset/Non_Demented/non_1711.jpg,non_1711.jpg,Non-Demented,NonDemented,128,128,1,3b6c4f370dca856b2a5ecb79be588658d3844a10cc989bb03c208e256bdb6fb2,train
data/dataset/Non_Demented/non_1480.jpg,non_1480.jpg,Non-Demented,NonDemented,128,128,1,c2a0191fd5a782a72f181c7f5380f5c807ecb1ef7e84979b5485b08e5afe4ecf,train
data/dataset/Non_Demented/non_1780.jpg,non_1780.jpg,Non-Demented,NonDemented,128,128,1,d09145ec0f2f5ec966118d53426828f49d88c58f4205e6bfdddbc68cdb336a2b,train
data/dataset/Non_Demented/non_651.jpg,non_651.jpg,Non-Demented,NonDemented,128,128,1,34cabcc07b12cece802905c5df80bc9d53e5897649665e8aed2fcd43446307ab,train
data/dataset/Non_Demented/non_2593.jpg,non_2593.jpg,Non-Demented,NonDemented,128,128,1,41e9ea0959091ce69a6a0d9a7c3bcd3a6963e63185c0acacc533fe75bb957e2c,train
data/dataset/Non_Demented/non_2023.jpg,non_2023.jpg,Non-Demented,NonDemented,128,128,1,73eb8f2c71eda770edd959ddace99357112838e06347e667bf9ddb6d37ed1609,train
data/dataset/Non_Demented/non_2367.jpg,non_2367.jpg,Non-Demented,NonDemented,128,128,1,2a0f8c42f14d7b24a881ba3b3a9510d298dfc6ce82e84da7b809ae95e488e5d2,train
data/dataset/Non_Demented/non_937.jpg,non_937.jpg,Non-Demented,NonDemented,128,128,1,fe0829acfcc5095d9c90b2df2afd6934ecb537c32efd8a7bee16a35b7ff7d446,train
data/dataset/Non_Demented/non_1140.jpg,non_1140.jpg,Non-Demented,NonDemented,128,128,1,423678fbb3af7e106d073c9f87e9c13353a149786c9eb09b1ccf1198231f4960,train
data/dataset/Non_Demented/non_2252.jpg,non_2252.jpg,Non-Demented,NonDemented,128,128,1,0a8fee8a39d9d5f3e5898631a609f5d45bab8c7cf228a15b0855903cbefa7775,train
data/dataset/Non_Demented/non_2975.jpg,non_2975.jpg,Non-Demented,NonDemented,128,128,1,3a4a4071f912ac0993d4decbbccaca56d505debf627cdebbc67c113d9f67113b,train
data/dataset/Non_Demented/non_1483.jpg,non_1483.jpg,Non-Demented,NonDemented,128,128,1,e8b6088def9c6b01abbd433d3b5c9c5f54c4a88ce48ed90af90cb90c7f8f7c48,train
data/dataset/Non_Demented/non_2392.jpg,non_2392.jpg,Non-Demented,NonDemented,128,128,1,d47be14241bae9c827aeb6391edbdedd5f7959522e4cb43f5e2c29cd9537f871,train
data/dataset/Non_Demented/non_2942.jpg,non_2942.jpg,Non-Demented,NonDemented,128,128,1,37985b67e10d1deb2152b4b11004b1b9fb1312d250e4a422cf658d41be76c481,train
data/dataset/Non_Demented/non_2915.jpg,non_2915.jpg,Non-Demented,NonDemented,128,128,1,6def45f0dd93d94dc415ea32b6ee86c0233d3dd9c3d1066820db24792409aea1,train
data/dataset/Non_Demented/non_2956.jpg,non_2956.jpg,Non-Demented,NonDemented,128,128,1,426326cb84a52ffd57702eee5f42d6ebc629258c5dfdb784a8c9ace58beb828e,train
data/dataset/Non_Demented/non_427.jpg,non_427.jpg,Non-Demented,NonDemented,128,128,1,1cbd21362578ec0a063738503c4541f1ac7ec09684c8c992dbc0f1790627dab6,train
data/dataset/Non_Demented/non_2124.jpg,non_2124.jpg,Non-Demented,NonDemented,128,128,1,9f4eed05682199976c42733f88777b62f50746a809f64f477d9c09f403a7b9e6,train
data/dataset/Non_Demented/non_2149.jpg,non_2149.jpg,Non-Demented,NonDemented,128,128,1,d02dfd316373f388e9797163ebd97131661ae9c1ad40abaa2ed81777f6a05317,train
data/dataset/Non_Demented/non_936.jpg,non_936.jpg,Non-Demented,NonDemented,128,128,1,5daf790f1f0a2eea3ab448f3d1d71c2a532e79b343b9bfe0d3cd3cc9dccba6f6,train
data/dataset/Non_Demented/non_3031.jpg,non_3031.jpg,Non-Demented,NonDemented,128,128,1,b24d4814b33113054872e3f5bd9c50f94319e3ffd7b165313d715259bec9e09c,train
data/dataset/Non_Demented/non_2250.jpg,non_2250.jpg,Non-Demented,NonDemented,128,128,1,48b7b7633613cbab7836e4f277bb828a18f95fe8cbfdbc20bf07768a6f719d32,train
data/dataset/Non_Demented/non_2559.jpg,non_2559.jpg,Non-Demented,NonDemented,128,128,1,c52c7b13172074f8c073199348b51acbe48c8f60ee924623b8436088cc8517b6,train
data/dataset/Non_Demented/non_3020.jpg,non_3020.jpg,Non-Demented,NonDemented,128,128,1,042d91da5ed2d22d5bd4354db49db55d5ecb03a66f067067fd8d42ec6ca0f79c,train
data/dataset/Non_Demented/non_169.jpg,non_169.jpg,Non-Demented,NonDemented,128,128,1,a5abf8c1f843e217af14927da6e7f16b390a5e656f5039e7a5f82ebd0492b5df,train
data/dataset/Non_Demented/non_2476.jpg,non_2476.jpg,Non-Demented,NonDemented,128,128,1,ab3b4b56bb5d236bd9da4b875a3725fade2b72ba55328b59110d1d5e2d4baaba,train
data/dataset/Non_Demented/non_2368.jpg,non_2368.jpg,Non-Demented,NonDemented,128,128,1,e5003aa34ae6c2b6bbf1889ed59afecaebb438b73cb483b195b53aad1d0fa797,train
data/dataset/Non_Demented/non_44.jpg,non_44.jpg,Non-Demented,NonDemented,128,128,1,c4069e79fb39c77a0807a39bde5c61b768d038f57fb8ce4189ecb5ffe4bc2966,train
data/dataset/Non_Demented/non_33.jpg,non_33.jpg,Non-Demented,NonDemented,128,128,1,94105ceb258e2d177d9ff44ad26dbc1ea66a34c12cc0c276248bbe30511973e5,train
data/dataset/Non_Demented/non_2408.jpg,non_2408.jpg,Non-Demented,NonDemented,128,128,1,deb9d31994f3164021f2cce93f47f7db29f7281dc66a7fa6fb4eb4254d9b2380,train
data/dataset/Non_Demented/non_804.jpg,non_804.jpg,Non-Demented,NonDemented,128,128,1,9f9ddce769f1699b8d6abd0b4d6569aaf58b6b04220da238193cbe1255e43066,train
data/dataset/Non_Demented/non_1579.jpg,non_1579.jpg,Non-Demented,NonDemented,128,128,1,453ef34d65ebb75b45a85151044c42c99b7c42ee3cbc7b4b66e7d14b935cd0f2,train
data/dataset/Non_Demented/non_302.jpg,non_302.jpg,Non-Demented,NonDemented,128,128,1,44dbbe8ced89ee64f192398bef2a69f312ea877f9795403ce5952fb75207bda1,train
data/dataset/Non_Demented/non_1462.jpg,non_1462.jpg,Non-Demented,NonDemented,128,128,1,ac978ee9213f002475177a1ea46867c3b7b01896bfb333108b14ae572c1755aa,train
data/dataset/Non_Demented/non_494.jpg,non_494.jpg,Non-Demented,NonDemented,128,128,1,1fc974d5a03da960263842c3309b59eaf0d8b0d136b8410ec287642e37bbcf25,train
data/dataset/Non_Demented/non_451.jpg,non_451.jpg,Non-Demented,NonDemented,128,128,1,070076a468e9d4a23048657475c3854a37c65e35b3c21f7a7d5bd36bc8aa9643,train
data/dataset/Non_Demented/non_1198.jpg,non_1198.jpg,Non-Demented,NonDemented,128,128,1,5972e9ccf41a97969e19d53e527375a8b450f966a97ef4f04e63a4baea7bca89,train
data/dataset/Non_Demented/non_627.jpg,non_627.jpg,Non-Demented,NonDemented,128,128,1,1a61d693116c7df4a96f5782ed583b3b277707f4c18f52a2f8e86ba5fc914190,train
data/dataset/Non_Demented/non_406.jpg,non_406.jpg,Non-Demented,NonDemented,128,128,1,6a3581e8a031fa7f51c8a95d11cffc2790b9253cc002146233498a4547b92f09,train
data/dataset/Non_Demented/non_184.jpg,non_184.jpg,Non-Demented,NonDemented,128,128,1,b2f7f52d3bd9092160cedfb3ee27dd053f953653c5d989a1087cda033d212ec3,train
data/dataset/Non_Demented/non_173.jpg,non_173.jpg,Non-Demented,NonDemented,128,128,1,dedaade650d7b94d0811eeb7e12799981603a8c5d2e744f3ccdf5732f418a6f6,train
data/dataset/Non_Demented/non_2148.jpg,non_2148.jpg,Non-Demented,NonDemented,128,128,1,e9a42ed2c2418bdf64336c5bbb92c1c7638c65762cea943b12e4b80cc65033ca,train
data/dataset/Non_Demented/non_1739.jpg,non_1739.jpg,Non-Demented,NonDemented,128,128,1,b57c433243425cca9aa5f40de60848b346bccef199b0a4f381730901acad6edf,train
data/dataset/Non_Demented/non_85.jpg,non_85.jpg,Non-Demented,NonDemented,128,128,1,ce1a74bfad281e6762d956093f11ac197a0228aac5238a9f3622bcabd378664b,train
data/dataset/Non_Demented/non_2533.jpg,non_2533.jpg,Non-Demented,NonDemented,128,128,1,8e62e1f62ac9344de0dbff167e7b45500a27d20d8121aca4a30daba16adfd60c,train
data/dataset/Non_Demented/non_1010.jpg,non_1010.jpg,Non-Demented,NonDemented,128,128,1,9d1a5eb62cf9f524163a4455d9d94b232f2400b54eadc78e3999755e17a7caa1,train
data/dataset/Non_Demented/non_2705.jpg,non_2705.jpg,Non-Demented,NonDemented,128,128,1,fc1efb22ebf1011c6747e25b9a40890045236e1faa834f5a26f804ca67c4c234,train
data/dataset/Non_Demented/non_1474.jpg,non_1474.jpg,Non-Demented,NonDemented,128,128,1,147aa698cb97d586cbbb2df21dce15c5baee63a6e39f9438a2f31da14e6157d2,train
data/dataset/Non_Demented/non_1903.jpg,non_1903.jpg,Non-Demented,NonDemented,128,128,1,ffeecc3f4b1359469f7fa2fa40efadfecdae12d3275b1729d367997a951bba8b,train
data/dataset/Non_Demented/non_2059.jpg,non_2059.jpg,Non-Demented,NonDemented,128,128,1,908b280dc42d1cacc7339be5ca452ee49ae2b6340b0b61b33cef5cf6f885a6d1,train
data/dataset/Non_Demented/non_1682.jpg,non_1682.jpg,Non-Demented,NonDemented,128,128,1,cf57ebf1a528ed566bea89d4c702d39c648b643ae6a15b0645c6595a619ee08b,train
data/dataset/Non_Demented/non_745.jpg,non_745.jpg,Non-Demented,NonDemented,128,128,1,3231de8401ff29deafa5a20b27eb0506022a206756b0cb603d8c03342ba2f8ab,train
data/dataset/Non_Demented/non_2747.jpg,non_2747.jpg,Non-Demented,NonDemented,128,128,1,7cf4d004a1a4ea8eb547ce20542f9fd9c4f087b0f3b306299e037d5b925b0ef9,train
data/dataset/Non_Demented/non_1746.jpg,non_1746.jpg,Non-Demented,NonDemented,128,128,1,8be183b06449ac55b6997ed60b37d32edc41edafd2735917f9744209a7a05f36,train
data/dataset/Non_Demented/non_3098.jpg,non_3098.jpg,Non-Demented,NonDemented,128,128,1,fca743dc9f9b9c7fd048bf1429cd60853fc745a8c53b733fc32502b4c3a4d72a,train
data/dataset/Non_Demented/non_976.jpg,non_976.jpg,Non-Demented,NonDemented,128,128,1,46b0c1ba25cfd9454881bdf12347497f11f676363447de483a6325794fc88e40,train
data/dataset/Non_Demented/non_1576.jpg,non_1576.jpg,Non-Demented,NonDemented,128,128,1,22c77d3398702daba817ba03085a518bb7afcb7690fbfd1da62771c571b70d86,train
data/dataset/Non_Demented/non_191.jpg,non_191.jpg,Non-Demented,NonDemented,128,128,1,3a3d65ec1c71d87357cb7cefc52649bd0cac7b77f3d1f819f8b65035101197e8,train
data/dataset/Non_Demented/non_571.jpg,non_571.jpg,Non-Demented,NonDemented,128,128,1,d08327087a734e0995865c0ae21315eb0311162509c58dad8f9b4a533e9b3d14,train
data/dataset/Non_Demented/non_2864.jpg,non_2864.jpg,Non-Demented,NonDemented,128,128,1,f9269b5d6621efd0f3f702e6af81009177a6a0dd2b556bfecf9902aef37d174e,train
data/dataset/Non_Demented/non_1572.jpg,non_1572.jpg,Non-Demented,NonDemented,128,128,1,cf654eea132e5aa7fa5a271787b6b954fabd938cb7b3f0b93a87e20473a2cc47,train
data/dataset/Non_Demented/non_1245.jpg,non_1245.jpg,Non-Demented,NonDemented,128,128,1,383a3051b14ce0d0e2c7d332c339f455eacf3c9c7af7e68cd579b088ceb2cfdb,train
data/dataset/Non_Demented/non_2835.jpg,non_2835.jpg,Non-Demented,NonDemented,128,128,1,36629926c3644589c3cbb330bbcac110927e715f9117d69d634316bef4b7d976,train
data/dataset/Non_Demented/non_2216.jpg,non_2216.jpg,Non-Demented,NonDemented,128,128,1,96ff75f76df5464a15517b653aa2da85fa04fab1e72c2999076f05befeda6cea,train
data/dataset/Non_Demented/non_2807.jpg,non_2807.jpg,Non-Demented,NonDemented,128,128,1,16b285c324981f9cd0065691bfb9aaa281f5ebef0754011e4211f308bbf4b13d,train
data/dataset/Non_Demented/non_3036.jpg,non_3036.jpg,Non-Demented,NonDemented,128,128,1,f12d8ead2842195e8e3b29eb6be01393ee25d653e84b234a408d68495284e85d,train
data/dataset/Non_Demented/non_2313.jpg,non_2313.jpg,Non-Demented,NonDemented,128,128,1,e617c580a2dec278ed055da04c5c983d8c5ac7068564977e5c93c1b10c655d2f,train
data/dataset/Non_Demented/non_1654.jpg,non_1654.jpg,Non-Demented,NonDemented,128,128,1,e6dc4e6f78aad2cff3064b312dfc0b8c7a703801e4c0d8157dc144e557012876,train
data/dataset/Non_Demented/non_2097.jpg,non_2097.jpg,Non-Demented,NonDemented,128,128,1,0ef134c8a316e4e82e7262139230aae4d6fd41a2908bd3d26178141c98354070,train
data/dataset/Non_Demented/non_2777.jpg,non_2777.jpg,Non-Demented,NonDemented,128,128,1,30f0f2b4623875ee7692a343744d1f1e7b33b8180f1780a482628614acd38cdb,train
data/dataset/Non_Demented/non_3078.jpg,non_3078.jpg,Non-Demented,NonDemented,128,128,1,5ed1c1651e8636d250908495b9dca1e7db9ab31fd3dc77763ec5a59227f6fd66,train
data/dataset/Non_Demented/non_483.jpg,non_483.jpg,Non-Demented,NonDemented,128,128,1,f576eadf6419ba1200d45665ca20911461ad7338711b2d77ac01b1f7782f0289,train
data/dataset/Non_Demented/non_2074.jpg,non_2074.jpg,Non-Demented,NonDemented,128,128,1,5f531027a7762727fb652d8df3b33c387fdf204fb57b613262f6d15c01c4890b,train
data/dataset/Non_Demented/non_64.jpg,non_64.jpg,Non-Demented,NonDemented,128,128,1,40fbd2ceaa941bca169c55d475c59f31898ed85495201a0c5e4007c778dc3616,train
data/dataset/Non_Demented/non_585.jpg,non_585.jpg,Non-Demented,NonDemented,128,128,1,d59a2842fb308d0d6e58f568312b6154957735849dc1ed1f6711abeab62cdd0d,train
data/dataset/Non_Demented/non_2057.jpg,non_2057.jpg,Non-Demented,NonDemented,128,128,1,b47a13454ec30a80c6a19da7818cfc714921b402258875325483b44be34ec3dd,train
data/dataset/Non_Demented/non_1543.jpg,non_1543.jpg,Non-Demented,NonDemented,128,128,1,01cbe1fdccb8ffcfc37a5494934cfc6e559f241574714c1d48cb951fa50dceaa,train
data/dataset/Non_Demented/non_2259.jpg,non_2259.jpg,Non-Demented,NonDemented,128,128,1,b0897d7aa2ce8930c428109c15eec7f0b4bd24acc91a2ca45f44d9ddd8f3b4aa,train
data/dataset/Non_Demented/non_357.jpg,non_357.jpg,Non-Demented,NonDemented,128,128,1,cc21ba97107241a31b94273669725753d5fb40daf96e2f95942062324aed897a,train
data/dataset/Non_Demented/non_2925.jpg,non_2925.jpg,Non-Demented,NonDemented,128,128,1,a1b14a675e6376647385c1e99797c5835ad5ec57c85c54c48d4097d1977a2b12,train
data/dataset/Non_Demented/non_2786.jpg,non_2786.jpg,Non-Demented,NonDemented,128,128,1,fea5e9249ab9f44afd5d0155f7673ba1be9b3d95b65233dfedf1e9d8a2876d91,train
data/dataset/Non_Demented/non_701.jpg,non_701.jpg,Non-Demented,NonDemented,128,128,1,c7935b73653f173083c86d1ef74163392134e90415c4332d7202672758665b89,train
data/dataset/Non_Demented/non_621.jpg,non_621.jpg,Non-Demented,NonDemented,128,128,1,bfc55945914ebe00e230d7f9b328a3e38bbd2dde5837992b198185020caf7229,train
data/dataset/Non_Demented/non_101.jpg,non_101.jpg,Non-Demented,NonDemented,128,128,1,45e90c08a0e5239701f914ad0c04fecbc73d0779a4d33146defc3dbd902b71e3,train
data/dataset/Non_Demented/non_2527.jpg,non_2527.jpg,Non-Demented,NonDemented,128,128,1,a524c33c092e9bcd4c1407c660147d205e36f751445f5261a7d0525b35addf5d,train
data/dataset/Non_Demented/non_486.jpg,non_486.jpg,Non-Demented,NonDemented,128,128,1,8428c866c90441584eb0a27e4e14bcfae88f32347cf40238c0694ef493c2f8b8,train
data/dataset/Non_Demented/non_1806.jpg,non_1806.jpg,Non-Demented,NonDemented,128,128,1,7363c264a7c828bcb866f4a7284bf1a9b95f34da0dd41a24e104517eedf9acbb,train
data/dataset/Non_Demented/non_1400.jpg,non_1400.jpg,Non-Demented,NonDemented,128,128,1,1191dc1f0139544f14779a1f7acbeb106c86e725d2dd58a29aae9965a916b85f,train
data/dataset/Non_Demented/non_3026.jpg,non_3026.jpg,Non-Demented,NonDemented,128,128,1,426113c9efb55572afe9318e77b41b790aeaff8cf7bd454157214125bb5a20ed,train
data/dataset/Non_Demented/non_847.jpg,non_847.jpg,Non-Demented,NonDemented,128,128,1,5e60a732eda263f54d867d68fdd6db8b91b0edbdaa0ad5891a111f74e7415ff7,train
data/dataset/Non_Demented/non_2017.jpg,non_2017.jpg,Non-Demented,NonDemented,128,128,1,13ae2dbc9d4cc30c3fbed5cbc1fa6fa47b9e496e4c6fc2bd52aae7ce98b9ee83,train
data/dataset/Non_Demented/non_96.jpg,non_96.jpg,Non-Demented,NonDemented,128,128,1,b120bd4e2cc56316dbeed3efd1e75f78033db7ecc5d74a1ec068de550f897675,train
data/dataset/Non_Demented/non_2287.jpg,non_2287.jpg,Non-Demented,NonDemented,128,128,1,3817d3378b0c8ed88d1ab9b7f010add10024178634c56e86524e56e19981219c,train
data/dataset/Non_Demented/non_2065.jpg,non_2065.jpg,Non-Demented,NonDemented,128,128,1,9fca673e7f4af2882b9e3c4bf0336c378faf5942ed320cf79cdc09fa710f3e75,train
data/dataset/Non_Demented/non_1092.jpg,non_1092.jpg,Non-Demented,NonDemented,128,128,1,86274a5900413c090416a6c8e386b4e80f114f63af5a655ac74ce34eb1f94955,train
data/dataset/Non_Demented/non_1117.jpg,non_1117.jpg,Non-Demented,NonDemented,128,128,1,4b01b84a6ae1bdec65ea7ed6d35bbd51e37fb6d84c55fdcb860af1a37236d93b,train
data/dataset/Non_Demented/non_2070.jpg,non_2070.jpg,Non-Demented,NonDemented,128,128,1,ce8063eb8c365485fda2b2fe9d1602ba1c48f34546ab5bfcc2f2718defa90965,train
data/dataset/Non_Demented/non_543.jpg,non_543.jpg,Non-Demented,NonDemented,128,128,1,d131ce89dee4b83aec9448ca6866a4209aadf8ceecf2875c7a3b0db50358e340,train
data/dataset/Non_Demented/non_1770.jpg,non_1770.jpg,Non-Demented,NonDemented,128,128,1,b4b508fccd24fbe162b703155516ce50515df0e5ed909efddc113192d1c88e9e,train
data/dataset/Non_Demented/non_1348.jpg,non_1348.jpg,Non-Demented,NonDemented,128,128,1,35aab6af3f7641c7d8ad311601a0408c2d3cd9982f8ea03156144a1b35c07fbe,train
data/dataset/Non_Demented/non_291.jpg,non_291.jpg,Non-Demented,NonDemented,128,128,1,9ac29114205958909f1cac25f81eb1d1c7c2bde25484ec99589b548e2128a017,train
data/dataset/Non_Demented/non_1267.jpg,non_1267.jpg,Non-Demented,NonDemented,128,128,1,3a0ffadbb503eb9f54627042b6242a6e0295bc90f298aac79bfc2ee48753f32d,train
data/dataset/Non_Demented/non_2760.jpg,non_2760.jpg,Non-Demented,NonDemented,128,128,1,eff5c92bdd70cc7d06aa8f472336a5cb60e7036b7a241740b0514bea94e286c7,train
data/dataset/Non_Demented/non_1487.jpg,non_1487.jpg,Non-Demented,NonDemented,128,128,1,422dfb0429dbc38f08df7ef536868556c0c93c6dffe0185c8a17326734fae158,train
data/dataset/Non_Demented/non_1611.jpg,non_1611.jpg,Non-Demented,NonDemented,128,128,1,8366387f55f0081cd75aeab9be2ea18b704b0ff45ec46f7e27778bf4176d61e7,train
data/dataset/Non_Demented/non_806.jpg,non_806.jpg,Non-Demented,NonDemented,128,128,1,49467145224260d6b2c79ee6a6498719933f6049dd072f6ee002646d64f38da0,train
data/dataset/Non_Demented/non_1706.jpg,non_1706.jpg,Non-Demented,NonDemented,128,128,1,9d4668b430e86ca179eaafb900d7dbaa87d7a0b086a77dca592dc31d2a7dc4ac,train
data/dataset/Non_Demented/non_1510.jpg,non_1510.jpg,Non-Demented,NonDemented,128,128,1,c6f8df4533a9701b35a7747deecd1229bcc9ac58ceb07eb39adef36f997e0b53,train
data/dataset/Non_Demented/non_1324.jpg,non_1324.jpg,Non-Demented,NonDemented,128,128,1,8714ccd6f648b76320b19106dcd1103691b825437c80a753c3eda8b1d0cef34f,train
data/dataset/Non_Demented/non_1687.jpg,non_1687.jpg,Non-Demented,NonDemented,128,128,1,affe5f058ea59c677476b0594f423b294991fb13c0b55679a3b4287302db7a61,train
data/dataset/Non_Demented/non_2388.jpg,non_2388.jpg,Non-Demented,NonDemented,128,128,1,6d6a7bfcebf94ab7743b028fff86d0b68a58ec2fc178f5131686080d30fc4232,train
data/dataset/Non_Demented/non_1508.jpg,non_1508.jpg,Non-Demented,NonDemented,128,128,1,75dacbf572011d884066ed4939cebb31e4bea42ed9956d7644fb51b0382755a6,train
data/dataset/Non_Demented/non_2409.jpg,non_2409.jpg,Non-Demented,NonDemented,128,128,1,3ee32c38e83549f2928fba2990e15e954782c7ece259fc8a9104637543364975,train
data/dataset/Non_Demented/non_1972.jpg,non_1972.jpg,Non-Demented,NonDemented,128,128,1,64fa508abdbe0aa164f33fcc1e5a14468b373ecb638fd8cf8a0ecf8c6e759f9e,train
data/dataset/Non_Demented/non_3091.jpg,non_3091.jpg,Non-Demented,NonDemented,128,128,1,e486305393e65661ce4171373c91d9a69ab64a2dcb69280f10952b45e27a8013,train
data/dataset/Non_Demented/non_1925.jpg,non_1925.jpg,Non-Demented,NonDemented,128,128,1,357f0ea07d30b3b78079b93b3ac87b340b5bf19231b4caf3e07e59d43b2a754e,train
data/dataset/Non_Demented/non_2248.jpg,non_2248.jpg,Non-Demented,NonDemented,128,128,1,cc5696ac8b4bf5f6aa930a746842437206b72385baa169582048af26af478f2e,train
data/dataset/Non_Demented/non_2317.jpg,non_2317.jpg,Non-Demented,NonDemented,128,128,1,99ab81e46c49bffc7b4c38d38c12bd1c3dd93d0be87a51fd5857f080d7273e76,train
data/dataset/Non_Demented/non_2951.jpg,non_2951.jpg,Non-Demented,NonDemented,128,128,1,6d358a546e13f86cc55d0af44fe9b79de2763d047fbf8185a96f34d69a055076,train
data/dataset/Non_Demented/non_775.jpg,non_775.jpg,Non-Demented,NonDemented,128,128,1,85b48fbe459f0654fac4fab927b5952ac65ddda4b9fcccafb1e79f3a6ac885a8,train
data/dataset/Non_Demented/non_2007.jpg,non_2007.jpg,Non-Demented,NonDemented,128,128,1,3b303d0886eb952878d6ef4c3469550f2dada9b2b51182e5d003da9733831151,train
data/dataset/Non_Demented/non_1870.jpg,non_1870.jpg,Non-Demented,NonDemented,128,128,1,6d186f3991eb2d64f5ecf1af0c9d4e5c03ec12296465a99f9700e767813129db,train
data/dataset/Non_Demented/non_2804.jpg,non_2804.jpg,Non-Demented,NonDemented,128,128,1,6a1f0066b72b5efe8582d081ec43f8ef048d1c8fac776118c128c9286a79493e,train
data/dataset/Non_Demented/non_1883.jpg,non_1883.jpg,Non-Demented,NonDemented,128,128,1,bbf566f2642e0f0c6c55154813f9da0caaba93e54405bd1d20c8a62e65d86651,train
data/dataset/Non_Demented/non_1264.jpg,non_1264.jpg,Non-Demented,NonDemented,128,128,1,0a7d370bfe1c98b063c812033fd2573ecca2fd70c71d279bcaea2a14a9c7718c,train
data/dataset/Non_Demented/non_1183.jpg,non_1183.jpg,Non-Demented,NonDemented,128,128,1,d70bceb18740bf6427430c2be43787198a1982e621662b489eb0c06c8b0ed3ee,train
data/dataset/Non_Demented/non_756.jpg,non_756.jpg,Non-Demented,NonDemented,128,128,1,4b56a1d0b44425fefd91c8fb084941e2ae2439f5af9efe2ba0c21b66b42e710f,train
data/dataset/Non_Demented/non_1361.jpg,non_1361.jpg,Non-Demented,NonDemented,128,128,1,c23914e5e68067b1b7706f8118e4036b762aff767c4188bc9b9c03cc78e2122e,train
data/dataset/Non_Demented/non_1807.jpg,non_1807.jpg,Non-Demented,NonDemented,128,128,1,7f7aa527589f37dd28fe36e14d370f51af271fdba68ce3c2c68216c96aab6707,train
data/dataset/Non_Demented/non_3074.jpg,non_3074.jpg,Non-Demented,NonDemented,128,128,1,5772a831d95501bde1e65e609f26103452a5e25b95b3271cab245c9aa3bab245,train
data/dataset/Non_Demented/non_2380.jpg,non_2380.jpg,Non-Demented,NonDemented,128,128,1,0a9bff73865b214d4e64d19178f3c27fa4c023e8b7adeec5fc38079841cbcc5f,train
data/dataset/Non_Demented/non_769.jpg,non_769.jpg,Non-Demented,NonDemented,128,128,1,e2b3733dccbdb6d17cb9a4174c14ece05366bdfa15ea94f11340fb8d802e7633,train
data/dataset/Non_Demented/non_671.jpg,non_671.jpg,Non-Demented,NonDemented,128,128,1,46dc9b2d8b987c1471b311d5bbffb13225204c647105fb086f4106e370460ce3,train
data/dataset/Non_Demented/non_2699.jpg,non_2699.jpg,Non-Demented,NonDemented,128,128,1,148a1c9109a5691c61f966b1c1929d8b37d6358aa9281bfc3c69d4f4595cccbe,train
data/dataset/Non_Demented/non_2190.jpg,non_2190.jpg,Non-Demented,NonDemented,128,128,1,944bcbd44135b04265d67e0b0c0482b3c035b87d78fff6d5acdf33612c06ba62,train
data/dataset/Non_Demented/non_994.jpg,non_994.jpg,Non-Demented,NonDemented,128,128,1,a940488a6769b28e7751bfed47ca4b33972f755c70d65e0568909dce0baadb7e,train
data/dataset/Non_Demented/non_712.jpg,non_712.jpg,Non-Demented,NonDemented,128,128,1,4e79230a6570908394fc5c50ec3881b28fb737e5c272e79ce089d5c50ab4b93c,train
data/dataset/Non_Demented/non_1052.jpg,non_1052.jpg,Non-Demented,NonDemented,128,128,1,fc68e8a4aa40f70dfd7ec46735208527285b0a69c44de37adbd91f472b1ebfe8,train
data/dataset/Non_Demented/non_1538.jpg,non_1538.jpg,Non-Demented,NonDemented,128,128,1,505e827bf7c114093276f9118fa2cffcb40a970d3ba0b627c2fcde4917df7e88,train
data/dataset/Non_Demented/non_962.jpg,non_962.jpg,Non-Demented,NonDemented,128,128,1,804ffd3172b5a24df474a43b9e971e381eebe50adcded06f7a502f14f665802b,train
data/dataset/Non_Demented/non_991.jpg,non_991.jpg,Non-Demented,NonDemented,128,128,1,1e58c02fb89796f846ff9d1fb5041c9d861bef05530219be35045a3e5a219547,train
data/dataset/Non_Demented/non_2516.jpg,non_2516.jpg,Non-Demented,NonDemented,128,128,1,0cf373b90fc915ae75134651ca0eb3bd59cd79f9fcd86ce14ac0467abfd2c7f7,train
data/dataset/Non_Demented/non_1206.jpg,non_1206.jpg,Non-Demented,NonDemented,128,128,1,4df652ea351fee0bfc5a0f26f52a1e40c034437c92b8e4d091656d46a381aeb2,train
data/dataset/Non_Demented/non_3046.jpg,non_3046.jpg,Non-Demented,NonDemented,128,128,1,5a51d4bcc8013a2a2663bdf1e8fe223b02e784f1957b0fe57dd950f8bccbb419,train
data/dataset/Non_Demented/non_1688.jpg,non_1688.jpg,Non-Demented,NonDemented,128,128,1,1a772b71fe93988b152e8e460bcaa9fe189c2bbc4d4b2be31c86239939f95fb4,train
data/dataset/Non_Demented/non_1844.jpg,non_1844.jpg,Non-Demented,NonDemented,128,128,1,ae221a8ebfc9bc1d0fd8ab3dafcd423b85203edf95aee855d1e8935e2731ddb1,train
data/dataset/Non_Demented/non_799.jpg,non_799.jpg,Non-Demented,NonDemented,128,128,1,8b205fa4c43d8f419243d769b33c985bbd651d2decb762f8971fe02b6df7fdfe,train
data/dataset/Non_Demented/non_854.jpg,non_854.jpg,Non-Demented,NonDemented,128,128,1,c2ae43be69578a74d452f931486c4e0e72a04a463281a490ea123923523a66ab,train
data/dataset/Non_Demented/non_2546.jpg,non_2546.jpg,Non-Demented,NonDemented,128,128,1,8b20655f1e84c523a7ede4c255186be99f4580eeb3ed9c9b61c04fa2ed800066,train
data/dataset/Non_Demented/non_966.jpg,non_966.jpg,Non-Demented,NonDemented,128,128,1,f2209f2f596c06edd4c47bad274ca9bdf13effe9e9fd807828023a57e2b23804,train
data/dataset/Non_Demented/non_2961.jpg,non_2961.jpg,Non-Demented,NonDemented,128,128,1,3070328a1ed542d48d4dbb8303f2a4450ad5308d3aabcd753e30cf2739bdbc3e,train
data/dataset/Non_Demented/non_2449.jpg,non_2449.jpg,Non-Demented,NonDemented,128,128,1,fb29b85cef64d5e9841d14267d80091032861f632c972b8f3a64a6fead79d620,train
data/dataset/Non_Demented/non_2622.jpg,non_2622.jpg,Non-Demented,NonDemented,128,128,1,60ac1c36e445857ca7586fb9c44f45fcda65c133d01b4d308a64681f730345dc,train
data/dataset/Non_Demented/non_2931.jpg,non_2931.jpg,Non-Demented,NonDemented,128,128,1,c84c761e8fc2ae078e7a0eb2b42896d2f19636c7e636fd856d2396319a1aa9eb,train
data/dataset/Non_Demented/non_1593.jpg,non_1593.jpg,Non-Demented,NonDemented,128,128,1,64532d4e88b7d451f143aa8a40a46c5767f258f6bdc1f4ef2a3709e08b46c46f,train
data/dataset/Non_Demented/non_315.jpg,non_315.jpg,Non-Demented,NonDemented,128,128,1,f39639fa14027759b63765952ffc5679247c864ee1d979475aef5a7ab3c6f5f9,train
data/dataset/Non_Demented/non_1588.jpg,non_1588.jpg,Non-Demented,NonDemented,128,128,1,db4dc30431cb5c1b045e4d0db83717b01e26d7efb3614e11c91465ac6e5983fd,train
data/dataset/Non_Demented/non_1808.jpg,non_1808.jpg,Non-Demented,NonDemented,128,128,1,94cc5bc3e11d6b87cea34028a501dcd262f7ee7ada557788fac50066692a8da5,train
data/dataset/Non_Demented/non_1551.jpg,non_1551.jpg,Non-Demented,NonDemented,128,128,1,dcd9b6e57c55abb66182a6f15edb55ca3866b1b9851d8e6652a04c39eb58bd26,train
data/dataset/Non_Demented/non_3188.jpg,non_3188.jpg,Non-Demented,NonDemented,128,128,1,6fe661de80b509f8ae3d706b170fd9ddde7b0207bb79ee92594ec1a542fcfe55,train
data/dataset/Non_Demented/non_2977.jpg,non_2977.jpg,Non-Demented,NonDemented,128,128,1,e0aa612c4ceabc99d3a49f0fc61019240d4b6728ebf98ba7cc4a113ec0505315,train
data/dataset/Non_Demented/non_1672.jpg,non_1672.jpg,Non-Demented,NonDemented,128,128,1,22df2d4dc7ab91b3b91fbb3bc0d10c3ea1f10016c5a3810d447e020a78a1007e,train
data/dataset/Non_Demented/non_2993.jpg,non_2993.jpg,Non-Demented,NonDemented,128,128,1,aae625fe029b93f28554de61e953f901b490de320c494d7d123e8b7de5250def,train
data/dataset/Non_Demented/non_298.jpg,non_298.jpg,Non-Demented,NonDemented,128,128,1,251138c75031f6058dbec3dbbd25155596e17d88533b37000f6a297aaa9cfe61,train
data/dataset/Non_Demented/non_929.jpg,non_929.jpg,Non-Demented,NonDemented,128,128,1,9b4e9f14016b048b05a634636aa28bfb2788072209e6ee78712f7c8f7f5cc648,train
data/dataset/Non_Demented/non_2336.jpg,non_2336.jpg,Non-Demented,NonDemented,128,128,1,73ceee0a73683d9fdaaa004b9d0207e70852fc9beeb271b8619baf7987080d79,train
data/dataset/Non_Demented/non_1699.jpg,non_1699.jpg,Non-Demented,NonDemented,128,128,1,5f8683744a37d358ef4c9d1aa356638d93f8f62f45e2b9a5f5ffb253af2f584b,train
data/dataset/Non_Demented/non_2874.jpg,non_2874.jpg,Non-Demented,NonDemented,128,128,1,3b347fad5c069369d2a8985c6e404b98d8c070fe4a93c7e6ab85449929e5d505,train
data/dataset/Non_Demented/non_441.jpg,non_441.jpg,Non-Demented,NonDemented,128,128,1,7c59ab2611e689b34da68de0de958b5eb1611b2977c69ecca57af13e0f74e97e,train
data/dataset/Non_Demented/non_1921.jpg,non_1921.jpg,Non-Demented,NonDemented,128,128,1,10faa587cef5113ed1513380a19b79e771ae5d900df5fc91788f8ea90163c9b4,train
data/dataset/Non_Demented/non_2213.jpg,non_2213.jpg,Non-Demented,NonDemented,128,128,1,e9cab673dd770114f05c49a0f9211c2ba0e46be4b136e34394ab95cd217a4101,train
data/dataset/Non_Demented/non_709.jpg,non_709.jpg,Non-Demented,NonDemented,128,128,1,538252e3539eae19f2931e656500c84d346f1428c78bb1acea0312bffa92da67,train
data/dataset/Non_Demented/non_1078.jpg,non_1078.jpg,Non-Demented,NonDemented,128,128,1,3b34b004ef5d9924b2e85500b962af875e76b3f40a64ac9f4e27ca93df4b771e,train
data/dataset/Non_Demented/non_2870.jpg,non_2870.jpg,Non-Demented,NonDemented,128,128,1,786eec516fbb3c7840d8ed753a310f9b94eda70ea9c30364a9c5c619db4bb5d5,train
data/dataset/Non_Demented/non_493.jpg,non_493.jpg,Non-Demented,NonDemented,128,128,1,292a366346c95f84043f980ce49b3e53954a358acc26f2721470c4330ce7e1b3,train
data/dataset/Non_Demented/non_1730.jpg,non_1730.jpg,Non-Demented,NonDemented,128,128,1,5a496fe3b90248648abace549ed9d934f7b08bed7d5eba4e9e09034f957ec247,train
data/dataset/Non_Demented/non_2570.jpg,non_2570.jpg,Non-Demented,NonDemented,128,128,1,6f3a409d06c2acb81a8786d9500c137f3832ecdf6ae7600b96f968e98831c47b,train
data/dataset/Non_Demented/non_62.jpg,non_62.jpg,Non-Demented,NonDemented,128,128,1,be02efd69276374f6627e4514599e9e67e014cbb8168b20e86e9ad6be0fa8217,train
data/dataset/Non_Demented/non_2416.jpg,non_2416.jpg,Non-Demented,NonDemented,128,128,1,032495b23ab43c5e5a7fbe6fe52b84bcfd84a016a31778ee8a8f5d12e160e5b4,train
data/dataset/Non_Demented/non_1837.jpg,non_1837.jpg,Non-Demented,NonDemented,128,128,1,0f2bea4d1a118ab6575231103f106e489692ab961b60effe2352798458848079,train
data/dataset/Non_Demented/non_2382.jpg,non_2382.jpg,Non-Demented,NonDemented,128,128,1,8acd0cd87ed0f355465905dc93e889dd3068f1f290290c1bfccc742df235ae73,train
data/dataset/Non_Demented/non_1297.jpg,non_1297.jpg,Non-Demented,NonDemented,128,128,1,dbe52c428c829334a63fb31be371c49d52fe051cc99ff0094b5ddf4a66565beb,train
data/dataset/Non_Demented/non_1196.jpg,non_1196.jpg,Non-Demented,NonDemented,128,128,1,98339429a550401dee9bcb89858b87d5a0bc891c93df48d6b681a92ea4106a3e,train
data/dataset/Non_Demented/non_2897.jpg,non_2897.jpg,Non-Demented,NonDemented,128,128,1,28e2b6d9b13bc00528a5fd9bc4c164a04d1edee5965dca8818e2a0a88a186369,train
data/dataset/Non_Demented/non_2315.jpg,non_2315.jpg,Non-Demented,NonDemented,128,128,1,d6400f2a1e26616bdb6d01b8988719e9f6757d6babd40285f752a593b077e87d,train
data/dataset/Non_Demented/non_1450.jpg,non_1450.jpg,Non-Demented,NonDemented,128,128,1,16ad9ca3b87f0da868b7909fd9733f5fa19df723623be53cdbe1ad2433f097b1,train
data/dataset/Non_Demented/non_1231.jpg,non_1231.jpg,Non-Demented,NonDemented,128,128,1,5dff35d54cc5d1d7e0e31a5578ae9ac2d37eb0dad1567e6aecffddf6fd563c0e,train
data/dataset/Non_Demented/non_2764.jpg,non_2764.jpg,Non-Demented,NonDemented,128,128,1,de12e806a60d423b7aa78b59fdfdf78f82cb2ee792063c013b466b37353b07ac,train
data/dataset/Non_Demented/non_593.jpg,non_593.jpg,Non-Demented,NonDemented,128,128,1,ada974f62fb5737146331629e3f614aa2989b5b57ecde6de142729da39e51f5e,train
data/dataset/Non_Demented/non_171.jpg,non_171.jpg,Non-Demented,NonDemented,128,128,1,3c0ca06476fa6355f86232928eaf9d654aca1a875e9363b219a79c6c814ab20b,train
data/dataset/Non_Demented/non_278.jpg,non_278.jpg,Non-Demented,NonDemented,128,128,1,6cd1274d3fb5db8b1250e4bfd8dff3d89882a584ca633549a9fb82bf685c15eb,train
data/dataset/Non_Demented/non_295.jpg,non_295.jpg,Non-Demented,NonDemented,128,128,1,29c90524f2c3390804aea3c56390026a4d875147574cce218ccc982edaf1b364,train
data/dataset/Non_Demented/non_1408.jpg,non_1408.jpg,Non-Demented,NonDemented,128,128,1,e2c13b37e5d576616d7f826bfb0ddf0ef7dfcf9d55191e3cc5f1c9e5b28d6134,train
data/dataset/Non_Demented/non_2072.jpg,non_2072.jpg,Non-Demented,NonDemented,128,128,1,605ac56a1f20f9ec6be89ae0d5c03b885c01f6aeb5af23d14c45467cac64d566,train
data/dataset/Non_Demented/non_2644.jpg,non_2644.jpg,Non-Demented,NonDemented,128,128,1,bc6a72a2970b1d985557004608772b018206a167c9eb0a0b878521d2c7350fa8,train
data/dataset/Non_Demented/non_500.jpg,non_500.jpg,Non-Demented,NonDemented,128,128,1,59de8fa3805897ef6a458575b924bee1bc53e14169f97773505979577e0b7bf4,train
data/dataset/Non_Demented/non_996.jpg,non_996.jpg,Non-Demented,NonDemented,128,128,1,1fbe8dec7adad28ab8eeb51444892e8abbdd0b907e2d726033cbae5ea3da418f,train
data/dataset/Non_Demented/non_3149.jpg,non_3149.jpg,Non-Demented,NonDemented,128,128,1,98bd401a552521c3622c2673f7edec6720c4505bb30a3b73458b7f63f6352e46,train
data/dataset/Non_Demented/non_2316.jpg,non_2316.jpg,Non-Demented,NonDemented,128,128,1,ea400dbd8fa43730c9f1c68115848fa69d6096c6eb5501326737ef3072d7bcd9,train
data/dataset/Non_Demented/non_1967.jpg,non_1967.jpg,Non-Demented,NonDemented,128,128,1,f0ff99f5562ce13399392cbb3e89be1fa9745c20285c09ee62db903fe9d7fa44,train
data/dataset/Non_Demented/non_266.jpg,non_266.jpg,Non-Demented,NonDemented,128,128,1,c9d2093e66fc8af33875604ad6faa745d3f3b07df61533834bb5883cc6c8e5f1,train
data/dataset/Non_Demented/non_3179.jpg,non_3179.jpg,Non-Demented,NonDemented,128,128,1,a9488fa8b281fa4f3a191260c727c5abba56298dc330ee8095d2a8641b010a45,train
data/dataset/Non_Demented/non_716.jpg,non_716.jpg,Non-Demented,NonDemented,128,128,1,4b1f32adce68175c2a657706b0064fa9608bbdfa3703925afe6c493f35b71562,train
data/dataset/Non_Demented/non_779.jpg,non_779.jpg,Non-Demented,NonDemented,128,128,1,8b5e96ac6b00f8c73491e649f241b1fef621d12372fce6de1198569621db7241,train
data/dataset/Non_Demented/non_1320.jpg,non_1320.jpg,Non-Demented,NonDemented,128,128,1,fd6cd3ab91a4de1aca12c67424335062a6e617fc951e8059c9422cb7bcecaf93,train
data/dataset/Non_Demented/non_2271.jpg,non_2271.jpg,Non-Demented,NonDemented,128,128,1,442cc0ca2f34f14d4737c568f3c364e55ce916c776284b81cbe607c321f756db,train
data/dataset/Non_Demented/non_122.jpg,non_122.jpg,Non-Demented,NonDemented,128,128,1,45ccbb13f1d748e4cb87500975c3b42e01913382745f60edc6d402d607d08629,train
data/dataset/Non_Demented/non_3124.jpg,non_3124.jpg,Non-Demented,NonDemented,128,128,1,49eeffabcb1841bfbedda6d64c84500a1eb5ca967b45f16faa2c06ba9e9e9b3c,train
data/dataset/Non_Demented/non_2589.jpg,non_2589.jpg,Non-Demented,NonDemented,128,128,1,aba2b1f3f76284c584e25d8015c59d82b16ef5cb0b4282dfb297b588078193eb,train
data/dataset/Non_Demented/non_1585.jpg,non_1585.jpg,Non-Demented,NonDemented,128,128,1,44f281c7347316f71c3ffac1b281cc1e2286c6bff16f558d70cf4279d146a359,train
data/dataset/Non_Demented/non_1050.jpg,non_1050.jpg,Non-Demented,NonDemented,128,128,1,fa2cf799f1f40358e4d19bef7a2c41e9b93e73bd71a03bbfd86bb214e5fb558b,train
data/dataset/Non_Demented/non_458.jpg,non_458.jpg,Non-Demented,NonDemented,128,128,1,748a153d6b4ba4d934e13084bebbc41a6b5b4e463091ab032c6c71106d6f98ee,train
data/dataset/Non_Demented/non_1260.jpg,non_1260.jpg,Non-Demented,NonDemented,128,128,1,08577825b2f58423accab9318a8a8f29bc9146118991dfcfce4e60a20b5a42d0,train
data/dataset/Non_Demented/non_2442.jpg,non_2442.jpg,Non-Demented,NonDemented,128,128,1,d7874a9d673d9f1b1a5db26f468dc9333af8ef7e2255088f579d231dae051ff3,train
data/dataset/Non_Demented/non_1173.jpg,non_1173.jpg,Non-Demented,NonDemented,128,128,1,8760b82e61e6e318268bbf0e1a32054e165bc6eea2dad722d2f29dd2bde71f54,train
data/dataset/Non_Demented/non_262.jpg,non_262.jpg,Non-Demented,NonDemented,128,128,1,d0d76db21fa915f85c10d49491f0b139171c0297c5a790c29ea851a1043a1bd8,train
data/dataset/Non_Demented/non_307.jpg,non_307.jpg,Non-Demented,NonDemented,128,128,1,cca428eaa24c4357d03bdcf2dd66972a448103ff6f8cc430d4bcfabe29b59118,train
data/dataset/Non_Demented/non_2236.jpg,non_2236.jpg,Non-Demented,NonDemented,128,128,1,81a3ae82d31296e6a2d5e5a60bcb4f889a8420203e6373a77537aebde12e0987,train
data/dataset/Non_Demented/non_2457.jpg,non_2457.jpg,Non-Demented,NonDemented,128,128,1,a9213e375b2262dd30a34dd344382ac93558bc0a960e78c8df419e1aea48ec3f,train
data/dataset/Non_Demented/non_1485.jpg,non_1485.jpg,Non-Demented,NonDemented,128,128,1,672d581db0acf87f1d2afba3e516fcb26328b775352f366e06f34dbbbe6fdd96,train
data/dataset/Non_Demented/non_2513.jpg,non_2513.jpg,Non-Demented,NonDemented,128,128,1,703fd28ddd23bf5193d002fe2a1ed23326445404da9c275d88c76461823b30db,train
data/dataset/Non_Demented/non_220.jpg,non_220.jpg,Non-Demented,NonDemented,128,128,1,da90884e3b40aba99ec3f9d8293dc6bd6ad4e09528f1cc84d62c637aea6d985d,train
data/dataset/Non_Demented/non_2653.jpg,non_2653.jpg,Non-Demented,NonDemented,128,128,1,bb62a61b8474d7a3d3efbbd8fb15cd84c4b0c0a6286f8736f38b5d21505d9f84,train
data/dataset/Non_Demented/non_1753.jpg,non_1753.jpg,Non-Demented,NonDemented,128,128,1,891744e49596f81d0a6db862844ebf655df196f0b48d1f945e7d9cc96349e26e,train
data/dataset/Non_Demented/non_2662.jpg,non_2662.jpg,Non-Demented,NonDemented,128,128,1,8f3600faa84fdb010b6751aa9da8789388b45b98f13a3f325eb6e89e01835926,train
data/dataset/Non_Demented/non_931.jpg,non_931.jpg,Non-Demented,NonDemented,128,128,1,587b17f852fd968411bbeb92207d08a341940bfdef171027080d8339d6626822,train
data/dataset/Non_Demented/non_1378.jpg,non_1378.jpg,Non-Demented,NonDemented,128,128,1,f3d3bff0093e9311614030b5a513497ca2823f004a73242fd7abe3b44f621ea8,train
data/dataset/Non_Demented/non_2101.jpg,non_2101.jpg,Non-Demented,NonDemented,128,128,1,b64349a649ef349ecb0cde1ee97da3681dc007f5dd44b3f246f46b0ca11a2f59,train
data/dataset/Non_Demented/non_1815.jpg,non_1815.jpg,Non-Demented,NonDemented,128,128,1,9b1a6409d292de3f710bc23c32d130ea1f2810e10428f0dba77696f2b52e1bf6,train
data/dataset/Non_Demented/non_762.jpg,non_762.jpg,Non-Demented,NonDemented,128,128,1,f39182a26f3349421a109490c8a4c2eea7998840709783ea6ec418df81db983d,train
data/dataset/Non_Demented/non_2089.jpg,non_2089.jpg,Non-Demented,NonDemented,128,128,1,750d7f590d977d864d2fd46bf1061d8898dc0a61af1b5b89d08ebe81c0e86a92,train
data/dataset/Non_Demented/non_2184.jpg,non_2184.jpg,Non-Demented,NonDemented,128,128,1,a4cccae203ddb3a3a40da81dc419fe9619b5b527322c35f07415e8ebe6c9f3cf,train
data/dataset/Non_Demented/non_2276.jpg,non_2276.jpg,Non-Demented,NonDemented,128,128,1,3477fe82a334405d25d528fd6924dadc85417198ef89a4a6690f5b224cbb0ac9,train
data/dataset/Non_Demented/non_1961.jpg,non_1961.jpg,Non-Demented,NonDemented,128,128,1,6f7e8cb1a6ce0dbf6c868d26b7c1c50794cf10680efd41339dc6c6f410cf66cb,train
data/dataset/Non_Demented/non_2257.jpg,non_2257.jpg,Non-Demented,NonDemented,128,128,1,7cfeacf2457c95303ccd211792d2d8b9bc951a5ac3a66c0755c079d5d96abb1a,train
data/dataset/Non_Demented/non_1059.jpg,non_1059.jpg,Non-Demented,NonDemented,128,128,1,4f25a3710db0ec1f7660887d71ac22cbf1a64d6a34cd04d606a57948000ff910,train
data/dataset/Non_Demented/non_766.jpg,non_766.jpg,Non-Demented,NonDemented,128,128,1,d936007b1dbd3e60e397e6ae295a54945e4a7d18a83bc61b8eddd4b5657a2828,train
data/dataset/Non_Demented/non_1773.jpg,non_1773.jpg,Non-Demented,NonDemented,128,128,1,53973a61098d3630b6ae03d4da688a2f53202520e139dbad9743883657514d7a,train
data/dataset/Non_Demented/non_1618.jpg,non_1618.jpg,Non-Demented,NonDemented,128,128,1,1fb87844a2bb6feb4a7cc7242c83a856d29dd19298cedfbef6b633aa8d1be632,train
data/dataset/Non_Demented/non_2461.jpg,non_2461.jpg,Non-Demented,NonDemented,128,128,1,cc0bd72dfa0c78f4f5530616ebea46b3710bdb1b2b7b126dc975ed8d7ccdbee3,train
data/dataset/Non_Demented/non_1731.jpg,non_1731.jpg,Non-Demented,NonDemented,128,128,1,c3daa0452662f51be2d7a04d54c4018d94cbf5ddf47cf67d8c364036f02178af,train
data/dataset/Non_Demented/non_2703.jpg,non_2703.jpg,Non-Demented,NonDemented,128,128,1,3276d5708a5a3e56e6ffa594634d6801769b9dcd3fbf026c5043f0f63ef083c4,train
data/dataset/Non_Demented/non_2872.jpg,non_2872.jpg,Non-Demented,NonDemented,128,128,1,f0dae4c37052350cce3cfe56d976e237f8360bb258f3c2c19875a4fa227042e8,train
data/dataset/Non_Demented/non_2677.jpg,non_2677.jpg,Non-Demented,NonDemented,128,128,1,93471bfc9389d726681b547964ad66d181e645f6f8f46114a9daa02d49b31105,train
data/dataset/Non_Demented/non_2025.jpg,non_2025.jpg,Non-Demented,NonDemented,128,128,1,5516b6ec21f181790bdbc1145ef32faf9856e77484316e43b116945bac4e49fb,train
data/dataset/Non_Demented/non_158.jpg,non_158.jpg,Non-Demented,NonDemented,128,128,1,0bede3121c4f642f3569fbc5511feabe283e06aaa16ec5532df807fe6f2bd986,train
data/dataset/Non_Demented/non_3079.jpg,non_3079.jpg,Non-Demented,NonDemented,128,128,1,91f5a331e94aa0c8b992dddf10497335f5f39433120aba4ce406ae3c1fbf66fc,train
data/dataset/Non_Demented/non_2039.jpg,non_2039.jpg,Non-Demented,NonDemented,128,128,1,5c084249ee111ced04d085cc94978aa3ec1a7e40c328a7fb6e565f93adede9fd,train
data/dataset/Non_Demented/non_2137.jpg,non_2137.jpg,Non-Demented,NonDemented,128,128,1,83b1bbefffa2bab3ff3a96468398408730f8e75f6fefd88313111d7320c6268e,train
data/dataset/Non_Demented/non_773.jpg,non_773.jpg,Non-Demented,NonDemented,128,128,1,d95166fb19e198d01bc0e616cc429efaed6253b20f03ce0029ab03cb3635457a,train
data/dataset/Non_Demented/non_393.jpg,non_393.jpg,Non-Demented,NonDemented,128,128,1,7a4bdc62652b0749dc8d9bb4f23abb269f90dd95df240651c4235b48671a9939,train
data/dataset/Non_Demented/non_2277.jpg,non_2277.jpg,Non-Demented,NonDemented,128,128,1,e3c7ad8aae3d3c94dab92980c4d631b21e218e23a5e32e3878a7e321f14c9191,train
data/dataset/Non_Demented/non_1615.jpg,non_1615.jpg,Non-Demented,NonDemented,128,128,1,6d8ec050259e152e0d764cb74597cb0dc70f32ced66a474f1470f3e3ed22a046,train
data/dataset/Non_Demented/non_3163.jpg,non_3163.jpg,Non-Demented,NonDemented,128,128,1,b447930b20057cc12a863244a512a3d2654d7159238210768b89f568f25edee8,train
data/dataset/Non_Demented/non_2133.jpg,non_2133.jpg,Non-Demented,NonDemented,128,128,1,c91a0635a31c7c5cd8d4f988d13cbcbbc2ba13e87a1820150e19faa4086a73b0,train
data/dataset/Non_Demented/non_2411.jpg,non_2411.jpg,Non-Demented,NonDemented,128,128,1,ee8567278f5e6de1796543a3a86ca994b74f7e664660daf924d9032eedbcd3ba,train
data/dataset/Non_Demented/non_2356.jpg,non_2356.jpg,Non-Demented,NonDemented,128,128,1,a29f13614a965b81d9e3372b9fce38608a5d4a04ed1530dfbe940d557858824a,train
data/dataset/Non_Demented/non_2563.jpg,non_2563.jpg,Non-Demented,NonDemented,128,128,1,dceb2df616e219553bba0de06c8be5024e8d6e1fdd7a3f7879f8ff9be04bcbf0,train
data/dataset/Non_Demented/non_1003.jpg,non_1003.jpg,Non-Demented,NonDemented,128,128,1,d5ccd5935bb784f43e7cb0fb4d00fea0e3fc781e4ee470d6470170cec9185e93,train
data/dataset/Non_Demented/non_1291.jpg,non_1291.jpg,Non-Demented,NonDemented,128,128,1,fdd73b0f969eaa119dbe0fc47248acb16fbae5269a1e0e32794be333e5176e20,train
data/dataset/Non_Demented/non_1424.jpg,non_1424.jpg,Non-Demented,NonDemented,128,128,1,cbdc561b2cd27735e80fba76812ab808638d129d8792b0b502edba84027e9cc4,train
data/dataset/Non_Demented/non_2562.jpg,non_2562.jpg,Non-Demented,NonDemented,128,128,1,f602f7464c014aa59f17ef171b6558b063eca339d05890165b8801b378b3be6e,train
data/dataset/Non_Demented/non_1157.jpg,non_1157.jpg,Non-Demented,NonDemented,128,128,1,bb2160d5de1121feb1ddb1dc505ef9dab4304ac1d3f365583c7f9507e316298b,train
data/dataset/Non_Demented/non_432.jpg,non_432.jpg,Non-Demented,NonDemented,128,128,1,57e955168df1475233de8a2935337229d9fc4f80ab84d4afd52f11b15bca1251,train
data/dataset/Non_Demented/non_2400.jpg,non_2400.jpg,Non-Demented,NonDemented,128,128,1,788902a8a5e7ed3cb0b68a1cd7f45795b196b8991b11b4dd44bc1cca846c8e9c,train
data/dataset/Non_Demented/non_2849.jpg,non_2849.jpg,Non-Demented,NonDemented,128,128,1,3bbd565502be3bc3b4a883412cce2406e65443f273d8db77f0cddc4d1f8436ae,train
data/dataset/Non_Demented/non_549.jpg,non_549.jpg,Non-Demented,NonDemented,128,128,1,2f49516c44f430ac694d7d19d3e7ea9908fb47750f812aa1056bd2983433080d,train
data/dataset/Non_Demented/non_1274.jpg,non_1274.jpg,Non-Demented,NonDemented,128,128,1,4268e48acf6398c4286d0fad95acb4587de06942aa0b12c76eba27f69ab99d78,train
data/dataset/Non_Demented/non_224.jpg,non_224.jpg,Non-Demented,NonDemented,128,128,1,67fe96ac0db371ed156bcbde6b6816a4d6974770d418c2dba5e79ab7fd009e88,train
data/dataset/Non_Demented/non_1546.jpg,non_1546.jpg,Non-Demented,NonDemented,128,128,1,539e9ef38116c8a5aac070961f327d02d2130aa2d4ae3c5f4f95039c1a3a672e,train
data/dataset/Non_Demented/non_1243.jpg,non_1243.jpg,Non-Demented,NonDemented,128,128,1,a82230f15b346639837bf4029cd484ee78c1c1a00c1726a797cc0257c91130fd,train
data/dataset/Non_Demented/non_2663.jpg,non_2663.jpg,Non-Demented,NonDemented,128,128,1,09a0996e125463c90bc5c46e59f912c5a46a84c63577f57593c20e9cfb808cb7,train
data/dataset/Non_Demented/non_948.jpg,non_948.jpg,Non-Demented,NonDemented,128,128,1,9424515e9abdfb319b64237110150641d84548ae7c99be17790f29e206cc8a93,train
data/dataset/Non_Demented/non_3152.jpg,non_3152.jpg,Non-Demented,NonDemented,128,128,1,c63b60b09b60e5268f510309e385b556f72317ed1ff5c22d7a17abc0a2ec553b,train
data/dataset/Non_Demented/non_933.jpg,non_933.jpg,Non-Demented,NonDemented,128,128,1,31646454df73bdc33410daf756e26f2ccd93a6e48dab2300799438c51bdffdee,train
data/dataset/Non_Demented/non_2894.jpg,non_2894.jpg,Non-Demented,NonDemented,128,128,1,1f0ee9988b1ff13946f43d546b93162dfad403fb6f6ac50a11e2b74131cb2489,train
data/dataset/Non_Demented/non_844.jpg,non_844.jpg,Non-Demented,NonDemented,128,128,1,74b67cf6dfcfaf2240fdf1a58dac959e32817cbaecbdc127c2c0dd872f0119ee,train
data/dataset/Non_Demented/non_1365.jpg,non_1365.jpg,Non-Demented,NonDemented,128,128,1,467f5a5c841cc38b7d8b8e12a2ae21d690164332e2f7145b65524ee68486f373,train
data/dataset/Non_Demented/non_985.jpg,non_985.jpg,Non-Demented,NonDemented,128,128,1,b971b92e56c56ed29b4c1880bafde4f2d97678c8aa35c4c251590d080422e099,train
data/dataset/Non_Demented/non_464.jpg,non_464.jpg,Non-Demented,NonDemented,128,128,1,a59a29496bb5d680d82048725a8398e9d6966ad5b785cf4654671391945cd538,train
data/dataset/Non_Demented/non_1008.jpg,non_1008.jpg,Non-Demented,NonDemented,128,128,1,a359e1f8bb751b54308465717a0f6c76da89fac0f120d99a70716dda7d028388,train
data/dataset/Non_Demented/non_669.jpg,non_669.jpg,Non-Demented,NonDemented,128,128,1,39f5e97f3e596be2837ccb18ecf0251efdf8cca513f2e529be33e21d32a73a29,train
data/dataset/Non_Demented/non_2674.jpg,non_2674.jpg,Non-Demented,NonDemented,128,128,1,fa60800043ace4bc105e1661a4075ab4154076117d5ce0922cd07c78924909f8,train
data/dataset/Non_Demented/non_1767.jpg,non_1767.jpg,Non-Demented,NonDemented,128,128,1,4569b0218f59dca5d4bccca9097096513c17adcac7645114103d6d2f683d9512,train
data/dataset/Non_Demented/non_2528.jpg,non_2528.jpg,Non-Demented,NonDemented,128,128,1,f3f25c82900bd5daf2d0b8b0b35795c18df4e162adcc64c627c993dc256f3479,train
data/dataset/Non_Demented/non_449.jpg,non_449.jpg,Non-Demented,NonDemented,128,128,1,314e005f03aa15e870fb7c78bdeb82c82ddfebb7964a4d54742a5c65b9f3ece3,train
data/dataset/Non_Demented/non_1306.jpg,non_1306.jpg,Non-Demented,NonDemented,128,128,1,9760f98ddc82f94b320696c7e52a98939ed85ab09da69d803b584b4681874e12,train
data/dataset/Non_Demented/non_1372.jpg,non_1372.jpg,Non-Demented,NonDemented,128,128,1,65f005c5c6a625d2baec54587a72ea3c9fea0468e9ec31bd03a00f423e0a8713,train
data/dataset/Non_Demented/non_1825.jpg,non_1825.jpg,Non-Demented,NonDemented,128,128,1,83f567e844f53f2f7709bbf7318c84391e6aa4906db523b7f33b1f1ce25d8eed,train
data/dataset/Non_Demented/non_2543.jpg,non_2543.jpg,Non-Demented,NonDemented,128,128,1,283528f5441440ff69bb708fc5c7ed108263d62ed392b8338b7b0b76f1d00d58,train
data/dataset/Non_Demented/non_1592.jpg,non_1592.jpg,Non-Demented,NonDemented,128,128,1,96c580fac5a24078a0986c262893b69df67bf5e38a4912c955ce586a6629bbea,train
data/dataset/Non_Demented/non_2602.jpg,non_2602.jpg,Non-Demented,NonDemented,128,128,1,6e07ececf19fca9ddb88e4aa93ba724ef2d12a452ae22b3f9991f33569ec3033,train
data/dataset/Non_Demented/non_1540.jpg,non_1540.jpg,Non-Demented,NonDemented,128,128,1,1cdb853933b4d4ec42e6b4409c9665ed2a24fcbfc80db990a3f8371b5bec6ce4,train
data/dataset/Non_Demented/non_2583.jpg,non_2583.jpg,Non-Demented,NonDemented,128,128,1,fa0f1a0244fb5bcd15d07393165d4409513c00be935dce8e47536b7621d2c25f,train
data/dataset/Non_Demented/non_792.jpg,non_792.jpg,Non-Demented,NonDemented,128,128,1,5c551427d1dae7e24221e1cf39d4d24717e4dfc7ae4e20d93d87fea095f346e5,train
data/dataset/Non_Demented/non_2240.jpg,non_2240.jpg,Non-Demented,NonDemented,128,128,1,f26b0294d651c01798d16ea6419aa4b7b1a04723b78d3d5f3807c2bf22d71122,train
data/dataset/Non_Demented/non_185.jpg,non_185.jpg,Non-Demented,NonDemented,128,128,1,877ef96173399c85b725c88c0c07b547039d59a70b5421517291b4dda814172e,train
data/dataset/Non_Demented/non_2479.jpg,non_2479.jpg,Non-Demented,NonDemented,128,128,1,3ba1bdd1290ccdfc43120fbbc6aa4119586a46e568ae7adb6b2e2fe0fac5ab61,train
data/dataset/Non_Demented/non_944.jpg,non_944.jpg,Non-Demented,NonDemented,128,128,1,7b824152c9f59c1c7e973c5d104799a40174c117a70cd22f8098d03f008f8fc6,train
data/dataset/Non_Demented/non_1975.jpg,non_1975.jpg,Non-Demented,NonDemented,128,128,1,3d297e43fff2895b543525fcfeff4eca3669059c89ea80b91489c6489547777d,train
data/dataset/Non_Demented/non_2167.jpg,non_2167.jpg,Non-Demented,NonDemented,128,128,1,feb9dc26998eb5d32917e57310c3c9130055a7374ba28f07a67f91120e73ba3a,train
data/dataset/Non_Demented/non_2348.jpg,non_2348.jpg,Non-Demented,NonDemented,128,128,1,a5006453589307efec11eddc8732a27e1a3247930b0797531393eb0c4b59ab43,train
data/dataset/Non_Demented/non_1395.jpg,non_1395.jpg,Non-Demented,NonDemented,128,128,1,c148733dd14fe82b0caeff90b120c0c91467cb1ec42a76a5060ac15b7a47afdd,train
data/dataset/Non_Demented/non_3096.jpg,non_3096.jpg,Non-Demented,NonDemented,128,128,1,4b7ee1da90d8d1320a775d48d01968d1b2ca871248b7d9191fcf8016894d975e,train
data/dataset/Non_Demented/non_1514.jpg,non_1514.jpg,Non-Demented,NonDemented,128,128,1,8be91197af993a309431c3a101e0930ec4bbe9afba9395c33a7eca2229dcd8dd,train
data/dataset/Non_Demented/non_980.jpg,non_980.jpg,Non-Demented,NonDemented,128,128,1,21813ae6dde1c57441979c0d1d5cfd8a76ad914cd99d600fbd4241aec9de3005,train
data/dataset/Non_Demented/non_1635.jpg,non_1635.jpg,Non-Demented,NonDemented,128,128,1,b3a35894909b2062618654ce83117f7a77e5830b308f8fca9f06d6cbfb491754,train
data/dataset/Non_Demented/non_2095.jpg,non_2095.jpg,Non-Demented,NonDemented,128,128,1,77775002c4a58d0ee07acb3e9b0c03ef6ef64dc6d9790be96467ac20be593704,train
data/dataset/Non_Demented/non_600.jpg,non_600.jpg,Non-Demented,NonDemented,128,128,1,65814147d80e6f75bd44151dff38d7e95e39eccca255883f0f19dce8a53320d8,train
data/dataset/Non_Demented/non_1292.jpg,non_1292.jpg,Non-Demented,NonDemented,128,128,1,ea157b2211107f8c0a4cc7480dc1c00cbd45007081c39f4b0bfdb3c1e4ddbf1d,train
data/dataset/Non_Demented/non_1500.jpg,non_1500.jpg,Non-Demented,NonDemented,128,128,1,d5b076bdd5ea07fb7e013fd713da8245f41623a7615951a401a66b5495c9e785,train
data/dataset/Non_Demented/non_1620.jpg,non_1620.jpg,Non-Demented,NonDemented,128,128,1,b1eb9a45f95498293bd806a1da61ab2decf8ba2c30969284577a873296731bab,train
data/dataset/Non_Demented/non_1311.jpg,non_1311.jpg,Non-Demented,NonDemented,128,128,1,875d8533fa46e5ee42bbe760ae2dd72d237e8928b7a21fb168d58a440f7c2248,train
data/dataset/Non_Demented/non_2477.jpg,non_2477.jpg,Non-Demented,NonDemented,128,128,1,cacf3995a64ad36a654dba1321c6d3e025446850e1a6263849819daef469300b,train
data/dataset/Non_Demented/non_1321.jpg,non_1321.jpg,Non-Demented,NonDemented,128,128,1,cdc235a0a3c4aef1e3c611cef579d8e053f2f9c07793d2df3268feb3a2aa8b7d,train
data/dataset/Non_Demented/non_1948.jpg,non_1948.jpg,Non-Demented,NonDemented,128,128,1,7aec9747c7f93b47368abda4912f4ba761d56277cb33954e4d4fcf1a55311168,train
data/dataset/Non_Demented/non_2386.jpg,non_2386.jpg,Non-Demented,NonDemented,128,128,1,e8caeb5f03abad3adf77cf758ef616f84506341a3d3a954a913bac9533e513e6,train
data/dataset/Non_Demented/non_1190.jpg,non_1190.jpg,Non-Demented,NonDemented,128,128,1,3ff1f2ff8d14769f1ae74569d205317e1f36aa4dc0bb6e096510da39e8a51dea,train
data/dataset/Non_Demented/non.jpg,non.jpg,Non-Demented,NonDemented,128,128,1,d3a40e46e779b1d9d5d416c33c1c188882304b5322fbe4a5a0b662b32365c5a2,train
data/dataset/Non_Demented/non_2090.jpg,non_2090.jpg,Non-Demented,NonDemented,128,128,1,47a4309e27df1fe8147d9a808271734addb28626579c54e7ebf5aeaa3173a543,train
data/dataset/Non_Demented/non_1064.jpg,non_1064.jpg,Non-Demented,NonDemented,128,128,1,01e49b3eba29e206f9f6d4684ffd799149bd3b464a102102d1863aabb1773125,train
data/dataset/Non_Demented/non_2639.jpg,non_2639.jpg,Non-Demented,NonDemented,128,128,1,64583e696962e3174775d4cb6821f8b557f7b56a8fdf65c6a5c4d67aef34710f,train
data/dataset/Non_Demented/non_809.jpg,non_809.jpg,Non-Demented,NonDemented,128,128,1,e4fa78c42c93dbad17e38141b9be253e8e17a0bf9f2707a8ee480de7cf49792e,train
data/dataset/Non_Demented/non_43.jpg,non_43.jpg,Non-Demented,NonDemented,128,128,1,2f1a3ad91d1a740c7877813bb9815cd53416a8f1b0fe905b9b6bc8d311981404,train
data/dataset/Non_Demented/non_707.jpg,non_707.jpg,Non-Demented,NonDemented,128,128,1,86bc40f025aa080b488bc9cf5070895695fe4ebe7c9ac0d3eb60029ff07a4e5c,train
data/dataset/Non_Demented/non_2680.jpg,non_2680.jpg,Non-Demented,NonDemented,128,128,1,8814ac00a027fcb37bd79aea2c107722d80739e0eb1bfa22cb088fc87560c58d,train
data/dataset/Non_Demented/non_2487.jpg,non_2487.jpg,Non-Demented,NonDemented,128,128,1,9ec4391d303ef591ffbb04ecaf00b32e7c8b38d552c11657c9069580d5baa3d1,train
data/dataset/Non_Demented/non_290.jpg,non_290.jpg,Non-Demented,NonDemented,128,128,1,6fc75fc37d3e3f843870bc1c4a96b948ddc140d698432bba3e11b9ff1550b19d,train
data/dataset/Non_Demented/non_1884.jpg,non_1884.jpg,Non-Demented,NonDemented,128,128,1,34eb81be741656a870f51a05d0f218b456e74e71998e583d6c97be59611cc33d,train
data/dataset/Non_Demented/non_1438.jpg,non_1438.jpg,Non-Demented,NonDemented,128,128,1,f889254fcf1190817d132bfc35cd2b940cac040c85484cb7f2adcc77231b9cfb,train
data/dataset/Non_Demented/non_27.jpg,non_27.jpg,Non-Demented,NonDemented,128,128,1,df8db6a0cd36a158ebda05e202931e0718a1dd0be87de57aff1496701f35b22c,train
data/dataset/Non_Demented/non_1638.jpg,non_1638.jpg,Non-Demented,NonDemented,128,128,1,1e738c8548b2b703e07229b7c8c6a8a393817503362278dd06b2c7ef9454b488,train
data/dataset/Non_Demented/non_1866.jpg,non_1866.jpg,Non-Demented,NonDemented,128,128,1,6995b536b50bb486e4b263c5359ba3214836033db54bcaa1ea12ea59f234670f,train
data/dataset/Non_Demented/non_2369.jpg,non_2369.jpg,Non-Demented,NonDemented,128,128,1,9c4b98521718a3bf55f7d001700f83f9bc7f38ec3fe2fdf2fb25223e1ccd8450,train
data/dataset/Non_Demented/non_2652.jpg,non_2652.jpg,Non-Demented,NonDemented,128,128,1,987ac610905559fc5d3c52513bd491eace96d0ba872ec2ed2ef742ad4ab5ecc6,train
data/dataset/Non_Demented/non_2011.jpg,non_2011.jpg,Non-Demented,NonDemented,128,128,1,f17e038ba15edd6e2cd4cb78e2b0a11a8ca46b63ef7686d00f0f1ba6ebbc8842,train
data/dataset/Non_Demented/non_2234.jpg,non_2234.jpg,Non-Demented,NonDemented,128,128,1,4620d2707d1b99b990587c1e0e03157b1838e0b845a8a616e7dea342b2bc9ac3,train
data/dataset/Non_Demented/non_2744.jpg,non_2744.jpg,Non-Demented,NonDemented,128,128,1,2a97aab57969084554ef78fe2bd8656f8bdc98d2cc53a8466f9b567113763f29,train
data/dataset/Non_Demented/non_2146.jpg,non_2146.jpg,Non-Demented,NonDemented,128,128,1,800773119f9e9cd358d062ab1c6e0cc8be0635872f67c2a7332f1c197bbac4b9,train
data/dataset/Non_Demented/non_559.jpg,non_559.jpg,Non-Demented,NonDemented,128,128,1,e52165d3451b598b4738376d69cf918b393e98e7d10a9ff0a485932e8d9ee976,train
data/dataset/Non_Demented/non_2980.jpg,non_2980.jpg,Non-Demented,NonDemented,128,128,1,8b1cab19c00df0f0319e83df7521ace73589953e535b121806ecf8cdd157a42d,train
data/dataset/Non_Demented/non_527.jpg,non_527.jpg,Non-Demented,NonDemented,128,128,1,8cea4ccbd6c9fafa89936d6571a8bb9041e21fa655ab0b5e60b9181c3be44f01,train
data/dataset/Non_Demented/non_1455.jpg,non_1455.jpg,Non-Demented,NonDemented,128,128,1,01c91cff272ee1c69704ec7806a21102d53d032f51d6685d76007e0643e72409,train
data/dataset/Non_Demented/non_2691.jpg,non_2691.jpg,Non-Demented,NonDemented,128,128,1,38766f57020229b6e69f077a9eb5aed03bbfcea9df2fae322d53849f8cbb4d83,train
data/dataset/Non_Demented/non_1120.jpg,non_1120.jpg,Non-Demented,NonDemented,128,128,1,f997f335bd17b8999edfc762e301a149be994a8444248dec489b43dd4c64d866,train
data/dataset/Non_Demented/non_3017.jpg,non_3017.jpg,Non-Demented,NonDemented,128,128,1,e67aebbbcffab668796be514c493172e46e5691878703a526a63bd2d2f2cec09,train
data/dataset/Non_Demented/non_1849.jpg,non_1849.jpg,Non-Demented,NonDemented,128,128,1,f330f09bbaad5d4fa8228e1de41e8404b5b9ccbec4e2135e701766e9008f2073,train
data/dataset/Non_Demented/non_1657.jpg,non_1657.jpg,Non-Demented,NonDemented,128,128,1,d39899eb669000fe3d997f554a255680ae1ddf9de3575401a8a903bd0e24fd51,train
data/dataset/Non_Demented/non_2831.jpg,non_2831.jpg,Non-Demented,NonDemented,128,128,1,e745db2df3e7c5297306dd46f757714275d2eadb7816a4bab1b3bc2d331cdc51,train
data/dataset/Non_Demented/non_1024.jpg,non_1024.jpg,Non-Demented,NonDemented,128,128,1,5afc55df8d6123dd2011510b0cafd4e1d45331e81a763b72d38e66e8ee3801c4,train
data/dataset/Non_Demented/non_1965.jpg,non_1965.jpg,Non-Demented,NonDemented,128,128,1,f83f57ce39fef4566ec1d75ef7902826284e686a5061b3584a5f629a0467509d,train
data/dataset/Non_Demented/non_81.jpg,non_81.jpg,Non-Demented,NonDemented,128,128,1,1bd615a889d51c186e6eb1e8f097f5982139c09401ba20fd0bfdea1a99d42a60,train
data/dataset/Non_Demented/non_3112.jpg,non_3112.jpg,Non-Demented,NonDemented,128,128,1,a9815fdae0826b8173b1a8ec0b14b64ee8bbf1fb0f0c1b6762bbc69d66955d7a,train
data/dataset/Non_Demented/non_1621.jpg,non_1621.jpg,Non-Demented,NonDemented,128,128,1,d1f8791443c7f54c630954aaaf610e6fefe294a8a41d104a64874f12ddab1023,train
data/dataset/Non_Demented/non_1394.jpg,non_1394.jpg,Non-Demented,NonDemented,128,128,1,a62141c7dec0d83414e0294d2d7c0f46b1418af76b4111485ca11d281c56868e,train
data/dataset/Non_Demented/non_2434.jpg,non_2434.jpg,Non-Demented,NonDemented,128,128,1,58c994cac46599db19ebbb011ee820e4658c938b4a9c9a605d513506f185960c,train
data/dataset/Non_Demented/non_490.jpg,non_490.jpg,Non-Demented,NonDemented,128,128,1,f8557d57dade64aea6623fe06ce72f4c8bd0c75aaa7b1e09fcb060f73313b80b,train
data/dataset/Non_Demented/non_1453.jpg,non_1453.jpg,Non-Demented,NonDemented,128,128,1,686c5a997dae55c65b025c768123759dd16a5feed60fe668f08ce02a0c3782e5,train
data/dataset/Non_Demented/non_1634.jpg,non_1634.jpg,Non-Demented,NonDemented,128,128,1,155f58670734c2f827a827ea48ba20b6bba8ec77375ba4fa838841266a3085a2,train
data/dataset/Non_Demented/non_1051.jpg,non_1051.jpg,Non-Demented,NonDemented,128,128,1,b5fb19959516173fc2240b4a86b4d6318528f50b1b9fec654a491e0435a67cf0,train
data/dataset/Non_Demented/non_351.jpg,non_351.jpg,Non-Demented,NonDemented,128,128,1,4a79ae05eaf3644bd508fe10d735a654844894de1986b2ef7c614c26fb90eaf3,train
data/dataset/Non_Demented/non_142.jpg,non_142.jpg,Non-Demented,NonDemented,128,128,1,f01fcf113da31e0ba0f7b87dbf3281eb48ca16739c55823824e1783462bad2bf,train
data/dataset/Non_Demented/non_400.jpg,non_400.jpg,Non-Demented,NonDemented,128,128,1,b3fc6416bed12cd2b0773a4335753b9f1715c5196a6dc8eb8d5c0f1bf48ab71c,train
data/dataset/Non_Demented/non_803.jpg,non_803.jpg,Non-Demented,NonDemented,128,128,1,eda34dce2e9da755c2de9b5fa893fa928072e658183f9261b6b3bb931d066d91,train
data/dataset/Non_Demented/non_61.jpg,non_61.jpg,Non-Demented,NonDemented,128,128,1,4d9d1c249a61890f6255fe1059cf97b7a9ec5f65701d8e862650cc49ea6ba534,train
data/dataset/Non_Demented/non_2488.jpg,non_2488.jpg,Non-Demented,NonDemented,128,128,1,d0bd799c947cbb7a756ddac30b3976a52b4fb55c30eef5a2f611432e10763600,train
data/dataset/Non_Demented/non_354.jpg,non_354.jpg,Non-Demented,NonDemented,128,128,1,e777cbd508d262d6125d3b950433826feccbc332fabcad819ae73ec39739b903,train
data/dataset/Non_Demented/non_2971.jpg,non_2971.jpg,Non-Demented,NonDemented,128,128,1,9792f52bb9575516c248d2004564e4a394f37b136be8509f84be0e5269300718,train
data/dataset/Non_Demented/non_2462.jpg,non_2462.jpg,Non-Demented,NonDemented,128,128,1,b6fff56120570121b9011a22903e631829311406efadc8a5add726ff6703de89,train
data/dataset/Non_Demented/non_2433.jpg,non_2433.jpg,Non-Demented,NonDemented,128,128,1,97cdca35d1fba6bcb1aa465bc27bf8b40859feaa399050b913eeff30648736e9,train
data/dataset/Non_Demented/non_2740.jpg,non_2740.jpg,Non-Demented,NonDemented,128,128,1,06e957817a6d9b2ef388cd2b76815cf2d83ab656f6242724b01030d1a3b79e68,train
data/dataset/Non_Demented/non_1407.jpg,non_1407.jpg,Non-Demented,NonDemented,128,128,1,45d15d4e7ca5d5f66afbb9c8816d69c88238495844cdd335ed28f65e894d5090,train
data/dataset/Non_Demented/non_860.jpg,non_860.jpg,Non-Demented,NonDemented,128,128,1,d66568fe8189cc940488654d3e063628326135bf94b5471c26815245f09db5a2,train
data/dataset/Non_Demented/non_2165.jpg,non_2165.jpg,Non-Demented,NonDemented,128,128,1,dd180e80a4341adc364a7c8506cf4c5b28772fa7d35743595d6b7933a086a985,train
data/dataset/Non_Demented/non_1671.jpg,non_1671.jpg,Non-Demented,NonDemented,128,128,1,b39a6a4953654d9f6d7042ef07d1eba4d989aaa44f2987042b3f2a22325c1d30,train
data/dataset/Non_Demented/non_2117.jpg,non_2117.jpg,Non-Demented,NonDemented,128,128,1,741ed54669f9381e0f401241160e8d26507fc928e63681f9d717ef16daad093b,train
data/dataset/Non_Demented/non_2552.jpg,non_2552.jpg,Non-Demented,NonDemented,128,128,1,e28fb851439fc479e2e286dd149c7073f088e763fd6111c54ba83e603cb7e469,train
data/dataset/Non_Demented/non_3134.jpg,non_3134.jpg,Non-Demented,NonDemented,128,128,1,42089dd5aa371db68fd546e8d826f4da13ed296876cf53e00000ec6b6c3cbcc2,train
data/dataset/Non_Demented/non_720.jpg,non_720.jpg,Non-Demented,NonDemented,128,128,1,71f813ef476ef320bde12668987703799c8c44a21fe29ac18dab163b33d32cc7,train
data/dataset/Non_Demented/non_556.jpg,non_556.jpg,Non-Demented,NonDemented,128,128,1,55fb0831fb094d1f1a4aac8676f3ffb2a5b4c1cd6d62f4db88c9c9fbf6eb5330,train
data/dataset/Non_Demented/non_346.jpg,non_346.jpg,Non-Demented,NonDemented,128,128,1,a255fb74fc164b84d4eeb6fc0a4a667df3377dce5a2cc2cd928c5f63ede26ad4,train
data/dataset/Non_Demented/non_2706.jpg,non_2706.jpg,Non-Demented,NonDemented,128,128,1,af1e9ecf1a91817b488d4f9e6ed3913e8292719947c1c0fe31ad60fae1e740bc,train
data/dataset/Non_Demented/non_2646.jpg,non_2646.jpg,Non-Demented,NonDemented,128,128,1,b0d9eec74708fee821478a928ab817e8201931229319d75543b12ef119137ce5,train
data/dataset/Non_Demented/non_2774.jpg,non_2774.jpg,Non-Demented,NonDemented,128,128,1,999ffdc1e9fe355625375acdca9215c40d4ea05f193b7218323cb41f49809edc,train
data/dataset/Non_Demented/non_390.jpg,non_390.jpg,Non-Demented,NonDemented,128,128,1,7961f6fcee2b7d8406a224679036f30db7584805c0ebada921287d2f7143b739,train
data/dataset/Non_Demented/non_2734.jpg,non_2734.jpg,Non-Demented,NonDemented,128,128,1,751390c3db0b5b7e70f0c208c7d3ef1845b6376bba0141cb846335e9be7493eb,train
data/dataset/Non_Demented/non_2909.jpg,non_2909.jpg,Non-Demented,NonDemented,128,128,1,3b64f047b55e271fa824afc453b8f5729164e3cc917be9519248a18dc2035200,train
data/dataset/Non_Demented/non_2965.jpg,non_2965.jpg,Non-Demented,NonDemented,128,128,1,95e7f8cea899a3fc7c1a4471f17790bc8c84ae20895d37c8c4ac0e701e062800,train
data/dataset/Non_Demented/non_49.jpg,non_49.jpg,Non-Demented,NonDemented,128,128,1,2ff871ad86cf16037eebcf7ff11207e07f7448b91a48445eb3a48c4659e314fc,train
data/dataset/Non_Demented/non_2515.jpg,non_2515.jpg,Non-Demented,NonDemented,128,128,1,9866956ea9efd7e3c8d6e67d9e1551888c4b6097c5b2eab13b4f24be1fbda5d4,train
data/dataset/Non_Demented/non_2466.jpg,non_2466.jpg,Non-Demented,NonDemented,128,128,1,c79eb69ce653037625a064355ecf82737237626d0be393b7993ef9af74b577ea,train
data/dataset/Non_Demented/non_2171.jpg,non_2171.jpg,Non-Demented,NonDemented,128,128,1,47471ed60aac709c0526d744f5cbfe74f7c63d62e197906039697cdf3ecb5902,train
data/dataset/Non_Demented/non_1191.jpg,non_1191.jpg,Non-Demented,NonDemented,128,128,1,700fbabcf95679dd7c092aca1953675d3b7be6cd04db6e98769337af2076481a,train
data/dataset/Non_Demented/non_1202.jpg,non_1202.jpg,Non-Demented,NonDemented,128,128,1,64d937e16549a83704284408b9ac2a6d9d0ba1ee20055e630cd00c18fca19036,train
data/dataset/Non_Demented/non_674.jpg,non_674.jpg,Non-Demented,NonDemented,128,128,1,246aa08fa62e3a40144f8aaed4ff22d28c06bd11c391678c2d92f2c00b4a2502,train
data/dataset/Non_Demented/non_2463.jpg,non_2463.jpg,Non-Demented,NonDemented,128,128,1,df9c9e484d66a5b04a830dd4261d3c8df9860ad93b18464f5a55eaeb45ddec8d,train
data/dataset/Non_Demented/non_35.jpg,non_35.jpg,Non-Demented,NonDemented,128,128,1,ef428592235e382dfd5f0de82657c0998e4a601519d8b2cf1e8198fbd71bbfed,train
data/dataset/Non_Demented/non_1640.jpg,non_1640.jpg,Non-Demented,NonDemented,128,128,1,9335d9cb6c763055bda800b8c2a7ea5368eec112fc1db3ce84885bf9c9f05895,train
data/dataset/Non_Demented/non_1840.jpg,non_1840.jpg,Non-Demented,NonDemented,128,128,1,4f88ebaad1e48d7953df85b8a91a67bfd28e83b8ff3c850f1f3e46cc73d5f2e5,train
data/dataset/Non_Demented/non_273.jpg,non_273.jpg,Non-Demented,NonDemented,128,128,1,9027bf47fb6ca17512c9d8529bba14498506a8150c09c3cd1fe2705ecda2bdf3,train
data/dataset/Non_Demented/non_2163.jpg,non_2163.jpg,Non-Demented,NonDemented,128,128,1,3a283bfadb7273ec439c00e567f4708a442e9a19d9771a8f39086887c2d5e947,train
data/dataset/Non_Demented/non_1255.jpg,non_1255.jpg,Non-Demented,NonDemented,128,128,1,891feaf4532c7ae05cf7af56bbc023087c203adf28369011341ef50624e4caee,train
data/dataset/Non_Demented/non_2601.jpg,non_2601.jpg,Non-Demented,NonDemented,128,128,1,8181a3be385b27f840fe0826a39266e728e78e7721d2d8b82c4638a4999829f5,train
data/dataset/Non_Demented/non_1650.jpg,non_1650.jpg,Non-Demented,NonDemented,128,128,1,8e2ba9f017ec82922d667514edf80b1948798c29d8401c9987f5787da2e23a3a,train
data/dataset/Non_Demented/non_2927.jpg,non_2927.jpg,Non-Demented,NonDemented,128,128,1,26e98d4adbbb172caf200726a6bf19bcb24bf90f36842281689dfba4107bf956,train
data/dataset/Non_Demented/non_589.jpg,non_589.jpg,Non-Demented,NonDemented,128,128,1,ae342980999cbf9cb8aa20c940e4df2551829f0da3afdfe96e52ab66760ab29f,train
data/dataset/Non_Demented/non_394.jpg,non_394.jpg,Non-Demented,NonDemented,128,128,1,f8d67c39344f5492d9a1a6ecd8cdfd6ccdd9031b3fc664b5756cedef43c2e7b3,train
data/dataset/Non_Demented/non_259.jpg,non_259.jpg,Non-Demented,NonDemented,128,128,1,eb3c9f1b6f9a79a3c1e50f484b763420c7b919ae3476725fe002b65286e9422c,train
data/dataset/Non_Demented/non_764.jpg,non_764.jpg,Non-Demented,NonDemented,128,128,1,1de5bcc25edb3c321a09f533650326567feebddb31691332e283cf26ea8596b8,train
data/dataset/Non_Demented/non_1181.jpg,non_1181.jpg,Non-Demented,NonDemented,128,128,1,6b73ebcabb5ef79e68d022f77e60a07922a12bc99628856e6e8154b5f741e716,train
data/dataset/Non_Demented/non_2567.jpg,non_2567.jpg,Non-Demented,NonDemented,128,128,1,f71413bcb44c2bfb17c1d9331fb57c5d9aa85433324a8d98eb2d4370346838e6,train
data/dataset/Non_Demented/non_408.jpg,non_408.jpg,Non-Demented,NonDemented,128,128,1,e0f28c3531ee00c7f1f99eb7a4daa73174ca7712f28f33a0389b11d1f2ec7180,train
data/dataset/Non_Demented/non_1154.jpg,non_1154.jpg,Non-Demented,NonDemented,128,128,1,4ada3bf66bed5301f65ab85b43f14ed9573e7e48adc11af88f70a3dbfd2594d7,train
data/dataset/Non_Demented/non_2880.jpg,non_2880.jpg,Non-Demented,NonDemented,128,128,1,be40cf0900986da80878768cc0007b147785e31516f279eb543929cf4bb8ab31,train
data/dataset/Non_Demented/non_886.jpg,non_886.jpg,Non-Demented,NonDemented,128,128,1,f85aa6fed544efe11fd31114d24f94eb3df6ac562c075f4291aae84ff889c5ce,train
data/dataset/Non_Demented/non_661.jpg,non_661.jpg,Non-Demented,NonDemented,128,128,1,3125487560d42ff6099517abae895479ac25730840afc644f279824192a4b53b,train
data/dataset/Non_Demented/non_729.jpg,non_729.jpg,Non-Demented,NonDemented,128,128,1,f03a54d6518a147fd7484b5978f9d8cfd6332fc0e57eff8651329e14759bbeec,train
data/dataset/Non_Demented/non_646.jpg,non_646.jpg,Non-Demented,NonDemented,128,128,1,566e3c73b1e57b8d67c811e725398a7700a2c842b2dddcd24822519d2ebf9c24,train
data/dataset/Non_Demented/non_2320.jpg,non_2320.jpg,Non-Demented,NonDemented,128,128,1,e28b1c4784a87602493583b4b77ab8b2a4f1a5103bb04d6991f7127af4aa1859,train
data/dataset/Non_Demented/non_386.jpg,non_386.jpg,Non-Demented,NonDemented,128,128,1,292dc826412bf1def7b0ef972434cdb29269db8b07d467ee7c9097b9da504b0a,train
data/dataset/Non_Demented/non_2113.jpg,non_2113.jpg,Non-Demented,NonDemented,128,128,1,ece67d03bd259833cb734c360a95223e72a4a18c2cf0b01845199a5b09887468,train
data/dataset/Non_Demented/non_2597.jpg,non_2597.jpg,Non-Demented,NonDemented,128,128,1,43974f69c5ad65c69fd931bf3e172899fe2321d4c5efcbdbc1b2191c208924f1,train
data/dataset/Non_Demented/non_1406.jpg,non_1406.jpg,Non-Demented,NonDemented,128,128,1,0bdc52618a6892225ceb19de83e81ed0f7035386d4917f5dfe7ef0d62e0eb404,train
data/dataset/Non_Demented/non_2173.jpg,non_2173.jpg,Non-Demented,NonDemented,128,128,1,b91c78e6203e4219e1a058ff966b00479ffb9099c52ff7cc94230f3555f7b306,train
data/dataset/Non_Demented/non_1545.jpg,non_1545.jpg,Non-Demented,NonDemented,128,128,1,367a887cf2005d9a65208f742d544a872f5765af01f57662e732bb48227bcad1,train
data/dataset/Non_Demented/non_2372.jpg,non_2372.jpg,Non-Demented,NonDemented,128,128,1,5a432bb44a97e36ed31e0fa573971ed713d2d98eab05e2d757bf38e222e490a4,train
data/dataset/Non_Demented/non_2574.jpg,non_2574.jpg,Non-Demented,NonDemented,128,128,1,f327cbb7bac1092261f72aa4fe94fe72d433cbf0ebe197828b6486039ba726aa,train
data/dataset/Non_Demented/non_375.jpg,non_375.jpg,Non-Demented,NonDemented,128,128,1,fc8227c0bc31d6bb074328d207edaabda6d00725aa6589ae3d6b64d0c9dec8db,train
data/dataset/Non_Demented/non_2596.jpg,non_2596.jpg,Non-Demented,NonDemented,128,128,1,5401cfc22345d115c951e9213bc9b25195f571bf91c836794a05010c282a7922,train
data/dataset/Non_Demented/non_673.jpg,non_673.jpg,Non-Demented,NonDemented,128,128,1,16c5d12a12876c682ae89ccb94ba1d320bc69895eed2ba81283670d04ee1dd87,train
data/dataset/Non_Demented/non_739.jpg,non_739.jpg,Non-Demented,NonDemented,128,128,1,ab34751dcc8dbfc8ddbc9f0b12a3d9bbf843071ca2ec36a4f8f7eaae3bf9c2ca,train
data/dataset/Non_Demented/non_3087.jpg,non_3087.jpg,Non-Demented,NonDemented,128,128,1,a79e116cadf48d129e7b8387608aaf65bb660e58650dad6ceae31cfed90b570b,train
data/dataset/Non_Demented/non_2893.jpg,non_2893.jpg,Non-Demented,NonDemented,128,128,1,3a34d4bee3cd47ab9a55fdba55eb8fc9b714fa608ba731e2f63e49ca7fd88ef1,train
data/dataset/Non_Demented/non_2800.jpg,non_2800.jpg,Non-Demented,NonDemented,128,128,1,ffc4c1b1b45268564646ef8131c349f3a24615d5c51c63fea6553b6fbcdca8ab,train
data/dataset/Non_Demented/non_1714.jpg,non_1714.jpg,Non-Demented,NonDemented,128,128,1,8f28bd7d64f8ca77e96b993db6825f43b33218539865e8b658587bf35b71a956,train
data/dataset/Non_Demented/non_1403.jpg,non_1403.jpg,Non-Demented,NonDemented,128,128,1,ce97322ba0213a867cc4fb02dbdff0cf648f83bdd1465670f7c77620270ccb19,train
data/dataset/Non_Demented/non_1664.jpg,non_1664.jpg,Non-Demented,NonDemented,128,128,1,5500cbe84d709ddae777cae2839338f8cf00f7e69f8a3656d0213e92279131e5,train
data/dataset/Non_Demented/non_11.jpg,non_11.jpg,Non-Demented,NonDemented,128,128,1,db451b4aa734a591cebcf0f107d5f28a220b722e91000d56bc58645be4fea6ac,train
data/dataset/Non_Demented/non_2584.jpg,non_2584.jpg,Non-Demented,NonDemented,128,128,1,76d6098359b6c425e506e4eb761f2f7719d4e71243057df7d6ea7a737ac3db4f,train
data/dataset/Non_Demented/non_377.jpg,non_377.jpg,Non-Demented,NonDemented,128,128,1,9c31a48c3dd5a98bedffec138122986a5c59942b9adbd3123b3b32eb5c73a282,train
data/dataset/Non_Demented/non_105.jpg,non_105.jpg,Non-Demented,NonDemented,128,128,1,22f1875678b7fc1ab25b573bd9f0d9ab69e661405ff254cbfacb06cad95f3c41,train
data/dataset/Non_Demented/non_851.jpg,non_851.jpg,Non-Demented,NonDemented,128,128,1,4acf2eb7ab2873de0a4d0c991ede3bfcb046b2f0ba85b1b580b945fe10878f85,train
data/dataset/Non_Demented/non_2868.jpg,non_2868.jpg,Non-Demented,NonDemented,128,128,1,4c5ce5f4aec33dd670599eec760719d68688279e875543c0d5d6dbee83f39d93,train
data/dataset/Non_Demented/non_2086.jpg,non_2086.jpg,Non-Demented,NonDemented,128,128,1,f497bc8e7a740b5a2f47d1eb5cd5c101147cf76c61b1a2f3ffde50956efacb14,train
data/dataset/Non_Demented/non_3022.jpg,non_3022.jpg,Non-Demented,NonDemented,128,128,1,bd5b8d6d8c20f9f5f4b7910acc8c5d3103fe34c1ecc2d729a645b53319e6fbae,train
data/dataset/Non_Demented/non_2503.jpg,non_2503.jpg,Non-Demented,NonDemented,128,128,1,50b83934d5b0c352a7f15b43a97e42762081a8f998bf71a9469a3c5fb9a6ed65,train
data/dataset/Non_Demented/non_3143.jpg,non_3143.jpg,Non-Demented,NonDemented,128,128,1,21b767f6fe3bd993df02506edc68b96d39c1caa23a3085cac4b6ec02629d3dee,train
data/dataset/Non_Demented/non_2922.jpg,non_2922.jpg,Non-Demented,NonDemented,128,128,1,b1b71e065b646c36411615a3b79b1d7fded6a40ee129b2847cbb60e3b2bcbec5,train
data/dataset/Non_Demented/non_1390.jpg,non_1390.jpg,Non-Demented,NonDemented,128,128,1,7c06f6e57f2db1622b0a9b5381bc5a63ad5d1cbf33edee4376f5a7bfe07912f4,train
data/dataset/Non_Demented/non_177.jpg,non_177.jpg,Non-Demented,NonDemented,128,128,1,b62fad80a02ea06ed9774df58332b4ae94412c6f487159696df4e56881ed3730,train
data/dataset/Non_Demented/non_504.jpg,non_504.jpg,Non-Demented,NonDemented,128,128,1,0c262c0de04e7e6afe1665fed4022274ec5ebcd7421a89ad4782c87d19134e05,train
data/dataset/Non_Demented/non_2087.jpg,non_2087.jpg,Non-Demented,NonDemented,128,128,1,009427aff7b18f683218a12fd66ca163ac712713562668a7ad3ddcf35751975c,train
data/dataset/Non_Demented/non_1518.jpg,non_1518.jpg,Non-Demented,NonDemented,128,128,1,2fcbb30d4bd2c15f1bb16c629f014e531f970574e53bafc8102e75acb58c0843,train
data/dataset/Non_Demented/non_2765.jpg,non_2765.jpg,Non-Demented,NonDemented,128,128,1,a9bc2d4351c6def7a7ea8fee25265ae9054425a8864138059869affaf6a01459,train
data/dataset/Non_Demented/non_443.jpg,non_443.jpg,Non-Demented,NonDemented,128,128,1,c33dea462cdbdb52104298e9cb2cb99bf75f06f103d327657c2f21439e43af90,train
data/dataset/Non_Demented/non_1701.jpg,non_1701.jpg,Non-Demented,NonDemented,128,128,1,c9459a8cfb71c63a87f65e2605f62f2645496d59f5cc5d7202bcad6245660ce0,train
data/dataset/Non_Demented/non_1412.jpg,non_1412.jpg,Non-Demented,NonDemented,128,128,1,1127fdd31a74bdb48266f0289330bcf1aea1511d79c292e2ea52141daa941b2a,train
data/dataset/Non_Demented/non_358.jpg,non_358.jpg,Non-Demented,NonDemented,128,128,1,ef1a2eb9452f29a9ee9b833c616df42cb420a624d8a9f8d6ea5f087af9bde548,train
data/dataset/Non_Demented/non_1756.jpg,non_1756.jpg,Non-Demented,NonDemented,128,128,1,523295a8e49ea83783a21d097b59240207e7ca61deb1eb16d1925e3567194ce7,train
data/dataset/Non_Demented/non_2798.jpg,non_2798.jpg,Non-Demented,NonDemented,128,128,1,61382c6d9d09d18682e1ca1b74952feffe6465453c4b1614c6cf8366c0af507f,train
data/dataset/Non_Demented/non_906.jpg,non_906.jpg,Non-Demented,NonDemented,128,128,1,041fe38546c8739f7a46f97bef87a648375d5b4b7d84763d8cb4a0b6be797f0c,train
data/dataset/Non_Demented/non_210.jpg,non_210.jpg,Non-Demented,NonDemented,128,128,1,9a2737f5f34062a6a4ee2985a690c1b3d1185132967882296fc01eb366b4516c,train
data/dataset/Non_Demented/non_1148.jpg,non_1148.jpg,Non-Demented,NonDemented,128,128,1,58723fe407c58bddc5f1c72ba0139bf42438b60efbd7eca876d646d91fee1ef0,train
data/dataset/Non_Demented/non_3014.jpg,non_3014.jpg,Non-Demented,NonDemented,128,128,1,51eeebb8a617d0a731ada61f85ba294285d507c50d5a45cde3de0fd47b26fbda,train
data/dataset/Non_Demented/non_2231.jpg,non_2231.jpg,Non-Demented,NonDemented,128,128,1,2413ab6650fe63ad4c64ce29a08bc7a0309d1ddd9e22e0b0a446e64c3ceed331,train
data/dataset/Non_Demented/non_2854.jpg,non_2854.jpg,Non-Demented,NonDemented,128,128,1,8a40ae0fdee14c81b6e1b626060de33d26b21642b6bde15948b406313e3b00ea,train
data/dataset/Non_Demented/non_2027.jpg,non_2027.jpg,Non-Demented,NonDemented,128,128,1,978cb2da1d02b7dffbdac5fc60988630d3b8036c988edc6b231c80c5f626b3bc,train
data/dataset/Non_Demented/non_1170.jpg,non_1170.jpg,Non-Demented,NonDemented,128,128,1,deb92737668854a1feb74ad2cb202cd35c3f56f8b7deeb1ac9f808509b8ab906,train
data/dataset/Non_Demented/non_3120.jpg,non_3120.jpg,Non-Demented,NonDemented,128,128,1,90882ffc3974febcca309c22eb23a90f701bfb5e8a8d7c5f8c2a05aab0f9ce5c,train
data/dataset/Non_Demented/non_817.jpg,non_817.jpg,Non-Demented,NonDemented,128,128,1,1a4c70c7540cae4fe76fc7de8d3bd7f92cb35be771ff0e67dedcc772bc62f2ac,train
data/dataset/Non_Demented/non_2727.jpg,non_2727.jpg,Non-Demented,NonDemented,128,128,1,0eaafd920eb9064a157ba2a9e15d16bd0405215e47da96e1a84a0ad0e0b0d393,train
data/dataset/Non_Demented/non_2341.jpg,non_2341.jpg,Non-Demented,NonDemented,128,128,1,3b23d1e30d2d95483c150786f3725121547b938b6317ed7ad8a43c77611aa0d8,train
data/dataset/Non_Demented/non_642.jpg,non_642.jpg,Non-Demented,NonDemented,128,128,1,e0332542a7c57705d3c9a2ffcbf7ae558b3fea340ea711c48c2ce2c891b58e27,train
data/dataset/Non_Demented/non_1416.jpg,non_1416.jpg,Non-Demented,NonDemented,128,128,1,26cd5aa6913357031546f8575159c8e6de37f267de57e174273a165ef9c5a5ad,train
data/dataset/Non_Demented/non_1578.jpg,non_1578.jpg,Non-Demented,NonDemented,128,128,1,88001ad3da3e098a4b4962e5047864f632fed2c89cf5e5951022dba8ea916a2a,train
data/dataset/Non_Demented/non_1315.jpg,non_1315.jpg,Non-Demented,NonDemented,128,128,1,41aae0e95cf56041caf9b158f55471a1f21e1144487a30b7da3f6f2c34dc9d9a,train
data/dataset/Non_Demented/non_1552.jpg,non_1552.jpg,Non-Demented,NonDemented,128,128,1,266c6b28c147b3570d3028884de3ba880ee145cdce3b7e037d4a1f0c6761431e,train
data/dataset/Non_Demented/non_2404.jpg,non_2404.jpg,Non-Demented,NonDemented,128,128,1,034b0ea7ed0ac7794dc904444cb1628d2771688b254a5dde4147e1febe5e55e0,train
data/dataset/Non_Demented/non_2159.jpg,non_2159.jpg,Non-Demented,NonDemented,128,128,1,5af4109157880bb267a135ac135a7c3abfed835d327fa1f878a83bf5ae53fd5e,train
data/dataset/Non_Demented/non_447.jpg,non_447.jpg,Non-Demented,NonDemented,128,128,1,442851d5ded1a1f5479a94d22280f29e915a27995af907b3e67ebd25c0cce215,train
data/dataset/Non_Demented/non_1939.jpg,non_1939.jpg,Non-Demented,NonDemented,128,128,1,05e339f5ca0d1f9d083df771ab7586294e1fbd3b83e10608d2df37d067b98e75,train
data/dataset/Non_Demented/non_3126.jpg,non_3126.jpg,Non-Demented,NonDemented,128,128,1,943f0a75330705ab566696260789353dfc7b5da809d40fd0850e76e1b466eec0,train
data/dataset/Non_Demented/non_3005.jpg,non_3005.jpg,Non-Demented,NonDemented,128,128,1,c09989793e35e9144c505ada2b0efd1bc49c3eb2100575729c4d045fe8fa1753,train
data/dataset/Non_Demented/non_1771.jpg,non_1771.jpg,Non-Demented,NonDemented,128,128,1,b981df0b7499b7d1772aec4d4ecbdca38b7d2eedf1bb9cec40dd1b6644b89b2b,train
data/dataset/Non_Demented/non_1642.jpg,non_1642.jpg,Non-Demented,NonDemented,128,128,1,b5a7398722a971d4a0f44c7fc0c258040c9f9e5ade7ea5017256012c51374616,train
data/dataset/Non_Demented/non_2008.jpg,non_2008.jpg,Non-Demented,NonDemented,128,128,1,ee5136c234e809f928ecd145d113bdd2b3474a049cafc9922afa007e66a9a66b,train
data/dataset/Non_Demented/non_1375.jpg,non_1375.jpg,Non-Demented,NonDemented,128,128,1,bd0cec780f36616f377d95b8c3f92702060d329a31acb07f1fdfacaa6f3a5084,train
data/dataset/Non_Demented/non_1997.jpg,non_1997.jpg,Non-Demented,NonDemented,128,128,1,702dc42100f65109cea5c3433c9ec713610f602a713a2bb593c692b79d1aa7b0,train
data/dataset/Non_Demented/non_3042.jpg,non_3042.jpg,Non-Demented,NonDemented,128,128,1,535ab5c63f5b5e46ba832629f2d13f44ec63b3d486425081e3f54b50acb54d0c,train
data/dataset/Non_Demented/non_1112.jpg,non_1112.jpg,Non-Demented,NonDemented,128,128,1,34011f1cd31db0420511bbef256a195fb286da771300b714c62bd976b5e3c8dd,train
data/dataset/Non_Demented/non_1090.jpg,non_1090.jpg,Non-Demented,NonDemented,128,128,1,8a33104c61723af3166cfbeca3903f2fef932d265c5edb8e02670aed8b9e684f,train
data/dataset/Non_Demented/non_894.jpg,non_894.jpg,Non-Demented,NonDemented,128,128,1,85fc20f988bf1e9c5588add61097936cf75ba8bb2ecb0e90db1b5ec681b69bb0,train
data/dataset/Non_Demented/non_2032.jpg,non_2032.jpg,Non-Demented,NonDemented,128,128,1,24463f0587f57ba55367b523fef870ecc1559320b5491347c8cb5b07df71b603,train
data/dataset/Non_Demented/non_1060.jpg,non_1060.jpg,Non-Demented,NonDemented,128,128,1,68a733d845c5af81fbf89f6287c244ff0e642e39285f823051920a549fdeb863,train
data/dataset/Non_Demented/non_1653.jpg,non_1653.jpg,Non-Demented,NonDemented,128,128,1,55ae3cf2dc3ea544ab003b5e3ae4ce93c5f2d3107a694bd95f2858bf7d14fdf4,train
data/dataset/Non_Demented/non_350.jpg,non_350.jpg,Non-Demented,NonDemented,128,128,1,f0413cc1ef58c07c82e20ee66c6bda72df59694953b3fb4dba8e6fb8d5c0fe91,train
data/dataset/Non_Demented/non_2556.jpg,non_2556.jpg,Non-Demented,NonDemented,128,128,1,7031fce0971c1b744935f791b864add6e6c6fb60618c08ae4e04d846d9aa675b,train
data/dataset/Non_Demented/non_725.jpg,non_725.jpg,Non-Demented,NonDemented,128,128,1,252beca06da07b65a7bf41f9d3e75fc9f571905fc05ecf2950a811b50226a9c4,train
data/dataset/Non_Demented/non_771.jpg,non_771.jpg,Non-Demented,NonDemented,128,128,1,287d1343c535c2eba2cee6cd453b865b89f9d9a818794fffd7e86adb8d11bf34,train
data/dataset/Non_Demented/non_1905.jpg,non_1905.jpg,Non-Demented,NonDemented,128,128,1,16009146abc82fb62f44dae42f3aa9d082390d3d7a80ce0ead7443d33953bd7e,train
data/dataset/Non_Demented/non_1308.jpg,non_1308.jpg,Non-Demented,NonDemented,128,128,1,5a94c68d3ab180aee4acf4b0c18164d920ce0cb257c313628982eb65cc98d5a0,train
data/dataset/Non_Demented/non_395.jpg,non_395.jpg,Non-Demented,NonDemented,128,128,1,631c3d7c7c9a09551dbe5259da223511a7031232ce15e0b5918f8c6254e1cc9b,train
data/dataset/Non_Demented/non_497.jpg,non_497.jpg,Non-Demented,NonDemented,128,128,1,194b64c5a8e5e53bc7d553af00982cc53ca400d8008a887fe66643f503f29a31,train
data/dataset/Non_Demented/non_2647.jpg,non_2647.jpg,Non-Demented,NonDemented,128,128,1,8064ff6afd1caa647be7b9778a9092fc715d0151561d9c97b1f6084269a7db1c,train
data/dataset/Non_Demented/non_2799.jpg,non_2799.jpg,Non-Demented,NonDemented,128,128,1,201af0e0b79b3c750633dd55c4c03f64c2a97c1919c4f6c3b058342edb3dfd54,train
data/dataset/Non_Demented/non_927.jpg,non_927.jpg,Non-Demented,NonDemented,128,128,1,368b67c7114f715c1eb732d3fd8b84cc5dfe29aa671b73c8e013d648207a0c6a,train
data/dataset/Non_Demented/non_760.jpg,non_760.jpg,Non-Demented,NonDemented,128,128,1,1292f7d794407d98fdf4360f8a1289ddb9d0a6094294200a26e5ac059db93370,train
data/dataset/Non_Demented/non_850.jpg,non_850.jpg,Non-Demented,NonDemented,128,128,1,d56348fe3cf3f42487a1570a87d26313505925f7d5bb1a68d147576ad15b0ebf,train
data/dataset/Non_Demented/non_2679.jpg,non_2679.jpg,Non-Demented,NonDemented,128,128,1,b18091ef27da52a7e0ca5b673cd36068f866b41a2947f1ab4f0c99e100dbabcc,train
data/dataset/Non_Demented/non_609.jpg,non_609.jpg,Non-Demented,NonDemented,128,128,1,06b79068b6ebdf25f5969d6d3040700402f2e931aa83e8e4d102258f002315ca,train
data/dataset/Non_Demented/non_823.jpg,non_823.jpg,Non-Demented,NonDemented,128,128,1,2db35b101d2b44132bef91bdb0eb89b094135360290103b970dfcea93432205e,train
data/dataset/Non_Demented/non_481.jpg,non_481.jpg,Non-Demented,NonDemented,128,128,1,4e81792c4e8d7fdbd0cb8f9964dd0807a835ebf9bcae49d436d770990fd66504,train
data/dataset/Non_Demented/non_897.jpg,non_897.jpg,Non-Demented,NonDemented,128,128,1,b387b693ae6e171c197bdeaa24b05acb3c2acb3ff443999f7641e6a1657b07ab,train
data/dataset/Non_Demented/non_499.jpg,non_499.jpg,Non-Demented,NonDemented,128,128,1,379bc7385ad43e713450a1dd76e350c1debe4cdf41cd10f7f1cefe94c268dc04,train
data/dataset/Non_Demented/non_986.jpg,non_986.jpg,Non-Demented,NonDemented,128,128,1,b13464dd9b85e54846eb7d1b8c3a82b2df442ab4b58ced5ed77f63bc1c81bdfd,train
data/dataset/Non_Demented/non_280.jpg,non_280.jpg,Non-Demented,NonDemented,128,128,1,873f99ae34dd88232d35eb2526d6c71eecca38b2bc03f7160769b63c61ab1693,train
data/dataset/Non_Demented/non_238.jpg,non_238.jpg,Non-Demented,NonDemented,128,128,1,7981e97e274f366cb643f79381d38f9ef088a5de329992a830fedb22129f71fa,train
data/dataset/Non_Demented/non_910.jpg,non_910.jpg,Non-Demented,NonDemented,128,128,1,c115d8ee71d6d7220e254cf5fa0bb38c39e68aeb1ef6ecaf612aa646f855f480,train
data/dataset/Non_Demented/non_1732.jpg,non_1732.jpg,Non-Demented,NonDemented,128,128,1,7cb0037521567d3a125a88d6739f1ffa386dc39c3305546f8925d4890bd6befa,train
data/dataset/Non_Demented/non_2789.jpg,non_2789.jpg,Non-Demented,NonDemented,128,128,1,2a74c13ef309e55e0203279e6c81ae7396aa3f43c4fb08a38d4f1ef9538ca5fc,train
data/dataset/Non_Demented/non_1931.jpg,non_1931.jpg,Non-Demented,NonDemented,128,128,1,11956a35c0430913bb54cb1f1d5c0ccb3a7430fb6b56477ec0cd7c2ad21c8166,train
data/dataset/Non_Demented/non_248.jpg,non_248.jpg,Non-Demented,NonDemented,128,128,1,8c607d72de2c11bb3c23b8df2d418d26a5181624bb18e6027233c0a53c9ad93e,train
data/dataset/Non_Demented/non_1665.jpg,non_1665.jpg,Non-Demented,NonDemented,128,128,1,b6105a528d72079b5d216741b712b48e4f7f8d52d1d0299e206a952c64a7c74e,train
data/dataset/Non_Demented/non_2491.jpg,non_2491.jpg,Non-Demented,NonDemented,128,128,1,8625e0c9022a135cdece5614680c6578b4340bfc1abff1c396317adb9b0b4964,train
data/dataset/Non_Demented/non_2245.jpg,non_2245.jpg,Non-Demented,NonDemented,128,128,1,2c620ac4ab9b87cff6ec8dc24ccc2cbc745c1db26c98674bd757d6a3f91acad4,train
data/dataset/Non_Demented/non_1349.jpg,non_1349.jpg,Non-Demented,NonDemented,128,128,1,b3da066e63f760264c3da1e9e0ac23bbb618203bc0837f90420aafd8fb61ca1a,train
data/dataset/Non_Demented/non_2323.jpg,non_2323.jpg,Non-Demented,NonDemented,128,128,1,e0e66010bab20a7b07c7eee373926a164814f2cdef1b7e4d23066beb12081641,train
data/dataset/Non_Demented/non_265.jpg,non_265.jpg,Non-Demented,NonDemented,128,128,1,f2c39e3b17717433365bf4e37ae69d9973470c9935b3ffc08360acb5256bdfa3,train
data/dataset/Non_Demented/non_3127.jpg,non_3127.jpg,Non-Demented,NonDemented,128,128,1,430179455a8e2f1ee8ff0bd5d2bc1e7f5fc7e32ca8d4853586346417b452d8d0,train
data/dataset/Non_Demented/non_2911.jpg,non_2911.jpg,Non-Demented,NonDemented,128,128,1,e0429f48ed313b2f064bc5a8955f7f2873cfeef6093906cbe02b97cbff647267,train
data/dataset/Non_Demented/non_3117.jpg,non_3117.jpg,Non-Demented,NonDemented,128,128,1,598ece37c04a0d256586171f00eb59101301bb984dbdee5bff7d9e6f0a06e9cf,train
data/dataset/Non_Demented/non_1280.jpg,non_1280.jpg,Non-Demented,NonDemented,128,128,1,f8a633d023d1aaa0058ede473c6f9a5fa1c95a529d87aa93bbd695228e12fe06,train
data/dataset/Non_Demented/non_2280.jpg,non_2280.jpg,Non-Demented,NonDemented,128,128,1,bd1b3a8129c1bf4b036904050b362aa99fc181740455e0282738ce8da1b16e8e,train
data/dataset/Non_Demented/non_19.jpg,non_19.jpg,Non-Demented,NonDemented,128,128,1,532893ca40101228da7804864719922f8af052fcaba8d10cca57932f6edd25d4,train
data/dataset/Non_Demented/non_1214.jpg,non_1214.jpg,Non-Demented,NonDemented,128,128,1,176934ecb1028671a457399a7ce0f6cb02cac47fefa933943b0ec86323ae066c,train
data/dataset/Non_Demented/non_1625.jpg,non_1625.jpg,Non-Demented,NonDemented,128,128,1,5f71c4d6410160aef6d7719231038595d277c78654968da3ae646359b60c3de5,train
data/dataset/Non_Demented/non_1467.jpg,non_1467.jpg,Non-Demented,NonDemented,128,128,1,55289811ff38193743210f1363638e4fa98b614dbde0219677dda9e28eb0b062,train
data/dataset/Non_Demented/non_987.jpg,non_987.jpg,Non-Demented,NonDemented,128,128,1,8020591a542e1d2d09e17a5e45ae300280489ef0cc91cb324ae674da0cb9d78d,train
data/dataset/Non_Demented/non_2668.jpg,non_2668.jpg,Non-Demented,NonDemented,128,128,1,ffccb60ec6954c1cf5fede8aead1058c855187ba0b5fe3ac84a645606411d5a2,train
data/dataset/Non_Demented/non_168.jpg,non_168.jpg,Non-Demented,NonDemented,128,128,1,3cba8c9be81e310bb360117d24da49975e14e436de8859e3e3dc189390ebefe8,train
data/dataset/Non_Demented/non_871.jpg,non_871.jpg,Non-Demented,NonDemented,128,128,1,2e944ab2e55a997958cacb8733089329451d1d002114696e8677410398da0f30,train
data/dataset/Non_Demented/non_2061.jpg,non_2061.jpg,Non-Demented,NonDemented,128,128,1,4c6736b15f59e85b8962f79b524f4630dd07fe338f74254a6722623b7213633a,train
data/dataset/Non_Demented/non_3165.jpg,non_3165.jpg,Non-Demented,NonDemented,128,128,1,4a64538fc663ddae96564e878cd71091bca6126ff9958021a2b71ebd35bd02ec,train
data/dataset/Non_Demented/non_1062.jpg,non_1062.jpg,Non-Demented,NonDemented,128,128,1,b341a1ca41a43903f3540bc5f444be1e5572753505c209bbcb25004fc0e7338b,train
data/dataset/Non_Demented/non_300.jpg,non_300.jpg,Non-Demented,NonDemented,128,128,1,4f65a64de9dc24659bcdee9b7424bf0f2f541b0bdb18cf55144ab6b40cba38af,train
data/dataset/Non_Demented/non_2444.jpg,non_2444.jpg,Non-Demented,NonDemented,128,128,1,ce2d15cd9cba5e829ab8764d349210a0af1e9ecd98729e6ed94887de7b8d4ea5,train
data/dataset/Non_Demented/non_2375.jpg,non_2375.jpg,Non-Demented,NonDemented,128,128,1,6a7f5f0f8d57df90dc142788a8166b969b10f7af3aec28463b297d0a656020a1,train
data/dataset/Non_Demented/non_2757.jpg,non_2757.jpg,Non-Demented,NonDemented,128,128,1,e7aa258b92fa1c4830d6a71557b62f8581963d4a38bc97401f64bf9f65488c62,train
data/dataset/Non_Demented/non_3167.jpg,non_3167.jpg,Non-Demented,NonDemented,128,128,1,9773c403ea295df56e2e2ba4ffab4c1b51e36a32d80d65bc50cbe2c4908479b6,train
data/dataset/Non_Demented/non_2352.jpg,non_2352.jpg,Non-Demented,NonDemented,128,128,1,64e4a4260d325f0e65d84bf75bb7469222a0cdfac068c8e7af8fff5756f82ff8,train
data/dataset/Non_Demented/non_2964.jpg,non_2964.jpg,Non-Demented,NonDemented,128,128,1,c86c772231bb8e4f4b54695e889628a6f2460f97046f2935ad863a0a470385a0,train
data/dataset/Non_Demented/non_3161.jpg,non_3161.jpg,Non-Demented,NonDemented,128,128,1,eeed171106b41998c6de378789b218c261b7f637427459d7421aa5ba4c00673e,train
data/dataset/Non_Demented/non_1294.jpg,non_1294.jpg,Non-Demented,NonDemented,128,128,1,c6dde7e28bbb7f2c700064b0a3c86f28bea89bc8551491b8e691a1d3d25eefcb,train
data/dataset/Non_Demented/non_1502.jpg,non_1502.jpg,Non-Demented,NonDemented,128,128,1,a73ed0bae09824dceca5d775c9bc81bc2f9e21c65a6ee03c8b53b7457b4be078,train
data/dataset/Non_Demented/non_214.jpg,non_214.jpg,Non-Demented,NonDemented,128,128,1,09f4d657b12c3aa01aa5feab5b7c3d3fe72c03745b0d8059cedaebffb63d8fe4,train
data/dataset/Non_Demented/non_2645.jpg,non_2645.jpg,Non-Demented,NonDemented,128,128,1,f7a1607c2dfe2dee7f5e80c65726f651c0a73c2110bd10eb63bae45ba20c8b73,train
data/dataset/Non_Demented/non_3075.jpg,non_3075.jpg,Non-Demented,NonDemented,128,128,1,5bcfd22636852c6d84cc94c38b1aabfd5ef4dc2d01719291bdb687b8d3469c6b,train
data/dataset/Non_Demented/non_1617.jpg,non_1617.jpg,Non-Demented,NonDemented,128,128,1,883d374f0f8c6d69d6b6fdb22f2902ac7af4e3c39d6d39d8826b9a828b6ad91d,train
data/dataset/Non_Demented/non_688.jpg,non_688.jpg,Non-Demented,NonDemented,128,128,1,f48bd1731090f9776ec1e9f018c77d2e45849f03f0cd6176532502db7c6de666,train
data/dataset/Non_Demented/non_2865.jpg,non_2865.jpg,Non-Demented,NonDemented,128,128,1,a1977a4aeb9f39e49a74226afa640f1e39ab8bc56669206c0c25761540faf223,train
data/dataset/Non_Demented/non_129.jpg,non_129.jpg,Non-Demented,NonDemented,128,128,1,bcc58358ef8103c97632a04720f0191dc518bca8ac45a6252b0b37cec66fdb2b,train
data/dataset/Non_Demented/non_217.jpg,non_217.jpg,Non-Demented,NonDemented,128,128,1,ea3430d4e58e70ff8831fe886cfe9f231285188f63cfa4df924e9b8df47c8be5,train
data/dataset/Non_Demented/non_512.jpg,non_512.jpg,Non-Demented,NonDemented,128,128,1,d6048e8a5722c6f3fe247e4b7d9373f3f42d700f9bfec3834fadb4712707e8d1,train
data/dataset/Non_Demented/non_2155.jpg,non_2155.jpg,Non-Demented,NonDemented,128,128,1,3fb26a9ea22338a37c102b66c194b27371da8c5eb6563b39134371324ae47009,train
data/dataset/Non_Demented/non_834.jpg,non_834.jpg,Non-Demented,NonDemented,128,128,1,7c3e87944334d7989f3f9b6416a511d203cce334a0cf012422ef8a5b31c678b9,train
data/dataset/Non_Demented/non_2511.jpg,non_2511.jpg,Non-Demented,NonDemented,128,128,1,49fcf7ac1d64c15dee3b62883d0182c3ab93e2ea753022cc0575a2b2aac39b99,train
data/dataset/Non_Demented/non_1790.jpg,non_1790.jpg,Non-Demented,NonDemented,128,128,1,1050969f93611a9bb2ea18ec68e11f0a81dc74790eec1c0916c25627c5638554,train
data/dataset/Non_Demented/non_1555.jpg,non_1555.jpg,Non-Demented,NonDemented,128,128,1,73d6f68be491288c32add607f9bf2c746e2f2cce513a6e764a05babcbb1d569d,train
data/dataset/Non_Demented/non_1436.jpg,non_1436.jpg,Non-Demented,NonDemented,128,128,1,c224c385a90fddb5591987f3cd04c2e8bb79acca078cf4b9d647a9559a19c7ae,train
data/dataset/Non_Demented/non_1713.jpg,non_1713.jpg,Non-Demented,NonDemented,128,128,1,563b6af18be686f316df93cb8ee37679d9e983565a489fa5da5a74b317277676,train
data/dataset/Non_Demented/non_294.jpg,non_294.jpg,Non-Demented,NonDemented,128,128,1,211ca93dc799d078e69dc4958ac961d17470e285e285f0888ee373f2fb9a895f,train
data/dataset/Non_Demented/non_3000.jpg,non_3000.jpg,Non-Demented,NonDemented,128,128,1,d8c15a8870075d69ce4e9f9057ab112587127b8ca46da3f606bc8ac515162d41,train
data/dataset/Non_Demented/non_2140.jpg,non_2140.jpg,Non-Demented,NonDemented,128,128,1,0ec40a67df70707ad6e6125a303bdfeaf3c2da51e67af346cf23d884e60f7ebe,train
data/dataset/Non_Demented/non_137.jpg,non_137.jpg,Non-Demented,NonDemented,128,128,1,b98f98f8646d3a092a08b16993093bc44e023194120c43fb08370283a7501996,train
data/dataset/Non_Demented/non_1889.jpg,non_1889.jpg,Non-Demented,NonDemented,128,128,1,06d8f2543accd65decea472aa0f64dab5154ceb499de04ac546e0a1dc785bf0f,train
data/dataset/Non_Demented/non_434.jpg,non_434.jpg,Non-Demented,NonDemented,128,128,1,dcad112f64a56733b44abe18d4ae3a7175fd8f530577609d9b14792c31812a7d,train
data/dataset/Non_Demented/non_3160.jpg,non_3160.jpg,Non-Demented,NonDemented,128,128,1,71b152e5e1cae9a98b933ce4a0b50610188ddf444db9a744061935b0597991a4,train
data/dataset/Non_Demented/non_718.jpg,non_718.jpg,Non-Demented,NonDemented,128,128,1,cd3858369323737f50e87e10524c4abe0ac903d003ff988544c9f43ee13a27d9,train
data/dataset/Non_Demented/non_1197.jpg,non_1197.jpg,Non-Demented,NonDemented,128,128,1,9849ece2a04bd5997132f8a22494e8ed18eaeb9cebdfa6ae5537aba5645b0cc9,train
data/dataset/Non_Demented/non_1984.jpg,non_1984.jpg,Non-Demented,NonDemented,128,128,1,d929ea05ca61c3a86e557b41a3ba1864a5d43b7ecbd598888b6939fe80837660,train
data/dataset/Non_Demented/non_1496.jpg,non_1496.jpg,Non-Demented,NonDemented,128,128,1,b4c0ba2bd3d60e4250bb40a6ca43180b2a3e8ffd3252b0d00a74f4c4c41de06d,train
data/dataset/Non_Demented/non_216.jpg,non_216.jpg,Non-Demented,NonDemented,128,128,1,ff4e182189ea80a6467a02deb1b20f37842d4c7019d1ff889f88e4a027aeaf33,train
data/dataset/Non_Demented/non_2293.jpg,non_2293.jpg,Non-Demented,NonDemented,128,128,1,36f6b1dd03a1f796e8e92eec864cb466e497da9eff2ff2852a62f6e25ebc50fb,train
data/dataset/Non_Demented/non_501.jpg,non_501.jpg,Non-Demented,NonDemented,128,128,1,a238d38001665de136c80e5e8c4f1c0d553e30428223ac0b4c8bd79f65f0d471,train
data/dataset/Non_Demented/non_1265.jpg,non_1265.jpg,Non-Demented,NonDemented,128,128,1,6704fecf23acd9cde1801a6d4feec1c93c4c66bbbe358f067779b004a3f556e7,train
data/dataset/Non_Demented/non_2502.jpg,non_2502.jpg,Non-Demented,NonDemented,128,128,1,8488a5d8906e574a5cd02d1fd91df2b4efdb54e39c53477d1dd85807a5c64375,train
data/dataset/Non_Demented/non_1693.jpg,non_1693.jpg,Non-Demented,NonDemented,128,128,1,4ce3901fda54fcce97a44d97dd5718e7238ce0726349e2a431bf359b6c181268,train
data/dataset/Non_Demented/non_859.jpg,non_859.jpg,Non-Demented,NonDemented,128,128,1,841aaf103aa00b6fbc270276e657c15e2cbcca2c89a547a05dc8b1c47d428321,train
data/dataset/Non_Demented/non_2920.jpg,non_2920.jpg,Non-Demented,NonDemented,128,128,1,75b2a73d64ed37f226a9d1cd47710ad7dc264dd68e9c81baf7faa9d3750855c4,train
data/dataset/Non_Demented/non_664.jpg,non_664.jpg,Non-Demented,NonDemented,128,128,1,898a30da64258c74aaa920146e3b9929a783e2ccd06402332302957039e7ad12,train
data/dataset/Non_Demented/non_883.jpg,non_883.jpg,Non-Demented,NonDemented,128,128,1,b276005f7e3ece1203e9357b87433e55e9e524c33385c4afb526f88ad5ec5b68,train
data/dataset/Non_Demented/non_2188.jpg,non_2188.jpg,Non-Demented,NonDemented,128,128,1,116293fc5ae2f84a4042d507cbd81b02c70ad60e022fb436c7d0846b6411452a,train
data/dataset/Non_Demented/non_165.jpg,non_165.jpg,Non-Demented,NonDemented,128,128,1,c3129782787cc8fd550b12a289a4c7d6b856fa2d035af8b80da4b8d0a0ae2ed0,train
data/dataset/Non_Demented/non_2135.jpg,non_2135.jpg,Non-Demented,NonDemented,128,128,1,0243f1d5fd5330be37a841fa7578d1b96e72b1bc6f637cea7123d311f27962f3,train
data/dataset/Non_Demented/non_2440.jpg,non_2440.jpg,Non-Demented,NonDemented,128,128,1,4e7face51950001f13e059cc5502e16011012867584dfd16085085a0b2bf3649,train
data/dataset/Non_Demented/non_1357.jpg,non_1357.jpg,Non-Demented,NonDemented,128,128,1,8cd641c7735484d9fbcabe474537ba3f70c6f143e3eed56422002f142c5b8bbb,train
data/dataset/Non_Demented/non_2202.jpg,non_2202.jpg,Non-Demented,NonDemented,128,128,1,659a8edca42756661e4eef959c0a933e1377c1857a9e6fe116b42d3c26769856,train
data/dataset/Non_Demented/non_1058.jpg,non_1058.jpg,Non-Demented,NonDemented,128,128,1,a09feff13a02f19fd24995b32b1dcd13244f16c702c48561db05a6281f0d57da,train
data/dataset/Non_Demented/non_1630.jpg,non_1630.jpg,Non-Demented,NonDemented,128,128,1,3bc5bf3cd7479d469b1ac0a1fee6ae919c154199bfded93a513c789a181c5e10,train
data/dataset/Non_Demented/non_1269.jpg,non_1269.jpg,Non-Demented,NonDemented,128,128,1,4bee2b362964144c2666e9d67f4bf73ce3ed0f9f20f17d2f63195d5023358fe3,train
data/dataset/Non_Demented/non_807.jpg,non_807.jpg,Non-Demented,NonDemented,128,128,1,76123651660ea3d04b42ae3a874bd01e50b57235fb0706e571b307b304a3bcab,train
data/dataset/Non_Demented/non_2229.jpg,non_2229.jpg,Non-Demented,NonDemented,128,128,1,75b2ac3a6511cac87e44449b18738fd4f0a694258bb3fd7e516ae4dddc437d58,train
data/dataset/Non_Demented/non_334.jpg,non_334.jpg,Non-Demented,NonDemented,128,128,1,d879a181bcab574ed4eb4cd1224f0b5c811a944622daeee319cc4c144faae967,train
data/dataset/Non_Demented/non_1344.jpg,non_1344.jpg,Non-Demented,NonDemented,128,128,1,709f1d811446450438a180d80c53ad1845a674a6cd6788c7d95ed539964f358b,train
data/dataset/Non_Demented/non_442.jpg,non_442.jpg,Non-Demented,NonDemented,128,128,1,ccd7d49abe245034dc0696468bacceac446724240e3667c9ce0a317204611295,train
data/dataset/Non_Demented/non_181.jpg,non_181.jpg,Non-Demented,NonDemented,128,128,1,e7300d0bb57aa3dfea40a2a160c6d84e7e2085456bae55a743e9958ba49db5fb,train
data/dataset/Non_Demented/non_2797.jpg,non_2797.jpg,Non-Demented,NonDemented,128,128,1,95d6b67ab5c23c0e3e6002109627fa9d431d9a7c79be7232dea4c92c221bccf8,train
data/dataset/Non_Demented/non_951.jpg,non_951.jpg,Non-Demented,NonDemented,128,128,1,ce645f59874b3a0020b9200e85957413d6110857d16eac226637ff462a2ee17a,train
data/dataset/Non_Demented/non_182.jpg,non_182.jpg,Non-Demented,NonDemented,128,128,1,488bf3d299f3c25e44db521ba2d5d7f7167890986bad48dcc27b5a0da3d7755a,train
data/dataset/Non_Demented/non_1445.jpg,non_1445.jpg,Non-Demented,NonDemented,128,128,1,66774a072ec44d90ccb5d6fed28266eef1ddc3e466f4204d15aecb4e2e42e943,train
data/dataset/Non_Demented/non_1169.jpg,non_1169.jpg,Non-Demented,NonDemented,128,128,1,c0f70b3e1e81e33f8f8ec6c3dcf5b7e7a2a70924b30810e11f1551ec2ecd1d7a,train
data/dataset/Non_Demented/non_1278.jpg,non_1278.jpg,Non-Demented,NonDemented,128,128,1,d583a413c1f56f44839df3916d6ca784d8b910ab64876b9d59d2961f20538617,train
data/dataset/Non_Demented/non_1677.jpg,non_1677.jpg,Non-Demented,NonDemented,128,128,1,aef87eba57b86a036e34544142b881c14cf2abfd3c7a871cba7409145a3aceb0,train
data/dataset/Non_Demented/non_2460.jpg,non_2460.jpg,Non-Demented,NonDemented,128,128,1,784d44ce1e2a9417834d8ab1d383edab49195d9ac70ce989854d4b24a24c0eb5,train
data/dataset/Non_Demented/non_3186.jpg,non_3186.jpg,Non-Demented,NonDemented,128,128,1,4f8d11796d52a31ec6085a3e17493113233f6fe35029a0d152954ebfc220d7a6,train
data/dataset/Non_Demented/non_949.jpg,non_949.jpg,Non-Demented,NonDemented,128,128,1,f1da5f005a2967dfddf8a1ac8ff4137a9758193ee37943382e666119d720e6fa,train
data/dataset/Non_Demented/non_2852.jpg,non_2852.jpg,Non-Demented,NonDemented,128,128,1,5ca71739001e673848348be9a4c8b29cd2e298961e15df36badea089635adc23,train
data/dataset/Non_Demented/non_1032.jpg,non_1032.jpg,Non-Demented,NonDemented,128,128,1,151051331c95bac66ff349aad997ce89fd1bfe926bceb16a59da02d03e4c8c46,train
data/dataset/Non_Demented/non_2908.jpg,non_2908.jpg,Non-Demented,NonDemented,128,128,1,7c45cdf1dfd52ae9ac9ed6c38bd08a369bf8b445099681e5547db3e998327e72,train
data/dataset/Non_Demented/non_2842.jpg,non_2842.jpg,Non-Demented,NonDemented,128,128,1,a762e261956ad6c8a99025e2e7657513b1890eaf21de42894cbe64de65d648ce,train
data/dataset/Non_Demented/non_1912.jpg,non_1912.jpg,Non-Demented,NonDemented,128,128,1,28e71995f939bf429ddcb9f214510dfa30395baefabff3e65d4d0704b6b94ee5,train
data/dataset/Non_Demented/non_189.jpg,non_189.jpg,Non-Demented,NonDemented,128,128,1,bafb086389ff5a9aba93eec4a3ee680bef93fc97b450a9f59aecf5653d21e73e,train
data/dataset/Non_Demented/non_567.jpg,non_567.jpg,Non-Demented,NonDemented,128,128,1,b0cc560fe0b07e5dc113dc45313b838db3c9226a40f8c5216731ff3fd39bc97a,train
data/dataset/Non_Demented/non_2979.jpg,non_2979.jpg,Non-Demented,NonDemented,128,128,1,07c75700f1b63c25441ac9ab8a04c85829c455434054d66d35e8223aa84b5ee7,train
data/dataset/Non_Demented/non_474.jpg,non_474.jpg,Non-Demented,NonDemented,128,128,1,4270a9aa37479d8fb40628b6083fc40cfb8b0e65deb28b45ee7c9768e1f96741,train
data/dataset/Non_Demented/non_1132.jpg,non_1132.jpg,Non-Demented,NonDemented,128,128,1,09b96f1270b1d9c5a95b0a1ba0524d23e0e4e76aec1b7e5d8d0cebb764bbfbdd,train
data/dataset/Non_Demented/non_855.jpg,non_855.jpg,Non-Demented,NonDemented,128,128,1,6d5f273ffcec0843b6865c88a6854ebd444d0ce885e2eca0c169faa907b36ccf,train
data/dataset/Non_Demented/non_1102.jpg,non_1102.jpg,Non-Demented,NonDemented,128,128,1,6ba0df7173cd98f68fe59b4ac8e806eb58d95f02312b9016461f1ae79bebffe7,train
data/dataset/Non_Demented/non_2084.jpg,non_2084.jpg,Non-Demented,NonDemented,128,128,1,a13a7ba5c991913a0df4257e68f798e1cf4c71ca06f0288d4153fcc3b4248528,train
data/dataset/Non_Demented/non_2334.jpg,non_2334.jpg,Non-Demented,NonDemented,128,128,1,04f324e1906a384302449379d920334dd562a1fd5dcc5609e6d65d788f810522,train
data/dataset/Non_Demented/non_1908.jpg,non_1908.jpg,Non-Demented,NonDemented,128,128,1,1d178a7dc3bf7dcad1bfd13fa5cc7056b134c76cd687a996fd3ee046e9d8bca1,train
data/dataset/Non_Demented/non_1131.jpg,non_1131.jpg,Non-Demented,NonDemented,128,128,1,39108bcd9e6c403f60cb9e903d7926e2c73e3f8007adb4b65a73a3c0f7430c08,train
data/dataset/Non_Demented/non_467.jpg,non_467.jpg,Non-Demented,NonDemented,128,128,1,0a5ba9e1a3b90652bce53f50c78c883d66864b06768ed50fe0df0c958a0d7e05,train
data/dataset/Non_Demented/non_2820.jpg,non_2820.jpg,Non-Demented,NonDemented,128,128,1,a22394050fb0c0f314f276b660421c3bfb50da1c6900110719d6c02b17908cdb,train
data/dataset/Non_Demented/non_2319.jpg,non_2319.jpg,Non-Demented,NonDemented,128,128,1,4a495080305bfd63340e0db917b381cb82ca7a7661ca2fed92048bcbd99fc14b,train
data/dataset/Non_Demented/non_717.jpg,non_717.jpg,Non-Demented,NonDemented,128,128,1,e3d64d442dfc1c64cee23b267ed283bffcc313baf4d79835a4043b820bce2306,train
data/dataset/Non_Demented/non_457.jpg,non_457.jpg,Non-Demented,NonDemented,128,128,1,86b9f8d63662443a4261e572128beb5bf033908431b168255fd32a4dbced28b0,train
data/dataset/Non_Demented/non_1684.jpg,non_1684.jpg,Non-Demented,NonDemented,128,128,1,870ab2778f3ac79ac108a0d8f6093ad0c2fb865fb74bfabe609b5744cac721ae,train
data/dataset/Non_Demented/non_1097.jpg,non_1097.jpg,Non-Demented,NonDemented,128,128,1,2bda3fab69e5909299ef7bc6ea3325f36ec50885864e0570ae1fa0cc199c7503,train
data/dataset/Non_Demented/non_2228.jpg,non_2228.jpg,Non-Demented,NonDemented,128,128,1,7b2999c16139c16bf51d7d410186fdcab7a047168f3a818b655d74e8bfa2f0d4,train
data/dataset/Non_Demented/non_3048.jpg,non_3048.jpg,Non-Demented,NonDemented,128,128,1,9c73ffff640a8ca4ccf0af60389524a2ffba066cef3333c836227f3477cd9e02,train
data/dataset/Non_Demented/non_1863.jpg,non_1863.jpg,Non-Demented,NonDemented,128,128,1,9d20bc6472fb88566dcff0608b0f809e12e145cc98c851d913768488ffb70c68,train
data/dataset/Non_Demented/non_67.jpg,non_67.jpg,Non-Demented,NonDemented,128,128,1,d9baf8100746a761d15c393cc44aaadfdec71172e99039893ec573f0b5c93f9b,train
data/dataset/Non_Demented/non_2709.jpg,non_2709.jpg,Non-Demented,NonDemented,128,128,1,0e960fbec5678cba983135090a4b840016dc10070917bd03bc1ca7056791e3c5,train
data/dataset/Non_Demented/non_1145.jpg,non_1145.jpg,Non-Demented,NonDemented,128,128,1,64088f7ce9c365174f888b9294a1021cd44799fdf78ae2711dfa5db36574cd78,train
data/dataset/Non_Demented/non_2896.jpg,non_2896.jpg,Non-Demented,NonDemented,128,128,1,349284e2d70ca58717c894d13caeba77d2988c4a231307c860818c5da915e9a2,train
data/dataset/Non_Demented/non_887.jpg,non_887.jpg,Non-Demented,NonDemented,128,128,1,e33d57794a151f651d9f65247b160ed17c39e16e81a757d3cf498d701564540b,train
data/dataset/Non_Demented/non_440.jpg,non_440.jpg,Non-Demented,NonDemented,128,128,1,4f691937eb38c1031173c51597b7c8fdff10a9f73efc3c55bb3bb8a1040f3264,train
data/dataset/Non_Demented/non_2172.jpg,non_2172.jpg,Non-Demented,NonDemented,128,128,1,cc2370d08c792e609d5e201971113155e4786d148d3d98f38d767aa75b371788,train
data/dataset/Non_Demented/non_750.jpg,non_750.jpg,Non-Demented,NonDemented,128,128,1,0862b500df7483ddb78c299fe3e2768ccd7724c5d69cbd695d95fbc617882c9e,train
data/dataset/Non_Demented/non_2984.jpg,non_2984.jpg,Non-Demented,NonDemented,128,128,1,981430ec2b5579721762921d32d5ccdaff86e84dfabd2051cdd8602f665e93e8,train
data/dataset/Non_Demented/non_2223.jpg,non_2223.jpg,Non-Demented,NonDemented,128,128,1,2ecfbb16b064415744eda51a3c7cbcff96e301afeefb0dcf191ce406027037c6,train
data/dataset/Non_Demented/non_378.jpg,non_378.jpg,Non-Demented,NonDemented,128,128,1,3afb8e2fe1ba07be335ba54f8c9b6b3feef563541e4566084b10c790cd2867e2,train
data/dataset/Non_Demented/non_450.jpg,non_450.jpg,Non-Demented,NonDemented,128,128,1,c2d81ccfd9f0ad9e66fca0cfa85a534ee1797ca8bb2690003d8a120355f5eb48,train
data/dataset/Non_Demented/non_1005.jpg,non_1005.jpg,Non-Demented,NonDemented,128,128,1,9fd39b9bf14f9dc7d4fcb7b76f32b01c87204f6823d23a05cba804f21aa82d68,train
data/dataset/Non_Demented/non_245.jpg,non_245.jpg,Non-Demented,NonDemented,128,128,1,4ad48ea9a28f2ef19be55e04903fb76443fa9b7572384c5582ea9b166750e511,train
data/dataset/Non_Demented/non_1729.jpg,non_1729.jpg,Non-Demented,NonDemented,128,128,1,607c113ad4f4cf8f723c42c0b404ed165ed30dd7efd51760355683acd231dc14,train
data/dataset/Non_Demented/non_3029.jpg,non_3029.jpg,Non-Demented,NonDemented,128,128,1,baf6e8702c40b83bfd2852f588ec7e52faf89b8bde52ca7e0d43570168e0d407,train
data/dataset/Non_Demented/non_183.jpg,non_183.jpg,Non-Demented,NonDemented,128,128,1,19db6871a0befa79b6f246100f4febc1e2c2f021cf1180332abd6a2b0e292a69,train
data/dataset/Non_Demented/non_3052.jpg,non_3052.jpg,Non-Demented,NonDemented,128,128,1,2b552de3b3b825f89744eaf690633234e82cabb8ee185ad4048c5cb7d6050888,train
data/dataset/Non_Demented/non_55.jpg,non_55.jpg,Non-Demented,NonDemented,128,128,1,de728074a063033d574b6c61dd35e3ae74818c423e9b3fccc04e031e933fd287,train
data/dataset/Non_Demented/non_913.jpg,non_913.jpg,Non-Demented,NonDemented,128,128,1,1d5cf32d0f74225bf23e126162f2bea50ea69c65beef6f809ec34b9374f4f561,train
data/dataset/Non_Demented/non_2818.jpg,non_2818.jpg,Non-Demented,NonDemented,128,128,1,e4067017814946dd46d606eb26d0f0e718312da3bfbbee1a1b6d67589b1314a9,train
data/dataset/Non_Demented/non_2550.jpg,non_2550.jpg,Non-Demented,NonDemented,128,128,1,086673fa1a6586327a043f0178e3f02842716c8ec75927fe6c89027f3ce3244d,train
data/dataset/Non_Demented/non_323.jpg,non_323.jpg,Non-Demented,NonDemented,128,128,1,40fa474241c954bc5b2c5e894f73a29786e8048112398492adb27edc4b08734e,train
data/dataset/Non_Demented/non_3056.jpg,non_3056.jpg,Non-Demented,NonDemented,128,128,1,0a767e0a325ce2b5626fb344953e4448003af60fcebf2e3bf624316321aa693e,train
data/dataset/Non_Demented/non_3159.jpg,non_3159.jpg,Non-Demented,NonDemented,128,128,1,3e08a20270f256cdceed9af0b6662649d510a01e49926dcea39c829ead272dce,train
data/dataset/Non_Demented/non_2609.jpg,non_2609.jpg,Non-Demented,NonDemented,128,128,1,800bd147f9a4c7ea1fffc2522e7fc7cb44f642cde8b94052b4c7e6e75f766134,train
data/dataset/Non_Demented/non_555.jpg,non_555.jpg,Non-Demented,NonDemented,128,128,1,f45a545414b66c09afc3a630b8f71ecb49de7e0398cfd7a9891cf6b921d1ce20,train
data/dataset/Non_Demented/non_3024.jpg,non_3024.jpg,Non-Demented,NonDemented,128,128,1,435fdf0f85f3e1a8b1c23f11902d2a5ed023c273f33cddde08ac0184e2565345,train
data/dataset/Non_Demented/non_2844.jpg,non_2844.jpg,Non-Demented,NonDemented,128,128,1,b69228c533ff5a0fa0963b0a95981f8cbb9a30cec4adae96c470f7bb296d2360,train
data/dataset/Non_Demented/non_2081.jpg,non_2081.jpg,Non-Demented,NonDemented,128,128,1,dfe831f3d69e04cc2c16ec05f6c49e7d79a36088b476ca305e81c579de219cee,train
data/dataset/Non_Demented/non_1080.jpg,non_1080.jpg,Non-Demented,NonDemented,128,128,1,c785fdd4632dd0408ea78fc64a0f844b0972e7fabe3874fb5a7099b1e2111838,train
data/dataset/Non_Demented/non_50.jpg,non_50.jpg,Non-Demented,NonDemented,128,128,1,eb6cc2e59303dce1f22372bab490badbaa68151658467267630d4fd2e216ad74,train
data/dataset/Non_Demented/non_172.jpg,non_172.jpg,Non-Demented,NonDemented,128,128,1,d8488afb82f4a7b2a627f34ed3817142b390230335b5118d4e6677e869d59807,train
data/dataset/Non_Demented/non_1536.jpg,non_1536.jpg,Non-Demented,NonDemented,128,128,1,186c9d24888bbe74d745df3d7f2b22da8667269ab819d814501c056036b56e73,train
data/dataset/Non_Demented/non_2921.jpg,non_2921.jpg,Non-Demented,NonDemented,128,128,1,a3cb4a670e48903298cde146e6146ea1d23c1c0fadd3fd6cdeb84c41fce43a07,train
data/dataset/Non_Demented/non_1564.jpg,non_1564.jpg,Non-Demented,NonDemented,128,128,1,66578a5a16818ef448cedd4f54ad52294355b34f34afb24db399916b4d266e8b,train
data/dataset/Non_Demented/non_3050.jpg,non_3050.jpg,Non-Demented,NonDemented,128,128,1,2091e30e6c64f6ce043de1c367d4902b9c41b90a1456c44eb7cb2c8a85e35ad3,train
data/dataset/Non_Demented/non_657.jpg,non_657.jpg,Non-Demented,NonDemented,128,128,1,29e58731cfdded97d5f293fa2d9d0b581b06e0311a401e4e8c62e364484b910c,train
data/dataset/Non_Demented/non_1641.jpg,non_1641.jpg,Non-Demented,NonDemented,128,128,1,9b8f26045a1749f7a10f12b982a3dafca9502916a3f2c9f08ab17f1af527dbb3,train
data/dataset/Non_Demented/non_1995.jpg,non_1995.jpg,Non-Demented,NonDemented,128,128,1,7be0986dc02fdfea67fe2570b7c7521a7320443dc2ad234eb82188344727e309,train
data/dataset/Non_Demented/non_1367.jpg,non_1367.jpg,Non-Demented,NonDemented,128,128,1,dcb99a3fbf8238d52f13f8c220ee22c94da07a5242ff134e56727159208b8c3b,train
data/dataset/Non_Demented/non_964.jpg,non_964.jpg,Non-Demented,NonDemented,128,128,1,81a0978236c310b49a5b708556b6f82d3d72826c324a2a19cc499d81e560fdbe,train
data/dataset/Non_Demented/non_970.jpg,non_970.jpg,Non-Demented,NonDemented,128,128,1,b182ac654e4efe2cbce4a41e956fca2c22362b820f5e17b70ed57956711d0177,train
data/dataset/Non_Demented/non_2729.jpg,non_2729.jpg,Non-Demented,NonDemented,128,128,1,0c35cf76f5d4a6581ee3f46c3fe9d87b0c40a392a77bbb6544b3ca5580f0c5ee,train
data/dataset/Non_Demented/non_112.jpg,non_112.jpg,Non-Demented,NonDemented,128,128,1,91d3c5bbd8a6d2a227425824a166b273d2e9b5d90348445d0ff5c003b97a4bca,train
data/dataset/Non_Demented/non_147.jpg,non_147.jpg,Non-Demented,NonDemented,128,128,1,e3e64fae3b11ca40dda85d4d92b3291d08ff42cd80f662008a056ea529646a3f,train
data/dataset/Non_Demented/non_2014.jpg,non_2014.jpg,Non-Demented,NonDemented,128,128,1,1f9fb1960896b50271605ae685d78c8cbaec0ef064c3490b210ec64b82a2760f,train
data/dataset/Non_Demented/non_1675.jpg,non_1675.jpg,Non-Demented,NonDemented,128,128,1,9b56622799c4da0353aac513d075cfb8f60dcb18850e68571f8b2b77b01766d1,train
data/dataset/Non_Demented/non_304.jpg,non_304.jpg,Non-Demented,NonDemented,128,128,1,797fbd1859b2a2131adf3ca613ead9ffe48043eab79dcce89303457940d50934,train
data/dataset/Non_Demented/non_1012.jpg,non_1012.jpg,Non-Demented,NonDemented,128,128,1,34627e44fc6e205a839759b65f849550ead1eab193bd27c144756345882fd241,train
data/dataset/Non_Demented/non_1702.jpg,non_1702.jpg,Non-Demented,NonDemented,128,128,1,7e7eefe6e24d4a6589a64876a2636a1de3575e42c381db061f3caef10f1dbcf7,train
data/dataset/Non_Demented/non_1417.jpg,non_1417.jpg,Non-Demented,NonDemented,128,128,1,a913fd653641b5b248dc448610239d7a7019b4c643de429b67ae742201a52e4b,train
data/dataset/Non_Demented/non_1547.jpg,non_1547.jpg,Non-Demented,NonDemented,128,128,1,e0b76acb09786d3bc35005f319faa0c319986d588ba2d79ba549b552108d471a,train
data/dataset/Non_Demented/non_1700.jpg,non_1700.jpg,Non-Demented,NonDemented,128,128,1,6b53198fe7b343b9b5f70b56da7c86fee6711b101d225377bac01988ddd9825e,train
data/dataset/Non_Demented/non_2914.jpg,non_2914.jpg,Non-Demented,NonDemented,128,128,1,183df0e85005236c82ff2c7471065042cdbd06a9190282f27392258fa7c6df69,train
data/dataset/Non_Demented/non_2540.jpg,non_2540.jpg,Non-Demented,NonDemented,128,128,1,7ead6fa6a29b405290ff76c1ac65d08abf9f655406c8a4250aac9f9bb61425e3,train
data/dataset/Non_Demented/non_3155.jpg,non_3155.jpg,Non-Demented,NonDemented,128,128,1,efd25ef5bc3463133f6c55cf02dff5ab6b7d09c38a452f02c5e9faf5acb4fc34,train
data/dataset/Non_Demented/non_140.jpg,non_140.jpg,Non-Demented,NonDemented,128,128,1,b2e7f1274ae37f87e4c9ece888a7d79a23be2ac6b40de82940d0350b5981f981,train
data/dataset/Non_Demented/non_1938.jpg,non_1938.jpg,Non-Demented,NonDemented,128,128,1,c211dd7dc6a791260daf75f0843d1a51e3004fc76934f9f92e0aec8a88d61dda,train
data/dataset/Non_Demented/non_275.jpg,non_275.jpg,Non-Demented,NonDemented,128,128,1,cbdcb28b8acf7399daa3fc81a20b6a52776b3bd05c41c69258eb4492295912a9,train
data/dataset/Non_Demented/non_1020.jpg,non_1020.jpg,Non-Demented,NonDemented,128,128,1,433d9a47343e94a99ca70332caf09b30850c0ab9a1ad1a61791e61b2e7f841ba,train
data/dataset/Non_Demented/non_59.jpg,non_59.jpg,Non-Demented,NonDemented,128,128,1,5ca33c4844d56d04d9c6bf50531017a66211ff8840bfe42794ddbcd01e4fba85,train
data/dataset/Non_Demented/non_1977.jpg,non_1977.jpg,Non-Demented,NonDemented,128,128,1,bf2284f6fe5ecf5f2f0bf5afdb2ee10780a2e7129d4fff3c8fa816c92248b298,train
data/dataset/Non_Demented/non_3128.jpg,non_3128.jpg,Non-Demented,NonDemented,128,128,1,8f42be421b9aae18aa066af6b64696459d91a4bf5caac41a4791252b6b51cf2a,train
data/dataset/Non_Demented/non_1544.jpg,non_1544.jpg,Non-Demented,NonDemented,128,128,1,7eb6f32ef7a7bb3c9da3178250786b72ca15f5b978700a0bcce588881c95d08f,train
data/dataset/Non_Demented/non_672.jpg,non_672.jpg,Non-Demented,NonDemented,128,128,1,4c638df919a1dfbb5453bee3c643fb579b2015c71faece81ec066456e884d4a7,train
data/dataset/Non_Demented/non_1695.jpg,non_1695.jpg,Non-Demented,NonDemented,128,128,1,a6cb3a1204f2a6cb4d7b463b822dc5519d5dcdc64e2588a309c6bc7d15151726,train
data/dataset/Non_Demented/non_1093.jpg,non_1093.jpg,Non-Demented,NonDemented,128,128,1,eb9ccd0eb54bd435ac23a8e111a1fe46b7f8a0d7672a9af48fc01b20fb8befff,train
data/dataset/Non_Demented/non_2904.jpg,non_2904.jpg,Non-Demented,NonDemented,128,128,1,8941dbc303af8b20fbea0d5eff6176e3228ca8ec09014c2ea629ba12a5d66b8c,train
data/dataset/Non_Demented/non_1253.jpg,non_1253.jpg,Non-Demented,NonDemented,128,128,1,18882c34e5d3c9f4c3f08e1312928a6551e1c0737b6b5f904447f1e29446a922,train
data/dataset/Non_Demented/non_3068.jpg,non_3068.jpg,Non-Demented,NonDemented,128,128,1,833a729ea2d278be5c7f974c6b717445eabef6cec50063a08b724deb64479a8a,train
data/dataset/Non_Demented/non_478.jpg,non_478.jpg,Non-Demented,NonDemented,128,128,1,ee8d28953fd2c14b2dce82aa737c622faa3562bfb0cacb2fbb80030d511bd5aa,train
data/dataset/Non_Demented/non_2857.jpg,non_2857.jpg,Non-Demented,NonDemented,128,128,1,6ee848ad38c8a133aab9407414d91b6d17752f46def6806bc169a68a9e8780b0,train
data/dataset/Non_Demented/non_1707.jpg,non_1707.jpg,Non-Demented,NonDemented,128,128,1,2bf8d76e657c13db6fe6d7d9774ca375f718e2b74a738645b9a089cebdb54fdf,train
data/dataset/Non_Demented/non_939.jpg,non_939.jpg,Non-Demented,NonDemented,128,128,1,94b5bb13b5acaf6678d5ed77d2e5a9bb33fe823f158a3e1613ad69f784ca2c3c,train
data/dataset/Non_Demented/non_88.jpg,non_88.jpg,Non-Demented,NonDemented,128,128,1,a9ec0f3b82acafe3de7fac3c0678c25e4726baae3270c69df15de89b37705a36,train
data/dataset/Non_Demented/non_3153.jpg,non_3153.jpg,Non-Demented,NonDemented,128,128,1,a1d28f6e5685d799464e34a892b5ed8118acf835db6f824b7a6a894dad2064da,train
data/dataset/Non_Demented/non_322.jpg,non_322.jpg,Non-Demented,NonDemented,128,128,1,72bdd7d09eaa70065e48af24125869dc49846696c5bac3ee5bfe3632c05222a8,train
data/dataset/Non_Demented/non_1088.jpg,non_1088.jpg,Non-Demented,NonDemented,128,128,1,69c04c7697486751e8e91197eeb7c8ecffe5bebf5539870d47be335f02c2e575,train
data/dataset/Non_Demented/non_3110.jpg,non_3110.jpg,Non-Demented,NonDemented,128,128,1,af9c3c88c1f464dde8b6537c92af502a61877c9cf338056e58c7ab4d29822652,train
data/dataset/Non_Demented/non_2005.jpg,non_2005.jpg,Non-Demented,NonDemented,128,128,1,1044334c57e9bda4ff0d96ef2191057c6feb951ec74e7949fd1c8749bb6ff0cb,train
data/dataset/Non_Demented/non_1656.jpg,non_1656.jpg,Non-Demented,NonDemented,128,128,1,b5a4b7922371888b073cbc2ccdcb77e2314c16fee23b3a71dca08037195f06b2,train
data/dataset/Non_Demented/non_320.jpg,non_320.jpg,Non-Demented,NonDemented,128,128,1,126e24ba5d08cbc719bc10a716114e195822bb312ccf67d58439c0fc84c4a0c5,train
data/dataset/Non_Demented/non_1845.jpg,non_1845.jpg,Non-Demented,NonDemented,128,128,1,ed85840fd57fadcd2f89ca778595950f15a8e2b50d8867866fefc7fe455d69ec,train
data/dataset/Non_Demented/non_2873.jpg,non_2873.jpg,Non-Demented,NonDemented,128,128,1,1cceea78e04640a4dc68528edcc89a9239e6094e3446ff059f2cbf7263a4bccb,train
data/dataset/Non_Demented/non_2902.jpg,non_2902.jpg,Non-Demented,NonDemented,128,128,1,78c1fbaea6cce76962e94c347d53bca65741cdaf4e24ccb3527aea7bb3b9ccd0,train
data/dataset/Non_Demented/non_299.jpg,non_299.jpg,Non-Demented,NonDemented,128,128,1,7b6de0d86b6383ce9790620c7fd8ff3ce1b67035aa48c141d1b5a7df15736dc9,train
data/dataset/Non_Demented/non_2926.jpg,non_2926.jpg,Non-Demented,NonDemented,128,128,1,83694ef023c8ec9ac69fef2445fe8b5291edb7a1627551e05cb805b219f71f51,train
data/dataset/Non_Demented/non_1558.jpg,non_1558.jpg,Non-Demented,NonDemented,128,128,1,951fae8a40733114f347d277b4edbd2345965c6b5f771624bb6bd7114cf85720,train
data/dataset/Non_Demented/non_1069.jpg,non_1069.jpg,Non-Demented,NonDemented,128,128,1,05180f44dd9bb5c363cde61b859c86d39e59211916518990d91cda2846de45f6,train
data/dataset/Non_Demented/non_2810.jpg,non_2810.jpg,Non-Demented,NonDemented,128,128,1,bb4ae74d82f6568a06fd461b5540fe107003fa7154e0e82ddd1c7a449f1d3716,train
data/dataset/Non_Demented/non_1314.jpg,non_1314.jpg,Non-Demented,NonDemented,128,128,1,7a70741e7df3b76e0291c610c1216a4daea6c8637336f2f38de33b8c56447d12,train
data/dataset/Non_Demented/non_1779.jpg,non_1779.jpg,Non-Demented,NonDemented,128,128,1,e209be44580d2486410b387557f92e373058f49a3672bb181a2412e6c2ddbc7f,train
data/dataset/Non_Demented/non_249.jpg,non_249.jpg,Non-Demented,NonDemented,128,128,1,ecfe3e25413d392862b7bf425d1b0ea17a910e235ef10db2777741b92e34d1ee,train
data/dataset/Non_Demented/non_373.jpg,non_373.jpg,Non-Demented,NonDemented,128,128,1,4f11ce34d0f215f5bcb868fbfbe92f1c60467cc0376cc6e1283c8cd046460b87,train
data/dataset/Non_Demented/non_2448.jpg,non_2448.jpg,Non-Demented,NonDemented,128,128,1,1447bef93744385d809a6d9d0cc78b9d023d2400575ed3bd69289940b14b6936,train
data/dataset/Non_Demented/non_2286.jpg,non_2286.jpg,Non-Demented,NonDemented,128,128,1,138646c7a3bbc45fce726e7125534e7238d6cecf798dc2fbfdc39f73e910f845,train
data/dataset/Non_Demented/non_584.jpg,non_584.jpg,Non-Demented,NonDemented,128,128,1,02ea2fff13bb26727ac270785d640571af480789534da1ab1a929c2af5d510bb,train
data/dataset/Non_Demented/non_2887.jpg,non_2887.jpg,Non-Demented,NonDemented,128,128,1,4e4fd843be8ceda37278c1abc649d69a680b8436e0e87fd8d191c29f3379b021,train
data/dataset/Non_Demented/non_2304.jpg,non_2304.jpg,Non-Demented,NonDemented,128,128,1,236707717b3853bb8fcf2b6236eeb71ac2f95d05091237db2bcc8587cf26c2a8,train
data/dataset/Non_Demented/non_399.jpg,non_399.jpg,Non-Demented,NonDemented,128,128,1,d96050c0227ab554067b3d335f5ae978c32a02fbc839936d6182dd820679449a,train
data/dataset/Non_Demented/non_2618.jpg,non_2618.jpg,Non-Demented,NonDemented,128,128,1,2f684f7187cdd61c045e3e7ac8cb92c0cc6756930e7cfb56850c0e5ef593d66d,train
data/dataset/Non_Demented/non_2060.jpg,non_2060.jpg,Non-Demented,NonDemented,128,128,1,9efe56b38c889c1aac339ea00cd703af5ae1f8eb3ce8b3fbbda35b0e225c8fe9,train
data/dataset/Non_Demented/non_511.jpg,non_511.jpg,Non-Demented,NonDemented,128,128,1,f1db85c89ef4b85c8bea0045bbd3e97bf9f544b77f41a43b921bd0e899c2788c,train
data/dataset/Non_Demented/non_1084.jpg,non_1084.jpg,Non-Demented,NonDemented,128,128,1,9d6ee1616b0cf2effc89baf11f9161a72e5910fa139f96127d56b6954cc89bcf,train
data/dataset/Non_Demented/non_2626.jpg,non_2626.jpg,Non-Demented,NonDemented,128,128,1,b98cc924723c73173d79b92feea33b3e402acac2c94aa1583372d737f7e50b28,train
data/dataset/Non_Demented/non_271.jpg,non_271.jpg,Non-Demented,NonDemented,128,128,1,803880f0fb99db3b88c64224fb6d71d629273e5a7ba8f10e0b1c14433082f8e4,train
data/dataset/Non_Demented/non_1769.jpg,non_1769.jpg,Non-Demented,NonDemented,128,128,1,7127f2ec9af14ca5b3ebf9fa35d6e2b3f18dd4608104efbdee87542aefbc6d54,train
data/dataset/Non_Demented/non_1619.jpg,non_1619.jpg,Non-Demented,NonDemented,128,128,1,ea1e36a80106c3cdd78e0fbb5700d48599b5c6acb63fab2276ddd429d1867c65,train
data/dataset/Non_Demented/non_1397.jpg,non_1397.jpg,Non-Demented,NonDemented,128,128,1,a26325d56ffec092ef34e5d31b3ca45e4077806c12514a6da360ccf026b592ff,train
data/dataset/Non_Demented/non_3184.jpg,non_3184.jpg,Non-Demented,NonDemented,128,128,1,331de558480fe7fd2cc7637410cfa06dd5bd6e487d48e636b8e1d188b32cdb03,train
data/dataset/Non_Demented/non_1516.jpg,non_1516.jpg,Non-Demented,NonDemented,128,128,1,85c9f113c8ba6ba6cc598f90416b0ee45ce9c8260ec6919fe2409f4d0d2945a6,train
data/dataset/Non_Demented/non_1428.jpg,non_1428.jpg,Non-Demented,NonDemented,128,128,1,cf752034e43ac70ed03e672593450ba30f0df5fe3f2cf7e0da1d37c5bb87bb17,train
data/dataset/Non_Demented/non_2781.jpg,non_2781.jpg,Non-Demented,NonDemented,128,128,1,478d785b28017fa7ae940248cd58fc344c22c128a11fa7871550ff74a3dd1df6,train
data/dataset/Non_Demented/non_2393.jpg,non_2393.jpg,Non-Demented,NonDemented,128,128,1,c560e7805eec051a8a2d156be97f5fe41067fe9dfc640d4fb7028bf1f3600dbf,train
data/dataset/Non_Demented/non_2934.jpg,non_2934.jpg,Non-Demented,NonDemented,128,128,1,c5c8d021d1d770bfb8ab04eda79a570af29616c15260d9f923490ce100cb335e,train
data/dataset/Non_Demented/non_1038.jpg,non_1038.jpg,Non-Demented,NonDemented,128,128,1,b8163c2114cf5be9a6e4a2898d29000b6973d728109b55fd62fca4ea5960dbed,train
data/dataset/Non_Demented/non_2579.jpg,non_2579.jpg,Non-Demented,NonDemented,128,128,1,a1bc13f600c582518fc568ea6027082f024e756f1b286660a760563fda43217a,train
data/dataset/Non_Demented/non_995.jpg,non_995.jpg,Non-Demented,NonDemented,128,128,1,90272570c8cea5284eb07ee624b5ad9c376df7e4f0cf9435f623322fabb9275d,train
data/dataset/Non_Demented/non_1019.jpg,non_1019.jpg,Non-Demented,NonDemented,128,128,1,4446d50817e353c07d0a18f378b997d72cb939d90e44c30e9d64cd7a66b686a2,train
data/dataset/Non_Demented/non_2636.jpg,non_2636.jpg,Non-Demented,NonDemented,128,128,1,10bc354ab740655d9f0aa34abda44c3fc43753e00c06f7339c55a6e87a076312,train
data/dataset/Non_Demented/non_777.jpg,non_777.jpg,Non-Demented,NonDemented,128,128,1,38aa8e36ba555cfa29ac4b9d1c38bccabb0c11b0b40d4e9d96a141fd52119130,train
data/dataset/Non_Demented/non_1689.jpg,non_1689.jpg,Non-Demented,NonDemented,128,128,1,28474f7550cf9f9a586edca81bc9ef0626bf9d99c499cba5639019cd11d8d822,train
data/dataset/Non_Demented/non_2643.jpg,non_2643.jpg,Non-Demented,NonDemented,128,128,1,7231a41ac60784863a4ee4d43007bb5c3ec13a4d962794aa86810739cd44cd30,train
data/dataset/Non_Demented/non_911.jpg,non_911.jpg,Non-Demented,NonDemented,128,128,1,01c7b151dcd1fa94a968708bc6b34ea824bfdc7f85e37ba057c8a1e97870235c,train
data/dataset/Non_Demented/non_1236.jpg,non_1236.jpg,Non-Demented,NonDemented,128,128,1,dbfb4ab795cfe07c7aa2eff0e49becc03ac78fc48c3979b9b7c3c43328cfd75a,train
data/dataset/Non_Demented/non_3157.jpg,non_3157.jpg,Non-Demented,NonDemented,128,128,1,89a1a7ba87c04ffed927579c94e06d572fca7c486e1289a7cf5a26d77ffb3c69,train
data/dataset/Non_Demented/non_1691.jpg,non_1691.jpg,Non-Demented,NonDemented,128,128,1,d6a153c7175779fce8180c9412d4936bac7564b549d0eb613d5a66f8cf683ca3,train
data/dataset/Non_Demented/non_2877.jpg,non_2877.jpg,Non-Demented,NonDemented,128,128,1,142631f33a8317229e2f79b0e13efc9931e6530fb1490f6676c86295650a36d6,train
data/dataset/Non_Demented/non_2055.jpg,non_2055.jpg,Non-Demented,NonDemented,128,128,1,df7c318e2b6c80d55b291f84fa7d1ed8c0ebd686246e113df756e5b059729db3,train
data/dataset/Non_Demented/non_1511.jpg,non_1511.jpg,Non-Demented,NonDemented,128,128,1,737be25558b59f035e7434f6c8c5b38cfc2c1e9b26fd46ee2279adebd21a77f2,train
data/dataset/Non_Demented/non_1240.jpg,non_1240.jpg,Non-Demented,NonDemented,128,128,1,bef00a6e7fcd16e27540f6536f029ef943d536a15b3905fac914707ad3b8f517,train
data/dataset/Non_Demented/non_579.jpg,non_579.jpg,Non-Demented,NonDemented,128,128,1,bc83afbe9682ce444d681d0049e8cd4d8e0fdac7a1c86132782eeca87fc02723,train
data/dataset/Non_Demented/non_599.jpg,non_599.jpg,Non-Demented,NonDemented,128,128,1,386b0f341240a1480648bc8b4255fe49f2bd166829e038e5b88cc07ae2fcbf8c,train
data/dataset/Non_Demented/non_1340.jpg,non_1340.jpg,Non-Demented,NonDemented,128,128,1,e716908b0d1a9b240530faf2ba9c93614182d8e6453545966a12b8a08671f6f5,train
data/dataset/Non_Demented/non_683.jpg,non_683.jpg,Non-Demented,NonDemented,128,128,1,0945d380a47919cd4fae0b92e00e0eb5a232a171965ddc20816196ec5a35de5f,train
data/dataset/Non_Demented/non_1329.jpg,non_1329.jpg,Non-Demented,NonDemented,128,128,1,d1445d50adeb46fe797e011f1c06a3a2fae99704d98e1e2d308f24158e79fab4,train
data/dataset/Non_Demented/non_1268.jpg,non_1268.jpg,Non-Demented,NonDemented,128,128,1,2a849d99e47f2433aef51f0860f94f83e3ec203ad5c6fd9f1fb4b2fde5764421,train
data/dataset/Non_Demented/non_577.jpg,non_577.jpg,Non-Demented,NonDemented,128,128,1,b0d0c0426965df4a983b6d2af15b68b939df8d61b44cfc97c345adfe84cfe1ad,train
data/dataset/Non_Demented/non_737.jpg,non_737.jpg,Non-Demented,NonDemented,128,128,1,131717a64e95b09bd3bad717e35c65c4f7d6627fd786df6469b97fbd116839f4,train
data/dataset/Non_Demented/non_2197.jpg,non_2197.jpg,Non-Demented,NonDemented,128,128,1,01c35e9baf546d2d3142a6c1355ba89bb7bdd5d9b0c939d5bf4ab873ee525977,train
data/dataset/Non_Demented/non_516.jpg,non_516.jpg,Non-Demented,NonDemented,128,128,1,39537ec72f3e991fedbaa067e0dfe738f254c3cd2e5ac105558eed12a215c485,train
data/dataset/Non_Demented/non_1660.jpg,non_1660.jpg,Non-Demented,NonDemented,128,128,1,fc9fc8da209f039e8e3902f2fb32e73d988b5587e8f62de22326e3c595f4652b,train
data/dataset/Non_Demented/non_2937.jpg,non_2937.jpg,Non-Demented,NonDemented,128,128,1,7a97d665223ba823fe4c42dee6c1ddc06f65fdffdbcc7c98e2bb1786f3211a7a,train
data/dataset/Non_Demented/non_1422.jpg,non_1422.jpg,Non-Demented,NonDemented,128,128,1,4e53b35a1ac88bf6bb1375a6b6a898cd6afc32c10c63a079ec5bf8a5aae48685,train
data/dataset/Non_Demented/non_916.jpg,non_916.jpg,Non-Demented,NonDemented,128,128,1,9338701ee8493a2e42a4241d9ae493823e145cabf036903aa13bffba04772d65,train
data/dataset/Non_Demented/non_2116.jpg,non_2116.jpg,Non-Demented,NonDemented,128,128,1,b422d2d01a065521ed4174f3f1b0ab1dcce2b98835fe673f0d6696bd1e3ddc16,train
data/dataset/Non_Demented/non_658.jpg,non_658.jpg,Non-Demented,NonDemented,128,128,1,8ade9cc5ba14286b9e8496ec270bd4357c3fce1ca65d89888db95dc307bba9a4,train
data/dataset/Non_Demented/non_1987.jpg,non_1987.jpg,Non-Demented,NonDemented,128,128,1,abc24c74f0d9c9c5f3cc58e38415a9a9707a4ecb8635b9e7bedb727087024e2e,train
data/dataset/Non_Demented/non_1872.jpg,non_1872.jpg,Non-Demented,NonDemented,128,128,1,27605ee8df23d009e3ceac81cc25e7785b83b3cdab2e994d83a96d9f459cfe65,train
data/dataset/Non_Demented/non_1289.jpg,non_1289.jpg,Non-Demented,NonDemented,128,128,1,de6fe54bb90500642d89f2e440a198b612f56d15921202cdda35bc1d8daecfa6,train
data/dataset/Non_Demented/non_680.jpg,non_680.jpg,Non-Demented,NonDemented,128,128,1,17a3cdaacc1a427c09db43483940da9c6c9877cd66d9ad5423486276735227b8,train
data/dataset/Non_Demented/non_340.jpg,non_340.jpg,Non-Demented,NonDemented,128,128,1,641396fe060dbb575a3b8826c7ddd1cfe2a78ca018e4fa65c88269fd6055127c,train
data/dataset/Non_Demented/non_2526.jpg,non_2526.jpg,Non-Demented,NonDemented,128,128,1,4938fbbc88dbfc2e8aaec2a46a9ed7c2032c566197607710f86f9dabba6ae257,train
data/dataset/Non_Demented/non_425.jpg,non_425.jpg,Non-Demented,NonDemented,128,128,1,763a6170affea9a7caa20b1ca637c57a75e0b7e47a97959f2a14d723593016c5,train
data/dataset/Non_Demented/non_1022.jpg,non_1022.jpg,Non-Demented,NonDemented,128,128,1,13fa3c5795c638f55e468090439765ee31a590a5dd1c9add0bbe6f391f06e79c,train
data/dataset/Non_Demented/non_1184.jpg,non_1184.jpg,Non-Demented,NonDemented,128,128,1,63c54ec3dabfde0e410c2e0d2c5772b2fa0591c4d5ad2aef1f24d6a5bcd8e89e,train
data/dataset/Non_Demented/non_1421.jpg,non_1421.jpg,Non-Demented,NonDemented,128,128,1,31e859bcb9c27600fc00fc18a80151527972c9f66f7765560c66ec6062457ccd,train
data/dataset/Non_Demented/non_2756.jpg,non_2756.jpg,Non-Demented,NonDemented,128,128,1,6a29e08ef8aa5ac5a57f28c60e7c94d3e0e5105b5411c3de30dd4062d2b5939b,train
data/dataset/Non_Demented/non_1998.jpg,non_1998.jpg,Non-Demented,NonDemented,128,128,1,24d73fa80e36931c6a2a5514dce00a0f8fade30cf91f45c4094d4aed0d9f324d,train
data/dataset/Non_Demented/non_925.jpg,non_925.jpg,Non-Demented,NonDemented,128,128,1,30603c248c220960f23c70bac08d7d50ff57ad0652f87d01bb3135abd97e0200,train
data/dataset/Non_Demented/non_2771.jpg,non_2771.jpg,Non-Demented,NonDemented,128,128,1,1cbd08df484b11a57efea4efe9c30cffdc317c5dfae569f10b9fcbddce3a9e5c,train
data/dataset/Non_Demented/non_2816.jpg,non_2816.jpg,Non-Demented,NonDemented,128,128,1,adae7e39ddf5aa7a406a8e7c6f88977feb5fd8656aec02bb1f578df1b6184b97,train
data/dataset/Non_Demented/non_2179.jpg,non_2179.jpg,Non-Demented,NonDemented,128,128,1,f5ae1795be875535dfe9765150dbfa4cb043ddf1ae450a9609ff99213d3d851f,train
data/dataset/Non_Demented/non_1854.jpg,non_1854.jpg,Non-Demented,NonDemented,128,128,1,38a3e727b75d0fcf13cb7f2ea12d74eb8b3629e523b9668a26872253b8b79f44,train
data/dataset/Non_Demented/non_1160.jpg,non_1160.jpg,Non-Demented,NonDemented,128,128,1,6ba5f9f2c8f6f8622973cfc6fd1582b2ba4b88ea785b26881a4fc9f425583d3e,train
data/dataset/Non_Demented/non_2525.jpg,non_2525.jpg,Non-Demented,NonDemented,128,128,1,689313360fb26ab4a5fb45c594bed86698030ca4312ece0b635587afa6602ce5,train
data/dataset/Non_Demented/non_2387.jpg,non_2387.jpg,Non-Demented,NonDemented,128,128,1,cfe8b01b3118c92ff58885dd142e97e1e97aa85799810c0104a2b888649b0e11,train
data/dataset/Non_Demented/non_675.jpg,non_675.jpg,Non-Demented,NonDemented,128,128,1,2ba7c1ce259aa74296a9f30dcd8373c6fac9a1370f36caaffb5d23cec2b10517,train
data/dataset/Non_Demented/non_2270.jpg,non_2270.jpg,Non-Demented,NonDemented,128,128,1,151db3c44e7bc31ebb95228182f1f335e5afba69d8425ba5d8460ab968455b9e,train
data/dataset/Non_Demented/non_691.jpg,non_691.jpg,Non-Demented,NonDemented,128,128,1,1072d895b993ec1da63449b2591c688b0727845d2fd1983695ddecf0064e085f,train
data/dataset/Non_Demented/non_2715.jpg,non_2715.jpg,Non-Demented,NonDemented,128,128,1,b0c989e58a685bb24277cb5a094565c1facd692e7f177585bed6388fb9710c63,train
data/dataset/Non_Demented/non_3141.jpg,non_3141.jpg,Non-Demented,NonDemented,128,128,1,6151321113257eebc935258f88cbf8308083f837cf6b5efad7fee3ac1af17700,train
data/dataset/Non_Demented/non_2230.jpg,non_2230.jpg,Non-Demented,NonDemented,128,128,1,a3afcd06f8a5cd13c54a054c2933abb39baff6744d0ffdca952aed41e00e9dbb,train
data/dataset/Non_Demented/non_1828.jpg,non_1828.jpg,Non-Demented,NonDemented,128,128,1,e9395e8a959b4906184678a24779dbaf4eef28dd79b7e36663cd0d2beb7defdb,train
data/dataset/Non_Demented/non_529.jpg,non_529.jpg,Non-Demented,NonDemented,128,128,1,6dba9446f1b64a3c00468cbaecc92d1131d43cfb14a9299b211374a73aaae316,train
data/dataset/Non_Demented/non_1801.jpg,non_1801.jpg,Non-Demented,NonDemented,128,128,1,247587b2d93d80b134a0300dc8c45c7acac50ce91995697fb1ee9493ebd7f759,train
data/dataset/Non_Demented/non_2314.jpg,non_2314.jpg,Non-Demented,NonDemented,128,128,1,999590da77137d48a23b9538cec7dfd13f97dd7c1f0939f4a820a6b9f92e69cc,train
data/dataset/Non_Demented/non_2294.jpg,non_2294.jpg,Non-Demented,NonDemented,128,128,1,d956852d1054be016a055a211c1b7c34bfaaae5686d1101178427850b263e1e0,train
data/dataset/Non_Demented/non_118.jpg,non_118.jpg,Non-Demented,NonDemented,128,128,1,8f5faa669bbe4ab3c6469505fd124f834fd66db73516ffc21813b0eccaaa171b,train
data/dataset/Non_Demented/non_2243.jpg,non_2243.jpg,Non-Demented,NonDemented,128,128,1,76fd406bd83e03ba71c24151e43d503d4e4c863efcf3ad5d3f2d2e014d9301ae,train
data/dataset/Non_Demented/non_1385.jpg,non_1385.jpg,Non-Demented,NonDemented,128,128,1,a5a75d6fe3d62bb03b0b62dc8ed8b5036e0c47e5f114a69b6545224f2a573153,train
data/dataset/Non_Demented/non_1847.jpg,non_1847.jpg,Non-Demented,NonDemented,128,128,1,25a9180223c9ae057fe02926840c6698d8eea9a584b579740c6ca089680454f2,train
data/dataset/Non_Demented/non_1534.jpg,non_1534.jpg,Non-Demented,NonDemented,128,128,1,c50e17499d7443e34dbc95865c17b3962335105bbf7a83050edd8189bee9ab13,train
data/dataset/Non_Demented/non_791.jpg,non_791.jpg,Non-Demented,NonDemented,128,128,1,9088c5dac8f39604b82689f94600dc9b3ca2c0df1c43df814162a744ae7ba474,train
data/dataset/Non_Demented/non_1881.jpg,non_1881.jpg,Non-Demented,NonDemented,128,128,1,90c8100d87b4dc7d43e4abdde70f379965271eb071db42ecbe54b96d47a08ea7,train
data/dataset/Non_Demented/non_1970.jpg,non_1970.jpg,Non-Demented,NonDemented,128,128,1,7746eababb5979ba82dc18310138511db78234f140517611921b66707662be2f,train
data/dataset/Non_Demented/non_2524.jpg,non_2524.jpg,Non-Demented,NonDemented,128,128,1,6432497998d5f3bcaf79de78e57634520fbb8b809e1bc4eb844bf4bab71aadc5,train
data/dataset/Non_Demented/non_269.jpg,non_269.jpg,Non-Demented,NonDemented,128,128,1,b9c44724ef13ae12d5eedd9afcccb66d7c48fcdd252d0de5797d81d04c7d6706,train
data/dataset/Non_Demented/non_2640.jpg,non_2640.jpg,Non-Demented,NonDemented,128,128,1,bc4f1d8974e331ee03ee39dcc2aee3af2c58286a5bda4f319db5bf75d6ac0f85,train
data/dataset/Non_Demented/non_796.jpg,non_796.jpg,Non-Demented,NonDemented,128,128,1,ceab043338ac5df4f1768717dda8f861226908a2020dbfd8e3b3910034117a0d,train
data/dataset/Non_Demented/non_1334.jpg,non_1334.jpg,Non-Demented,NonDemented,128,128,1,48eb541790f8bb58bfde624457c2edd1bc1511842e99650a1a99954c6e2a0034,train
data/dataset/Non_Demented/non_545.jpg,non_545.jpg,Non-Demented,NonDemented,128,128,1,6d52b6e3407cd0a7eb3ef04b10b887474e2f33197991767013752ffe748b047d,train
data/dataset/Non_Demented/non_239.jpg,non_239.jpg,Non-Demented,NonDemented,128,128,1,9c7a9eb656a68563de688ea691a68185b2069715f35813170dbdc3666c67ea67,train
data/dataset/Non_Demented/non_1781.jpg,non_1781.jpg,Non-Demented,NonDemented,128,128,1,051773ed8da59570e8cfc014c771622a2527f20c3ba70f04633b4082978c5dde,train
data/dataset/Non_Demented/non_2758.jpg,non_2758.jpg,Non-Demented,NonDemented,128,128,1,e5ff3a1bf5229bb48b39452b871f79467bf6393b98761aac04f7b2b96652a124,train
data/dataset/Non_Demented/non_3115.jpg,non_3115.jpg,Non-Demented,NonDemented,128,128,1,ceee16125d4476c7af09333e5c4e1381db0cbd0b5abb9d09f03b871aea50f087,train
data/dataset/Non_Demented/non_2517.jpg,non_2517.jpg,Non-Demented,NonDemented,128,128,1,2bfc21b9b0626bea376b2e2dc97a7c9bf3bef4df59a797a4331627a8cf74dce7,train
data/dataset/Non_Demented/non_2446.jpg,non_2446.jpg,Non-Demented,NonDemented,128,128,1,b4f60f4ff87b7ac26e1d7c0fe22a6a7cd38c538cdf538131da3e49f22c66916b,train
data/dataset/Non_Demented/non_1661.jpg,non_1661.jpg,Non-Demented,NonDemented,128,128,1,17f3cffaa74e9094f5deb430b88f2f5f034482ebacf55ef0249d8eb81aa14610,train
data/dataset/Non_Demented/non_2418.jpg,non_2418.jpg,Non-Demented,NonDemented,128,128,1,1c60df3e4600a9d92f26bef25f6a3b1f57ccd89eddf96d72022dba5380cac90a,train
data/dataset/Non_Demented/non_3121.jpg,non_3121.jpg,Non-Demented,NonDemented,128,128,1,04c28b2306e5b536492556a0a5be11300fec801f6a15790aa65f47973510c00d,train
data/dataset/Non_Demented/non_1295.jpg,non_1295.jpg,Non-Demented,NonDemented,128,128,1,3957c050af0f2919bfc971c3dcb45dfa0d6ca9d41bfdce2b739c8e6a95691e0e,train
data/dataset/Non_Demented/non_2383.jpg,non_2383.jpg,Non-Demented,NonDemented,128,128,1,d31d425f4813112bb1cf3874a54cd97d2ab6ec37439abf149dafcfd03bcfbb26,train
data/dataset/Non_Demented/non_967.jpg,non_967.jpg,Non-Demented,NonDemented,128,128,1,5d8b5b7c97f7e93c8d67269ff5cf36e8c73e537565bec8874b9e1260abf67dce,train
data/dataset/Non_Demented/non_293.jpg,non_293.jpg,Non-Demented,NonDemented,128,128,1,65151efcfb10851970599f07b806400b0c13c86c36a7b967b7929d20a512f9d7,train
data/dataset/Non_Demented/non_2473.jpg,non_2473.jpg,Non-Demented,NonDemented,128,128,1,0ca7d7ff66830953e5cfe195ccd9719ab7c57f45bb67166bdfa3508334c8aa62,train
data/dataset/Non_Demented/non_790.jpg,non_790.jpg,Non-Demented,NonDemented,128,128,1,b7a3717c2d456d4015c12a2d03ac916d6228607a821ba422b75ded9ed2acda0f,train
data/dataset/Non_Demented/non_2557.jpg,non_2557.jpg,Non-Demented,NonDemented,128,128,1,43614b509f93c7b1dd6554648543259edb6d7b93a71b4efa781cd65fdaa07bbe,train
data/dataset/Non_Demented/non_888.jpg,non_888.jpg,Non-Demented,NonDemented,128,128,1,5c0a080211f0c2dc5a59f1d9eb77ba73a79688eebafd948aa0d30c70931b62df,train
data/dataset/Non_Demented/non_1986.jpg,non_1986.jpg,Non-Demented,NonDemented,128,128,1,71fe843a5f591670a8c4c4e1d83b67da14cf8fe488d55fa389515c0112271687,train
data/dataset/Non_Demented/non_1942.jpg,non_1942.jpg,Non-Demented,NonDemented,128,128,1,6d4de23455e442019105e3cc5663c2fae41cd755b54948f0d82c73f66fad17de,train
data/dataset/Non_Demented/non_2199.jpg,non_2199.jpg,Non-Demented,NonDemented,128,128,1,d629e80155e7bd653c1251cf529d954eaca0646025fae2a71952c4c4d1566128,train
data/dataset/Non_Demented/non_301.jpg,non_301.jpg,Non-Demented,NonDemented,128,128,1,74519ab416e515366bb361da045d18b3620d538db9b6243ad8b85e46275ce392,train
data/dataset/Non_Demented/non_1123.jpg,non_1123.jpg,Non-Demented,NonDemented,128,128,1,624f47f1fc933794a59e674633532844577ebc91da24d2b1dd5eae576e6a26a5,train
data/dataset/Non_Demented/non_1354.jpg,non_1354.jpg,Non-Demented,NonDemented,128,128,1,b9680048524580215e7ffa58c78340397c6428b0a88d065ec5b7add804e1715a,train
data/dataset/Non_Demented/non_1830.jpg,non_1830.jpg,Non-Demented,NonDemented,128,128,1,982ffe1ade5e5bc4192e492454d8a39aebdf450357058afeafab2d8680ce513f,train
data/dataset/Non_Demented/non_979.jpg,non_979.jpg,Non-Demented,NonDemented,128,128,1,06e65259cd17cae6cf4af6662af7c7c9e116ae491859f21c00ca301401d68249,train
data/dataset/Non_Demented/non_404.jpg,non_404.jpg,Non-Demented,NonDemented,128,128,1,051c9acd94fe1ae4981e900e66a4b658d229041fa8c29bc8862ab917fbe91e3c,train
data/dataset/Non_Demented/non_2267.jpg,non_2267.jpg,Non-Demented,NonDemented,128,128,1,43e683c7a2c6a79bbd97989af437ae4a7a5391b089df6f11fa86cac8baafc81c,train
data/dataset/Non_Demented/non_2145.jpg,non_2145.jpg,Non-Demented,NonDemented,128,128,1,1c0100d947c654b7407bb87a2a4018af7538154d8378c540f1e1287163336458,train
data/dataset/Non_Demented/non_821.jpg,non_821.jpg,Non-Demented,NonDemented,128,128,1,b5432c05a284c37cd482d6ff7a74f3919729ebaaf471b34a495df5fb16b19ec8,train
data/dataset/Non_Demented/non_1219.jpg,non_1219.jpg,Non-Demented,NonDemented,128,128,1,190ae3f2c546aa086328b97c597b61978cc99a749bb3b9ba42c22342145489f8,train
data/dataset/Non_Demented/non_2950.jpg,non_2950.jpg,Non-Demented,NonDemented,128,128,1,94387a09d2b2e964cf785e127d9bf56fae8938f0ed604f88e5ab401d6d348eb5,train
data/dataset/Non_Demented/non_228.jpg,non_228.jpg,Non-Demented,NonDemented,128,128,1,80e80daf8ca8ddc2f9af851ee5cb8b7eefdff644d74d17f0756ff208493689f6,train
data/dataset/Non_Demented/non_1716.jpg,non_1716.jpg,Non-Demented,NonDemented,128,128,1,f5d03212021b5231e4a9c62d5f128f85d6cae47bd8029179dda11d547c8629b4,train
data/dataset/Non_Demented/non_2191.jpg,non_2191.jpg,Non-Demented,NonDemented,128,128,1,801da82d3269c2866f247db3abba1f7d657562160c09ad597fb633939ef96e64,train
data/dataset/Non_Demented/non_2710.jpg,non_2710.jpg,Non-Demented,NonDemented,128,128,1,34c5f8982d13763ab4e63b8ea58c17a7e9e2b9492e5763cb6cdf358017ca7312,train
data/dataset/Non_Demented/non_1013.jpg,non_1013.jpg,Non-Demented,NonDemented,128,128,1,dcee23f100cc8aeebade78eeadd72aa9e399bd64a56bbd9c2d94a308a93a988d,train
data/dataset/Non_Demented/non_2279.jpg,non_2279.jpg,Non-Demented,NonDemented,128,128,1,7f900965ebf881d977e99200b25c1664bc88a12d79cd4e74af6b4ac8320d3ff4,train
data/dataset/Non_Demented/non_2490.jpg,non_2490.jpg,Non-Demented,NonDemented,128,128,1,9aba323cc61d500e73fccb3d1e01c5afb00f799a1699fcb9d339dbecf2c673c9,train
data/dataset/Non_Demented/non_353.jpg,non_353.jpg,Non-Demented,NonDemented,128,128,1,62829d5649c7d10262528a90a229d30cacb5955f831d0a8bcf02f6b05fa6b91e,train
data/dataset/Non_Demented/non_2741.jpg,non_2741.jpg,Non-Demented,NonDemented,128,128,1,bf32f957575731f81ca5d52b3df563d332d2f4681b15de5db018fb7f364160dd,train
data/dataset/Non_Demented/non_1234.jpg,non_1234.jpg,Non-Demented,NonDemented,128,128,1,2f8f52fe574a478bfb6cfdf7ea0649db4ec170f97b7cc8e6e0104f2176dd05aa,train
data/dataset/Non_Demented/non_2253.jpg,non_2253.jpg,Non-Demented,NonDemented,128,128,1,4f4fd797eab86762c2209c148414652e41f6f6516f16e193119195baeb779b1e,train
data/dataset/Non_Demented/non_1864.jpg,non_1864.jpg,Non-Demented,NonDemented,128,128,1,744771bacdb2d479f181917a1060c68bd918472bb705ee3bcea96b9f2a9695ae,train
data/dataset/Non_Demented/non_2997.jpg,non_2997.jpg,Non-Demented,NonDemented,128,128,1,2e2d2562ca4dc958862a1270e0206e7d8d68f1d4f9867f80caf8b10e210bb478,train
data/dataset/Non_Demented/non_176.jpg,non_176.jpg,Non-Demented,NonDemented,128,128,1,615da9f0d32d8fbbeee43eaa61c155de5f19385ad4927139f40ffebd1a90fd0b,train
data/dataset/Non_Demented/non_1605.jpg,non_1605.jpg,Non-Demented,NonDemented,128,128,1,914aac6a550832bd6089cf6c076e0617071d6851a5d3d9dcaeb72602f368679b,train
data/dataset/Non_Demented/non_1520.jpg,non_1520.jpg,Non-Demented,NonDemented,128,128,1,609cd3f3994ebc6e8ec25fd53edebf80d4fc7047695b5aba50a8f49f1aab8d11,train
data/dataset/Non_Demented/non_831.jpg,non_831.jpg,Non-Demented,NonDemented,128,128,1,e48a2a2076cb5074304dd26bfd17c34b54c7502445609b48bb413e2f67008106,train
data/dataset/Non_Demented/non_2455.jpg,non_2455.jpg,Non-Demented,NonDemented,128,128,1,0ff41b81c532bbbe69f3cf041a1ca03db3c40d65a0fdaab77f84b0c663ec4331,train
data/dataset/Non_Demented/non_1085.jpg,non_1085.jpg,Non-Demented,NonDemented,128,128,1,b118b0a8745d27ce8f951e9af13fe0a40e4dd0065a20bcb8e954cf2d49023487,train
data/dataset/Non_Demented/non_1337.jpg,non_1337.jpg,Non-Demented,NonDemented,128,128,1,9a32f336de19d70b99ae13e52f42ddf90a56a62e222d062d13d5739ecaf796a5,train
data/dataset/Non_Demented/non_2247.jpg,non_2247.jpg,Non-Demented,NonDemented,128,128,1,a8439fa5055a4beca5da375585ead75615194cf78243dfe5712633601e73ae1e,train
data/dataset/Non_Demented/non_647.jpg,non_647.jpg,Non-Demented,NonDemented,128,128,1,2834d7812ea962c1667c055f0e6bf43eb392e8d27c5bd81d0b9ce8f654daf338,train
data/dataset/Non_Demented/non_705.jpg,non_705.jpg,Non-Demented,NonDemented,128,128,1,8ac7309b2b9998ab53a9674bf3f00d70a77692987d45922a58743863730d048a,train
data/dataset/Non_Demented/non_2305.jpg,non_2305.jpg,Non-Demented,NonDemented,128,128,1,dcea2ed6688ba7fc828f8b7e3f2a8b13b1d757acf771f26aab2ac711025a2007,train
data/dataset/Non_Demented/non_2224.jpg,non_2224.jpg,Non-Demented,NonDemented,128,128,1,b68aad26c1407d925e57c3aaee937517155f4e1f3d2db83f7c1a9c531165882e,train
data/dataset/Non_Demented/non_424.jpg,non_424.jpg,Non-Demented,NonDemented,128,128,1,d0c32e370f9b83c5e0e24e9965ff18169cfe9b041ecbf1beeb71018809ecc07d,train
data/dataset/Non_Demented/non_2413.jpg,non_2413.jpg,Non-Demented,NonDemented,128,128,1,9c87f82feb19038fe0077c242de37d9ccd0ed8b6116703584e95bf618be4cbd6,train
data/dataset/Non_Demented/non_2193.jpg,non_2193.jpg,Non-Demented,NonDemented,128,128,1,5125c6ff20241e582644d70961298ce4700c5b22e52840f97a4f9c03fd8bacd8,train
data/dataset/Non_Demented/non_2534.jpg,non_2534.jpg,Non-Demented,NonDemented,128,128,1,56def8bc778dfe89e09c10a5cfaa150df2fdecaf68ac863f5cc983d7fb920d8e,train
data/dataset/Non_Demented/non_1895.jpg,non_1895.jpg,Non-Demented,NonDemented,128,128,1,6c32223aa0f0dce7ab73046fdf535a263e659fe9258cd1ccbdf947821be93199,train
data/dataset/Non_Demented/non_736.jpg,non_736.jpg,Non-Demented,NonDemented,128,128,1,09c696fb94f12133bee79624dbd15e24882009df9523a879057f15e256e08ab1,train
data/dataset/Non_Demented/non_825.jpg,non_825.jpg,Non-Demented,NonDemented,128,128,1,adc0d1402c5ac6957dd45f1accc78bbdf8b1315f908f94297785a88b462c7a43,train
data/dataset/Non_Demented/non_3129.jpg,non_3129.jpg,Non-Demented,NonDemented,128,128,1,2cb4aeb31618280c20453c74a56c19b4b1ffe1844501ec597b6c12ada246536d,train
data/dataset/Non_Demented/non_1954.jpg,non_1954.jpg,Non-Demented,NonDemented,128,128,1,38e5888e22b8c49b10710eb2d2f17c90ec67c3d1e658039be572108b603b7b8a,train
data/dataset/Non_Demented/non_60.jpg,non_60.jpg,Non-Demented,NonDemented,128,128,1,2d289d1bc867758bbe2f8847d45d1831d0b382a33453adbd5457aa51a7b67597,train
data/dataset/Non_Demented/non_2782.jpg,non_2782.jpg,Non-Demented,NonDemented,128,128,1,414deae08511e436c4e5539e9e80ec7ac0369c6750ede5d3fb54ba48c8143ba5,train
data/dataset/Non_Demented/non_1610.jpg,non_1610.jpg,Non-Demented,NonDemented,128,128,1,4506680d4051d920d4c0fcfd8e7b254cf8d8e9a0f796007aa26290959b3e2ebc,train
data/dataset/Non_Demented/non_3158.jpg,non_3158.jpg,Non-Demented,NonDemented,128,128,1,dd92f95771f28e351944bfe773006d81972ea159770d18660f2c7942cd1b0ddf,train
data/dataset/Non_Demented/non_1901.jpg,non_1901.jpg,Non-Demented,NonDemented,128,128,1,7de74140ec93036ac7da91106d91ce33264b9c9a3ad85e3ccd22bddc58bf8206,train
data/dataset/Non_Demented/non_1489.jpg,non_1489.jpg,Non-Demented,NonDemented,128,128,1,ee1380f957634d24d3d5a49f5744cc4c97189d81fc9113390801ea094e7e0627,train
data/dataset/Non_Demented/non_2126.jpg,non_2126.jpg,Non-Demented,NonDemented,128,128,1,72631b083b70753b3bed2fea2e4045d69333c01af2fc28f8663a44b5885d26fc,train
data/dataset/Non_Demented/non_3180.jpg,non_3180.jpg,Non-Demented,NonDemented,128,128,1,ff225a65964bc7f6bc8e1acd735d302897425e5ce8728033735a611c3328e269,train
data/dataset/Non_Demented/non_1626.jpg,non_1626.jpg,Non-Demented,NonDemented,128,128,1,eaaf7e458cff3745fb82c5bbd28aff9df93e8995c52d7badd45accce88d49f33,train
data/dataset/Non_Demented/non_8.jpg,non_8.jpg,Non-Demented,NonDemented,128,128,1,71fd0f64da40bf8bc5aef87ad961ddb18555f4fbfe90c9926bb71c8df86b7078,train
data/dataset/Non_Demented/non_2824.jpg,non_2824.jpg,Non-Demented,NonDemented,128,128,1,4f0bc3ec0f2e302305549e93f230772b79682427054134aafe44d29217c841fe,train
data/dataset/Non_Demented/non_1174.jpg,non_1174.jpg,Non-Demented,NonDemented,128,128,1,b72a0be0e05ce902d51a820b89fe015c2a202bd4be730c698948ea5302b11803,train
data/dataset/Non_Demented/non_2695.jpg,non_2695.jpg,Non-Demented,NonDemented,128,128,1,fdfc56404209d1c3021a8092b5cca79a577798ce8dcc9412e3ac36c7f484f97e,train
data/dataset/Non_Demented/non_1582.jpg,non_1582.jpg,Non-Demented,NonDemented,128,128,1,c828094c26807959ed56bfbd839e9c9f410e11395e8b0e34a37b374f8736e064,train
data/dataset/Non_Demented/non_1595.jpg,non_1595.jpg,Non-Demented,NonDemented,128,128,1,6d0510b5af9706046378d5ed763178fb79021e621db6e874ca06df366653d661,train
data/dataset/Non_Demented/non_582.jpg,non_582.jpg,Non-Demented,NonDemented,128,128,1,814843c2f0a1e67ac546a40e2777c530a8666c8f7ba7637fd063702d5d2bb9a8,train
data/dataset/Non_Demented/non_2689.jpg,non_2689.jpg,Non-Demented,NonDemented,128,128,1,c2c0b991568afa1ef767ec54c4dbf8b0ced94191709ba54e1a7d94cba31d67a7,train
data/dataset/Non_Demented/non_3040.jpg,non_3040.jpg,Non-Demented,NonDemented,128,128,1,664017c4c3c0e713db27946af206daed3fcbf1c7143b60deedcc644bc294d650,train
data/dataset/Non_Demented/non_2465.jpg,non_2465.jpg,Non-Demented,NonDemented,128,128,1,318dec1530924311a3dbe120bf27900ba9983dd41585424a0e929a805a11a111,train
data/dataset/Non_Demented/non_2350.jpg,non_2350.jpg,Non-Demented,NonDemented,128,128,1,99984ad9d1975ce9e1b7ea5f3b735f290b838a91aeefba97a4b0f7de00a8ec77,train
data/dataset/Non_Demented/non_3150.jpg,non_3150.jpg,Non-Demented,NonDemented,128,128,1,f84ff50f8fad9be5a9e8eba020fd7e47918a2487c630bce6cf294f6f6896c476,train
data/dataset/Non_Demented/non_885.jpg,non_885.jpg,Non-Demented,NonDemented,128,128,1,8fea14e458a1d0d064a8da6eec326e7d220b642ddc60e0b9fe8d29f97613a452,train
data/dataset/Non_Demented/non_2290.jpg,non_2290.jpg,Non-Demented,NonDemented,128,128,1,f5413f8a1a9828f632c36d063cbe48441200399702bc06540aeb370f40bcf980,train
data/dataset/Non_Demented/non_616.jpg,non_616.jpg,Non-Demented,NonDemented,128,128,1,8940ba1530bb3398cdaa5a33f73ffc887e7b923126e21eb7a660bbc7b9fc474b,train
data/dataset/Non_Demented/non_2306.jpg,non_2306.jpg,Non-Demented,NonDemented,128,128,1,912367f3d5db0fb96562ea19e97ec12fb4006355d9439c5d2e8e620c29a550a7,train
data/dataset/Non_Demented/non_66.jpg,non_66.jpg,Non-Demented,NonDemented,128,128,1,c0b8126825a9b16a0f828f6f9bfd374b3a578a609296a27c389883f65c73d850,train
data/dataset/Non_Demented/non_2802.jpg,non_2802.jpg,Non-Demented,NonDemented,128,128,1,fdcbfe0cb85e50539daa5049d4a66ea732b543805c3abaaed347b20dca181fbe,train
data/dataset/Non_Demented/non_4.jpg,non_4.jpg,Non-Demented,NonDemented,128,128,1,b2bb8ee7209508c62baf77e7d02f49489232d5506efa521313341d1511af17b8,train
data/dataset/Non_Demented/non_2974.jpg,non_2974.jpg,Non-Demented,NonDemented,128,128,1,039de7567f1cf626ee046578d36bf1c85aa74afa13b0b7949a8918512d3d0030,train
data/dataset/Non_Demented/non_348.jpg,non_348.jpg,Non-Demented,NonDemented,128,128,1,898fdd4f64886d8c916e5e6535fb9381e41bc13f9d05c6d5a0802760eeac3af9,train
data/dataset/Non_Demented/non_157.jpg,non_157.jpg,Non-Demented,NonDemented,128,128,1,4f034b711be69a2e85dea321f56c6e01869dad8aa1158f97a99db44df9e9a3e8,train
data/dataset/Non_Demented/non_2545.jpg,non_2545.jpg,Non-Demented,NonDemented,128,128,1,4853cea8ca4df2cf01a900930265e822331acc29552e69e01fc6d31c0416b105,train
data/dataset/Non_Demented/non_1401.jpg,non_1401.jpg,Non-Demented,NonDemented,128,128,1,749e3aa60a79fd56a0c876dcec17f7d34bc1e4e703d71fbdbb89be1257583a8d,train
data/dataset/Non_Demented/non_1818.jpg,non_1818.jpg,Non-Demented,NonDemented,128,128,1,556619a2c06f63b48857b7b9b1678930edc9e73680b2c90c315daa63f806e821,train
data/dataset/Non_Demented/non_1809.jpg,non_1809.jpg,Non-Demented,NonDemented,128,128,1,71caaaeb6abef2e2aadd4d817dd510db7a01a222094e17ada018b11a8e19c861,train
data/dataset/Non_Demented/non_2435.jpg,non_2435.jpg,Non-Demented,NonDemented,128,128,1,e8a8596337788f9b14f1531a9819b05b4da97778bf749b6cbd49a992e29d972a,train
data/dataset/Non_Demented/non_2701.jpg,non_2701.jpg,Non-Demented,NonDemented,128,128,1,a74529a125b6ad0674cf72c5fa375efa8ade0200c2817d40e4da4b68adaeec84,train
data/dataset/Non_Demented/non_2041.jpg,non_2041.jpg,Non-Demented,NonDemented,128,128,1,1c21573fd0cc8ac853bfec082bd92cc05dd0bea86b37d0f300ed4bbae2dd12d1,train
data/dataset/Non_Demented/non_1482.jpg,non_1482.jpg,Non-Demented,NonDemented,128,128,1,d2aae837b1666f8aafa67ba2e982e38ecb5169c8ba6e0cc025c679fbb993e3c0,train
data/dataset/Non_Demented/non_1960.jpg,non_1960.jpg,Non-Demented,NonDemented,128,128,1,60cf8c9dceb037e880dfc2eba01679590f30b39d9d65b4afa145fcabc271dafc,train
data/dataset/Non_Demented/non_78.jpg,non_78.jpg,Non-Demented,NonDemented,128,128,1,5d7c16792f8213a332e8645c915a7b2cc0b97e845ea393f8f9f0753bdef66fcc,train
data/dataset/Non_Demented/non_969.jpg,non_969.jpg,Non-Demented,NonDemented,128,128,1,addc8666b45915fa9fd8ecca2adcad5764f758b640315f637f945bfd97bfac5c,train
data/dataset/Non_Demented/non_1146.jpg,non_1146.jpg,Non-Demented,NonDemented,128,128,1,3817b24cb250d49d45f251362ee0542835f04f042f5c0369d6e289d0b58be5ca,train
data/dataset/Non_Demented/non_2900.jpg,non_2900.jpg,Non-Demented,NonDemented,128,128,1,21e6764ccb207e00871df20a954a3ac0c66a425fe3e83119c919db25c6a639f1,train
data/dataset/Non_Demented/non_1553.jpg,non_1553.jpg,Non-Demented,NonDemented,128,128,1,4c5477381758342652eab92f9cebc1ef3e776010a903dedd5e161c503415a1d0,train
data/dataset/Non_Demented/non_1904.jpg,non_1904.jpg,Non-Demented,NonDemented,128,128,1,7c740be66aefb3281f8b6f74d57abd3581cac26d73b2f18c6a347172fe2341ab,train
data/dataset/Non_Demented/non_1717.jpg,non_1717.jpg,Non-Demented,NonDemented,128,128,1,d9c08d6a2be95b3132e474a8c2d92d7fd5d26ffa6594ea2ed597001b3b020a5e,train
data/dataset/Non_Demented/non_2021.jpg,non_2021.jpg,Non-Demented,NonDemented,128,128,1,24ebf6ab7d059fa4b9c2c6dc21505a1d6b8b1185a569593cdca4e2275cafb33e,train
data/dataset/Non_Demented/non_391.jpg,non_391.jpg,Non-Demented,NonDemented,128,128,1,5f9cc0197c41eeea80bffa695e487bff67ad1f05345c2398a312306508b1f268,train
data/dataset/Non_Demented/non_305.jpg,non_305.jpg,Non-Demented,NonDemented,128,128,1,60b46defab94a0dbb51740fd9e82ef9a8c54d1af3cffac1ba540232355075c1f,train
data/dataset/Non_Demented/non_1470.jpg,non_1470.jpg,Non-Demented,NonDemented,128,128,1,f6331ea57be6bb99eb83648b6046ab51dae063ad2e4331f8360f082533a8296f,train
data/dataset/Non_Demented/non_1539.jpg,non_1539.jpg,Non-Demented,NonDemented,128,128,1,389f7a486e21eff7c69fd96f40e09b201f54cbbfe51a314b2c30a22422345bd1,train
data/dataset/Non_Demented/non_1548.jpg,non_1548.jpg,Non-Demented,NonDemented,128,128,1,1fb961e1ef9eb2565ea8e0088dd900c3ee4e3dd480a1e7ef0cfe00b84dcc941f,train
data/dataset/Non_Demented/non_6.jpg,non_6.jpg,Non-Demented,NonDemented,128,128,1,40ab94e7a8cd0b1caa7d20fa068d17fc38e603a9f2cf3228fc6b6791bdfc2c69,train
data/dataset/Non_Demented/non_3174.jpg,non_3174.jpg,Non-Demented,NonDemented,128,128,1,ad1a43ce665c7b4ad5ee844caac07e8faae0c6cb7be02a9ed0330bcc2668fbcd,train
data/dataset/Non_Demented/non_453.jpg,non_453.jpg,Non-Demented,NonDemented,128,128,1,672f0bfa3342c07a78f5c78b0564df1f30c4db624a069ee2fa58031144a725c9,train
data/dataset/Non_Demented/non_2586.jpg,non_2586.jpg,Non-Demented,NonDemented,128,128,1,87ba3ceba94727a953bb00c2af0e797dae57d2ef0d97cfb3f8689ad4ef53bc3b,train
data/dataset/Non_Demented/non_612.jpg,non_612.jpg,Non-Demented,NonDemented,128,128,1,5c7d121c2d78ab764982bc30a7dc4496213e2199799b9cff1adf0c0ea943596b,train
data/dataset/Non_Demented/non_1503.jpg,non_1503.jpg,Non-Demented,NonDemented,128,128,1,54b5822b7aa74d07d95718554cc7404068c7de829f730eb52b65f7ca6e542b25,train
data/dataset/Non_Demented/non_1513.jpg,non_1513.jpg,Non-Demented,NonDemented,128,128,1,60520c51b40d4155b5251e0ddc21093cb9149f9ce9b783cfd5d13f4be83abcb1,train
data/dataset/Non_Demented/non_2379.jpg,non_2379.jpg,Non-Demented,NonDemented,128,128,1,2acb5962ce958016c75386c3f7f98e6a7e4307b88270c2939e0e3eab4151eeea,train
data/dataset/Non_Demented/non_1254.jpg,non_1254.jpg,Non-Demented,NonDemented,128,128,1,5906d05dcfb0edf897d450f2e0c0615ce065995e9e938891a162b0fddabce2f7,train
data/dataset/Non_Demented/non_1330.jpg,non_1330.jpg,Non-Demented,NonDemented,128,128,1,27e3d6984a36e553332890de27c50312f7ff1ad22d1396e98d8f4a0afbb58863,train
data/dataset/Non_Demented/non_28.jpg,non_28.jpg,Non-Demented,NonDemented,128,128,1,300b8aa43459ff3404d08bc93dc7155a74acb88e70ecce73dd8ca3b253704df0,train
data/dataset/Non_Demented/non_1233.jpg,non_1233.jpg,Non-Demented,NonDemented,128,128,1,96c30d5985f4fcd87358ea35d469f64e1dab021675e3f7c189e0427b3e7bcf5b,train
data/dataset/Non_Demented/non_2069.jpg,non_2069.jpg,Non-Demented,NonDemented,128,128,1,ddd94375211cc235f3e4632ab063def62f64e4afb41bc37a7166d28c106ba6bc,train
data/dataset/Non_Demented/non_1359.jpg,non_1359.jpg,Non-Demented,NonDemented,128,128,1,b74ae2c63eb076e682ac12e4d82085ec1b4fd22762c10c78f37f4764c9fb699f,train
data/dataset/Non_Demented/non_1803.jpg,non_1803.jpg,Non-Demented,NonDemented,128,128,1,2d6d5685c6177f2d1352c80ca26cc2e2cd8dfd17a4021875fe4e730fb61540a2,train
data/dataset/Non_Demented/non_1603.jpg,non_1603.jpg,Non-Demented,NonDemented,128,128,1,5b00256418f6adf25cccbcfb97d6476e2e53fe03de7d16ab734cd0359e4dcc99,train
data/dataset/Non_Demented/non_2310.jpg,non_2310.jpg,Non-Demented,NonDemented,128,128,1,0bf5e5cda66e9dc25e39ec1638e8ae7f8ffa184aff8bc7b72000437861c2a755,train
data/dataset/Non_Demented/non_2160.jpg,non_2160.jpg,Non-Demented,NonDemented,128,128,1,fc27d35cf0243466461b19291ea2c89c1dd83d4b777c5a7a34f060d7189ec7cc,train
data/dataset/Non_Demented/non_150.jpg,non_150.jpg,Non-Demented,NonDemented,128,128,1,eec3d46f4e3d8aabdc221ffbae53e4ccec99e4ce6adbfda6f75ee7196e5dda39,train
data/dataset/Non_Demented/non_1918.jpg,non_1918.jpg,Non-Demented,NonDemented,128,128,1,58c8a97f1c4b22fcf0c81cc3b1de5681b7e5469c29c24a25e8a2444788876d12,train
data/dataset/Non_Demented/non_3105.jpg,non_3105.jpg,Non-Demented,NonDemented,128,128,1,c53ae9303c1a23301c5da979a0388f498a95d619c344003373edf5fbc6275c4e,train
data/dataset/Non_Demented/non_1599.jpg,non_1599.jpg,Non-Demented,NonDemented,128,128,1,688c50c844e89c75ca2ae5ddf17905d82f16e0e70b94fe0a6fcd000a1b265548,train
data/dataset/Non_Demented/non_134.jpg,non_134.jpg,Non-Demented,NonDemented,128,128,1,e97e7c1912ed62ea51869019d8f88552baf7f8c086c2f9cc2e3532488a021d05,train
data/dataset/Non_Demented/non_2042.jpg,non_2042.jpg,Non-Demented,NonDemented,128,128,1,834d7ba7a79afeddbf9b1bf6b0ba6a8102154c3264ab67e7e5a73f3ced0d0940,train
data/dataset/Non_Demented/non_1827.jpg,non_1827.jpg,Non-Demented,NonDemented,128,128,1,96722bf92122be13b4fd19862fad7e82457e61e0e1bec14e0ba8b667dc282439,train
data/dataset/Non_Demented/non_2189.jpg,non_2189.jpg,Non-Demented,NonDemented,128,128,1,71d8e92dc3f3e55b01060ae00f101173a47dc515faacd4cd7b74543dafea5152,train
data/dataset/Non_Demented/non_1978.jpg,non_1978.jpg,Non-Demented,NonDemented,128,128,1,2268ebafee36be4d7e19ad40023e890482fc0dd2cd7fbd8fc2a6a31608f8becd,train
data/dataset/Non_Demented/non_3060.jpg,non_3060.jpg,Non-Demented,NonDemented,128,128,1,31a90612a0f0f566df1d7d750a26c727b7efa97a6399d6fb71de25a945a0361a,train
data/dataset/Non_Demented/non_342.jpg,non_342.jpg,Non-Demented,NonDemented,128,128,1,3e8d8649bce2c2713b3b2d000179e97cef409b8110d216ae6e525bed6a4d850c,train
data/dataset/Non_Demented/non_2261.jpg,non_2261.jpg,Non-Demented,NonDemented,128,128,1,d87432d17b5531846aeec742488fa96d41ab94bdaa857fc0f746241b46c7bca7,train
data/dataset/Non_Demented/non_2474.jpg,non_2474.jpg,Non-Demented,NonDemented,128,128,1,161b79c0676099d0261769c73d8886475844bc78e9186799d965efee0028b2aa,train
data/dataset/Non_Demented/non_2028.jpg,non_2028.jpg,Non-Demented,NonDemented,128,128,1,bb560b54d8a0d9d47373f6cb3a6f7e287b9498c664e4b60a56a4393cd1af5060,train
data/dataset/Non_Demented/non_514.jpg,non_514.jpg,Non-Demented,NonDemented,128,128,1,213a0bfe8e68fa3224be583e9ff0b02e50069833f7526fa45691a7becd245c63,train
data/dataset/Non_Demented/non_3135.jpg,non_3135.jpg,Non-Demented,NonDemented,128,128,1,c2b10da6297ca3e2e769d919b08e4f80f10e44e2e0a85ee1260ff9b152112443,train
data/dataset/Non_Demented/non_2962.jpg,non_2962.jpg,Non-Demented,NonDemented,128,128,1,7e2e118c8902924b0a50417f43fa3f7ffc8894287f883521d857f2a3b4f2d411,train
data/dataset/Non_Demented/non_2415.jpg,non_2415.jpg,Non-Demented,NonDemented,128,128,1,8652f2086ac33d8bc1606dcbdd120c85083553ccdffa8fa08ee09b2c6fae4262,train
data/dataset/Non_Demented/non_178.jpg,non_178.jpg,Non-Demented,NonDemented,128,128,1,85712426471618e38a0ecbf2b4cfd76480a70482844a29ac0b46b372a4153ec2,train
data/dataset/Non_Demented/non_1838.jpg,non_1838.jpg,Non-Demented,NonDemented,128,128,1,bce929bd62bf7ab87d28548b4a3dc11886c8a7f3689257e22c19273cb3315fab,train
data/dataset/Non_Demented/non_2266.jpg,non_2266.jpg,Non-Demented,NonDemented,128,128,1,1d69c0140994efeb949ca932d4a0f913a202436b20c9a3d27f887fc7d9500af0,train
data/dataset/Non_Demented/non_1290.jpg,non_1290.jpg,Non-Demented,NonDemented,128,128,1,41b92d7efcde4aead00bc70272b12ad9872ac807791f54e3440ce9e8fc44fe1f,train
data/dataset/Non_Demented/non_1959.jpg,non_1959.jpg,Non-Demented,NonDemented,128,128,1,eb8408ee1129b4eb0be764ed984702f83a3bb46d84281ac77221055a21043294,train
data/dataset/Non_Demented/non_1892.jpg,non_1892.jpg,Non-Demented,NonDemented,128,128,1,30b90d8ab39893b881bf4393028ffa151e40ff630b913cb086e130a4279de97f,train
data/dataset/Non_Demented/non_1814.jpg,non_1814.jpg,Non-Demented,NonDemented,128,128,1,b20bf5dbb5089faa2a5682b9e4b2807dfc93a335cb8de010684cafe8b8273327,train
data/dataset/Non_Demented/non_330.jpg,non_330.jpg,Non-Demented,NonDemented,128,128,1,15616395af19e5799dad3bdc7af52b8d645d53de2e04a08d5832ee8929822338,train
data/dataset/Non_Demented/non_853.jpg,non_853.jpg,Non-Demented,NonDemented,128,128,1,dc1a448b8e3acc5181d70a5d87574c3fe7fb1c696a1ff9cff2767e8c924145a0,train
data/dataset/Non_Demented/non_114.jpg,non_114.jpg,Non-Demented,NonDemented,128,128,1,839e573cdc747f0ca103fc36f7ad0f57987e63d5d067b689cbeb5cdbcf45f715,train
data/dataset/Non_Demented/non_2714.jpg,non_2714.jpg,Non-Demented,NonDemented,128,128,1,2b1cc3a5e0f1edc5e8da5b60937a7f2b5318224fa80304531b748801a69ea685,train
data/dataset/Non_Demented/non_1440.jpg,non_1440.jpg,Non-Demented,NonDemented,128,128,1,b9db749cc9d9f4b8f6c3638873fe7102785528cc928c6f80562c403f48149d77,train
data/dataset/Non_Demented/non_2321.jpg,non_2321.jpg,Non-Demented,NonDemented,128,128,1,c4aec146284d190cb683a31f810217e659406cb12bcc2a76d7da0efce0161395,train
data/dataset/Non_Demented/non_164.jpg,non_164.jpg,Non-Demented,NonDemented,128,128,1,35993e363da192a37607e0f874e7920e52ba2814c0c3d86fdc628c792070a41d,train
data/dataset/Non_Demented/non_1557.jpg,non_1557.jpg,Non-Demented,NonDemented,128,128,1,66b682fe8f05493a3befdbbef33c637dc06caae2a4f5d5aefe1de91c155fb819,train
data/dataset/Non_Demented/non_2642.jpg,non_2642.jpg,Non-Demented,NonDemented,128,128,1,8036b78a8c062596b18ffd3d6e42878919baaa7250198b94cb0e78f445f3c10b,train
data/dataset/Non_Demented/non_2048.jpg,non_2048.jpg,Non-Demented,NonDemented,128,128,1,21c3f51ad0dafb334e7834852e781b91fea74c9ead0392fb8d15007e9160afe8,train
data/dataset/Non_Demented/non_73.jpg,non_73.jpg,Non-Demented,NonDemented,128,128,1,c7d92a383577d9166837ea66099a011d7377cdcfa27b99b8ff0e29e69f92ec3b,train
data/dataset/Non_Demented/non_1302.jpg,non_1302.jpg,Non-Demented,NonDemented,128,128,1,8b20d11ccc912709f7efd9aeae176b6ce01db375e0def8eaf94e91ed7a1f5349,train
data/dataset/Non_Demented/non_1475.jpg,non_1475.jpg,Non-Demented,NonDemented,128,128,1,af05f27c8679da5507f5bbce0f1c2ad05dafc0c902d7f785277bfba76e746bb6,train
data/dataset/Non_Demented/non_2278.jpg,non_2278.jpg,Non-Demented,NonDemented,128,128,1,a1099164c554e857794396d7463265880d4adb214d2151ebd9e664ef723800f4,train
data/dataset/Non_Demented/non_1303.jpg,non_1303.jpg,Non-Demented,NonDemented,128,128,1,cdcd597d80f36dd6dcf1830728ffe3f8f894812d5b5dae1eb531cb430466b5d3,train
data/dataset/Non_Demented/non_2732.jpg,non_2732.jpg,Non-Demented,NonDemented,128,128,1,2a09845a88b6e309f87b2cf9e807de3fe99d1248e6c0ba749dceecdce6cf8734,train
data/dataset/Non_Demented/non_2776.jpg,non_2776.jpg,Non-Demented,NonDemented,128,128,1,411946160736ac19c1aba1e4f2881e4f3a06571809603a96f918f8b2df035d9f,train
data/dataset/Non_Demented/non_3122.jpg,non_3122.jpg,Non-Demented,NonDemented,128,128,1,853763ca73bfe0ae31bd4830eb54d76bcdaf867c0500591f58b95f855feafe3f,train
data/dataset/Non_Demented/non_71.jpg,non_71.jpg,Non-Demented,NonDemented,128,128,1,600d7efcbc5f51c8a12d64628153d90fb787d9804994cb97d89acbcc2b033e9c,train
data/dataset/Non_Demented/non_2020.jpg,non_2020.jpg,Non-Demented,NonDemented,128,128,1,ae57c470ce1aa30f699159259386e7121c1ac11b3792dfe4e921bec48883d036,train
data/dataset/Non_Demented/non_596.jpg,non_596.jpg,Non-Demented,NonDemented,128,128,1,4b78e39f09aec73b8e7f4cd444249e368c48c47c85a78979c5fc5df8323e0d8c,train
data/dataset/Non_Demented/non_1124.jpg,non_1124.jpg,Non-Demented,NonDemented,128,128,1,d7093bb37a830c1f3351b1d5cf2ce5483351e9503282a861f216ac2e6dae17af,train
data/dataset/Non_Demented/non_412.jpg,non_412.jpg,Non-Demented,NonDemented,128,128,1,17f2ade99f28a66af06e0001b05cb30d9e1a038bf3a5ca90ca5ac9f629b2b1ab,train
data/dataset/Non_Demented/non_623.jpg,non_623.jpg,Non-Demented,NonDemented,128,128,1,54e1875ee9748dcdc0e5f0ca048be74368d3fbad952d02507d2263a0f9fcc6db,train
data/dataset/Non_Demented/non_872.jpg,non_872.jpg,Non-Demented,NonDemented,128,128,1,33c7e1fca8696bf1cb9a4e84ef7d457b0a9c2675db73c1c2e57acff934ce9455,train
data/dataset/Non_Demented/non_2342.jpg,non_2342.jpg,Non-Demented,NonDemented,128,128,1,1c658c2094a80b431d4cd994151f95c499c874ad32647ae5eb2a7812cb7d5100,train
data/dataset/Non_Demented/non_2769.jpg,non_2769.jpg,Non-Demented,NonDemented,128,128,1,d37237922b2834423fe69c9f562c1d23cc2ae64d3f3caa391d3ccab78f6c79d6,train
data/dataset/Non_Demented/non_292.jpg,non_292.jpg,Non-Demented,NonDemented,128,128,1,87cdcc97cb28c16158e2b37ae1d2ab4c7210dec75dae75a6b5af6a411d2078ee,train
data/dataset/Non_Demented/non_1237.jpg,non_1237.jpg,Non-Demented,NonDemented,128,128,1,7656651b0ea030f6b5f86ba5b94dcc877e5588a85af8bf3b73a1a40508295d24,train
data/dataset/Non_Demented/non_2024.jpg,non_2024.jpg,Non-Demented,NonDemented,128,128,1,6987aecb344218dd10bf0a03d5f553c5b30ed745adde0b0aefdb072e8c226635,train
data/dataset/Non_Demented/non_2099.jpg,non_2099.jpg,Non-Demented,NonDemented,128,128,1,cca05680111b77835aa90cf4584a83f308c338453eb16b4e3f9998a6a868d8fd,train
data/dataset/Non_Demented/non_2427.jpg,non_2427.jpg,Non-Demented,NonDemented,128,128,1,d67d8d526c38ad8ff1494db7e51b2f8ba1fe03e1b79ad70b67ddcf7defbed15f,train
data/dataset/Non_Demented/non_907.jpg,non_907.jpg,Non-Demented,NonDemented,128,128,1,f70625d2764a4e1f20873ed96b6cc578f319c46544399190524635dbb29b9970,train
data/dataset/Non_Demented/non_1920.jpg,non_1920.jpg,Non-Demented,NonDemented,128,128,1,4ddc4d5466811cf91ca1ab93d2a728ed6fce357dd7018864a3cd4faadab67704,train
data/dataset/Non_Demented/non_2544.jpg,non_2544.jpg,Non-Demented,NonDemented,128,128,1,b0dfedc8f1459c08b23f51ddd16597e2e672493dd1d0db8eec651a4d2e16b722,train
data/dataset/Non_Demented/non_2052.jpg,non_2052.jpg,Non-Demented,NonDemented,128,128,1,368ba6749b7176e9926550ed8aa0fdc99ffea472b280df38dacc302a1e4047d8,train
data/dataset/Non_Demented/non_3181.jpg,non_3181.jpg,Non-Demented,NonDemented,128,128,1,a6ee751a443a7df04907c3aaeb2a8516e0a4c156eda91752e81a937e1652516a,train
data/dataset/Non_Demented/non_3197.jpg,non_3197.jpg,Non-Demented,NonDemented,128,128,1,299b8d9c08c4c3312401a0091b8ef98aee54428eba0d81a983622881c6fd5ddb,train
data/dataset/Non_Demented/non_2506.jpg,non_2506.jpg,Non-Demented,NonDemented,128,128,1,b772d87b5866583080ff94d840a87e8f2c240c4970deb98539a50fc3b1be1da7,train
data/dataset/Non_Demented/non_2219.jpg,non_2219.jpg,Non-Demented,NonDemented,128,128,1,2be6dca43118c8865321ed505af96710b1374cc40c4a882dd65e6c053458076d,train
data/dataset/Non_Demented/non_2161.jpg,non_2161.jpg,Non-Demented,NonDemented,128,128,1,285559afc0fe8120c0f7c63f8a4d72ea5acb36d0439b2a4195eb8e1f0cdf17ef,train
data/dataset/Non_Demented/non_1651.jpg,non_1651.jpg,Non-Demented,NonDemented,128,128,1,552ac52f533b6851a66a70789bf8db4474856cf7013c3998c285962d9b0bcf49,train
data/dataset/Non_Demented/non_1252.jpg,non_1252.jpg,Non-Demented,NonDemented,128,128,1,1a2a431382402e392f803c7648e60a26aa6a758aafbcb0e2dc0b7cb576394d1c,train
data/dataset/Non_Demented/non_2419.jpg,non_2419.jpg,Non-Demented,NonDemented,128,128,1,cd8d55d85d52064fe2fc9599902832a67b311b48ce7c7861ec1499a09974ea5d,train
data/dataset/Non_Demented/non_1894.jpg,non_1894.jpg,Non-Demented,NonDemented,128,128,1,3aedf39fd0c96876ef720645a3249aa1c8e306527a4cdea0dec6c6e14a20e021,train
data/dataset/Non_Demented/non_1816.jpg,non_1816.jpg,Non-Demented,NonDemented,128,128,1,470a76e6bf1b90da7b91fcdd3f008600ee8650e69088e5501d6d0fd0a9caa378,train
data/dataset/Non_Demented/non_2338.jpg,non_2338.jpg,Non-Demented,NonDemented,128,128,1,f9f620606898dccfd758602169468f23b8f56c011f7fe7ffb2d16d860d759b54,train
data/dataset/Non_Demented/non_3019.jpg,non_3019.jpg,Non-Demented,NonDemented,128,128,1,7e48f28e97012c5e4ecd5eebcb6a68b3ae15c9e9c86f70289b7a1a7b77333780,train
data/dataset/Non_Demented/non_14.jpg,non_14.jpg,Non-Demented,NonDemented,128,128,1,91ce5bc001813768679964ec3b0efdcda0fa79b4d52413ca3faa76558653a1e9,train
data/dataset/Non_Demented/non_2667.jpg,non_2667.jpg,Non-Demented,NonDemented,128,128,1,0984abc0748420febff78a414355bcf6e1fcd588c606f8186e1fdea2a44d483d,train
data/dataset/Non_Demented/non_3086.jpg,non_3086.jpg,Non-Demented,NonDemented,128,128,1,6d1c5432c1c46f8482ac47c7eee80f70c1bf87e90c526bb5886495c6941f2d55,train
data/dataset/Non_Demented/non_151.jpg,non_151.jpg,Non-Demented,NonDemented,128,128,1,ac1223503770a4a2026da7cf5ec2f7d2d9bc1edc7a0249b921f80f02fb1395e3,train
data/dataset/Non_Demented/non_2207.jpg,non_2207.jpg,Non-Demented,NonDemented,128,128,1,6bae8754d81465dfd8f0906d7a43a1ea8bab5f589c25a4027d42fca1976dc265,train
data/dataset/Non_Demented/non_1493.jpg,non_1493.jpg,Non-Demented,NonDemented,128,128,1,23d3c40ac72ec37ee25dc255f621f65e1c96da9df8c074170c68102a095243a5,train
data/dataset/Non_Demented/non_226.jpg,non_226.jpg,Non-Demented,NonDemented,128,128,1,c47e60d692655057461a2b57e76f1a367cea61b64c13436a7446363d81d86a72,train
data/dataset/Non_Demented/non_227.jpg,non_227.jpg,Non-Demented,NonDemented,128,128,1,3b34a0ffaca3de6ae5c2ab228e85942c8baf2b41bce7e2b330f8d989abbff6c7,train
data/dataset/Non_Demented/non_3095.jpg,non_3095.jpg,Non-Demented,NonDemented,128,128,1,6ef2e49e264fdaf00fb968373d2e4fb6ae5971cca40292a5e08e23bb973635aa,train
data/dataset/Non_Demented/non_992.jpg,non_992.jpg,Non-Demented,NonDemented,128,128,1,d62cc462b2eac5a21c7d0ea0c0cedfb63725f33f89e1ecb922c596b1a1b9ac33,train
data/dataset/Non_Demented/non_3009.jpg,non_3009.jpg,Non-Demented,NonDemented,128,128,1,1b2599c9ea68cdf967297d752d2821d1d43b52e586c86f1e73225aedf0314668,train
data/dataset/Non_Demented/non_370.jpg,non_370.jpg,Non-Demented,NonDemented,128,128,1,ecf3353b990cb35de7d5419c3922017106eacb6d375a8480d8075b07be3dedc3,train
data/dataset/Non_Demented/non_1786.jpg,non_1786.jpg,Non-Demented,NonDemented,128,128,1,10e4f96ce9221cc7212c77fe3fe8c638bb6fae4d23f4d09ed8d1c0b089189933,train
data/dataset/Non_Demented/non_2399.jpg,non_2399.jpg,Non-Demented,NonDemented,128,128,1,8c033daba67e38eef3cfe596d2f8b5d18be2ceda409f1e5b13bd942b7e22889c,train
data/dataset/Non_Demented/non_1356.jpg,non_1356.jpg,Non-Demented,NonDemented,128,128,1,aba1dad507d4ca03aa05fed4b971061f1c1bf10a9f036879340016ca2dfc555a,train
data/dataset/Non_Demented/non_2833.jpg,non_2833.jpg,Non-Demented,NonDemented,128,128,1,36c50b7989eecb57a0dee9163d8641a5560d4294a2d40a00f529176b65bcee9f,train
data/dataset/Non_Demented/non_1490.jpg,non_1490.jpg,Non-Demented,NonDemented,128,128,1,83488497a2b73e5385cab03cedffb0c581feded0381e7e315abca5f7a137bfff,train
data/dataset/Non_Demented/non_2478.jpg,non_2478.jpg,Non-Demented,NonDemented,128,128,1,22b37380989952e601961690b2dbbede8d7684a9ab43d69fbfe97f2600e2a12e,train
data/dataset/Non_Demented/non_879.jpg,non_879.jpg,Non-Demented,NonDemented,128,128,1,92d35259db4abafd87f39a5f132dfe86c6d58dbd4d6fda812b3c58c2a43d9ca7,train
data/dataset/Non_Demented/non_1276.jpg,non_1276.jpg,Non-Demented,NonDemented,128,128,1,c859de3d86bee40f9008e619fdf9c444a4c6b164c6a85f158f0b53315a258265,train
data/dataset/Non_Demented/non_1465.jpg,non_1465.jpg,Non-Demented,NonDemented,128,128,1,a4a73f55be6de7a30c2b2648ed84930f3b0e3c952ace73c3bff39521cadea4c8,train
data/dataset/Non_Demented/non_3136.jpg,non_3136.jpg,Non-Demented,NonDemented,128,128,1,38d7bb38ab80d347b527e0f06e723b3cc95aa3c4291416c2d3dfdb2a27e944d8,train
data/dataset/Non_Demented/non_287.jpg,non_287.jpg,Non-Demented,NonDemented,128,128,1,eea9214f8c245f892a34a3e64743c2d8564e77cdd2112db1ec34076a449951c4,train
data/dataset/Non_Demented/non_3061.jpg,non_3061.jpg,Non-Demented,NonDemented,128,128,1,275074caa1be859a9031bc58b201c697de58e45a89c82d9a1720d79be2746376,train
data/dataset/Non_Demented/non_1319.jpg,non_1319.jpg,Non-Demented,NonDemented,128,128,1,45457409f45148901bc5c5f70ce59dc4f88aae1dc73e80b86f7512728c7ab944,train
data/dataset/Non_Demented/non_2359.jpg,non_2359.jpg,Non-Demented,NonDemented,128,128,1,be59b0f6572057f92c8dd51641beab576897b27ec8289806390d1f2266b58a19,train
data/dataset/Non_Demented/non_2888.jpg,non_2888.jpg,Non-Demented,NonDemented,128,128,1,28cb1cd5c0bb4466a2098fcf8aa59a9e52b75da2ced4f570930017f29b92c144,train
data/dataset/Non_Demented/non_2480.jpg,non_2480.jpg,Non-Demented,NonDemented,128,128,1,3deb6805526378820fa9f5f6d53f142ce1b43605f84091623272a5669990ab75,train
data/dataset/Non_Demented/non_2182.jpg,non_2182.jpg,Non-Demented,NonDemented,128,128,1,e800f568661de04181ac912e65b40faf258e56396c0b1a556e4c97350f137e21,train
data/dataset/Non_Demented/non_2656.jpg,non_2656.jpg,Non-Demented,NonDemented,128,128,1,8251476906abb377a267034d8eff968e6074afee9630178782fa707e483e4f64,train
data/dataset/Non_Demented/non_1251.jpg,non_1251.jpg,Non-Demented,NonDemented,128,128,1,993564cc2b1a9891bfe0d8275ead2135bf0140464a989c2b19bb5a23d075c2da,train
data/dataset/Non_Demented/non_229.jpg,non_229.jpg,Non-Demented,NonDemented,128,128,1,f827bf0b353ec458128d3ee6eda30f4d2e55ec53b8c0922c94cea44630fc9b71,train
data/dataset/Non_Demented/non_909.jpg,non_909.jpg,Non-Demented,NonDemented,128,128,1,a0443082e799dbf139c8d4c85b86f4ae4fbeea5d35b89f82a7926b97730dfbe2,train
data/dataset/Non_Demented/non_2682.jpg,non_2682.jpg,Non-Demented,NonDemented,128,128,1,9e5a10a09c719007e0bb287482a92e7a1cb874b22d14d99024493ccf5e8cb0ea,train
data/dataset/Non_Demented/non_1835.jpg,non_1835.jpg,Non-Demented,NonDemented,128,128,1,1e11e43ec938c9cd98da158e00d3d742d01ff1a4f3a6f302a8abe9a5490df061,train
data/dataset/Non_Demented/non_2212.jpg,non_2212.jpg,Non-Demented,NonDemented,128,128,1,de9e4239268dc5161c0bbcc3ae60293fe276cbcfe9e5e25b8c0d2e3f244c02d3,train
data/dataset/Non_Demented/non_629.jpg,non_629.jpg,Non-Demented,NonDemented,128,128,1,9781e050178069999cddc638e2facb2777647b34425adbbadd7dbcc3d79cd350,train
data/dataset/Non_Demented/non_1346.jpg,non_1346.jpg,Non-Demented,NonDemented,128,128,1,f98a0c846fadf610782d8bb0a20a26aa2b4705dba13ce73967543a259ef1f64d,train
data/dataset/Non_Demented/non_2718.jpg,non_2718.jpg,Non-Demented,NonDemented,128,128,1,d50be7afce28b21f13c806d6fc7b50518b976596f6d27843dd97db7460628a44,train
data/dataset/Non_Demented/non_921.jpg,non_921.jpg,Non-Demented,NonDemented,128,128,1,04bc9a9b94c13f597c33994e9a2152d5d96c87848197b0b63250d6f4ad504ddb,train
data/dataset/Non_Demented/non_2617.jpg,non_2617.jpg,Non-Demented,NonDemented,128,128,1,0a1030e3e06e226e24a8954cbb2b356f90d5e4190f95a5f8ada0402f9d970dd9,train
data/dataset/Non_Demented/non_2841.jpg,non_2841.jpg,Non-Demented,NonDemented,128,128,1,6d9676e18ba897fc0f48d28a55ac406dcbbb2b90a65a5b7e869949e1e4e1e489,train
data/dataset/Non_Demented/non_2944.jpg,non_2944.jpg,Non-Demented,NonDemented,128,128,1,28f208bf6ccf476cda5a57655c35581df4f3a80541c51b2cbc8d24b5089963c9,train
data/dataset/Non_Demented/non_1106.jpg,non_1106.jpg,Non-Demented,NonDemented,128,128,1,1435064c115aefd8d4a4ad467aeb9f64c83dd40263852cd185264fdf2530fe01,train
data/dataset/Non_Demented/non_704.jpg,non_704.jpg,Non-Demented,NonDemented,128,128,1,33642c9ac8691620c8ee44d5288ff0ab679ba16ea802fe40204edc4d2f3156e2,train
data/dataset/Non_Demented/non_840.jpg,non_840.jpg,Non-Demented,NonDemented,128,128,1,8077c1739b3706b3280828d668165048d41d3e0f474eb10ab9a39298bc01c1a9,train
data/dataset/Non_Demented/non_2987.jpg,non_2987.jpg,Non-Demented,NonDemented,128,128,1,c5b23c6d5deaaded481c25c3c0c4ad518bd1caa92ce84be3fc10aa4c9cbad9e5,train
data/dataset/Non_Demented/non_3099.jpg,non_3099.jpg,Non-Demented,NonDemented,128,128,1,1e17e1c99590e0eb9c761eff8fb48e67529926a5b607306aca3d3a4b36614765,train
data/dataset/Non_Demented/non_607.jpg,non_607.jpg,Non-Demented,NonDemented,128,128,1,715e2fd973326a741c2cbdf979a44b7c12371c529dfd92aef8acc711eb9159e2,train
data/dataset/Non_Demented/non_1414.jpg,non_1414.jpg,Non-Demented,NonDemented,128,128,1,0cacefa6f753a59f6f0e9af4e0a97992fd29d1c2ed3526d5b85f1a34e07e7d7b,train
data/dataset/Non_Demented/non_1584.jpg,non_1584.jpg,Non-Demented,NonDemented,128,128,1,61b538f7b6bbb41ae667145c14f5050350d2266662f7534f4fbee92f7fbe4dbb,train
data/dataset/Non_Demented/non_932.jpg,non_932.jpg,Non-Demented,NonDemented,128,128,1,0709dec6e4824bf1b36f6d56ed3209b0bfe6ade155552a0afe7654ba942263e8,train
data/dataset/Non_Demented/non_1822.jpg,non_1822.jpg,Non-Demented,NonDemented,128,128,1,d0803cc6d631abff959b6739f5819268f8115e325e130fa2bfbe3561e22d1e94,train
data/dataset/Non_Demented/non_2954.jpg,non_2954.jpg,Non-Demented,NonDemented,128,128,1,5a2eb247c5a2500dda7abb66736dd5615dd734151432d266ad87c1cec3d54aac,train
data/dataset/Non_Demented/non_1745.jpg,non_1745.jpg,Non-Demented,NonDemented,128,128,1,0136d1cb78bb1d99ef5ce2335c404b55e08a98bf10a07ec8fc1a6835bbc5dfb7,train
data/dataset/Non_Demented/non_999.jpg,non_999.jpg,Non-Demented,NonDemented,128,128,1,a2e6db053e8a1486b4a6ac325859f9563bd22bec61156af74a7e9f5ecdf852a7,train
data/dataset/Non_Demented/non_978.jpg,non_978.jpg,Non-Demented,NonDemented,128,128,1,5aaf54f68f613d12c0421552510e2b28ef12ad36148a56f0a12cb5dd9be411bb,train
data/dataset/Non_Demented/non_2364.jpg,non_2364.jpg,Non-Demented,NonDemented,128,128,1,0f0c8110c59fd084c6a09d868ce352a2dd7c7e4952e41a34fcb195f970856f54,train
data/dataset/Non_Demented/non_1044.jpg,non_1044.jpg,Non-Demented,NonDemented,128,128,1,91f494e91ca1f4370163f2c175512a42a0aa6bb103ce0f430094346fe37e1bb0,train
data/dataset/Non_Demented/non_1368.jpg,non_1368.jpg,Non-Demented,NonDemented,128,128,1,be055989f0ec2d19699a9e5817aa092df593022788107078565378f3decf85de,train
data/dataset/Non_Demented/non_2620.jpg,non_2620.jpg,Non-Demented,NonDemented,128,128,1,29f47a4de51bd39e5448d8729e7cad84b08c833a1c5cc6c800da63d58733e67f,train
data/dataset/Non_Demented/non_1718.jpg,non_1718.jpg,Non-Demented,NonDemented,128,128,1,2118ea727e0e3b74fe881a78811238bbd0c63913a6ff7444b26756d9e1a22676,train
data/dataset/Non_Demented/non_3062.jpg,non_3062.jpg,Non-Demented,NonDemented,128,128,1,158df3c37a8df50a1acdb553b1fab517434a60a7198b2bd4c53389f2eb3136fb,train
data/dataset/Non_Demented/non_2542.jpg,non_2542.jpg,Non-Demented,NonDemented,128,128,1,4c1a8226174bbb17a4964c8f69a6bcd4d6bac3827fa3333bc050906b6f336e51,train
data/dataset/Non_Demented/non_2349.jpg,non_2349.jpg,Non-Demented,NonDemented,128,128,1,b5b9c11f79c783c063612cdc04683472d5eec50ea890f4181470ea95115c4842,train
data/dataset/Non_Demented/non_1134.jpg,non_1134.jpg,Non-Demented,NonDemented,128,128,1,d6cbc46a069120475eec046e7478a8d564c43e4bcec9ae8113f01fb7c90bf06f,train
data/dataset/Non_Demented/non_2152.jpg,non_2152.jpg,Non-Demented,NonDemented,128,128,1,864ce2e1a596db056ad396757ccec21c2ef56acdba1d1120aaec528ff9a8ec7c,train
data/dataset/Non_Demented/non_938.jpg,non_938.jpg,Non-Demented,NonDemented,128,128,1,f140aa867e1ec2c68acf4463116a37bdbe4b84fae2927ed92bce979198f83ac2,train
data/dataset/Non_Demented/non_2634.jpg,non_2634.jpg,Non-Demented,NonDemented,128,128,1,2c090d5c6581ea25884ac8005b3b2b9c320549bd46e8a7ee72ac31cb7af79ef5,train
data/dataset/Non_Demented/non_3006.jpg,non_3006.jpg,Non-Demented,NonDemented,128,128,1,5dcceb3c939df8366cdc3c9bc760d77f949ec253d9d71d2a2ce6c184a5ed78d4,train
data/dataset/Non_Demented/non_984.jpg,non_984.jpg,Non-Demented,NonDemented,128,128,1,83b2482bf89cae0898fdadfb94d7edd0982c596deec948dd2b550fe3bf7b3d32,train
data/dataset/Non_Demented/non_1208.jpg,non_1208.jpg,Non-Demented,NonDemented,128,128,1,b7a8c369d749ee1e8e5f8681af48961ee3579c7c795a40c096a5e8f4fcf15524,train
data/dataset/Non_Demented/non_2282.jpg,non_2282.jpg,Non-Demented,NonDemented,128,128,1,60e1f2c324e24dbf68dda7e3ffbe292d693551345f6a5fc8e596146d52a56d2d,train
data/dataset/Non_Demented/non_2147.jpg,non_2147.jpg,Non-Demented,NonDemented,128,128,1,06b7ee8bc2e270830506411eb0257908aa29481ee3cbaa5f174b94a34ffc9feb,train
data/dataset/Non_Demented/non_489.jpg,non_489.jpg,Non-Demented,NonDemented,128,128,1,857b0d9f322e17b66face8d19e09a0bb9a62109d04f58733f7ad8e1f8f332146,train
data/dataset/Non_Demented/non_230.jpg,non_230.jpg,Non-Demented,NonDemented,128,128,1,9cb00a7a38f870aefeef74b2b6541c4a3d66663f82150881c394e8dcfc546f34,train
data/dataset/Non_Demented/non_1441.jpg,non_1441.jpg,Non-Demented,NonDemented,128,128,1,0f9ae4c695e8e0f005c2dfc1d10a7ed11390c9809d27373dfe65c4c2706ef22e,train
data/dataset/Non_Demented/non_908.jpg,non_908.jpg,Non-Demented,NonDemented,128,128,1,81242c79c268f7f29fdb3263a2409b26456b9bddddd0e1849c5ddccc3c5f7812,train
data/dataset/Non_Demented/non_1241.jpg,non_1241.jpg,Non-Demented,NonDemented,128,128,1,61e3e3af759b6ab16d29478cdc7d049df53cd50ce7a78331c222e3351e2d8879,train
data/dataset/Non_Demented/non_40.jpg,non_40.jpg,Non-Demented,NonDemented,128,128,1,3a83d9bd455a2522c632742e16c065cf296ee6d38cc51694ce00e07d49a45b99,train
data/dataset/Non_Demented/non_1791.jpg,non_1791.jpg,Non-Demented,NonDemented,128,128,1,bd96003ed9dfe3512b8474e4784120964f4c4751e996f00c2dd3421426ce827c,train
data/dataset/Non_Demented/non_263.jpg,non_263.jpg,Non-Demented,NonDemented,128,128,1,0baa81cd8004fd9298db1aba43b4a7781fca09f4107d8f20564adb1c36976281,train
data/dataset/Non_Demented/non_2136.jpg,non_2136.jpg,Non-Demented,NonDemented,128,128,1,af958ed2b281dbfbe5434d6ecfa9442ea4b417ffb27eaca279fc7acd66432767,train
data/dataset/Non_Demented/non_2194.jpg,non_2194.jpg,Non-Demented,NonDemented,128,128,1,5ef43315c08c539a26ac7f343fbf4ba1b741f59675da31c03da6ab54351a1762,train
data/dataset/Non_Demented/non_1285.jpg,non_1285.jpg,Non-Demented,NonDemented,128,128,1,09f811a13fa7a77d99241e4f75408af3341cbffb87c3688de1d7508fab0bd467,train
data/dataset/Non_Demented/non_2592.jpg,non_2592.jpg,Non-Demented,NonDemented,128,128,1,5f8d3a3a6b5e561f6d2b8931fe21392553aefe63bf79160928c559bbe16af463,train
data/dataset/Non_Demented/non_201.jpg,non_201.jpg,Non-Demented,NonDemented,128,128,1,973d22f05e199bf36acf7dfb9584b687199d4a6c1e52e2d8a24dbb06682bc9a5,train
data/dataset/Non_Demented/non_108.jpg,non_108.jpg,Non-Demented,NonDemented,128,128,1,d89fce6925ff37127423e8d58639dc4f3e8acbb037489904396516223f5ecb7e,train
data/dataset/Non_Demented/non_2866.jpg,non_2866.jpg,Non-Demented,NonDemented,128,128,1,d8635aba861c915fceccf6d720da02c25f4d8a91765830a8903d97cfeac83d85,train
data/dataset/Non_Demented/non_2398.jpg,non_2398.jpg,Non-Demented,NonDemented,128,128,1,9d2eddf817da76eb79227d475e21d199ca2851e403b6fe99e60b5386b794badc,train
data/dataset/Non_Demented/non_856.jpg,non_856.jpg,Non-Demented,NonDemented,128,128,1,52d085238b23ba1a490afd1c0b63dffc18af5c541851f756d6f40eed3a296455,train
data/dataset/Non_Demented/non_2736.jpg,non_2736.jpg,Non-Demented,NonDemented,128,128,1,fff0352539792d9ca1e2f7a93b49ec010553bf5d39d0fdd5108754bfa71cd7a1,train
data/dataset/Non_Demented/non_2665.jpg,non_2665.jpg,Non-Demented,NonDemented,128,128,1,403681577278e4588d99a12f3aed035cc1ffb9b0ced50e9940bd014d6877248c,train
data/dataset/Non_Demented/non_2450.jpg,non_2450.jpg,Non-Demented,NonDemented,128,128,1,828679625e102276a88af94bf3a13a94d2559fec698b978d006d6add09e2d805,train
data/dataset/Non_Demented/non_2328.jpg,non_2328.jpg,Non-Demented,NonDemented,128,128,1,1c859cf5d302b5e346830c78c1ef150c63f982327f04d5aed4f2f41d33b34bfa,train
data/dataset/Non_Demented/non_2847.jpg,non_2847.jpg,Non-Demented,NonDemented,128,128,1,43d9158ccd6ad5f1d08e501c31fa2891af895e6b2420ea655f38acd88da51db6,train
data/dataset/Non_Demented/non_2038.jpg,non_2038.jpg,Non-Demented,NonDemented,128,128,1,be44160884eb08657121ee1ce614a1a994ebfc62029e8933bc937266cd08aa0f,train
data/dataset/Non_Demented/non_2969.jpg,non_2969.jpg,Non-Demented,NonDemented,128,128,1,ae666f60e508ef73c1ade1d065d380dcd3b8e522c1c08309718dbb37662ea7cb,train
data/dataset/Non_Demented/non_1726.jpg,non_1726.jpg,Non-Demented,NonDemented,128,128,1,0dee4709f19db90f22ba9171381e7a46a4e179b8640e94438d2b498cb81eb583,train
data/dataset/Non_Demented/non_1571.jpg,non_1571.jpg,Non-Demented,NonDemented,128,128,1,638ae6bc34bc8127b644e12e4a2949ba9f1f9434a5728efdcf0a1c3c2554edf6,train
data/dataset/Non_Demented/non_965.jpg,non_965.jpg,Non-Demented,NonDemented,128,128,1,c4ef2c2d5761012d514192b0a5da45b0fe577aa43322cb248e710344d09423e0,train
data/dataset/Non_Demented/non_254.jpg,non_254.jpg,Non-Demented,NonDemented,128,128,1,c2fc80486b2a462a4fcdf5a69ad6ae27611eb134761952291386a334ede6fd28,train
data/dataset/Non_Demented/non_1932.jpg,non_1932.jpg,Non-Demented,NonDemented,128,128,1,1307c9e6ca7569860243e97fef3b4f2f9f3226d348cb7f4104cf4e999a109377,train
data/dataset/Non_Demented/non_363.jpg,non_363.jpg,Non-Demented,NonDemented,128,128,1,78587b9d879aeb19b27a0007f1dd82d1c290406d296db0325b02b9aeb1a467df,train
data/dataset/Non_Demented/non_485.jpg,non_485.jpg,Non-Demented,NonDemented,128,128,1,6b6a252595c0ea0368338fc5173dcd90811fc169885ec8d1bf108fe351c7dc6a,train
data/dataset/Non_Demented/non_338.jpg,non_338.jpg,Non-Demented,NonDemented,128,128,1,42451d2c31152b9d387f284742f59f93727333b76a51728706f65963172e42f4,train
data/dataset/Non_Demented/non_3089.jpg,non_3089.jpg,Non-Demented,NonDemented,128,128,1,b13cc5cc37f0d1957a81b84b28f7ebacc0b68884c14848543990558f758fd744,train
data/dataset/Non_Demented/non_3081.jpg,non_3081.jpg,Non-Demented,NonDemented,128,128,1,be0de7c4107b3c92a9303038b8bba36205807014fe92cb5daf5b7c40223ab0c3,train
data/dataset/Non_Demented/non_1159.jpg,non_1159.jpg,Non-Demented,NonDemented,128,128,1,1a241dc41dc22040daf58734c463407841089b569cc6b4265d1b3de5ca4c16fe,train
data/dataset/Non_Demented/non_2156.jpg,non_2156.jpg,Non-Demented,NonDemented,128,128,1,d77b809f77fcda7f3c2d4c36c5d5aacd65c91cd0c1767b2a5baf4be7d8896eee,train
data/dataset/Non_Demented/non_574.jpg,non_574.jpg,Non-Demented,NonDemented,128,128,1,fa5d3beb33fbeb6151fbf4ea97a5ed0d89ba84341b213f4f717fa39248c0a6d6,train
data/dataset/Non_Demented/non_1647.jpg,non_1647.jpg,Non-Demented,NonDemented,128,128,1,1341da4b5c51f1bb5abd71ce84c0d0688be9255fb13ff9cbb8372de1e9fbdba8,train
data/dataset/Non_Demented/non_163.jpg,non_163.jpg,Non-Demented,NonDemented,128,128,1,3ddefe2f6431a5b37a745c6ab9f28395f0102ab83ff64dede6bfea886085b397,train
data/dataset/Non_Demented/non_1030.jpg,non_1030.jpg,Non-Demented,NonDemented,128,128,1,77d8a29b356cb3d844967928d0cc2f4840ec2ad0e3ffe017762ea1bc3f12b7f6,train
data/dataset/Non_Demented/non_1042.jpg,non_1042.jpg,Non-Demented,NonDemented,128,128,1,fa018230484c52371682933beda24c46dde92479295a0f811311b739b3142245,train
data/dataset/Non_Demented/non_553.jpg,non_553.jpg,Non-Demented,NonDemented,128,128,1,d98e7e6bb20983d10761c81ac35d59710bc8492d156d73232b66a44d47d285e6,train
data/dataset/Non_Demented/non_2805.jpg,non_2805.jpg,Non-Demented,NonDemented,128,128,1,09777287f1e998bea2d52fbfd49e8eb8c0306421fb739b14dfd7534137a20aa0,train
data/dataset/Non_Demented/non_2752.jpg,non_2752.jpg,Non-Demented,NonDemented,128,128,1,460a3f830cd12a6c8b3309f4904efac0c50ac9e2d6c99917404871f1306614ae,train
data/dataset/Non_Demented/non_858.jpg,non_858.jpg,Non-Demented,NonDemented,128,128,1,273be550dc06ec95b8472525c540fcf535657f23dcabc05cc2bc1ef69fd1f34b,train
data/dataset/Non_Demented/non_1116.jpg,non_1116.jpg,Non-Demented,NonDemented,128,128,1,9fd19a50a7f7d6f1598c2c8f6f0266a13b79587c73f2de6cbbe411b18d72013e,train
data/dataset/Non_Demented/non_2711.jpg,non_2711.jpg,Non-Demented,NonDemented,128,128,1,0a28569b718f86ef69cb555d6a7f162c66a164a59b50aa555277057894634ea5,train
data/dataset/Non_Demented/non_2494.jpg,non_2494.jpg,Non-Demented,NonDemented,128,128,1,420fcf8cea3d924cf6fe618c3df896c2f6f5bf94e1ba791a28a2e220fdd149ed,train
data/dataset/Non_Demented/non_2830.jpg,non_2830.jpg,Non-Demented,NonDemented,128,128,1,0380da9d2cbf81478649d70b3f1380f0366acb362bf604e560a1f485454de1a3,train
data/dataset/Non_Demented/non_1848.jpg,non_1848.jpg,Non-Demented,NonDemented,128,128,1,1a12c174ae80aef0e7c40843ccd8cdad5c964361001b3ecbc505136c504a4630,train
data/dataset/Non_Demented/non_1709.jpg,non_1709.jpg,Non-Demented,NonDemented,128,128,1,3a13370ccf178a4aa9c14bcd66ea8d2501604931842c9b655d1ce58cc35d2de9,train
data/dataset/Non_Demented/non_1328.jpg,non_1328.jpg,Non-Demented,NonDemented,128,128,1,7102930db52d317bc16185a3264ff1f546b37c5289a0584fbd1bdb2b5869a661,train
data/dataset/Non_Demented/non_710.jpg,non_710.jpg,Non-Demented,NonDemented,128,128,1,253925d29cc9beb0500cc42fbe845c707745cb38afe3bf7d95e3ab81f39a5c2b,train
data/dataset/Non_Demented/non_285.jpg,non_285.jpg,Non-Demented,NonDemented,128,128,1,b1032ad19813d41f9e641cbeb6c711e9e727c92e154ccd5503fb6fbd5b1647aa,train
data/dataset/Non_Demented/non_12.jpg,non_12.jpg,Non-Demented,NonDemented,128,128,1,af5e4e2eed3121a99ae0baad4eb76ace3fd00fd419a06f10eb022cb0c957e70d,train
data/dataset/Non_Demented/non_1738.jpg,non_1738.jpg,Non-Demented,NonDemented,128,128,1,74d485897643439a75284c1e279f9a54aa1a4427386e7c2ceb237f4419ad03c8,train
data/dataset/Non_Demented/non_2091.jpg,non_2091.jpg,Non-Demented,NonDemented,128,128,1,5aa1142c61a9f4abaddc4f34d79878ac017fe91b2e12596311a5abf4fd51c72e,train
data/dataset/Non_Demented/non_65.jpg,non_65.jpg,Non-Demented,NonDemented,128,128,1,9d0ad833f1bc5b401ae9719f330c9bccfe389bc7fa3218c2f248a520861b8b6d,train
data/dataset/Non_Demented/non_816.jpg,non_816.jpg,Non-Demented,NonDemented,128,128,1,dc4e24efd8bb4b3d7bc8847097bbba80c13e52ce012d1905a3a6f3c15d1c4bd3,train
data/dataset/Non_Demented/non_2692.jpg,non_2692.jpg,Non-Demented,NonDemented,128,128,1,274108167aebe73b988a153bfd7192efb29fb42a9bf5df25aa1fef743249279c,train
data/dataset/Non_Demented/non_2778.jpg,non_2778.jpg,Non-Demented,NonDemented,128,128,1,14f08903afb6f4a6b57af3348d4b1d8c44a63d38577d7acc7ff3430087c49e45,train
data/dataset/Non_Demented/non_1210.jpg,non_1210.jpg,Non-Demented,NonDemented,128,128,1,5db73161c458d4773ded89fe324b57cfdb67a4b308644dcdd9f69624792ea3c7,train
data/dataset/Non_Demented/non_1760.jpg,non_1760.jpg,Non-Demented,NonDemented,128,128,1,7d3fec02015d676406d61433e7e03219a4f113c92e89e35e5e1a03c26390a637,train
data/dataset/Non_Demented/non_1607.jpg,non_1607.jpg,Non-Demented,NonDemented,128,128,1,0a48f9eec9e9c80107dd26ccfbb2d6b171b06f47a1e89124559bc51f60cc0f36,train
data/dataset/Non_Demented/non_1805.jpg,non_1805.jpg,Non-Demented,NonDemented,128,128,1,18d685a16872206d515d1cc9f94d0183efd5f1e10ac154d99b9b03d44cb0f4f9,train
data/dataset/Non_Demented/non_540.jpg,non_540.jpg,Non-Demented,NonDemented,128,128,1,82d25a80d39123a3f12dcd9524adc41cd7aef472d77d0ba13431837297f4adc3,train
data/dataset/Non_Demented/non_763.jpg,non_763.jpg,Non-Demented,NonDemented,128,128,1,48cb0c1974bbc7592687c094fccdcf9a2081631207032a6d97a5f1026ecd21de,train
data/dataset/Non_Demented/non_446.jpg,non_446.jpg,Non-Demented,NonDemented,128,128,1,11e9c8ea6e10ac37a91e278d5aa9de9afaa531194116b3c147e988b3b12dc8fc,train
data/dataset/Non_Demented/non_561.jpg,non_561.jpg,Non-Demented,NonDemented,128,128,1,455d3d0218857bb3656857290a5f37c1ea655404ad64126326c8f547f83b60a3,train
data/dataset/Non_Demented/non_1668.jpg,non_1668.jpg,Non-Demented,NonDemented,128,128,1,622a369e31d0afb013c6c4ed3ff6b371b9f8dcd25e07d404aa4acaa173f68848,train
data/dataset/Non_Demented/non_156.jpg,non_156.jpg,Non-Demented,NonDemented,128,128,1,e012760945bd8c1b7aa1ee679b896a2176036250fa47a927456ee4d958306edd,train
data/dataset/Non_Demented/non_1669.jpg,non_1669.jpg,Non-Demented,NonDemented,128,128,1,1113bbf5f433e6a753f4cf2ba0b07c1c63532ecf7a91b0a33499e2b242664dc7,train
data/dataset/Non_Demented/non_2801.jpg,non_2801.jpg,Non-Demented,NonDemented,128,128,1,76e28eadd467079a10eb102cbddb9d86a4be19400aded8baec468f1fd73dff96,train
data/dataset/Non_Demented/non_2876.jpg,non_2876.jpg,Non-Demented,NonDemented,128,128,1,f851d9369acaad8770653b5555eb743f99dcb06956de856e5121a2751df9b74a,train
data/dataset/Non_Demented/non_2233.jpg,non_2233.jpg,Non-Demented,NonDemented,128,128,1,44cae141838b2620f8a7234174788f4ddc3701e8c21e53dd7eae36e7c382fd47,train
data/dataset/Non_Demented/non_1515.jpg,non_1515.jpg,Non-Demented,NonDemented,128,128,1,458c84e52379d47af29a0e7e19b8df6abc4ef07d7c0b3c2852086c5482cdffa9,train
data/dataset/Non_Demented/non_1569.jpg,non_1569.jpg,Non-Demented,NonDemented,128,128,1,b566d7bf77f9ac09bca82ef9e72ccdec79891fdefd6a578c89c17e1f49b7586b,train
data/dataset/Non_Demented/non_1033.jpg,non_1033.jpg,Non-Demented,NonDemented,128,128,1,0d1c436a73c5caefe8d60715766322f87eee706549c3a134092ed97ef86c8f45,train
data/dataset/Non_Demented/non_1014.jpg,non_1014.jpg,Non-Demented,NonDemented,128,128,1,5cb7a5444b3fc8b75e361e05d6f518e681c7a17b093c153eadd7420665bffb5a,train
data/dataset/Non_Demented/non_1342.jpg,non_1342.jpg,Non-Demented,NonDemented,128,128,1,c22e26f5e169becc4ed697b13429a60007b464258cb165f51a2942233ee2b3d9,train
data/dataset/Non_Demented/non_1604.jpg,non_1604.jpg,Non-Demented,NonDemented,128,128,1,44020bcadce3bae4c0de923037f07c3220db092736b3bc6fd0631f92bbc72a48,train
data/dataset/Non_Demented/non_1095.jpg,non_1095.jpg,Non-Demented,NonDemented,128,128,1,6d79949d3d3c767647e267818af4b50a3c39a01f56903adf79de6953217c93e2,train
data/dataset/Non_Demented/non_581.jpg,non_581.jpg,Non-Demented,NonDemented,128,128,1,5e07c41efcd9053350215da11d269674ddefb11415f1f8e5047a0b8da6c6ed67,train
data/dataset/Non_Demented/non_382.jpg,non_382.jpg,Non-Demented,NonDemented,128,128,1,e5e50a8ddd05dd0ac603d160edb2cabd3699aea272d8469eaff6ce6da8993bc2,train
data/dataset/Non_Demented/non_741.jpg,non_741.jpg,Non-Demented,NonDemented,128,128,1,95b2bd3e39540a57f6cc793cd9e38c0540ad73366e80d758f4371c1b46a81f44,train
data/dataset/Non_Demented/non_1893.jpg,non_1893.jpg,Non-Demented,NonDemented,128,128,1,45a5b833067f89e356f73ffbaac62b15cd2831cb85d5bb4c08dff9485625607b,train
data/dataset/Non_Demented/non_1940.jpg,non_1940.jpg,Non-Demented,NonDemented,128,128,1,b875b9c86fd7ce7d18de53bb1938e4fd0f299d71d1aed4f9ca1b15b46b43985c,train
data/dataset/Non_Demented/non_411.jpg,non_411.jpg,Non-Demented,NonDemented,128,128,1,1dd44062ce70b81929932511bf9b85074ad1731000e11673bf3c21542ac62540,train
data/dataset/Non_Demented/non_410.jpg,non_410.jpg,Non-Demented,NonDemented,128,128,1,bdd24bd61706afa5826f7ccdf22167e3ef5630f221e1a110375ba4282f0a451a,train
data/dataset/Non_Demented/non_575.jpg,non_575.jpg,Non-Demented,NonDemented,128,128,1,58d71b389146f8016a61cde6b7dd375604e05249bcd875a7128b7eda000c49ec,train
data/dataset/Non_Demented/non_1382.jpg,non_1382.jpg,Non-Demented,NonDemented,128,128,1,1b7554ae0454141f1fb50a1e53d4b1cc2d03a3984c91bf08c5f3a17a0cdf14da,train
data/dataset/Non_Demented/non_1364.jpg,non_1364.jpg,Non-Demented,NonDemented,128,128,1,5435130e5835bd6c677b7990ede78e2ffb0f33a9b9f8845b046f820b4b6dbc0f,train
data/dataset/Non_Demented/non_2496.jpg,non_2496.jpg,Non-Demented,NonDemented,128,128,1,8be8a8ffcf5df8a0fbc243e33a82b98b9ece40377401d902a998ad77c08240be,train
data/dataset/Non_Demented/non_1130.jpg,non_1130.jpg,Non-Demented,NonDemented,128,128,1,545f4b4efdb06fe7ef55f4bc35a6395835148e4b998fa791a13554ddcb5183d1,train
data/dataset/Non_Demented/non_2196.jpg,non_2196.jpg,Non-Demented,NonDemented,128,128,1,985ec92869e2390ffe36c2af5380bf69ef06a4dac13d806e57a6daa41457e1ca,train
data/dataset/Non_Demented/non_1104.jpg,non_1104.jpg,Non-Demented,NonDemented,128,128,1,0bdc13ea28b6509da91ca212b4269e4c50bf06b48262ba06b4390627089ba64f,train
data/dataset/Non_Demented/non_2436.jpg,non_2436.jpg,Non-Demented,NonDemented,128,128,1,3d50f45c74c1e007f67fc5f03e97ab544597872ca902537cb35a878eb84a3af1,train
data/dataset/Non_Demented/non_1522.jpg,non_1522.jpg,Non-Demented,NonDemented,128,128,1,0b818a07bed633855af4b3fc6bd97c9b8ae067aecc9e7e0d7e749ba6fa567254,train
data/dataset/Non_Demented/non_1674.jpg,non_1674.jpg,Non-Demented,NonDemented,128,128,1,6a21ff758d279b9e183ed5a38865de3fcfd3fcb9adfff697282b2ebe37b75185,train
data/dataset/Non_Demented/non_3193.jpg,non_3193.jpg,Non-Demented,NonDemented,128,128,1,e8b0583f7f55115045ef95ec1e08d94a8c34bf309916c1f576e15ae1dc3a303f,train
data/dataset/Non_Demented/non_1930.jpg,non_1930.jpg,Non-Demented,NonDemented,128,128,1,8fde3c22ed97e74005cfab3a17f80c78c71e03260807c08b78a0327eadf951ad,train
data/dataset/Non_Demented/non_2518.jpg,non_2518.jpg,Non-Demented,NonDemented,128,128,1,1f6313646bd3f23bf0e4081daf498e1b94b28aec5ef2fa36d6df4cc615540824,train
data/dataset/Non_Demented/non_881.jpg,non_881.jpg,Non-Demented,NonDemented,128,128,1,269cdbf3df36718fed46cf453c51b8bf299f12d82493a631542d3bd8ab78f43f,train
data/dataset/Non_Demented/non_1735.jpg,non_1735.jpg,Non-Demented,NonDemented,128,128,1,f3347527b92d66a74f0430e6f54aff946f8abb02159c920403a061efff02b664,train
data/dataset/Non_Demented/non_1774.jpg,non_1774.jpg,Non-Demented,NonDemented,128,128,1,766531c59f7aefcf03229f8c5442859abdfdc6993bf25e9c84bc87a8b7658f55,train
data/dataset/Non_Demented/non_2519.jpg,non_2519.jpg,Non-Demented,NonDemented,128,128,1,729e988603e961c0e4bfd4f9ca78e705f214eba41fa4b101af39dc665cb4aa88,train
data/dataset/Non_Demented/non_852.jpg,non_852.jpg,Non-Demented,NonDemented,128,128,1,3f20d01e2f7d66b401f6ce972ae34cfc6238974c3d6400222da3a680dd7994a2,train
data/dataset/Non_Demented/non_385.jpg,non_385.jpg,Non-Demented,NonDemented,128,128,1,ae0ab9e2ddbe1bab20a60ac1e1dc0c0b54d5e2af993a77c6487dac0e22ccfeef,train
data/dataset/Non_Demented/non_677.jpg,non_677.jpg,Non-Demented,NonDemented,128,128,1,b61c37dae90976a3c8ff2fcb998972a1d0f6dcf95fb57dd54ade7b3c6c7e514d,train
data/dataset/Non_Demented/non_1079.jpg,non_1079.jpg,Non-Demented,NonDemented,128,128,1,34ae39466eb8752531eb51106c25cb84654f71d41bfb30b77a6d6f2430f7e794,train
data/dataset/Non_Demented/non_1392.jpg,non_1392.jpg,Non-Demented,NonDemented,128,128,1,801306f9a6965eaa5f6ccaa04bcc716d574702ff28d26dab3f579060971004f2,train
data/dataset/Non_Demented/non_2043.jpg,non_2043.jpg,Non-Demented,NonDemented,128,128,1,bace254fd1d35de2f02f7194c13b5677f1a766f2ff4f6383e3bafb2971bce4b8,train
data/dataset/Non_Demented/non_2983.jpg,non_2983.jpg,Non-Demented,NonDemented,128,128,1,68537cd40a74375bac6f43c4070a3a3fd41726c3c9832b12a037fdecc9344d95,train
data/dataset/Non_Demented/non_2775.jpg,non_2775.jpg,Non-Demented,NonDemented,128,128,1,3d8950ffc31f31c466f304c8b533a0c1ae4664c2a1b138a1346f85302e92fc2a,train
data/dataset/Non_Demented/non_952.jpg,non_952.jpg,Non-Demented,NonDemented,128,128,1,afd8a99ed8de76bd0a6efd3e1396e0ff81e62be955c73b7a3afc3571bf0d9234,train
data/dataset/Non_Demented/non_127.jpg,non_127.jpg,Non-Demented,NonDemented,128,128,1,5edcf888bcd577196f8b25453e86f08678883e0c1e700ae4933eaa54f83f3a8a,train
data/dataset/Non_Demented/non_2958.jpg,non_2958.jpg,Non-Demented,NonDemented,128,128,1,9f4866b373fc37e3ad822ece8d3bbd11bec6bb4eeb317e94a2d4185f5b49cbc1,train
data/dataset/Non_Demented/non_321.jpg,non_321.jpg,Non-Demented,NonDemented,128,128,1,a8c45b69daf37ad2627db83f8d79a67d84fce2ebeba8dd1cd92ce31f89f174e0,train
data/dataset/Non_Demented/non_1077.jpg,non_1077.jpg,Non-Demented,NonDemented,128,128,1,99f4154c7f824bf9783c238eceb54f2ce1a356cd492d4e1741ad1663ad53c51a,train
data/dataset/Non_Demented/non_445.jpg,non_445.jpg,Non-Demented,NonDemented,128,128,1,799f77b87f82480299d3c72d64e74a3f1acebb58653284a52fdf649a74c7c2f3,train
data/dataset/Non_Demented/non_2814.jpg,non_2814.jpg,Non-Demented,NonDemented,128,128,1,f9561a0e68986b9d98cf53a7bcc01e09fff433533f2f6938ebbfc9723cfca69d,train
data/dataset/Non_Demented/non_97.jpg,non_97.jpg,Non-Demented,NonDemented,128,128,1,f7fcaef451654106487de41e909ab464de8933916adc1ae7e96c0b9c648e5582,train
data/dataset/Non_Demented/non_1341.jpg,non_1341.jpg,Non-Demented,NonDemented,128,128,1,91311b88894a574c5e770155f681c422cb6eb5f9453e1518f4f1968fa07160a8,train
data/dataset/Non_Demented/non_1074.jpg,non_1074.jpg,Non-Demented,NonDemented,128,128,1,700f2286f5de286bad01092a33b49eeeee71297e26ee989833b03fa2e46b3dd7,train
data/dataset/Non_Demented/non_2119.jpg,non_2119.jpg,Non-Demented,NonDemented,128,128,1,8ad699b2fbd30e9257380b3dc43f9cf97fdf52b41addf6f17b93d253837e44ae,train
data/dataset/Non_Demented/non_573.jpg,non_573.jpg,Non-Demented,NonDemented,128,128,1,471b21e911358c612ab89f535827055a1436741bcadf892b505daa9a343c8ecf,train
data/dataset/Non_Demented/non_255.jpg,non_255.jpg,Non-Demented,NonDemented,128,128,1,5092c8b1f72fd03ce28acf19d82852e4fb52400c031a5d2969f59a6a1f046e7d,train
data/dataset/Non_Demented/non_1419.jpg,non_1419.jpg,Non-Demented,NonDemented,128,128,1,4e22e0e47c98c49a846aff9b2c6a75f6532ee00aa2a3ee9ac733a3fb24b116ba,train
data/dataset/Non_Demented/non_132.jpg,non_132.jpg,Non-Demented,NonDemented,128,128,1,2996d96af5c46cf239d6177ef83c5a35db8aa90e20b47900d240d341bb59b925,train
data/dataset/Non_Demented/non_2214.jpg,non_2214.jpg,Non-Demented,NonDemented,128,128,1,15a78d6471220c1d728a4189f0c32bf1ba85cd056e60477fa242f9e36c1b0938,train
data/dataset/Non_Demented/non_562.jpg,non_562.jpg,Non-Demented,NonDemented,128,128,1,65faaeab29c6c7bdc6f2559875bd5c3532db228416a036a6d10351954c2f4e5b,train
data/dataset/Non_Demented/non_2892.jpg,non_2892.jpg,Non-Demented,NonDemented,128,128,1,673d474e8181c742dd2e96be9b1433e75add5adb43adf7a332365b653017ad80,train
data/dataset/Non_Demented/non_237.jpg,non_237.jpg,Non-Demented,NonDemented,128,128,1,940ae98fa2aa79017e74c10447de956f03b13cff1b316a8d6f8a05a686aa9c29,train
data/dataset/Non_Demented/non_2045.jpg,non_2045.jpg,Non-Demented,NonDemented,128,128,1,2c6c294548206aa6b6f316c24217e489b7dce00008626d73a1b6f225688e6ce6,train
data/dataset/Non_Demented/non_1094.jpg,non_1094.jpg,Non-Demented,NonDemented,128,128,1,94ce443ebebb6a5c6fd4be7cfc13c64262989ea9fe3868f46ccf3f810a8b7dc0,train
data/dataset/Non_Demented/non_2569.jpg,non_2569.jpg,Non-Demented,NonDemented,128,128,1,e030ab72c1bf74a867597adc6be194583c98e5e24058ed8f906a3b69ef4b8cd4,train
data/dataset/Non_Demented/non_541.jpg,non_541.jpg,Non-Demented,NonDemented,128,128,1,14c67cea13a758483eb6d14a00bedbdf5441f23a68bbff3ffe36a9b758be0036,train
data/dataset/Non_Demented/non_830.jpg,non_830.jpg,Non-Demented,NonDemented,128,128,1,55a5dd54af82473a2d7b22992a1756b816b17ad9415248069cf99e69074506d4,train
data/dataset/Non_Demented/non_1799.jpg,non_1799.jpg,Non-Demented,NonDemented,128,128,1,6888a6f73195b1f535ceb46b2a7699ba213d116eb88b58a626757af137e640d9,train
data/dataset/Non_Demented/non_974.jpg,non_974.jpg,Non-Demented,NonDemented,128,128,1,66ce31fd6d9b1d717e0c839ed41bdb8c5801cb876bea6c09838cc537ffb6c5d5,train
data/dataset/Non_Demented/non_1919.jpg,non_1919.jpg,Non-Demented,NonDemented,128,128,1,21f48186715306797de9f2bd41db2da872fdf1aeeafabe014365ca20d4d7e950,train
data/dataset/Non_Demented/non_1230.jpg,non_1230.jpg,Non-Demented,NonDemented,128,128,1,af16c1f8b39e2d55d01263d5e05c4a13d315cfdce3c9d5ca1fcd7fb949529879,train
data/dataset/Non_Demented/non_313.jpg,non_313.jpg,Non-Demented,NonDemented,128,128,1,9539d2526a08c01d929dbcd00753b58b9e47385104619e95f72216162871ee70,train
data/dataset/Non_Demented/non_1710.jpg,non_1710.jpg,Non-Demented,NonDemented,128,128,1,3589ab4e42493c0150bed6157aaf16b133d1652df42d7a0fe287541bf2bee721,train
data/dataset/Non_Demented/non_1922.jpg,non_1922.jpg,Non-Demented,NonDemented,128,128,1,b8b33bc9aa40e5a862a243949ae79cb2c40d3a7609721867fb90443ad29899e3,train
data/dataset/Non_Demented/non_1736.jpg,non_1736.jpg,Non-Demented,NonDemented,128,128,1,67fd4e5de81bd500618a93f42d005ee456f8255e826fc702ee1ee7727b1dc149,train
data/dataset/Non_Demented/non_284.jpg,non_284.jpg,Non-Demented,NonDemented,128,128,1,6e22c156072447c31f88e7195fa40184b4a7e41a152ea7f36433b6299cfe0e54,train
data/dataset/Non_Demented/non_793.jpg,non_793.jpg,Non-Demented,NonDemented,128,128,1,1e3ed160cc35a05b63f92fa7cf288ce3639d9008cd56fb3b65ff253f660bb508,train
data/dataset/Non_Demented/non_1744.jpg,non_1744.jpg,Non-Demented,NonDemented,128,128,1,3443e944528e346db358575398dba04b8efd45261da05456234c421a23d7339c,train
data/dataset/Non_Demented/non_2655.jpg,non_2655.jpg,Non-Demented,NonDemented,128,128,1,84fb7f6fe4c0152761a67fb87118c9a405abe3b1e4269cc1f68b69cb0a6dd6a8,train
data/dataset/Non_Demented/non_2036.jpg,non_2036.jpg,Non-Demented,NonDemented,128,128,1,68153a72e0b3984efa3ec78b3e880adab657ee43744e22f368ed5b629c9802f9,train
data/dataset/Non_Demented/non_1857.jpg,non_1857.jpg,Non-Demented,NonDemented,128,128,1,b3ca0ebace1c3b8d3aabf2968726acafb3ab56acb598fea6d37f6a3d53aacd65,train
data/dataset/Non_Demented/non_1481.jpg,non_1481.jpg,Non-Demented,NonDemented,128,128,1,090e3eb4bca20a711d870855ef6ee6a45b570570f0136e8c30b969135f5ad535,train
data/dataset/Non_Demented/non_849.jpg,non_849.jpg,Non-Demented,NonDemented,128,128,1,138c09ab2e989b52c6caf9034628f2fe19c27a35a5fe29a237ac96c8a293a6f1,train
data/dataset/Non_Demented/non_2215.jpg,non_2215.jpg,Non-Demented,NonDemented,128,128,1,29061c307cdaa7fb13d04fdc0b9e613fb2cb893c7514e8f23cf819f34738e077,train
data/dataset/Non_Demented/non_700.jpg,non_700.jpg,Non-Demented,NonDemented,128,128,1,fe369f50bec2ea327d52584f8a138c1972cb2e5d55aa1c8c166e0627a5637285,train
data/dataset/Non_Demented/non_2827.jpg,non_2827.jpg,Non-Demented,NonDemented,128,128,1,13e98f1fb346a9385123b9c541d076784808cffdc84b7325b572639f5f13cfac,train
data/dataset/Non_Demented/non_339.jpg,non_339.jpg,Non-Demented,NonDemented,128,128,1,1b46f22f02c18f016912663dabba00d4a93fcd68d9a0ee74c8f711140aad3124,train
data/dataset/Non_Demented/non_2507.jpg,non_2507.jpg,Non-Demented,NonDemented,128,128,1,755e345d0b1bb0dbe890866141610dab59bfd9cf72c0720bd0cf49711e2a37c4,train
data/dataset/Non_Demented/non_2096.jpg,non_2096.jpg,Non-Demented,NonDemented,128,128,1,f9d976ab608388650d0246d79670ad96e7ee768e9efc1e888d94508530a2b20a,train
data/dataset/Non_Demented/non_2766.jpg,non_2766.jpg,Non-Demented,NonDemented,128,128,1,87ef823b9db17abba9e07be98253fe36965db8ad84daf3bfab3a1b2ac17f7044,train
data/dataset/Non_Demented/non_1789.jpg,non_1789.jpg,Non-Demented,NonDemented,128,128,1,cce330f0912091cb35bfeeee0fec94fb5076ee23fe7de35eae3ac67c5168a1fd,train
data/dataset/Non_Demented/non_1759.jpg,non_1759.jpg,Non-Demented,NonDemented,128,128,1,7019dcf6d8e100377607cb9166f182036133ef5e8358e3fa5bab63c68588f7ef,train
data/dataset/Non_Demented/non_215.jpg,non_215.jpg,Non-Demented,NonDemented,128,128,1,7406146ac4ac47802408b9e71abd75cda615e43f6ea26a9be629d48e3711f322,train
data/dataset/Non_Demented/non_2206.jpg,non_2206.jpg,Non-Demented,NonDemented,128,128,1,628e2d5fcca8b2c45ae3834d93552fa3ecd76163b86462a284c1c51fffdbcc84,train
data/dataset/Non_Demented/non_1164.jpg,non_1164.jpg,Non-Demented,NonDemented,128,128,1,3e4f686213e5e0db30ca3bef34dae786b2c6bda9d5824b2be3dec6863bf4fdcb,train
data/dataset/Non_Demented/non_1039.jpg,non_1039.jpg,Non-Demented,NonDemented,128,128,1,2d5427602563535cc48714170ac8c17b98bd6811dce3ede74f30a9e5bce987c7,train
data/dataset/Non_Demented/non_2360.jpg,non_2360.jpg,Non-Demented,NonDemented,128,128,1,41e8755c7f4024385be07409a70e3ad269af4ca0b1e7178b85393caac8d1e383,train
data/dataset/Non_Demented/non_2738.jpg,non_2738.jpg,Non-Demented,NonDemented,128,128,1,5e69abe088cf5509acfcbab2b77bbe9b93b618f9bee8ee27156eafc3c93f85be,train
data/dataset/Non_Demented/non_670.jpg,non_670.jpg,Non-Demented,NonDemented,128,128,1,3eccf9fe93f6526745bcc319a3bbf40883a930b7ebe5970a69c53ac156a5fb3e,train
data/dataset/Non_Demented/non_2378.jpg,non_2378.jpg,Non-Demented,NonDemented,128,128,1,e8fd3ad0e21226c0cfdb00c922104752238606d87d3170e32b34070cee477d64,train
data/dataset/Non_Demented/non_2406.jpg,non_2406.jpg,Non-Demented,NonDemented,128,128,1,4274ff7ccbc9ef7f0baec55f3a9102c3e5dcc6ce0ed3f015b52adfef62bf2849,train
data/dataset/Non_Demented/non_1810.jpg,non_1810.jpg,Non-Demented,NonDemented,128,128,1,db9e16cec390e51d9a6109e251331b1dfe17b842a49932f3f0af55e4e4268749,train
data/dataset/Non_Demented/non_1205.jpg,non_1205.jpg,Non-Demented,NonDemented,128,128,1,69a4263a8999bdc41013bcbd75b431d7a4bccdf7ff6ca07539f634f0abe9b209,train
data/dataset/Non_Demented/non_211.jpg,non_211.jpg,Non-Demented,NonDemented,128,128,1,4513a6dad8d7f8ba4e0215e6a9f6cddf3f00810d062918865d1f6a713b356c5d,train
data/dataset/Non_Demented/non_2331.jpg,non_2331.jpg,Non-Demented,NonDemented,128,128,1,4f253f85348565256017446f28a20bd9a202ac1d5cd1f6b75d2fe08694aa7b91,train
data/dataset/Non_Demented/non_1570.jpg,non_1570.jpg,Non-Demented,NonDemented,128,128,1,fc343a8fd99fa4ac0c49aa7135618fdc0008317a407eae4b3447a023ff5da1ad,train
data/dataset/Non_Demented/non_1980.jpg,non_1980.jpg,Non-Demented,NonDemented,128,128,1,f6a41c732119028ed3b47da61d72c7ba618e784f6dd6ddd0bbbde4bceb981853,train
data/dataset/Non_Demented/non_3023.jpg,non_3023.jpg,Non-Demented,NonDemented,128,128,1,b811a2a6aca3b089a364658bee645a747df6b77131657ab06f47339f26d6c5b5,train
data/dataset/Non_Demented/non_1606.jpg,non_1606.jpg,Non-Demented,NonDemented,128,128,1,4c93ddcd36c3f630cb1bb92b9f57b8825a58e913a73cabc145967f1745aa4755,train
data/dataset/Non_Demented/non_1505.jpg,non_1505.jpg,Non-Demented,NonDemented,128,128,1,3f7ac9678c2c76f720044ac53a086611e06a2d8fbc97313109eaf9a80c9aaf2e,train
data/dataset/Non_Demented/non_922.jpg,non_922.jpg,Non-Demented,NonDemented,128,128,1,381faeaf4a291d0a6d77b4ef6774c3e26d533a89c5c4fdecd1ec3bea72717a78,train
data/dataset/Non_Demented/non_2661.jpg,non_2661.jpg,Non-Demented,NonDemented,128,128,1,944ab4bb1738995bc1e127ba83d783e557dd7babfade68143f2dd563d7a5f920,train
data/dataset/Non_Demented/non_121.jpg,non_121.jpg,Non-Demented,NonDemented,128,128,1,6b02fbdf1cc7ce9af5ffb499c2020edfd4197bbdd32bd28ddf3893e65dad9127,train
data/dataset/Non_Demented/non_785.jpg,non_785.jpg,Non-Demented,NonDemented,128,128,1,66a3d341c6380907e25ba4dd133d33591801539dcc0efd3545401343fe2b68d5,train
data/dataset/Non_Demented/non_1331.jpg,non_1331.jpg,Non-Demented,NonDemented,128,128,1,fa2cdbe3d1dfd0968a10600c02fa51f389e7087a8167d5b7b85bdda2f2545675,train
data/dataset/Non_Demented/non_3001.jpg,non_3001.jpg,Non-Demented,NonDemented,128,128,1,0101fb5e50bd89114ad1f0e3f911fc99678ed77a9afae5f0d21f658c3dfc9420,train
data/dataset/Non_Demented/non_2265.jpg,non_2265.jpg,Non-Demented,NonDemented,128,128,1,ec2a2a82d74b918ab93351ba2ad7b4d42b2090a9090799e1b02b4b10f99d9915,train
data/dataset/Non_Demented/non_1761.jpg,non_1761.jpg,Non-Demented,NonDemented,128,128,1,cf9cca49bf6908d1c6fd37be0492c166bee02dfae9c6acbb9d5c66e8edc7a201,train
data/dataset/Non_Demented/non_640.jpg,non_640.jpg,Non-Demented,NonDemented,128,128,1,27fbedc2b5d895015b7f1615b30e3263919984c15c61fb286d73384497971a12,train
data/dataset/Non_Demented/non_426.jpg,non_426.jpg,Non-Demented,NonDemented,128,128,1,2f5125e66efdc3bab862ea00dce7335ee9def3ba91225a783634f36267c26811,train
data/dataset/Non_Demented/non_1107.jpg,non_1107.jpg,Non-Demented,NonDemented,128,128,1,6b378e3cb41b99e7e2ac8ea2ca293f450c63be4eb93a068b7489ee5431d70ad6,train
data/dataset/Non_Demented/non_463.jpg,non_463.jpg,Non-Demented,NonDemented,128,128,1,c5fbcdb68e8fd86913294f850ef8817d7b19bc9262e4c8ff02b0ccb226fb7579,train
data/dataset/Non_Demented/non_2498.jpg,non_2498.jpg,Non-Demented,NonDemented,128,128,1,00c7863a29859642958f3abb6f77d8d24c778b83283b7a8774699fbdcd23000a,train
data/dataset/Non_Demented/non_2151.jpg,non_2151.jpg,Non-Demented,NonDemented,128,128,1,a0439461389276af230e92080070df336fae9adfe01abf8d8a118a7e5434d023,train
data/dataset/Non_Demented/non_2696.jpg,non_2696.jpg,Non-Demented,NonDemented,128,128,1,e3af2029ac2adf290ed14286cb63e1a63a51b6e4a01ec8bf87dccea153d98837,train
data/dataset/Non_Demented/non_3116.jpg,non_3116.jpg,Non-Demented,NonDemented,128,128,1,0a34f61aabf5bc6cabb50e852afbab2599cf3a52b99304a9b9879b6395d184a4,train
data/dataset/Non_Demented/non_1043.jpg,non_1043.jpg,Non-Demented,NonDemented,128,128,1,cde7b0d32e0131723536363efdf94625f1ff5db86f4b3585ce7b7bc8d73f04b0,train
data/dataset/Non_Demented/non_1574.jpg,non_1574.jpg,Non-Demented,NonDemented,128,128,1,e9790bac7a86fb7574a71d292f7ab41cd7cc79ea685eb47530d64dcd858adba7,train
data/dataset/Non_Demented/non_2363.jpg,non_2363.jpg,Non-Demented,NonDemented,128,128,1,a4ab0725680a02be566af3fa6ac1fe4e317ce7ec7d75ad339362c079212479f1,train
data/dataset/Non_Demented/non_1855.jpg,non_1855.jpg,Non-Demented,NonDemented,128,128,1,6a19f898b92570732a68ede4e01a252a08644a21ec6bd967771e46a6bb4b551f,train
data/dataset/Non_Demented/non_1383.jpg,non_1383.jpg,Non-Demented,NonDemented,128,128,1,1afeeedbe397229466ec252a559d2dbd3b9e8f400c275ebb042650d2c499381e,train
data/dataset/Non_Demented/non_23.jpg,non_23.jpg,Non-Demented,NonDemented,128,128,1,aa4d9aa6bbd3dd6398acdc60df27b98ef45325acbef09410fe9497a4121bf996,train
data/dataset/Non_Demented/non_1215.jpg,non_1215.jpg,Non-Demented,NonDemented,128,128,1,9e04a53d1eb9fb8db105b00337b822375ef464681adf8a1ff626721a6d2e91dc,train
data/dataset/Non_Demented/non_563.jpg,non_563.jpg,Non-Demented,NonDemented,128,128,1,796d436498af81db0d1d3a8dbff506e936b3ededcf6c0de60279d72ff16464ed,train
data/dataset/Non_Demented/non_2384.jpg,non_2384.jpg,Non-Demented,NonDemented,128,128,1,5b24c1debd3618b66dd155b08999af0c97298f55c2afedbe512fb8e695977a8d,train
data/dataset/Non_Demented/non_2483.jpg,non_2483.jpg,Non-Demented,NonDemented,128,128,1,6c5f16b2236934d038fbcda3cb96e42b1227e3d5d5157e3261eefc10cede7820,train
data/dataset/Non_Demented/non_1989.jpg,non_1989.jpg,Non-Demented,NonDemented,128,128,1,ef2470cf901f0e7e52f0e53312b1fac428ba0c7e76bb934e9d2449187e1e7e00,train
data/dataset/Non_Demented/non_1944.jpg,non_1944.jpg,Non-Demented,NonDemented,128,128,1,11098e23b8ba6016b5d5ac60d4ecf71476200b80bd5bfd52002628c706c2f6d7,train
data/dataset/Non_Demented/non_2123.jpg,non_2123.jpg,Non-Demented,NonDemented,128,128,1,9425d9642ab8edcd0bdbb323c0e4872f5f2714bf3ca551c23f5f8ef80d59f8cf,train
data/dataset/Non_Demented/non_1719.jpg,non_1719.jpg,Non-Demented,NonDemented,128,128,1,4a279e4e788cab3b32b60c26a267fa1676de420133c3757fd1f49366e22e4c88,train
data/dataset/Non_Demented/non_2222.jpg,non_2222.jpg,Non-Demented,NonDemented,128,128,1,9bb0b617ed1ade0a6cd42aac4d869378bf91816778d4adfa68af602f5a69ecab,train
data/dataset/Non_Demented/non_3011.jpg,non_3011.jpg,Non-Demented,NonDemented,128,128,1,1d3747faaf66a9957fc4c000a67811ec9be2845f670dea3c5fe432ef68e2d213,train
data/dataset/Non_Demented/non_613.jpg,non_613.jpg,Non-Demented,NonDemented,128,128,1,04d7249aab4db1b201f21479ab2a40cd6ceeecce9c513039bf7a104c8d5dfcac,train
data/dataset/Non_Demented/non_1633.jpg,non_1633.jpg,Non-Demented,NonDemented,128,128,1,0ef8130c271c7c66910a53a3e09bc353bd39726a13a00261bd290e4f352b166b,train
data/dataset/Non_Demented/non_22.jpg,non_22.jpg,Non-Demented,NonDemented,128,128,1,e62c8cf5ae7f5a751aa7814b3a44570c80fb820d810922452229becb566f90b9,train
data/dataset/Non_Demented/non_733.jpg,non_733.jpg,Non-Demented,NonDemented,128,128,1,f4f353b8eeb60b6ec9eeea2fbd202cd72cd407245f30601dd33129f1b62c5411,train
data/dataset/Non_Demented/non_2232.jpg,non_2232.jpg,Non-Demented,NonDemented,128,128,1,13e36b971c61facb2da93caff4be7871b06f32081db927fad8ad8724b4c16733,train
data/dataset/Non_Demented/non_2623.jpg,non_2623.jpg,Non-Demented,NonDemented,128,128,1,d04fd33b98ea85fcf02cfcdc209558d96964cfd96ea64b8527a4d80db132a86e,train
data/dataset/Non_Demented/non_2125.jpg,non_2125.jpg,Non-Demented,NonDemented,128,128,1,feb22e47a97f128485f9d449ae98ed9872b854fa2a7c3015c0e9cbcb436c50e2,train
data/dataset/Non_Demented/non_144.jpg,non_144.jpg,Non-Demented,NonDemented,128,128,1,2fcfefccf721e90439d15f7235eb628637fdb87c80e8918f106ddeacd9baba3c,train
data/dataset/Non_Demented/non_1639.jpg,non_1639.jpg,Non-Demented,NonDemented,128,128,1,b85411b129ee8c0ea56de2cb6044ed13188e585f19c9cc842bdb18fa39cd9e4c,train
data/dataset/Non_Demented/non_917.jpg,non_917.jpg,Non-Demented,NonDemented,128,128,1,ee431b55083d7fdac9c269f005bf439dad0bfd17e568b74ddc199795504d3c2f,train
data/dataset/Non_Demented/non_2785.jpg,non_2785.jpg,Non-Demented,NonDemented,128,128,1,d16bc22aeced403cf6a79e3f63339199d724da48e6d2d0622eafc454501f58b2,train
data/dataset/Non_Demented/non_2094.jpg,non_2094.jpg,Non-Demented,NonDemented,128,128,1,ae90ff8f29b9cb154f43d671a2e45d91d190b64800ab1328c6f7b8d9d8817a91,train
data/dataset/Non_Demented/non_2591.jpg,non_2591.jpg,Non-Demented,NonDemented,128,128,1,cc3aaee562fecf71fd1a4ef0fcf3f1a83477ca55d5c494123b72459e3878c2cb,train
data/dataset/Non_Demented/non_2180.jpg,non_2180.jpg,Non-Demented,NonDemented,128,128,1,80fc1cceb5ec944a38ad50911413a5e39353ccfdf14244a1cd861af643f782cb,train
data/dataset/Non_Demented/non_1045.jpg,non_1045.jpg,Non-Demented,NonDemented,128,128,1,a4339f97ff220431decbcdf8b13b7036826389b5a05e471f87bb78579b4db897,train
data/dataset/Non_Demented/non_2103.jpg,non_2103.jpg,Non-Demented,NonDemented,128,128,1,bc4fca14f3a413ea19bff42941791add114bb31e8aa974fc24f00bd94d7704be,train
data/dataset/Non_Demented/non_508.jpg,non_508.jpg,Non-Demented,NonDemented,128,128,1,324cd99b1f7d53ecf8be1142fec9e8fe81ca37da33852abef069dc6a4d882419,train
data/dataset/Non_Demented/non_2254.jpg,non_2254.jpg,Non-Demented,NonDemented,128,128,1,164e01e6564e3d5e709d327c13c48552616367298c2c1e8fd121cef2472b7c9d,train
data/dataset/Non_Demented/non_281.jpg,non_281.jpg,Non-Demented,NonDemented,128,128,1,e56c1a51eb380c8c788984256e7f4903f100fbfd29f907683a702f01a9ddfb23,train
data/dataset/Non_Demented/non_1082.jpg,non_1082.jpg,Non-Demented,NonDemented,128,128,1,65248eadaccb441fe47938ce3f0f65f8ab295ed560e49cffb1316ece18b713b3,train
data/dataset/Non_Demented/non_381.jpg,non_381.jpg,Non-Demented,NonDemented,128,128,1,fa2bd5355a8c4016105cb089bf6ed3324d78121b094c2975e94b0127bee9f431,train
data/dataset/Non_Demented/non_331.jpg,non_331.jpg,Non-Demented,NonDemented,128,128,1,28aa347e78cbfd0573fe67270bf618f149bee2478c33edc1fc52cf78f044eed8,train
data/dataset/Non_Demented/non_687.jpg,non_687.jpg,Non-Demented,NonDemented,128,128,1,badecfff8728a4d7af6b408bd7bb44ffdcceb55cb3105d2027ecee0a7a081e41,train
data/dataset/Non_Demented/non_125.jpg,non_125.jpg,Non-Demented,NonDemented,128,128,1,3a3d4a58b48344839e4b8d54ae82ab2ec36c3a24b9f07e3bf41932615927391e,train
data/dataset/Non_Demented/non_828.jpg,non_828.jpg,Non-Demented,NonDemented,128,128,1,2ca183b11ee19710ba3839a58f53dc1a0533c21cc5c4364f3c95c36402385662,train
data/dataset/Non_Demented/non_2445.jpg,non_2445.jpg,Non-Demented,NonDemented,128,128,1,72a86ff4925468da73cbb94f445166f72dbb053cc48f52df595e56c13fb90eb5,train
data/dataset/Non_Demented/non_880.jpg,non_880.jpg,Non-Demented,NonDemented,128,128,1,b82365fd12d2333bea6d815aed4cc467b3ee4642ea1f872cb49c2ce4f7c44ce0,train
data/dataset/Non_Demented/non_1871.jpg,non_1871.jpg,Non-Demented,NonDemented,128,128,1,2ffeadc6da0c2ea454fd2ea38cae80e334eae54f1e8134da7410e9bb5dc2dd14,train
data/dataset/Non_Demented/non_665.jpg,non_665.jpg,Non-Demented,NonDemented,128,128,1,1359977a0398f00b9978d721e27a3e9ade3626db472d741c4801f6933eabc4e3,train
data/dataset/Non_Demented/non_1429.jpg,non_1429.jpg,Non-Demented,NonDemented,128,128,1,778737c52cc85b6730c07e43c5a6eb9d2298817c09e658f1fe4ca418f9e4618a,train
data/dataset/Non_Demented/non_1035.jpg,non_1035.jpg,Non-Demented,NonDemented,128,128,1,9c37019c149f6925ebffd27e2da956b84a530270f9e8879bd3a6d242e5195af5,train
data/dataset/Non_Demented/non_1609.jpg,non_1609.jpg,Non-Demented,NonDemented,128,128,1,500b3fa67d4d1fe7fb87bb981e43365128f85e28b0ebb2c79d9359bb680484fc,train
data/dataset/Non_Demented/non_1136.jpg,non_1136.jpg,Non-Demented,NonDemented,128,128,1,f9d05f8ff64800f98189f3bf59cd73f58b983d7da9825468c921c1195b6e151f,train
data/dataset/Non_Demented/non_2237.jpg,non_2237.jpg,Non-Demented,NonDemented,128,128,1,d9c43fb3d9a0e397f6ed58dc4c2c6f81fa120bc3188f84522e6f1467786898f2,train
data/dataset/Non_Demented/non_1326.jpg,non_1326.jpg,Non-Demented,NonDemented,128,128,1,eaf06c52e68dbb3187dcad46d90107b22e4f862bf0cc0fcd0598b7887aff47fb,train
data/dataset/Non_Demented/non_898.jpg,non_898.jpg,Non-Demented,NonDemented,128,128,1,f5d8590f1717989c57a1d7931179de446a5c89bb0949dfdf5b1aa32368ff26dd,train
data/dataset/Non_Demented/non_324.jpg,non_324.jpg,Non-Demented,NonDemented,128,128,1,676b94099ded58226391e845ae44ce0f658d00afd8c8b8be60f6c6c20dccde59,train
data/dataset/Non_Demented/non_1655.jpg,non_1655.jpg,Non-Demented,NonDemented,128,128,1,c78eedf26299143e7a771f9664dd64a3f654856bbbfc8036aba8e433da2fb67b,train
data/dataset/Non_Demented/non_1096.jpg,non_1096.jpg,Non-Demented,NonDemented,128,128,1,d47c8b27757963e29032c4ca8b54a18e74092a779084899b8fedfdff445bfaed,train
data/dataset/Non_Demented/non_1882.jpg,non_1882.jpg,Non-Demented,NonDemented,128,128,1,c7f21f8c5a47581339aa6d032fd37a1c6e858bb7e6a271ee9567f8e59871817d,train
data/dataset/Non_Demented/non_1566.jpg,non_1566.jpg,Non-Demented,NonDemented,128,128,1,935cacd0fa8e3581116e2426161cdb87e354d4d4cba925736915143477c3aaf2,train
data/dataset/Non_Demented/non_877.jpg,non_877.jpg,Non-Demented,NonDemented,128,128,1,8ba13c7eeb77723e9c71171493c78f368a3ba18c35c9d0300d8b54ef06b7fd00,train
data/dataset/Non_Demented/non_2725.jpg,non_2725.jpg,Non-Demented,NonDemented,128,128,1,cd0ac5095ad8853b12664875a2b8fec6568b6ad93986eb8c0b0030fd8742ed6d,train
data/dataset/Non_Demented/non_1991.jpg,non_1991.jpg,Non-Demented,NonDemented,128,128,1,57ccb2a9a30305e80af3ba17eec154d12d7ec2caf94a2e535aa6638c6e5a15c9,train
data/dataset/Non_Demented/non_1914.jpg,non_1914.jpg,Non-Demented,NonDemented,128,128,1,47cad5f1578bc1a84ca43f42bc3da086f512e20a82a41c1d3bbd9721889f62a9,train
data/dataset/Non_Demented/non_1951.jpg,non_1951.jpg,Non-Demented,NonDemented,128,128,1,fd8e983a02d9b43cd8a8508baf1035ef7a8390c27f9ebb44ca0dbb7428a89f4e,train
data/dataset/Non_Demented/non_533.jpg,non_533.jpg,Non-Demented,NonDemented,128,128,1,f4580499ab4259892d01cb87983371e8031bad912c7121e161762918e7daa662,train
data/dataset/Non_Demented/non_1182.jpg,non_1182.jpg,Non-Demented,NonDemented,128,128,1,b42c6dc36ff2fc3494633651082a064b6bb7e346163c0762c7e4e9303367d0ac,train
data/dataset/Non_Demented/non_2985.jpg,non_2985.jpg,Non-Demented,NonDemented,128,128,1,01c039a828be2cc6747ca60e65b5acaf79d7ec2044ea29ff4757a4eae0ee422f,train
data/dataset/Non_Demented/non_2221.jpg,non_2221.jpg,Non-Demented,NonDemented,128,128,1,e9a2f0fda36beea1934aa0217f7094b453d5dab54caf43e4095c3f2ec81ea09b,train
data/dataset/Non_Demented/non_2610.jpg,non_2610.jpg,Non-Demented,NonDemented,128,128,1,ace6b0d831476a38cabd91c81408684b474d5ba61a34ef97ba89534bf4f487ed,train
data/dataset/Non_Demented/non_1649.jpg,non_1649.jpg,Non-Demented,NonDemented,128,128,1,0b997d7ec361484db8ca6e10d05e7e688d3d4d182e412042fe9d58062696166b,train
data/dataset/Non_Demented/non_3051.jpg,non_3051.jpg,Non-Demented,NonDemented,128,128,1,250347a8f0f99e335dc58211b8e1b3b9c0cdf83028b457a18d7d8f105648b1f5,train
data/dataset/Non_Demented/non_1105.jpg,non_1105.jpg,Non-Demented,NonDemented,128,128,1,856062acc0e754f5367f1f881ddc8932288da35ecc17c01cb88c740d3016c1fe,train
data/dataset/Non_Demented/non_3077.jpg,non_3077.jpg,Non-Demented,NonDemented,128,128,1,e1951164fb728eefa9f1356bb9c971e39c1fc2fad38bc6fa441ef7d502489682,train
data/dataset/Non_Demented/non_2941.jpg,non_2941.jpg,Non-Demented,NonDemented,128,128,1,73aecabd26b02df49ed4ed1feb7fd162017a937e0e27b3f0aff4859580d3288f,train
data/dataset/Non_Demented/non_946.jpg,non_946.jpg,Non-Demented,NonDemented,128,128,1,8a6414fea74fa980f1c569e8338993e1fc1b9619818afbe36624b265970b6b46,train
data/dataset/Non_Demented/non_1527.jpg,non_1527.jpg,Non-Demented,NonDemented,128,128,1,3c951add8e59dab07d77bdb5aaa0be1fae38cc43ad128bbbf0fdea0e3762557e,train
data/dataset/Non_Demented/non_1793.jpg,non_1793.jpg,Non-Demented,NonDemented,128,128,1,9e815e33d3ac46704b030147c9a05cfadde527c723fce666432c4f7e66e9c68f,train
data/dataset/Non_Demented/non_2952.jpg,non_2952.jpg,Non-Demented,NonDemented,128,128,1,621f90326286f7f79b52d012dee3fced589e17ecd02c62544259b711e80f2911,train
data/dataset/Non_Demented/non_1601.jpg,non_1601.jpg,Non-Demented,NonDemented,128,128,1,a9770fc4c64956164a22582f76ac334efcb62cb138df96a4940c71c61c006c1c,train
data/dataset/Non_Demented/non_1535.jpg,non_1535.jpg,Non-Demented,NonDemented,128,128,1,06e8cebf50bb373aef418c3d6f06deecfded3a436409df4e1813dcc5dde526b6,train
data/dataset/Non_Demented/non_1627.jpg,non_1627.jpg,Non-Demented,NonDemented,128,128,1,a95bac85f4c714d7d5a1edc010bd83e811388d1f3982ddff778bb9eeb6df63d9,train
data/dataset/Non_Demented/non_3138.jpg,non_3138.jpg,Non-Demented,NonDemented,128,128,1,3564b64e428eac7872191f2646f519ecab2849d32863a0f9730c1fc4ecfd7643,train
data/dataset/Non_Demented/non_30.jpg,non_30.jpg,Non-Demented,NonDemented,128,128,1,f3c89f3f94fac7547e4d5e9e99ec837900408c0f97fa2937cc2ead1ffaa6f235,train
data/dataset/Non_Demented/non_2201.jpg,non_2201.jpg,Non-Demented,NonDemented,128,128,1,e6ab925d94cb0689a9ff9117442051e0a763080559c8e91a096eb54851d70a3d,train
data/dataset/Non_Demented/non_2458.jpg,non_2458.jpg,Non-Demented,NonDemented,128,128,1,79538900b13627e1ac5d2e4b58203192541893a1018442c94b8dea8cf0083620,train
data/dataset/Non_Demented/non_2283.jpg,non_2283.jpg,Non-Demented,NonDemented,128,128,1,645eb7ac3673be7772f342ccbca36657b44019573161e4d1d7da4b81e6f91ec9,train
data/dataset/Non_Demented/non_145.jpg,non_145.jpg,Non-Demented,NonDemented,128,128,1,84779406f4ef1feeba39f7b4b4c960c94a49f930a57687be32804bc6c241fc5a,train
data/dataset/Non_Demented/non_2047.jpg,non_2047.jpg,Non-Demented,NonDemented,128,128,1,d72e3332fc42ba0d5cb98c5486fe6a762f470cd4421d7b205f2ef0ccd526c13d,train
data/dataset/Non_Demented/non_1911.jpg,non_1911.jpg,Non-Demented,NonDemented,128,128,1,b72f146e573962e4465e1eb4cb6c05046064f3bb4e7f3e9af9c9a65f9868d084,train
data/dataset/Non_Demented/non_1532.jpg,non_1532.jpg,Non-Demented,NonDemented,128,128,1,da15110cbd0746a993ae07af6aa14d4c1c2b880d233ec893b46437e55fdfe033,train
data/dataset/Non_Demented/non_923.jpg,non_923.jpg,Non-Demented,NonDemented,128,128,1,2ee8ac2e5f764beb8a22bb18c6eb9708d0bb7eda1056257457d87eb85baaf97f,train
data/dataset/Non_Demented/non_225.jpg,non_225.jpg,Non-Demented,NonDemented,128,128,1,32111abce3d6c5f3446055b18406df765bf21f0be3486ab26df6cdc2d520293a,train
data/dataset/Non_Demented/non_1856.jpg,non_1856.jpg,Non-Demented,NonDemented,128,128,1,345a5140c17785b7a079b39562ae00f0ab9a4528c11b43e4f6cbb1a43e52ef2b,train
data/dataset/Non_Demented/non_650.jpg,non_650.jpg,Non-Demented,NonDemented,128,128,1,b49bd506726a9f5ad54d1466636196c748568ab09dc65a69120137fd71f029a0,train
data/dataset/Non_Demented/non_2370.jpg,non_2370.jpg,Non-Demented,NonDemented,128,128,1,9eb428c3972026ca82a87a9904e9a28284cc99165fc0bbf73d857909185fbea3,train
data/dataset/Non_Demented/non_1305.jpg,non_1305.jpg,Non-Demented,NonDemented,128,128,1,fd770965d8d4814fc65344c36f54886425334294f46781812f58bd2060a92b03,train
data/dataset/Non_Demented/non_2064.jpg,non_2064.jpg,Non-Demented,NonDemented,128,128,1,e11a0ff8a045ad8ac59f61d4915c7cc798cae44a5aee98fe801ec17be626c50f,train
data/dataset/Non_Demented/non_867.jpg,non_867.jpg,Non-Demented,NonDemented,128,128,1,36e6852dfdea654fc53ca0392ca520208056f7aa72ca9991be60c1da75670739,train
data/dataset/Non_Demented/non_1353.jpg,non_1353.jpg,Non-Demented,NonDemented,128,128,1,bde7a71dcaf962d5b4d89d7a743c6c6b829af57ceb937fa3057adb11b0a7ff63,train
data/dataset/Non_Demented/non_656.jpg,non_656.jpg,Non-Demented,NonDemented,128,128,1,557cddab5561a9c24c1e1e21c63ae80c58ac94baaec023f367d4d33680815357,train
data/dataset/Non_Demented/non_2396.jpg,non_2396.jpg,Non-Demented,NonDemented,128,128,1,a9ee07bbebd8cef03aa33efd67cca1c1ddbaa3a02be803f1927898ede79ffaae,train
data/dataset/Non_Demented/non_693.jpg,non_693.jpg,Non-Demented,NonDemented,128,128,1,0b7ba0a5e0450e0c3be7dc1c1dba65d966e980ea929791bffe309bb28c9d0834,train
data/dataset/Non_Demented/non_111.jpg,non_111.jpg,Non-Demented,NonDemented,128,128,1,8a220cc0ac8f562d8aee987b5d904a63779b703b168b060de49d1ccfb23cd967,train
data/dataset/Non_Demented/non_3168.jpg,non_3168.jpg,Non-Demented,NonDemented,128,128,1,b49178ce1ddf16ad8883acd730ec94545942476ace479243c114b09aca0e6380,train
data/dataset/Non_Demented/non_506.jpg,non_506.jpg,Non-Demented,NonDemented,128,128,1,5e66abdbd2f7d8b176fa63322dbababab04b8fabaced9a78aceaad56cb2f8485,train
data/dataset/Non_Demented/non_349.jpg,non_349.jpg,Non-Demented,NonDemented,128,128,1,9953245c0732bb1bdc247c4002c09d0cbec2774777f926bf870619ac783d7947,train
data/dataset/Non_Demented/non_3069.jpg,non_3069.jpg,Non-Demented,NonDemented,128,128,1,752c233b058864833e4f67e795829be29409f021c9b9ff5b65b6d7a98abc04b3,train
data/dataset/Non_Demented/non_3131.jpg,non_3131.jpg,Non-Demented,NonDemented,128,128,1,4f60bdd88d60dbbbd46d843569e448b037a374e6c18f09fd2c1dac39afdb1a52,train
data/dataset/Non_Demented/non_1207.jpg,non_1207.jpg,Non-Demented,NonDemented,128,128,1,10754443eaf085fc24bce212f9e557bdf59830a3be2fb948bd0f848565d03f6d,train
data/dataset/Non_Demented/non_117.jpg,non_117.jpg,Non-Demented,NonDemented,128,128,1,bdc1ce9f654400ea3d69884f59ada3a8d914b4a517e37d786c2525ee3fcf5701,train
data/dataset/Non_Demented/non_1724.jpg,non_1724.jpg,Non-Demented,NonDemented,128,128,1,6ccf4f43c36e746c0e3627a359272bf16cb381901b901afc287dd4ee0e181100,train
data/dataset/Non_Demented/non_3093.jpg,non_3093.jpg,Non-Demented,NonDemented,128,128,1,955406e6e12f527c3b6d204c51649d376a4b7730a988f3e87eac6232fa494eaf,train
data/dataset/Non_Demented/non_431.jpg,non_431.jpg,Non-Demented,NonDemented,128,128,1,1f4afcca0a1d235c0bb9ea41c66f12570ceeb78998eb9d7f3de7ad062f57fbdc,train
data/dataset/Non_Demented/non_46.jpg,non_46.jpg,Non-Demented,NonDemented,128,128,1,e197df6499bede9a0672847d7049f44b8f368d52ccb484a2900cfec2c3141fdc,train
data/dataset/Non_Demented/non_1075.jpg,non_1075.jpg,Non-Demented,NonDemented,128,128,1,06899c7da82bceaea5930a869a084826a4d5a06514b783ad0f886e349d6a9f2f,train
data/dataset/Non_Demented/non_1137.jpg,non_1137.jpg,Non-Demented,NonDemented,128,128,1,1d4328378f8683691fb0476a09b7f53375a870316fda1836991de6e944241cd5,train
data/dataset/Non_Demented/non_1983.jpg,non_1983.jpg,Non-Demented,NonDemented,128,128,1,2ba55d463010647f0f63067d7dc3864a89756f56d0a67fa891314a84c9ea8625,train
data/dataset/Non_Demented/non_1461.jpg,non_1461.jpg,Non-Demented,NonDemented,128,128,1,5d397bc05921ca5f2c6c0fc662a770d05dd8dfcbefbb20d8b9a296e27ec4bea0,train
data/dataset/Non_Demented/non_564.jpg,non_564.jpg,Non-Demented,NonDemented,128,128,1,ba9ef9d8a6c6f21a37425be4fc2175bc947e3622c1f38c2e98470bd64e387fd9,train
data/dataset/Non_Demented/non_3054.jpg,non_3054.jpg,Non-Demented,NonDemented,128,128,1,8643d8c7cb758ab98f1aae78762f0f6c3bd2b8c490579cec70e4f0a48b1e8dac,train
data/dataset/Non_Demented/non_1507.jpg,non_1507.jpg,Non-Demented,NonDemented,128,128,1,4da104384a8d6d7cf6a8fff2c6369854e8fc9039cb32c97340dfc2e0ecd606cf,train
data/dataset/Non_Demented/non_2651.jpg,non_2651.jpg,Non-Demented,NonDemented,128,128,1,1479ca83fba00d803f30f609911f0778db61ff2a570ce332ffc40a5666502bcb,train
data/dataset/Non_Demented/non_369.jpg,non_369.jpg,Non-Demented,NonDemented,128,128,1,61d1783833fa5833933787da040e020c1f0b05eee176957c4fe3c0bf9c849585,train
data/dataset/Non_Demented/non_139.jpg,non_139.jpg,Non-Demented,NonDemented,128,128,1,a1b1e2fed6f8edcea5172ffe7b51b1683470a9c46d0399b7caeb87f80b6cc41a,train
data/dataset/Non_Demented/non_2935.jpg,non_2935.jpg,Non-Demented,NonDemented,128,128,1,f2b7b12279dde8020ade76a348e2d7b81d2bc4ff22f076cfc257266053e157b5,train
data/dataset/Non_Demented/non_3189.jpg,non_3189.jpg,Non-Demented,NonDemented,128,128,1,cdf1e97f5d6f13922a00b5b35154e73a8e87f5ee159a73564e4262503e38fe56,train
data/dataset/Non_Demented/non_48.jpg,non_48.jpg,Non-Demented,NonDemented,128,128,1,3247ec278a751c03f202cb625d651767860426dfb0c0325d24ab8ca07ca6aa86,train
data/dataset/Non_Demented/non_544.jpg,non_544.jpg,Non-Demented,NonDemented,128,128,1,1c389d12ff3183d193a62cc72a2d1593457ff0da939e7b9f0d1e1591f1c89965,train
data/dataset/Non_Demented/non_836.jpg,non_836.jpg,Non-Demented,NonDemented,128,128,1,04c17a5cd29f1cd728d81cbaaf4371584e12413386525b1205f7e3a68b4b243c,train
data/dataset/Non_Demented/non_333.jpg,non_333.jpg,Non-Demented,NonDemented,128,128,1,f40880d6f39e5488c996020e51631a44063e38204b47b5f637e21b1c9dac986f,train
data/dataset/Non_Demented/non_2377.jpg,non_2377.jpg,Non-Demented,NonDemented,128,128,1,c293506df3802bb9b8cc9c06ebd914c2deb8e9764a4d08c4f6eb33c1a6eca24c,train
data/dataset/Non_Demented/non_1747.jpg,non_1747.jpg,Non-Demented,NonDemented,128,128,1,f158625785489aaf6797e265cf2054fc9430fd9a91e094278c527fa2ef423d67,train
data/dataset/Non_Demented/non_212.jpg,non_212.jpg,Non-Demented,NonDemented,128,128,1,78a00ef47d18d149d8d8c9aea73e58a82b160589653642ce959576b11fb3ac88,train
data/dataset/Non_Demented/non_106.jpg,non_106.jpg,Non-Demented,NonDemented,128,128,1,7ec7966b02fac5b1e1e8f0b7213d1a3df249e49a6d7b0417ae3bf095e12825b9,train
data/dataset/Non_Demented/non_380.jpg,non_380.jpg,Non-Demented,NonDemented,128,128,1,7389b72dc577f2b34189d65e643dddfd200decc5bdbb7cc162786e3469088c41,train
data/dataset/Non_Demented/non_2632.jpg,non_2632.jpg,Non-Demented,NonDemented,128,128,1,041ce18ee37e95d42137f7d1aa46c80addcdb02d5c39583a9a8289cd195a88c1,train
data/dataset/Non_Demented/non_900.jpg,non_900.jpg,Non-Demented,NonDemented,128,128,1,1eea0a9c5d7978e8382d35da884d42cb37ba684134f194641040d4c526c89500,train
data/dataset/Non_Demented/non_2547.jpg,non_2547.jpg,Non-Demented,NonDemented,128,128,1,ee26260f8274d61895e48a86a4801bf1429b988c9f0fee57a3841e88fe67f0bb,train
data/dataset/Non_Demented/non_2264.jpg,non_2264.jpg,Non-Demented,NonDemented,128,128,1,339ac52aa93bb7770608584e2d0d8a718887cf2604c486927ab5ee8222ec544b,train
data/dataset/Non_Demented/non_2453.jpg,non_2453.jpg,Non-Demented,NonDemented,128,128,1,34a88cce5d1f61145f0c03160d0b375ce5eb0b5af79efee91b190b1c2d9ed261,train
data/dataset/Non_Demented/non_2187.jpg,non_2187.jpg,Non-Demented,NonDemented,128,128,1,dd75f3acf4d6908314e2d6ca4a87c35ff1c79c86917c06c96044b2ad13d0b976,train
data/dataset/Non_Demented/non_2174.jpg,non_2174.jpg,Non-Demented,NonDemented,128,128,1,60ce0f8ee1197ed13a96b70d24b4d7e2849e074ba5aa3d48166a44be7f3d4235,train
data/dataset/Non_Demented/non_2940.jpg,non_2940.jpg,Non-Demented,NonDemented,128,128,1,99abea4982c126ed3bdf8704eb9ef18f6528bab5b86696a571b0972409ef11bf,train
data/dataset/Non_Demented/non_1459.jpg,non_1459.jpg,Non-Demented,NonDemented,128,128,1,35af4d7dda2b9a5ef620cf5f8815241a29816b8f26c061981decd893c1c1a2da,train
data/dataset/Non_Demented/non_517.jpg,non_517.jpg,Non-Demented,NonDemented,128,128,1,2a93374889e47ead9869ac01e29a6acf5244d5661e9aaf5f058750fc9dd461c1,train
data/dataset/Non_Demented/non_2501.jpg,non_2501.jpg,Non-Demented,NonDemented,128,128,1,3d3888a4c66001d1b4214bae1b6d15a0ecb82504f4b737f5d7e3fac073a5c167,train
data/dataset/Non_Demented/non_1996.jpg,non_1996.jpg,Non-Demented,NonDemented,128,128,1,b42849042948bda3b77a44cc960a087b25972030b6f99fea4d0ea296a9c5525b,train
data/dataset/Non_Demented/non_2239.jpg,non_2239.jpg,Non-Demented,NonDemented,128,128,1,1f175d4ed571b5657d8263928f9ed8e88623e2ed3f4b805fe25a5dd61323663d,train
data/dataset/Non_Demented/non_2051.jpg,non_2051.jpg,Non-Demented,NonDemented,128,128,1,370db2411eb150851eb706847744b768a54b7533440a136231649aaf5cac2a3f,train
data/dataset/Non_Demented/non_2572.jpg,non_2572.jpg,Non-Demented,NonDemented,128,128,1,ed14615ddd50ff2ae404c2cb75034b5a3dca42ba5ff75897e187bc1dc475f079,train
data/dataset/Non_Demented/non_2255.jpg,non_2255.jpg,Non-Demented,NonDemented,128,128,1,bf2679368e2fb4901cb6c654997667ed60785ce5086c2341cfda88d3d9429661,train
data/dataset/Non_Demented/non_3194.jpg,non_3194.jpg,Non-Demented,NonDemented,128,128,1,98ddaca5ed0cc32b8a56c25f8b940b29dce095de8f247c5bf7e2744f0651957c,train
data/dataset/Non_Demented/non_1360.jpg,non_1360.jpg,Non-Demented,NonDemented,128,128,1,1bfd60028005464d6bd63a30788f8d6cff0c481857ac476db367c41c13141421,train
data/dataset/Non_Demented/non_2767.jpg,non_2767.jpg,Non-Demented,NonDemented,128,128,1,e81135455a229351377fbf42687310d054890dbd7b40cf42e063356f0371551b,train
data/dataset/Non_Demented/non_904.jpg,non_904.jpg,Non-Demented,NonDemented,128,128,1,0f0c4f36c215e4a3884631ab95517bd57aa7012af5c868b3c038b95535301132,train
data/dataset/Non_Demented/non_1573.jpg,non_1573.jpg,Non-Demented,NonDemented,128,128,1,e9e614af05273d2672816d3457cab1e5c6ad758b282744db16ed09a372a48f4d,train
data/dataset/Non_Demented/non_2510.jpg,non_2510.jpg,Non-Demented,NonDemented,128,128,1,17b4637413747a317646aea2f1eab705e81490b873f95c5de627294fc728fa63,train
data/dataset/Non_Demented/non_1216.jpg,non_1216.jpg,Non-Demented,NonDemented,128,128,1,9e74a063c55dfc4612b7615c15333c7e4fada7ff02f7d67487526623065f0cdf,train
data/dataset/Non_Demented/non_2389.jpg,non_2389.jpg,Non-Demented,NonDemented,128,128,1,b5a857a2b7a66afce71cca9850c907457cbbb6d7efc083c8fa0f86e3978e39dd,train
data/dataset/Non_Demented/non_988.jpg,non_988.jpg,Non-Demented,NonDemented,128,128,1,4bb32356f20c59c162529c411bb7019ef913cd103d8d6bc138f452f05ee6e24d,train
data/dataset/Non_Demented/non_2385.jpg,non_2385.jpg,Non-Demented,NonDemented,128,128,1,41e6e993a20985c4bcfb24d7d78568c467b41f36f82be9d3cef71a3cface7861,train
data/dataset/Non_Demented/non_727.jpg,non_727.jpg,Non-Demented,NonDemented,128,128,1,7fd3f301652f984b652962bcb25f432eda379420af48a77596b1f7205f200593,train
data/dataset/Non_Demented/non_993.jpg,non_993.jpg,Non-Demented,NonDemented,128,128,1,a3e82ffaa51867491c13eeae22542855e01e42a992a5902adfebcd34b486c178,train
data/dataset/Non_Demented/non_3027.jpg,non_3027.jpg,Non-Demented,NonDemented,128,128,1,f2c50a8b1e25adf685af8ffe9b842f1ef2df086b2e55b0ad9091f2bc58949221,train
data/dataset/Non_Demented/non_1186.jpg,non_1186.jpg,Non-Demented,NonDemented,128,128,1,6ef1029330479a12bb4509ac3c2a7eb34c0fe45c4e35dca034bb3a3eef138d2c,train
data/dataset/Non_Demented/non_1189.jpg,non_1189.jpg,Non-Demented,NonDemented,128,128,1,6a0aed76eb22c4b8e256488858e9a9a368d1705a9bddd154e77df352995370cd,train
data/dataset/Non_Demented/non_2568.jpg,non_2568.jpg,Non-Demented,NonDemented,128,128,1,67739292396ea9432b8a561de77bc0a549ee5f75c934a9cc19e1d909377aebc9,train
data/dataset/Non_Demented/non_162.jpg,non_162.jpg,Non-Demented,NonDemented,128,128,1,608f1e04868e91a103c958a1b4399efca0a6b45be9129062d2882872934bb18b,train
data/dataset/Non_Demented/non_360.jpg,non_360.jpg,Non-Demented,NonDemented,128,128,1,1ecaebc1d3f4b8b7abe0c24ab2c4487cf5f51841a00b25c242a689a5c172d2cc,train
data/dataset/Non_Demented/non_870.jpg,non_870.jpg,Non-Demented,NonDemented,128,128,1,1a0b4b01309ce19872c1489ec38d98879994316b5560e658a04315b9cebff322,train
data/dataset/Non_Demented/non_1101.jpg,non_1101.jpg,Non-Demented,NonDemented,128,128,1,007a36a064a9053fb54b0270c049ac3c2de3ca49567ff17539162a73fcaf088c,train
data/dataset/Non_Demented/non_2034.jpg,non_2034.jpg,Non-Demented,NonDemented,128,128,1,6d59679c7b2a9c3d72c6f3bbe02c4f2e7a8233bbd9900c20ab48ecd523f186c9,train
data/dataset/Non_Demented/non_698.jpg,non_698.jpg,Non-Demented,NonDemented,128,128,1,53c369fbce3bdcb1ba710356e99aebeb7231dfda07ecf1dbe97187aa1ba6d4e2,train
data/dataset/Non_Demented/non_2678.jpg,non_2678.jpg,Non-Demented,NonDemented,128,128,1,524223585eb1fe27ecb4adbf55dda149a8879b4af83ae9e8d5f24c64b7f59d7e,train
data/dataset/Non_Demented/non_3088.jpg,non_3088.jpg,Non-Demented,NonDemented,128,128,1,7fcd5106e3359c68d1851977b5116eeb92e12422c5133bf585394892f35e09fa,train
data/dataset/Non_Demented/non_2861.jpg,non_2861.jpg,Non-Demented,NonDemented,128,128,1,85e51268d0e8301f298e26f80fa9e43f8750eabff9385af1eb841778b18bca87,train
data/dataset/Non_Demented/non_3073.jpg,non_3073.jpg,Non-Demented,NonDemented,128,128,1,d99008fc6d42135f82fc0e7892a69fca84c45cef9dc31a91f04daadde4f05cdd,train
data/dataset/Non_Demented/non_2106.jpg,non_2106.jpg,Non-Demented,NonDemented,128,128,1,486bfa7ffa1c99afc7ff00f7ee405a72f87dc0ca1790cb828e0fb353d2058977,train
data/dataset/Non_Demented/non_740.jpg,non_740.jpg,Non-Demented,NonDemented,128,128,1,d91fd898ba7295c280f17af35f1917f9df9ca52c947c5d9fdf4225c254b2a10a,train
data/dataset/Non_Demented/non_2850.jpg,non_2850.jpg,Non-Demented,NonDemented,128,128,1,b7f4543981247381956a4c317dd39865add9d10080b2d9487bade8dac19ef886,train
data/dataset/Non_Demented/non_1167.jpg,non_1167.jpg,Non-Demented,NonDemented,128,128,1,1b22dcbac467b923d8ad989bd18b696b3be247cb7277806545249a86243af73e,train
data/dataset/Non_Demented/non_1391.jpg,non_1391.jpg,Non-Demented,NonDemented,128,128,1,d431f5047578dc36e73998f96685ab84a5aa1dd73d3e8128a99ba922dfe08a48,train
data/dataset/Non_Demented/non_2417.jpg,non_2417.jpg,Non-Demented,NonDemented,128,128,1,c3d3d90a5fee3851be9b1dc0843d3b81f1b7b3be0da35078b693126172ddd5a1,train
data/dataset/Non_Demented/non_2960.jpg,non_2960.jpg,Non-Demented,NonDemented,128,128,1,c3acb7df194772c9223ef535aec43f2c16eba9c2a921981241119e7a1a4bf0d0,train
data/dataset/Non_Demented/non_2183.jpg,non_2183.jpg,Non-Demented,NonDemented,128,128,1,a1d9eb4623df69821866d88c4d6dc3474cf13c97cf0342dd1f64f53f58d5032f,train
data/dataset/Non_Demented/non_402.jpg,non_402.jpg,Non-Demented,NonDemented,128,128,1,fce6ccf7f04572022246df628b7dbaa17989c1615e43e51a5b314e0326b26a05,train
data/dataset/Non_Demented/non_1645.jpg,non_1645.jpg,Non-Demented,NonDemented,128,128,1,77a1db9fdda398566e18b1eadff41533aa4304f97a61799d35fb5e04d4983aff,train
data/dataset/Non_Demented/non_2339.jpg,non_2339.jpg,Non-Demented,NonDemented,128,128,1,f2c22cbc45f7d43caebf3f600d289576d65edbb24bc98cffab59272f88ddf714,train
data/dataset/Non_Demented/non_558.jpg,non_558.jpg,Non-Demented,NonDemented,128,128,1,e39e5e56b6aabea11d3a6ed73654673da389f98bf9299db008e0bff20226f9ca,train
data/dataset/Non_Demented/non_250.jpg,non_250.jpg,Non-Demented,NonDemented,128,128,1,f3198b9552c41d8b0ffbc56f63a641b80c18cfcc3b803667b121b206619aaf7b,train
data/dataset/Non_Demented/non_2939.jpg,non_2939.jpg,Non-Demented,NonDemented,128,128,1,87542ff13e16e4d879067ea79d5379227cf7cb2ca6ed01fd51e2925a177fa8de,train
data/dataset/Non_Demented/non_2588.jpg,non_2588.jpg,Non-Demented,NonDemented,128,128,1,65d289c1c3696e224980a30d653ca109ad74919b586f31ac6afabdb31dac8894,train
data/dataset/Non_Demented/non_1581.jpg,non_1581.jpg,Non-Demented,NonDemented,128,128,1,801e9f1b73e4e082f15d961bc1683f43d2f1dca6c90ff9c2538c7f6c3c37ea14,train
data/dataset/Non_Demented/non_1800.jpg,non_1800.jpg,Non-Demented,NonDemented,128,128,1,96e12cbf9b43015bfd22055319356db305208c2fcd112ef1990f47ad053e0cd6,train
data/dataset/Non_Demented/non_1750.jpg,non_1750.jpg,Non-Demented,NonDemented,128,128,1,f5fb813e93eb589d2c643f27809c425d7e036544d1cbe0194aceae1c6b313e3b,train
data/dataset/Non_Demented/non_69.jpg,non_69.jpg,Non-Demented,NonDemented,128,128,1,952a7355ebf002beba76b4ea5de58c9999635f994ba45903ff30533bac2afd2f,train
data/dataset/Non_Demented/non_2022.jpg,non_2022.jpg,Non-Demented,NonDemented,128,128,1,10ee61c369c3c4e34cc61249bf0e21dfcf3d4bd5b51f1f66f427bddc215efaae,train
data/dataset/Non_Demented/non_1435.jpg,non_1435.jpg,Non-Demented,NonDemented,128,128,1,7c439a35199a719de3a0648145fbff9aea16b363249bb21e7273685866914a16,train
data/dataset/Non_Demented/non_2144.jpg,non_2144.jpg,Non-Demented,NonDemented,128,128,1,f49171ba22c44dfc6627e6cbf93c111db93fbb0e14ec4fc74ddb3695bbc1e866,train
data/dataset/Non_Demented/non_3172.jpg,non_3172.jpg,Non-Demented,NonDemented,128,128,1,cd24eb1543c2916ca967c55761ce4c362b24e92875832167ae94f48a1d69e159,train
data/dataset/Non_Demented/non_2690.jpg,non_2690.jpg,Non-Demented,NonDemented,128,128,1,200a5786fb935ca9ed044c8b1bc8d2a4b0f49d763c6ec417ed929464621895da,train
data/dataset/Non_Demented/non_1457.jpg,non_1457.jpg,Non-Demented,NonDemented,128,128,1,4aad1a06184933d0e5257d9347d3a4981b3376b324031b9706b0ecf003ac293b,train
data/dataset/Non_Demented/non_260.jpg,non_260.jpg,Non-Demented,NonDemented,128,128,1,4f85734ec563aabbf2848b7e5a4738479c2d07318890fc2444067cbb753cd217,train
data/dataset/Non_Demented/non_2728.jpg,non_2728.jpg,Non-Demented,NonDemented,128,128,1,4edfcc7d7df98f4fa8f1a72f6c5d40c0f6f210c4780088f754dfb69b0e4b6ff2,train
data/dataset/Non_Demented/non_3010.jpg,non_3010.jpg,Non-Demented,NonDemented,128,128,1,00d10dc5fa71c4445acf487cd029b4e922b3b7da1d408acac79300ea8942d4e4,train
data/dataset/Non_Demented/non_1399.jpg,non_1399.jpg,Non-Demented,NonDemented,128,128,1,d09ab94f1008a700a77c6be0d140be58ea1975c677cc590836c47fccc7fa72d6,train
data/dataset/Non_Demented/non_1624.jpg,non_1624.jpg,Non-Demented,NonDemented,128,128,1,ac4dbfedc5412e4a1156f3fa00e36f33a66703eb48a38661a7f1af6fbe990945,train
data/dataset/Non_Demented/non_2514.jpg,non_2514.jpg,Non-Demented,NonDemented,128,128,1,71f22388f55ef6b8c1f9a040cdb025ac6db9d8e8a26d63b3530aa401b9184bdb,train
data/dataset/Non_Demented/non_1447.jpg,non_1447.jpg,Non-Demented,NonDemented,128,128,1,0a1f902c7561e3337b72ebe64951ab33be60d58937b9769288a81f33994f5919,train
data/dataset/Non_Demented/non_2256.jpg,non_2256.jpg,Non-Demented,NonDemented,128,128,1,8036bf57fa7906e6e0279d91a347cab1bc47e1bf080a097ff75246c6b29fef83,train
data/dataset/Non_Demented/non_2170.jpg,non_2170.jpg,Non-Demented,NonDemented,128,128,1,1081b3478d8f64b0675d6f99fda0c51868a1a1387cc916bc56ff02a27a0f6226,train
data/dataset/Non_Demented/non_1301.jpg,non_1301.jpg,Non-Demented,NonDemented,128,128,1,73df8d6a373143b7a48e59a559ad475a7a4b38f5c97f8bf148d58fc8d8315818,train
data/dataset/Non_Demented/non_1333.jpg,non_1333.jpg,Non-Demented,NonDemented,128,128,1,eb121dc740c60cdd0b54e6c965b1c4f265b5f0a82e918e8b371d7ef8a35b6bac,train
data/dataset/Non_Demented/non_926.jpg,non_926.jpg,Non-Demented,NonDemented,128,128,1,efc8770517a3175cc633547eb58da93bb4c7c2d991ca80f01c502cec9e80f504,train
data/dataset/Non_Demented/non_83.jpg,non_83.jpg,Non-Demented,NonDemented,128,128,1,6c9c4e95402e772516d041ac954ca43f115058f234b575ef8afb9147a3b4006c,train
data/dataset/Non_Demented/non_2853.jpg,non_2853.jpg,Non-Demented,NonDemented,128,128,1,9f83aae0111fcdc082409cb501249f6d1f1364870412691bb6f839e04e61b388,train
data/dataset/Non_Demented/non_905.jpg,non_905.jpg,Non-Demented,NonDemented,128,128,1,c30a5d757e469fce2d693aa3b09de2deb055072429258cd371c84ff7b4e793c5,train
data/dataset/Non_Demented/non_1577.jpg,non_1577.jpg,Non-Demented,NonDemented,128,128,1,442c73d3e10f7a7225102ec95ee8ae46895c111cf88329bb7cbb7a3ae5db4f7d,train
data/dataset/Non_Demented/non_681.jpg,non_681.jpg,Non-Demented,NonDemented,128,128,1,6e3115e7fc269e13131d452be9c4f650a851935ddb859bc76364b4f3a6d5ddb6,train
data/dataset/Non_Demented/non_2803.jpg,non_2803.jpg,Non-Demented,NonDemented,128,128,1,c6dce7495668e03aff1bbc02acd6473f9b7ea203b519c4bd490aa99255d6d08a,train
data/dataset/Non_Demented/non_1751.jpg,non_1751.jpg,Non-Demented,NonDemented,128,128,1,48eb820328ea9564c9811a7d435bb247cd09c3a1c4e4b3a41c9be946b72fc013,train
data/dataset/Non_Demented/non_1343.jpg,non_1343.jpg,Non-Demented,NonDemented,128,128,1,0a57b62c358c23e2e814feee9508355d099d6976c7eacdfe322ad69112db6f33,train
data/dataset/Non_Demented/non_961.jpg,non_961.jpg,Non-Demented,NonDemented,128,128,1,c41e63d9cf315a1d867954f8eaa3adef58ff022f3ddd6c69827cfc54157670df,train
data/dataset/Non_Demented/non_1897.jpg,non_1897.jpg,Non-Demented,NonDemented,128,128,1,a0e68bfed6b36e81975fac41581cee9c58013e50a6af2679b6ae5088742f2372,train
data/dataset/Non_Demented/non_2688.jpg,non_2688.jpg,Non-Demented,NonDemented,128,128,1,542fa8dd16669f4fc33f188c39a0b4ba86796b8c1bd59ab7cf3097d6337e4401,train
data/dataset/Non_Demented/non_1221.jpg,non_1221.jpg,Non-Demented,NonDemented,128,128,1,c10c06af8d723cc24660295ce10eeebd5a0ea8da5b7d03f765376d18b7528b0a,train
data/dataset/Non_Demented/non_332.jpg,non_332.jpg,Non-Demented,NonDemented,128,128,1,7b65854cfeb3b5e75a136a222fea0031c80d1c34d18443fca50e8c3b47c0582b,train
data/dataset/Non_Demented/non_1484.jpg,non_1484.jpg,Non-Demented,NonDemented,128,128,1,5b0f8c7f7dfea887130a23a9ba0970f7b2a31b7551d9f027aacae0bacfb54755,train
data/dataset/Non_Demented/non_507.jpg,non_507.jpg,Non-Demented,NonDemented,128,128,1,04f1c532e9b5a105d445911381d340d45469a296bc641a6524805cfb429f7b4e,train
data/dataset/Non_Demented/non_772.jpg,non_772.jpg,Non-Demented,NonDemented,128,128,1,03c362d4aa6a5dcba43e90a3ea84f4c6e1e9e5295704632842134e5cd61110ee,train
data/dataset/Non_Demented/non_113.jpg,non_113.jpg,Non-Demented,NonDemented,128,128,1,39f8c57d42db2e1d030a604e02e1e3be514e83557878e2b79026030c16c2bedd,train
data/dataset/Non_Demented/non_1172.jpg,non_1172.jpg,Non-Demented,NonDemented,128,128,1,d793e8419568fdcaeec171ad88ef6f1d1f47b52616558b76d3ed73f78ea4445d,train
data/dataset/Non_Demented/non_534.jpg,non_534.jpg,Non-Demented,NonDemented,128,128,1,60bf8c48687e55aca10d5193e984498e351d886602fcfb9cb80d5c99fa8c8ad5,train
data/dataset/Non_Demented/non_3108.jpg,non_3108.jpg,Non-Demented,NonDemented,128,128,1,ecf5d05d7e4c608d9faa88d5e7140793a3e0321f0526304b05fa12b1292bae29,train
data/dataset/Non_Demented/non_135.jpg,non_135.jpg,Non-Demented,NonDemented,128,128,1,d57fb808aeb05a9e5c0e4db794b64f26170cc7144d0ba6854dedbf2416f0c0a9,train
data/dataset/Non_Demented/non_1648.jpg,non_1648.jpg,Non-Demented,NonDemented,128,128,1,5cc626f910adeb8c15f200f5f1a9c0b1dbd3ffa42198053cba290653d2bac83d,train
data/dataset/Non_Demented/non_2683.jpg,non_2683.jpg,Non-Demented,NonDemented,128,128,1,382813cc664a3b24f3ef68e95a1631490e9f67841c2a31c6fe23f5cd75094a3d,train
data/dataset/Non_Demented/non_2217.jpg,non_2217.jpg,Non-Demented,NonDemented,128,128,1,a45a89305d8778b65b32392ae82dfdc6f82d4829811557c49b162c03463d0099,train
data/dataset/Non_Demented/non_580.jpg,non_580.jpg,Non-Demented,NonDemented,128,128,1,afa9cc5ffa9a8e24904ad8e312480f14b7b0733452a44d4059da5252a79590cc,train
data/dataset/Non_Demented/non_58.jpg,non_58.jpg,Non-Demented,NonDemented,128,128,1,997bb4b3526643bb4ce1c9d598e84e5f3d5b2c4e22c4c382ac4855fb943cf327,train
data/dataset/Non_Demented/non_869.jpg,non_869.jpg,Non-Demented,NonDemented,128,128,1,65c12b120d6f3aa4be36d27d2d100d6492682e8fd427cb2774b0a216457276ca,train
data/dataset/Non_Demented/non_1622.jpg,non_1622.jpg,Non-Demented,NonDemented,128,128,1,bd65d5fd463d6799ff274330222ac9804567a061356839049065128d036122fa,train
data/dataset/Non_Demented/non_1259.jpg,non_1259.jpg,Non-Demented,NonDemented,128,128,1,7bb3db33689c66a9dcce20c6e3c118416149e5996f06f38bc8d211d91f3b38c7,train
data/dataset/Non_Demented/non_1692.jpg,non_1692.jpg,Non-Demented,NonDemented,128,128,1,cf7ab10882967af4845a842f923318b53d2ea12c91445eb1af2f2941e73faf65,train
data/dataset/Non_Demented/non_1867.jpg,non_1867.jpg,Non-Demented,NonDemented,128,128,1,a51158f9ef2648ba6456b5ffac1a07fb78ce5c41d3943994cb83f172192d8fcd,train
data/dataset/Non_Demented/non_515.jpg,non_515.jpg,Non-Demented,NonDemented,128,128,1,4b4ccbde34f8676c1eebc3a167c3d2f87932582ad9efcd4c39a9844d15657566,train
data/dataset/Non_Demented/non_2472.jpg,non_2472.jpg,Non-Demented,NonDemented,128,128,1,a8b80bf18b41b5b5393681fac72e40306e345fd37c3dcd99767168e70273e853,train
data/dataset/Non_Demented/non_3183.jpg,non_3183.jpg,Non-Demented,NonDemented,128,128,1,4bcaee75e2691874fb508dba438fdc07822eebea7d3615f0ce9f54b4c794c956,train
data/dataset/Non_Demented/non_1526.jpg,non_1526.jpg,Non-Demented,NonDemented,128,128,1,19ee404047d71798d9fa1f46780a1664cff3627c30a3c043920e790ca67cd334,train
data/dataset/Non_Demented/non_1168.jpg,non_1168.jpg,Non-Demented,NonDemented,128,128,1,7ccd053314ef74f855ae9da11b957b9f6eb622923c05278f34632a3545074a55,train
data/dataset/Non_Demented/non_873.jpg,non_873.jpg,Non-Demented,NonDemented,128,128,1,dba252495b0a9c29381e8e4a0823fbd0096d0acdfb81fd977e02a03592acc724,train
data/dataset/Non_Demented/non_1113.jpg,non_1113.jpg,Non-Demented,NonDemented,128,128,1,4d209f8ab0c7ed81e9bfc53b5d256de0474ca169523f196eccfebbc6c330b9f3,train
data/dataset/Non_Demented/non_1896.jpg,non_1896.jpg,Non-Demented,NonDemented,128,128,1,297aa3dbffbafc949b422e410ca877268cff3df5c46f67c57b0ff6efbdaaf187,train
data/dataset/Non_Demented/non_2071.jpg,non_2071.jpg,Non-Demented,NonDemented,128,128,1,bdcbec78cb27a0e5a3f56e918d9f8f9a087304cc4013efab9545fd852edfd967,train
data/dataset/Non_Demented/non_2162.jpg,non_2162.jpg,Non-Demented,NonDemented,128,128,1,d96e263dcec49ee4dd5b569c4f3d436e376df8e1dee34f773444f0b03fea2682,train
data/dataset/Non_Demented/non_466.jpg,non_466.jpg,Non-Demented,NonDemented,128,128,1,3a47b60484d6ed50619d28e5b0971533aeb87c88ad43191445b13c1754d92a77,train
data/dataset/Non_Demented/non_54.jpg,non_54.jpg,Non-Demented,NonDemented,128,128,1,fabc0ceeec7f4034667e419cf28b89d253ed8657f73e259bdd862b9426eced02,train
data/dataset/Non_Demented/non_1468.jpg,non_1468.jpg,Non-Demented,NonDemented,128,128,1,93e9d0f75ba53075306347ba8771587fa5e79862de626422beb2151ed3a615d6,train
data/dataset/Non_Demented/non_1708.jpg,non_1708.jpg,Non-Demented,NonDemented,128,128,1,f631fd1d2fa98697629a9bace04fc268bbec029dbfc4c4ad69d5e8c4d07012fa,train
data/dataset/Non_Demented/non_2917.jpg,non_2917.jpg,Non-Demented,NonDemented,128,128,1,28630d4c3b469444af251d86de83c80c775e856266c646373e7a384545719481,train
data/dataset/Non_Demented/non_2717.jpg,non_2717.jpg,Non-Demented,NonDemented,128,128,1,da6eb2ab5a3f7f4c528472d3b3e5734b1b293b35bd7184b85091610c94417974,train
data/dataset/Non_Demented/non_1247.jpg,non_1247.jpg,Non-Demented,NonDemented,128,128,1,38baac689111c818f8439d15465f5af2d5987af7597d7faac15831826d264a5b,train
data/dataset/Non_Demented/non_1282.jpg,non_1282.jpg,Non-Demented,NonDemented,128,128,1,e280b7c136fceb6fb459c2eb33b42c5ccf38fcbf61ee404e256edb393979e5a7,train
data/dataset/Non_Demented/non_2108.jpg,non_2108.jpg,Non-Demented,NonDemented,128,128,1,670a642c641917d2c2d6c4875e1b13c59b63a4cd7e210bf76cc79715dc807de4,train
data/dataset/Non_Demented/non_554.jpg,non_554.jpg,Non-Demented,NonDemented,128,128,1,56bd43e94e783dbb0da6476ee1e0849e5dec6fecc5cf1c23bd15b2e25920fa1e,train
data/dataset/Non_Demented/non_242.jpg,non_242.jpg,Non-Demented,NonDemented,128,128,1,75fa6749474e07b7ba2f0c7986f327865826d0137442de815ff60707d13172d2,train
data/dataset/Non_Demented/non_2200.jpg,non_2200.jpg,Non-Demented,NonDemented,128,128,1,171edd2bc1b3040e7b75f41951112c4112cfa5342437227e77d969ba1ac30fb7,train
data/dataset/Non_Demented/non_2686.jpg,non_2686.jpg,Non-Demented,NonDemented,128,128,1,d9451a1ee72430d3afbd377840d15ea2833d46cd382e1e0db85c53eca5b12839,train
data/dataset/Non_Demented/non_2813.jpg,non_2813.jpg,Non-Demented,NonDemented,128,128,1,8d6d1342ae44874a754ba2765ddb5437290712c23d7f704ecf8a3cfc660d4db6,train
data/dataset/Non_Demented/non_223.jpg,non_223.jpg,Non-Demented,NonDemented,128,128,1,2fbea6b6a5c16f90ecf8e4ff7f0ed730de24d3812b0198e8dbb86fc94cafdb2b,train
data/dataset/Non_Demented/non_1466.jpg,non_1466.jpg,Non-Demented,NonDemented,128,128,1,622fd7a026fb3a799753a9ccf0b60e30d6a73ea7dafd741b33697c9ae92ddfc8,train
data/dataset/Non_Demented/non_2631.jpg,non_2631.jpg,Non-Demented,NonDemented,128,128,1,19c08ee764e35fb9539654a91691c2f9e53e86a0d9aaa8c539608891811fb6c1,train
data/dataset/Non_Demented/non_2053.jpg,non_2053.jpg,Non-Demented,NonDemented,128,128,1,4240a47a447b77de43afccc8c6882e9835517bbc8efce6756a7d775dcd90f9d7,train
data/dataset/Non_Demented/non_531.jpg,non_531.jpg,Non-Demented,NonDemented,128,128,1,470893fa2f3500a1243d54de118e4cb2366942d07a50969eb7226a19c625450e,train
data/dataset/Non_Demented/non_76.jpg,non_76.jpg,Non-Demented,NonDemented,128,128,1,0c1b3aa86aa0a8ee68ec66c0a63042913005b3ba4685c7098a2684d776f3e64a,train
data/dataset/Non_Demented/non_1153.jpg,non_1153.jpg,Non-Demented,NonDemented,128,128,1,062169b1e7e10a1e213f249fbea2483b629881b67c7b39e32139b3c4336a8b46,train
data/dataset/Non_Demented/non_2284.jpg,non_2284.jpg,Non-Demented,NonDemented,128,128,1,c0355654c820b43248ee752ed1d057442d25c85ecd6c4b13376d969b575546bc,train
data/dataset/Non_Demented/non_812.jpg,non_812.jpg,Non-Demented,NonDemented,128,128,1,fa9dbbdb93e6f5af2df2d33c1724a65c3dd5e971c22f0d789fb18dee62ae86c6,train
data/dataset/Non_Demented/non_460.jpg,non_460.jpg,Non-Demented,NonDemented,128,128,1,0ad24ea7cbde6ea71fd6db7b2cfe2eb612c274b2540b58b6146fc20cdb95d816,train
data/dataset/Non_Demented/non_1754.jpg,non_1754.jpg,Non-Demented,NonDemented,128,128,1,d8e1b4717cfd74e9ea4ac281cc522ce41769224391f136d1ea71a81d44727928,train
data/dataset/Non_Demented/non_1220.jpg,non_1220.jpg,Non-Demented,NonDemented,128,128,1,9cffef62b3fcedf3fb6fb2f88cb8463ca9d534f459f0ae8dc269425055b18345,train
data/dataset/Non_Demented/non_2735.jpg,non_2735.jpg,Non-Demented,NonDemented,128,128,1,02bcc6147799ce84ee47321a11fd6a797633ce0cf3366d1e1e9e8d48c52024c6,train
data/dataset/Non_Demented/non_2131.jpg,non_2131.jpg,Non-Demented,NonDemented,128,128,1,55f854499a107dad9d6e5da55f4ba5b1a9bb0c4cefe1315e3f4261769afa7c58,train
data/dataset/Non_Demented/non_70.jpg,non_70.jpg,Non-Demented,NonDemented,128,128,1,3ac7ff2da0ccbb0c40e1dff3cc40734139e8e6e1bef72e70533f2ed2a904ca4e,train
data/dataset/Non_Demented/non_1332.jpg,non_1332.jpg,Non-Demented,NonDemented,128,128,1,594a64a95d27278a7333ff18b76715a0acfcd869714b3c7ef2d0b413c729ed3b,train
data/dataset/Non_Demented/non_525.jpg,non_525.jpg,Non-Demented,NonDemented,128,128,1,04fe37952e84a311c87e88fc06a06c62013a39628acd4af25665dd96c994fedc,train
data/dataset/Non_Demented/non_2599.jpg,non_2599.jpg,Non-Demented,NonDemented,128,128,1,ab608217e68cbb4818cee30268a34fd5060c9acc1e6f0bf756c9b8d0e18ad441,train
data/dataset/Non_Demented/non_2166.jpg,non_2166.jpg,Non-Demented,NonDemented,128,128,1,6153d60433210a84eb447990c44441a961e9e29b31f377e6047f87213c286bc7,train
data/dataset/Non_Demented/non_2963.jpg,non_2963.jpg,Non-Demented,NonDemented,128,128,1,315f8e6a64680722dba055bf0077aa2be5f1cd2bad26fae39821ec0505c45892,train
data/dataset/Non_Demented/non_3072.jpg,non_3072.jpg,Non-Demented,NonDemented,128,128,1,60640bdf989b0bdeaad922341e68550ef2d8ee077a0487f66f95d49dcab4c8b7,train
data/dataset/Non_Demented/non_235.jpg,non_235.jpg,Non-Demented,NonDemented,128,128,1,540a37f6833c0b46c60e7916cbdd9bfd5e566b3be7eafe072a7ba7e0de3424bd,train
data/dataset/Non_Demented/non_2843.jpg,non_2843.jpg,Non-Demented,NonDemented,128,128,1,0d9143be06b4b48764d8d00b75750ca5e82e90839f7673f7791fe02e93c4bbde,train
data/dataset/Non_Demented/non_2890.jpg,non_2890.jpg,Non-Demented,NonDemented,128,128,1,7d122991ca38627868c2f40a61b2b33e272ef2c0d343c3795218eafe8196a33a,train
data/dataset/Non_Demented/non_2754.jpg,non_2754.jpg,Non-Demented,NonDemented,128,128,1,48db77255c1b90f910667a2d8dbe5831ae390dad226c628af802eca7c38f3f3f,train
data/dataset/Non_Demented/non_2423.jpg,non_2423.jpg,Non-Demented,NonDemented,128,128,1,da12a10f9454439de4528cd43f6090fce81e7e5c881e5cb35a7ee67fc6c87e60,train
data/dataset/Non_Demented/non_2658.jpg,non_2658.jpg,Non-Demented,NonDemented,128,128,1,d0f4d576534d74de58b65e2eb64c871bd855ae7780a688040cc6e7142f78f9cc,train
data/dataset/Non_Demented/non_414.jpg,non_414.jpg,Non-Demented,NonDemented,128,128,1,a0bc659f12817aec99995e1b1356bbc84858914de15baf5947f117c39207e958,train
data/dataset/Non_Demented/non_2966.jpg,non_2966.jpg,Non-Demented,NonDemented,128,128,1,564bc1755a85c041dafa7191429664ad9b161efd8f6047e63ad430a752358e8e,train
data/dataset/Non_Demented/non_810.jpg,non_810.jpg,Non-Demented,NonDemented,128,128,1,43e1ad37bccd7ad88bfdbd63bfca493744cbccebc4aeb22bbead009fafc005a7,train
data/dataset/Non_Demented/non_2613.jpg,non_2613.jpg,Non-Demented,NonDemented,128,128,1,5c6e01699276bbad2d479e89aee1a4d30bddc070006e33538257b8f6adbc1bf9,train
data/dataset/Non_Demented/non_1694.jpg,non_1694.jpg,Non-Demented,NonDemented,128,128,1,2b3e6eb505517f878af521f34a7b3e583dcbf6dad41654a234e38b913354358d,train
data/dataset/Non_Demented/non_103.jpg,non_103.jpg,Non-Demented,NonDemented,128,128,1,2639ec978845e412419e93e9fe08c247dd47247b916634656ba217b3f51fa652,train
data/dataset/Non_Demented/non_2982.jpg,non_2982.jpg,Non-Demented,NonDemented,128,128,1,ccbf4961d7b49d79b934051d2c85ae0009860b0d8c05963da061972687512bc8,train
data/dataset/Non_Demented/non_2996.jpg,non_2996.jpg,Non-Demented,NonDemented,128,128,1,4c0d85f093cbac15939b25be4dc3b0da61c1a9d8ba4ecc93ce2d0868d78861ba,train
data/dataset/Non_Demented/non_297.jpg,non_297.jpg,Non-Demented,NonDemented,128,128,1,c8bdff74841562a2268c6291aa2cd0aacc19e4b82b9293708a84fd700dc1a229,train
data/dataset/Non_Demented/non_3119.jpg,non_3119.jpg,Non-Demented,NonDemented,128,128,1,cf2ab587d054adcae56f65d5664437ee67ba888dca43d68d2aba41610c909003,train
data/dataset/Non_Demented/non_2220.jpg,non_2220.jpg,Non-Demented,NonDemented,128,128,1,28b96096b467cfff5f774907a216c3ad0fd632042ec2e7bba1973d227fcf7a7c,train
data/dataset/Non_Demented/non_2664.jpg,non_2664.jpg,Non-Demented,NonDemented,128,128,1,48b12cf42f2514fd1ee3e3c36c32a770fd8549a533fa8d1c1f3f53961c8dfc55,train
data/dataset/Non_Demented/non_1839.jpg,non_1839.jpg,Non-Demented,NonDemented,128,128,1,9bb61aba3f7da8b269d8884629870d2922db791e95680e92f671168db4480b66,train
data/dataset/Non_Demented/non_1296.jpg,non_1296.jpg,Non-Demented,NonDemented,128,128,1,9bbba50490f2b45a6aaeef867a594bbc1582f7802edc2a5f485d59e1b04aa624,train
data/dataset/Non_Demented/non_3196.jpg,non_3196.jpg,Non-Demented,NonDemented,128,128,1,575099c91863859295ffe4dcfb3e8193e427a4779c002afc7727f9306e430170,train
data/dataset/Non_Demented/non_120.jpg,non_120.jpg,Non-Demented,NonDemented,128,128,1,4edfbb77218bb771d6fbcd97c64c7a74eca599295ddfe9a0c09b19b71b2f9619,train
data/dataset/Non_Demented/non_3028.jpg,non_3028.jpg,Non-Demented,NonDemented,128,128,1,a233a67c618cf4150a315cb22c028e7a67c27dea6ba77be264c45bd46a367322,train
data/dataset/Non_Demented/non_422.jpg,non_422.jpg,Non-Demented,NonDemented,128,128,1,a33ccaf679a251d15ce8716c4d72fc28ee6d2e84ced65b6194c6e0c88308ec77,train
data/dataset/Non_Demented/non_1420.jpg,non_1420.jpg,Non-Demented,NonDemented,128,128,1,e4744abc47a1f8d3a79cfc18375edf228279a152b807b43a3bc52d1eb7e68b3a,train
data/dataset/Non_Demented/non_655.jpg,non_655.jpg,Non-Demented,NonDemented,128,128,1,df1f9825f3c8009ef28390d10dd36722bac08a16b91bd7eb70ef7cb371258815,train
data/dataset/Non_Demented/non_1486.jpg,non_1486.jpg,Non-Demented,NonDemented,128,128,1,8c89b9638e4210ee385e22562928feb0dd41a5a3b65758e6f28c2e77a11ed938,train
data/dataset/Non_Demented/non_204.jpg,non_204.jpg,Non-Demented,NonDemented,128,128,1,e1cbbb82bd1a9cdfe69eb65d160454172efc6c4d8015b7635c6fa366e45d76f5,train
data/dataset/Non_Demented/non_1768.jpg,non_1768.jpg,Non-Demented,NonDemented,128,128,1,ec1ac97130fd042b20a347a10a99231ff73167ee7eafd01a87b59a03d2c4673a,train
data/dataset/Non_Demented/non_3145.jpg,non_3145.jpg,Non-Demented,NonDemented,128,128,1,a7eb50a6034946516976f3929b6f8bd8ad4110a0d1d20ba9de98855c93a0c211,train
data/dataset/Non_Demented/non_2153.jpg,non_2153.jpg,Non-Demented,NonDemented,128,128,1,ba44ec1c13b87836e2c22c33b90a5e0bd5c61995a4c4afbb31dede5a65fcd770,train
data/dataset/Non_Demented/non_813.jpg,non_813.jpg,Non-Demented,NonDemented,128,128,1,d9ad3c4c86920d279e4e77cdb522b0cfe2d0b1d2c01bcff06a510764d04234f4,train
data/dataset/Non_Demented/non_109.jpg,non_109.jpg,Non-Demented,NonDemented,128,128,1,40fe4cd28f126d0606ab3323de3b2a1c7b35f863aa68e9e5d75dfcfea1052f22,train
data/dataset/Non_Demented/non_1125.jpg,non_1125.jpg,Non-Demented,NonDemented,128,128,1,7d18c9559e5c33f3f950c0f5844e6942dbaad02d54572d4385b16bda9674b58e,train
data/dataset/Non_Demented/non_1831.jpg,non_1831.jpg,Non-Demented,NonDemented,128,128,1,71c59d25491f3925d8cd71d01f03ccf7b49602b64444c6ce6ce1f9783db7b8f6,train
data/dataset/Non_Demented/non_959.jpg,non_959.jpg,Non-Demented,NonDemented,128,128,1,2d5a4b4a7b8f781c4c27dfea98ed5c825e2114d2dc22cc092384f5d151cfce54,train
data/dataset/Non_Demented/non_1941.jpg,non_1941.jpg,Non-Demented,NonDemented,128,128,1,a9968d7469b82b8378fda70357690806dc1ac16c0c5e6a23f3175e083cf08b32,train
data/dataset/Non_Demented/non_1826.jpg,non_1826.jpg,Non-Demented,NonDemented,128,128,1,5f359ca14259f2e371389b58379a13b68e93d8fd63630de7677a3b194160ea7b,train
data/dataset/Non_Demented/non_1071.jpg,non_1071.jpg,Non-Demented,NonDemented,128,128,1,9391195839a265e2915593eb09a3cb8990ed4b6ab814065d5e9d1caff3b53415,train
data/dataset/Non_Demented/non_2138.jpg,non_2138.jpg,Non-Demented,NonDemented,128,128,1,05afe9e4ffe80319f6f7b325932e55ba0526170fb0e4eb131bf072f8550e6860,train
data/dataset/Non_Demented/non_2139.jpg,non_2139.jpg,Non-Demented,NonDemented,128,128,1,9b03229489612645d8eea4c0cd5110f7facb207917aa43828fe192391ecc36a5,train
data/dataset/Non_Demented/non_1824.jpg,non_1824.jpg,Non-Demented,NonDemented,128,128,1,67183a29b9a4fb6de907159b2f32d77b6c8e5d18109a8791097e678ba077a157,train
data/dataset/Non_Demented/non_1387.jpg,non_1387.jpg,Non-Demented,NonDemented,128,128,1,e44d2ec77d1daaf80ca3df5c48d6f6e0e3de41b595590e0a24de1395f9014d81,train
data/dataset/Non_Demented/non_1755.jpg,non_1755.jpg,Non-Demented,NonDemented,128,128,1,bbe1eb5c8ed907448f4811a2d0d2c876b46346626830a21a0d38dd217d5b9485,train
data/dataset/Non_Demented/non_1456.jpg,non_1456.jpg,Non-Demented,NonDemented,128,128,1,dda956d50ffb039b4c6e4548f1432c50ef1aaa9bc49f8f7e2ec8b7c0dc2cfd29,train
data/dataset/Non_Demented/non_3092.jpg,non_3092.jpg,Non-Demented,NonDemented,128,128,1,820ec9af2385e657185dff8c93aab10e6240d073c66e7b243c757a0d3b32061c,train
data/dataset/Non_Demented/non_388.jpg,non_388.jpg,Non-Demented,NonDemented,128,128,1,7ca1a583edfee9d3f1e7c6ec15ed6e5f6a341630ca990256726f2a1d23e0dcce,train
data/dataset/Non_Demented/non_597.jpg,non_597.jpg,Non-Demented,NonDemented,128,128,1,f77b38c1dabbfb07e55b69ae7457197ae469a5763b52f5e3f84f7772134843d2,train
data/dataset/Non_Demented/non_496.jpg,non_496.jpg,Non-Demented,NonDemented,128,128,1,dfcc7a3d6ac7501de0468d2f687d7ec546093370f5a7cb506439a177b8b26797,train
data/dataset/Non_Demented/non_477.jpg,non_477.jpg,Non-Demented,NonDemented,128,128,1,a88a784e8c902895401c8bbba30a8aaa5992f3a9169de4dc649a3b5dc99bd63a,train
data/dataset/Non_Demented/non_1797.jpg,non_1797.jpg,Non-Demented,NonDemented,128,128,1,de45ab6e15627a5d4873bc7fb408a80be54b4cd349117a3b77e98b33c3bd1c7e,train
data/dataset/Non_Demented/non_2836.jpg,non_2836.jpg,Non-Demented,NonDemented,128,128,1,cdad6a57d54bf24499dfcebaeaff0665808e09937350ffbb5fb48ede38941935,train
data/dataset/Non_Demented/non_2576.jpg,non_2576.jpg,Non-Demented,NonDemented,128,128,1,16756161b30b8fa322e355bfe0e26f96b0f77ba0b2107af672bd0f08bb127341,train
data/dataset/Non_Demented/non_1596.jpg,non_1596.jpg,Non-Demented,NonDemented,128,128,1,cd321bbb9c02fab720e6883f5e49f95b35aac9df91ae96102509fce87d70e76b,train
data/dataset/Non_Demented/non_3170.jpg,non_3170.jpg,Non-Demented,NonDemented,128,128,1,48ea34b50c588459c1cdbbcd498988807f67f830fc27702147b68df99bfb4074,train
data/dataset/Non_Demented/non_788.jpg,non_788.jpg,Non-Demented,NonDemented,128,128,1,2f52ee30e47db385e07d4b41ca85409da9b27817d696d60740f07092b40a2e55,train
data/dataset/Non_Demented/non_3015.jpg,non_3015.jpg,Non-Demented,NonDemented,128,128,1,1beddd4a9a83b5a209ed7349cb9981d1dc6750d3fb611658d5ae434872f84acd,train
data/dataset/Non_Demented/non_2930.jpg,non_2930.jpg,Non-Demented,NonDemented,128,128,1,ee18cf01a59444469fc68a8386ecf735c80e620a02365cc6402c4bb420dec5b3,train
data/dataset/Non_Demented/non_3032.jpg,non_3032.jpg,Non-Demented,NonDemented,128,128,1,ea22160b28298450edbcd703b5d0fcdc3f8c39928036df92ae0fa31c014cbd1d,train
data/dataset/Non_Demented/non_1293.jpg,non_1293.jpg,Non-Demented,NonDemented,128,128,1,3e1314a34c7d5f5481b232a3c1fe979761f91cafff6098721a12bf3ac815a840,train
data/dataset/Non_Demented/non_51.jpg,non_51.jpg,Non-Demented,NonDemented,128,128,1,cba695fb702b9a1e49fe53801e2d9b81eddc8aa261aa6ad57bbc27aa11a87ba4,train
data/dataset/Non_Demented/non_2009.jpg,non_2009.jpg,Non-Demented,NonDemented,128,128,1,be56e00d32e2e166a8ca6eea741e74934338115e3900c84e20c4a6b12a018f9a,train
data/dataset/Non_Demented/non_454.jpg,non_454.jpg,Non-Demented,NonDemented,128,128,1,f9a9bb2f70c3b504fbe3c35819f0c7d2f4f8f4a3a260533e26d9a313a0b5ec12,train
data/dataset/Non_Demented/non_842.jpg,non_842.jpg,Non-Demented,NonDemented,128,128,1,fd294a2f8388b7ed2ec115fec57a8069030d320448580c26248e109f3a2bf037,train
data/dataset/Non_Demented/non_1250.jpg,non_1250.jpg,Non-Demented,NonDemented,128,128,1,720fb56fa56b6b4419a0bb2b614f52ea575b020ffb1b2e2e6cc51309c259c226,train
data/dataset/Non_Demented/non_2933.jpg,non_2933.jpg,Non-Demented,NonDemented,128,128,1,3cc68cf6b19b8fb109965cf9fcbf9547174f7b56911c0c2d0d14fb6cb333f033,train
data/dataset/Non_Demented/non_1066.jpg,non_1066.jpg,Non-Demented,NonDemented,128,128,1,27e992f15edb4913dfbffbb21360bc08a584fe0efe47570ece6cfd3f1a2ff262,train
data/dataset/Non_Demented/non_1118.jpg,non_1118.jpg,Non-Demented,NonDemented,128,128,1,9e171a28f9aad41e387880d246c31a56fff790cc74a07dca9189f012b64fbb33,train
data/dataset/Non_Demented/non_2905.jpg,non_2905.jpg,Non-Demented,NonDemented,128,128,1,01fcd6189d8ef92bcf1ef74d15276408bce92f03eeec04236be1f9642551d670,train
data/dataset/Non_Demented/non_2554.jpg,non_2554.jpg,Non-Demented,NonDemented,128,128,1,9a95e2ddc1d8915b0e3a166ee1e0ecdfe0741eb0d5f5b11c82ee50b4dd743941,train
data/dataset/Non_Demented/non_309.jpg,non_309.jpg,Non-Demented,NonDemented,128,128,1,c8527a245382c0fb1368f01f213ccef0d282069e1a190092e680ee296ea51770,train
data/dataset/Non_Demented/non_2100.jpg,non_2100.jpg,Non-Demented,NonDemented,128,128,1,7b4af8210e9911f48057bb848b3f4f2bf654d1371db50f39ac772e11b72360eb,train
data/dataset/Non_Demented/non_75.jpg,non_75.jpg,Non-Demented,NonDemented,128,128,1,fa9db8f933208529e2ef08c4276b40d245994c22acadc68e004af7544294e684,train
data/dataset/Non_Demented/non_695.jpg,non_695.jpg,Non-Demented,NonDemented,128,128,1,394d4e156356951e64f11a540ad0a7ce6378bbbb3146f835c3e229ebc3dc55cc,train
data/dataset/Non_Demented/non_2312.jpg,non_2312.jpg,Non-Demented,NonDemented,128,128,1,de945c05429605d53992ed40ad0710233912c472005594243a489c00efca876f,train
data/dataset/Non_Demented/non_502.jpg,non_502.jpg,Non-Demented,NonDemented,128,128,1,5434d89d270f2a74162ddaa0624810bfb151b404f3415fb6ca707f678951cf7e,train
data/dataset/Non_Demented/non_1239.jpg,non_1239.jpg,Non-Demented,NonDemented,128,128,1,1358a0b953617c7845d8bf9ff9f8e5f20c77aa9fa15d69709bbab151ed9e5eed,train
data/dataset/Non_Demented/non_876.jpg,non_876.jpg,Non-Demented,NonDemented,128,128,1,eb465994ed1bfd878862f511c13b98abf142f7fa4f49a8197a2bcb527f42a16c,train
data/dataset/Non_Demented/non_2860.jpg,non_2860.jpg,Non-Demented,NonDemented,128,128,1,c2852f04b08af6ec3274260ebd298aec72e06a5dd290037bb0fc51f3e63aaad8,train
data/dataset/Non_Demented/non_2627.jpg,non_2627.jpg,Non-Demented,NonDemented,128,128,1,ad7f96d5966695d22be520e27fdd41e3171b2ede2bde4e62c233450affbacf36,train
data/dataset/Non_Demented/non_2685.jpg,non_2685.jpg,Non-Demented,NonDemented,128,128,1,c6c4d31b950ce82b3b45c5eafdef778509e1a7abf3119a91d8917f93bd176811,train
data/dataset/Non_Demented/non_131.jpg,non_131.jpg,Non-Demented,NonDemented,128,128,1,787e16dadcbc2c33014197463bd1d39ca478dcce9a827824b75ca7c9f37dbaf9,train
data/dataset/Non_Demented/non_1891.jpg,non_1891.jpg,Non-Demented,NonDemented,128,128,1,5554b77dc94aadb17187d3013cfaf35e0a88ab055c52f36059e725bff3f0f8ba,train
data/dataset/Non_Demented/non_2227.jpg,non_2227.jpg,Non-Demented,NonDemented,128,128,1,14512c8266e7dd2963f1b7557572ffbb261aa9d5fe3bc0f9638af56ba2db8b81,train
data/dataset/Non_Demented/non_1025.jpg,non_1025.jpg,Non-Demented,NonDemented,128,128,1,928d5381a79048014d36d796a3f1d7d5866560695162dd703feb2c51cdcdf2b5,train
data/dataset/Non_Demented/non_903.jpg,non_903.jpg,Non-Demented,NonDemented,128,128,1,5fbe9b8e8c81f5a57c44f71724e99960bca04875873ab58c8dbeee54c7b5b4c4,train
data/dataset/Non_Demented/non_2505.jpg,non_2505.jpg,Non-Demented,NonDemented,128,128,1,81e0e6845cc50b6d17400601dd8d37404a50ea9a81974c06692c1c9989078348,train
data/dataset/Non_Demented/non_1472.jpg,non_1472.jpg,Non-Demented,NonDemented,128,128,1,3d946edab3838758c46c5abb5995ad79dd301d428d08e7f00d41e195acb5d646,train
data/dataset/Non_Demented/non_1749.jpg,non_1749.jpg,Non-Demented,NonDemented,128,128,1,9cc7970753cc41939bce2c620eea06343c21910f03de2cd2c495faf9cc0dd5ea,train
data/dataset/Non_Demented/non_2203.jpg,non_2203.jpg,Non-Demented,NonDemented,128,128,1,b73ac0b99781817c1f477320a1e26e9034f77c2a7212876efc38155c724c914b,train
data/dataset/Non_Demented/non_2654.jpg,non_2654.jpg,Non-Demented,NonDemented,128,128,1,73830c2e556fbf6f09ef40af810432ff5a9522f3003a2361c0290c6c43d286c2,train
data/dataset/Non_Demented/non_587.jpg,non_587.jpg,Non-Demented,NonDemented,128,128,1,4115085b0935fb6ce149050ed2af77c2545d366e953bd6619c0fb30b6ab43848,train
data/dataset/Non_Demented/non_1433.jpg,non_1433.jpg,Non-Demented,NonDemented,128,128,1,653b656d79f694729f5071e2405f1aca46aa79e49a8893c0de4e765f2db65776,train
data/dataset/Non_Demented/non_3084.jpg,non_3084.jpg,Non-Demented,NonDemented,128,128,1,369248bc3f0ff2ed6b03e3ae1b7f1317fe61dba14892bf224010cd26644349c9,train
data/dataset/Non_Demented/non_2577.jpg,non_2577.jpg,Non-Demented,NonDemented,128,128,1,a54941b1368a329049142f9439a6a638748453ed1f95da37fbb6e0939a60e0b9,train
data/dataset/Non_Demented/non_1817.jpg,non_1817.jpg,Non-Demented,NonDemented,128,128,1,cc717a9507aefc24c47769f8221a02fe06bc480d64a35c5b5da73a7b4af5a7dd,train
data/dataset/Non_Demented/non_2615.jpg,non_2615.jpg,Non-Demented,NonDemented,128,128,1,e63ab1e47322c73644dc455e5eb90c6788f6383ff1d32fb98b039d2220606453,train
data/dataset/Non_Demented/non_3094.jpg,non_3094.jpg,Non-Demented,NonDemented,128,128,1,c0871a22581872e5f8329c8b8e4d00364c59847343845dad90788aceeb933a5b,train
data/dataset/Non_Demented/non_684.jpg,non_684.jpg,Non-Demented,NonDemented,128,128,1,d4d32056feea5b90490faa5074c418f3587c2054dcb3959f760ac05a6204bfe1,train
data/dataset/Non_Demented/non_787.jpg,non_787.jpg,Non-Demented,NonDemented,128,128,1,a3ef04ff53756c8265465f355191409e8baaf0a6670c97bb282d1b32f893e736,train
data/dataset/Non_Demented/non_1040.jpg,non_1040.jpg,Non-Demented,NonDemented,128,128,1,b35613f56466b9f9c1b3646fa8d613dec933a960006cfa653af568d2f8b881e2,train
data/dataset/Non_Demented/non_774.jpg,non_774.jpg,Non-Demented,NonDemented,128,128,1,9ccc26edc4753e2416e10e1d680d4ae0a357e3d84ef10adbf9d9a844c5d588e5,train
data/dataset/Non_Demented/non_2981.jpg,non_2981.jpg,Non-Demented,NonDemented,128,128,1,2c5c2f98dde21f08a78ebcde0da2e91a605f2a9cb895aac22bfff1f646afa577,train
data/dataset/Non_Demented/non_3125.jpg,non_3125.jpg,Non-Demented,NonDemented,128,128,1,cc89f5165f96cbdcbf8ca8038c9e2c5a41a00de6c4d52718d9a6901e26a09cb5,train
data/dataset/Non_Demented/non_1636.jpg,non_1636.jpg,Non-Demented,NonDemented,128,128,1,97e9e65ddd8edca07f2879bd396bd2dbe5a9d75496eef2e55c242ac12c377b30,train
data/dataset/Non_Demented/non_2345.jpg,non_2345.jpg,Non-Demented,NonDemented,128,128,1,8858a505797ea262672df77c673b82ef5c0358ae2dd5b69670a447d0d3fdcb2a,train
data/dataset/Non_Demented/non_94.jpg,non_94.jpg,Non-Demented,NonDemented,128,128,1,dab718fbfa71d8fda758cd44a6964f2a7e1e93452fc2270de263280c8d408b34,train
data/dataset/Non_Demented/non_2508.jpg,non_2508.jpg,Non-Demented,NonDemented,128,128,1,29c02a50b991c55223b086dc27fb89fcfbcedf7d2226960496e80f4dc229cc60,train
data/dataset/Non_Demented/non_2362.jpg,non_2362.jpg,Non-Demented,NonDemented,128,128,1,3340d7a51c1c4cd79fe4697623741de4d752c06208adac7aa69fb8498c7f884a,train
data/dataset/Non_Demented/non_832.jpg,non_832.jpg,Non-Demented,NonDemented,128,128,1,cf509767473185c5cbcc60c969905e9f9e455812d4b290b8712f02e4e1b66e4a,train
data/dataset/Non_Demented/non_2178.jpg,non_2178.jpg,Non-Demented,NonDemented,128,128,1,18c72e116fe70d6def8bdd6e6b173e590512074d6828842673e161126bd04831,train
data/dataset/Non_Demented/non_1862.jpg,non_1862.jpg,Non-Demented,NonDemented,128,128,1,ba7c9368bd703ec46fe6f64a38500d27ba037d7945f007f2f1b1beab3e429c93,train
data/dataset/Non_Demented/non_1223.jpg,non_1223.jpg,Non-Demented,NonDemented,128,128,1,50d25a7d6f6cc80f4d846bb260f93dd4ca6c5885c0871a144ffc61bfb84dc680,train
data/dataset/Non_Demented/non_648.jpg,non_648.jpg,Non-Demented,NonDemented,128,128,1,58a28925e59e720a0d84b7a2a1a5b88450dd98dee60fe0388f805d0387081de5,train
data/dataset/Non_Demented/non_1099.jpg,non_1099.jpg,Non-Demented,NonDemented,128,128,1,0e80f1a10aec00562745dce9a83ce39593e20c7b5376ab1736f043986d8da408,train
data/dataset/Non_Demented/non_1166.jpg,non_1166.jpg,Non-Demented,NonDemented,128,128,1,163d31be5083f1a6703628a4cd379bf4819162aea87e42e944e00f311ee708f7,train
data/dataset/Non_Demented/non_570.jpg,non_570.jpg,Non-Demented,NonDemented,128,128,1,21fe704bff2db12d343dfa29f8b49c56168d9681f0e70b860d325c32c0a58f73,train
data/dataset/Non_Demented/non_436.jpg,non_436.jpg,Non-Demented,NonDemented,128,128,1,35f6b26c5c117174e9c04a98786cf3a507f3bd276e5d003bed2bb947f25037a0,train
data/dataset/Non_Demented/non_2806.jpg,non_2806.jpg,Non-Demented,NonDemented,128,128,1,6d7d9a3e402fdcd8192c7857b58a43ddb976e384999140e579181ee2b4376741,train
data/dataset/Non_Demented/non_530.jpg,non_530.jpg,Non-Demented,NonDemented,128,128,1,fe1a9551697f41f4bfc3874e52eeea1e238aae043f1b048a1aed046abd88ceab,train
data/dataset/Non_Demented/non_1001.jpg,non_1001.jpg,Non-Demented,NonDemented,128,128,1,4a552b6f70b43968446256efd8bc74bc7b0f9a2ba3847c29f8517277f20d787e,train
data/dataset/Non_Demented/non_2536.jpg,non_2536.jpg,Non-Demented,NonDemented,128,128,1,dc922af8d4bc72d726f6cf790ff642deade943fe840c4766a2eec2fa8817561a,train
data/dataset/Non_Demented/non_2249.jpg,non_2249.jpg,Non-Demented,NonDemented,128,128,1,aeaa090d7a96b4b7dfa4c78f0bf3556d7402695ba906d6b2c0dc6eab301aa118,train
data/dataset/Non_Demented/non_2628.jpg,non_2628.jpg,Non-Demented,NonDemented,128,128,1,2d342852a50f02fa42f078a86fac80bca868835c6d73e3029fd3ed8525ef7d7d,train
data/dataset/Non_Demented/non_2976.jpg,non_2976.jpg,Non-Demented,NonDemented,128,128,1,92ae0fd3dd88aa0f0c9ab37b30fe2e3f05726364544e2bad123b2b52f33d6416,train
data/dataset/Very_Mild_Demented/verymild_288.jpg,verymild_288.jpg,Very Mild Demented,VeryMildDemented,128,128,1,c5cc603184f462ec17fa8acc66b99faf41d72bd27bac60dba785fc2eacb793f1,train
data/dataset/Very_Mild_Demented/verymild_1316.jpg,verymild_1316.jpg,Very Mild Demented,VeryMildDemented,128,128,1,f776c1ce3bbc79c33b24e8ccef9fca2978778aff65089a26fc97cfa6cf4f58aa,train
data/dataset/Very_Mild_Demented/verymild_2093.jpg,verymild_2093.jpg,Very Mild Demented,VeryMildDemented,128,128,1,d1131d95c227313cc5206b69bf76dd2be076b3797de7d8a67f639b23859dd7aa,train
data/dataset/Very_Mild_Demented/verymild_1375.jpg,verymild_1375.jpg,Very Mild Demented,VeryMildDemented,128,128,1,0f6ad46b8eeba19f265306f15501b5819b1b241b1cb5bd85044614c2d852dfcd,train
data/dataset/Very_Mild_Demented/verymild_581.jpg,verymild_581.jpg,Very Mild Demented,VeryMildDemented,128,128,1,5052b9764c0c98900f5da451b3392a8982183b05524cea3793b6847662843b6c,train
data/dataset/Very_Mild_Demented/verymild_257.jpg,verymild_257.jpg,Very Mild Demented,VeryMildDemented,128,128,1,88643be89c1040f68fe727785f01639db8c240611861ff5b62af61aff1fd42d9,train
data/dataset/Very_Mild_Demented/verymild_1177.jpg,verymild_1177.jpg,Very Mild Demented,VeryMildDemented,128,128,1,14c69b5389cb61606498cceed47fa77ddc73ef5feca4183f59e403b0977c0dc6,train
data/dataset/Very_Mild_Demented/verymild_211.jpg,verymild_211.jpg,Very Mild Demented,VeryMildDemented,128,128,1,5fb936e1d6408e6855f856911125e12340a6c17f0594638ea83cef125b03a044,train
data/dataset/Very_Mild_Demented/verymild_1314.jpg,verymild_1314.jpg,Very Mild Demented,VeryMildDemented,128,128,1,ed923f202ddf7b6a347500d6a7a9ec20d4c8226228a260e8b415a5856a1a5da3,train
data/dataset/Very_Mild_Demented/verymild_487.jpg,verymild_487.jpg,Very Mild Demented,VeryMildDemented,128,128,1,c06b88b229959f03c015c4d2f2fb794fa3b731dec72df9f6ce3b7024b3cd835a,train
data/dataset/Very_Mild_Demented/verymild_47.jpg,verymild_47.jpg,Very Mild Demented,VeryMildDemented,128,128,1,19db829502624cb08ab3ca2a911addb8d5d4ff8f27ac32ed052e9dac095a7ff0,train
data/dataset/Very_Mild_Demented/verymild_1165.jpg,verymild_1165.jpg,Very Mild Demented,VeryMildDemented,128,128,1,5b0a4013be044cec94bc31acb664dc33a5b56c86c71a84b2edeae6b6f434d9a5,train
data/dataset/Very_Mild_Demented/verymild_1212.jpg,verymild_1212.jpg,Very Mild Demented,VeryMildDemented,128,128,1,47800624779d5462dbcee051337eb18fbca6e83e2f203952a85b55c9d32a8404,train
data/dataset/Very_Mild_Demented/verymild_2187.jpg,verymild_2187.jpg,Very Mild Demented,VeryMildDemented,128,128,1,f0c2fc2eda9e97c26f27bbffb2f2e2b629f450b81f21c1e2ee97144418b344a7,train
data/dataset/Very_Mild_Demented/verymild_147.jpg,verymild_147.jpg,Very Mild Demented,VeryMildDemented,128,128,1,ac7a3300f452b0b026161b8fc1400c2f7852284922bb4840792e4658f5a7ff37,train
data/dataset/Very_Mild_Demented/verymild_761.jpg,verymild_761.jpg,Very Mild Demented,VeryMildDemented,128,128,1,622cfaf083ccf13a88d7cda0edf3e9fe47c0e31d54d7916f0aa8de3416a50834,train
data/dataset/Very_Mild_Demented/verymild_634.jpg,verymild_634.jpg,Very Mild Demented,VeryMildDemented,128,128,1,a4e2ccde3a0b6ab000c48425b60623fd91ca370754b24f4bd620b7f49d4ebcd2,train
data/dataset/Very_Mild_Demented/verymild_1026.jpg,verymild_1026.jpg,Very Mild Demented,VeryMildDemented,128,128,1,7bdd43bffd4021a032dc62290af6c779434524815b0bc93463db8dd07fd0a419,train
data/dataset/Very_Mild_Demented/verymild_1854.jpg,verymild_1854.jpg,Very Mild Demented,VeryMildDemented,128,128,1,6fd4de433b2b1757375f33d19568df6889bf89086c2e5721727757e614f659d3,train
data/dataset/Very_Mild_Demented/verymild_12.jpg,verymild_12.jpg,Very Mild Demented,VeryMildDemented,128,128,1,a7879e2681220456a7c986dfa79098f5112e40c0537673aef5dcdf42ecdab865,train
data/dataset/Very_Mild_Demented/verymild_100.jpg,verymild_100.jpg,Very Mild Demented,VeryMildDemented,128,128,1,f0330185a9a219923d217f6afd0b4afc6af4c487164d8670c52141aca203197c,train
data/dataset/Very_Mild_Demented/verymild_1208.jpg,verymild_1208.jpg,Very Mild Demented,VeryMildDemented,128,128,1,0e289c4b5a63f407c8807dd5c6dfcef59cc91c854aa40ad4f1473ab06be91a25,train
data/dataset/Very_Mild_Demented/verymild_1514.jpg,verymild_1514.jpg,Very Mild Demented,VeryMildDemented,128,128,1,04712a4f8e98969958b778fb2ce245dd2fef744f7fec96e3f5c1e3c814ca11db,train
data/dataset/Very_Mild_Demented/verymild_1194.jpg,verymild_1194.jpg,Very Mild Demented,VeryMildDemented,128,128,1,210b668f9cda6be613a56c7e470f3387acc7b39ace6f4a3d3b11c2a81f848747,train
data/dataset/Very_Mild_Demented/verymild_1057.jpg,verymild_1057.jpg,Very Mild Demented,VeryMildDemented,128,128,1,26f67fd5012b64c70b6d83ccde14e1dec3442e300c86ca10434e8cd3dae50e0e,train
data/dataset/Very_Mild_Demented/verymild_771.jpg,verymild_771.jpg,Very Mild Demented,VeryMildDemented,128,128,1,cff3dc53b32dcf908198451e9d0b1e47fa2e4d15cea7288b87a830460390a078,train
data/dataset/Very_Mild_Demented/verymild_1249.jpg,verymild_1249.jpg,Very Mild Demented,VeryMildDemented,128,128,1,9dc80e0a8ef3ef6cc97fb90094c67fb9868eeec4bcfec505c72280fcaec0ffac,train
data/dataset/Very_Mild_Demented/verymild_756.jpg,verymild_756.jpg,Very Mild Demented,VeryMildDemented,128,128,1,2f23a93eae0cdb9061a9378cac63a5e00ba346bcad70d49778dba31de943dca8,train
data/dataset/Very_Mild_Demented/verymild_212.jpg,verymild_212.jpg,Very Mild Demented,VeryMildDemented,128,128,1,141c57efc5854992665a1639e9005b5491d3cdd34b5c9d991a4d193718faad36,train
data/dataset/Very_Mild_Demented/verymild_2046.jpg,verymild_2046.jpg,Very Mild Demented,VeryMildDemented,128,128,1,5e17738b96595e9786564c36970cebd4891517a4915725b41c7ec215dbfc265f,train
data/dataset/Very_Mild_Demented/verymild_2070.jpg,verymild_2070.jpg,Very Mild Demented,VeryMildDemented,128,128,1,bc1b33cbb457eca45c675b19cdb41b01c60f98953b5b857e453f6e9497239111,train
data/dataset/Very_Mild_Demented/verymild_2180.jpg,verymild_2180.jpg,Very Mild Demented,VeryMildDemented,128,128,1,b2b225b5ead3c274bb1688c90679df30788becee70474809c8e56857ad34f4cb,train
data/dataset/Very_Mild_Demented/verymild_415.jpg,verymild_415.jpg,Very Mild Demented,VeryMildDemented,128,128,1,c94833d1fe5a0bdb5b8651947760442a5bc4d50546249d1dd438beaef564ff32,train
data/dataset/Very_Mild_Demented/verymild_1588.jpg,verymild_1588.jpg,Very Mild Demented,VeryMildDemented,128,128,1,0848c7510df5ad3458413a61c7a7eaafe88402e97bc27c10b6549fa92648df42,train
data/dataset/Very_Mild_Demented/verymild_1601.jpg,verymild_1601.jpg,Very Mild Demented,VeryMildDemented,128,128,1,c5350ce720f2b7fde15a2f44cd42f3ebbdf90b4d6133f94d236281b2e1406dcb,train
data/dataset/Very_Mild_Demented/verymild_303.jpg,verymild_303.jpg,Very Mild Demented,VeryMildDemented,128,128,1,7a6764532c89f3ae003b16125906a0097bbd470004901096abedb391fa853d4c,train
data/dataset/Very_Mild_Demented/verymild_366.jpg,verymild_366.jpg,Very Mild Demented,VeryMildDemented,128,128,1,b5e6dbba978aa5a59f1720636d647c9d660fbd3e8e86a6771196beb733fe30f9,train
data/dataset/Very_Mild_Demented/verymild_1577.jpg,verymild_1577.jpg,Very Mild Demented,VeryMildDemented,128,128,1,92d088c03236154bfe61a5ba747df544f3695c44d6f3badc2e095e6a4bfe240d,train
data/dataset/Very_Mild_Demented/verymild_1914.jpg,verymild_1914.jpg,Very Mild Demented,VeryMildDemented,128,128,1,c9d6597973998b89252b269861775def75de0180bc8054080731c797e4678acf,train
data/dataset/Very_Mild_Demented/verymild_1680.jpg,verymild_1680.jpg,Very Mild Demented,VeryMildDemented,128,128,1,c48cc0c069f78971c4df952148eedcc2d66e8bed1ac2b3c0af2647f9b4e0d472,train
data/dataset/Very_Mild_Demented/verymild_807.jpg,verymild_807.jpg,Very Mild Demented,VeryMildDemented,128,128,1,507b070024c12ef0c04a0685272d51f10eba3c4454eb0e69432f4ba270c24606,train
data/dataset/Very_Mild_Demented/verymild_1881.jpg,verymild_1881.jpg,Very Mild Demented,VeryMildDemented,128,128,1,c16efeaca5c64d92724acd94f7f81f01191123d10e0a071f4636a9b640b834e2,train
data/dataset/Very_Mild_Demented/verymild_850.jpg,verymild_850.jpg,Very Mild Demented,VeryMildDemented,128,128,1,9b5c91b5ce37ba5c5dc49bf2dcb503b7c2939616d7689f18234232c8ce532ed0,train
data/dataset/Very_Mild_Demented/verymild_2215.jpg,verymild_2215.jpg,Very Mild Demented,VeryMildDemented,128,128,1,f70d363dbc11dfb06309096f84aed5fa14f92004b65ebd3281ae02a924d7428a,train
data/dataset/Very_Mild_Demented/verymild_1875.jpg,verymild_1875.jpg,Very Mild Demented,VeryMildDemented,128,128,1,1bd67fb085f5cc385d9085064c9e7e242978831b8e9e4e0afc540819e7e80f03,train
data/dataset/Very_Mild_Demented/verymild_194.jpg,verymild_194.jpg,Very Mild Demented,VeryMildDemented,128,128,1,c3345b5be45baa8dbd4b79faad81082a8514a99bd4b2ae51a5c434bd6078203d,train
data/dataset/Very_Mild_Demented/verymild_1103.jpg,verymild_1103.jpg,Very Mild Demented,VeryMildDemented,128,128,1,a709f725ef3e37d2fb56bcb78a0d41331983401bc5ec9db300b0389db4b37eec,train
data/dataset/Very_Mild_Demented/verymild_1274.jpg,verymild_1274.jpg,Very Mild Demented,VeryMildDemented,128,128,1,fe047e7f37f692f0259ab75126f6638d09aa29b76dc5d5b8cfd23fb9be7a59ac,train
data/dataset/Very_Mild_Demented/verymild_180.jpg,verymild_180.jpg,Very Mild Demented,VeryMildDemented,128,128,1,a24db06b61487d55ce5cfcc9f7cdd1637c48c31984be74378e6155596ee3c91b,train
data/dataset/Very_Mild_Demented/verymild_299.jpg,verymild_299.jpg,Very Mild Demented,VeryMildDemented,128,128,1,f35c3b816f5f55a6ca1d5eeafbe054b646ee7405115a16f09b747a363d056f89,train
data/dataset/Very_Mild_Demented/verymild_55.jpg,verymild_55.jpg,Very Mild Demented,VeryMildDemented,128,128,1,6419c20e1e81c08ea68324762554711e737e58efbe5d1337464762c0a5059444,train
data/dataset/Very_Mild_Demented/verymild_1113.jpg,verymild_1113.jpg,Very Mild Demented,VeryMildDemented,128,128,1,9d3fd05525e455f657a5bb806abb6e75e2ce85c57a82a4dccdd58e999b225f2b,train
data/dataset/Very_Mild_Demented/verymild_1028.jpg,verymild_1028.jpg,Very Mild Demented,VeryMildDemented,128,128,1,924e59cb48a7b5203a385f845f41865cec41f6e7ae431484ef00b2f5904eab00,train
data/dataset/Very_Mild_Demented/verymild_172.jpg,verymild_172.jpg,Very Mild Demented,VeryMildDemented,128,128,1,af49679337970ffd1433f9a0ba24f65b2c47091d9e704e744a2f17141b50221e,train
data/dataset/Very_Mild_Demented/verymild_530.jpg,verymild_530.jpg,Very Mild Demented,VeryMildDemented,128,128,1,c76d419dd3dbf1ea9f2c5b7c6aa64d639b1c579c441c2acd5be52165113ac7c9,train
data/dataset/Very_Mild_Demented/verymild_385.jpg,verymild_385.jpg,Very Mild Demented,VeryMildDemented,128,128,1,f9570ec902f11a91949c12ec8c55cf5c8f1d1308acbe70d17e482bf518501001,train
data/dataset/Very_Mild_Demented/verymild_884.jpg,verymild_884.jpg,Very Mild Demented,VeryMildDemented,128,128,1,3d785fd417f316b96de92770d64062b8b937499c0212091d9943825bb4262dc2,train
data/dataset/Very_Mild_Demented/verymild_1634.jpg,verymild_1634.jpg,Very Mild Demented,VeryMildDemented,128,128,1,fcf26014620a06c158586526a650c12b4a928ad76bacd936f63c927219c410e6,train
data/dataset/Very_Mild_Demented/verymild_1945.jpg,verymild_1945.jpg,Very Mild Demented,VeryMildDemented,128,128,1,5049d6e95bc6d9adf8695da65b94e279792042be9239f97170fb0b08d60bd752,train
data/dataset/Very_Mild_Demented/verymild_41.jpg,verymild_41.jpg,Very Mild Demented,VeryMildDemented,128,128,1,832800b61f5096dc6a1c413a5ccae669b7f0fbbb82e5271cf852d07d184dc6e7,train
data/dataset/Very_Mild_Demented/verymild_249.jpg,verymild_249.jpg,Very Mild Demented,VeryMildDemented,128,128,1,07d4aeb8a1a22a650fbfad43865f675fc5f2d02ac619adfd8b783ac3e3cfdda2,train
data/dataset/Very_Mild_Demented/verymild_744.jpg,verymild_744.jpg,Very Mild Demented,VeryMildDemented,128,128,1,5bb8f63a1005a9e0c55d5547385e0494a32c1fe5246f0402f9182b6d3286a95a,train
data/dataset/Very_Mild_Demented/verymild_1554.jpg,verymild_1554.jpg,Very Mild Demented,VeryMildDemented,128,128,1,e55af73639d0aae1f6a9a1c6d37f400bcf08dd51605db984d1d9cfe5710c46f9,train
data/dataset/Very_Mild_Demented/verymild_1655.jpg,verymild_1655.jpg,Very Mild Demented,VeryMildDemented,128,128,1,fdd0bb5fe9b26f387b5f5a2bb61f96ae52ace9e646ea1031f1006867984ed036,train
data/dataset/Very_Mild_Demented/verymild_77.jpg,verymild_77.jpg,Very Mild Demented,VeryMildDemented,128,128,1,1b51c8df9c670a48472ab10a59ace0ffaae2c35c39762613362f017445a32793,train
data/dataset/Very_Mild_Demented/verymild_1609.jpg,verymild_1609.jpg,Very Mild Demented,VeryMildDemented,128,128,1,b812fcb0d63d127cec632269ef72020e8adc96547520099ad9eb104b97a3f87e,train
data/dataset/Very_Mild_Demented/verymild_685.jpg,verymild_685.jpg,Very Mild Demented,VeryMildDemented,128,128,1,56ff771b1009d53c073f5639c9ee2556b9333a7bde3fb15e96dfdd938d06ff4f,train
data/dataset/Very_Mild_Demented/verymild_2.jpg,verymild_2.jpg,Very Mild Demented,VeryMildDemented,128,128,1,69573f8b76e94f41787cb5467e574bd0cdf1aad38c604504ca6b68bb700a2a45,train
data/dataset/Very_Mild_Demented/verymild_268.jpg,verymild_268.jpg,Very Mild Demented,VeryMildDemented,128,128,1,72cd1c09533a91cb0ad104c71e93fc135b1016162f177ab0c1e3e6f696ddeb60,train
data/dataset/Very_Mild_Demented/verymild_2108.jpg,verymild_2108.jpg,Very Mild Demented,VeryMildDemented,128,128,1,6df44712a6f942af3ac8c11e1d58543a50f17c7e18fdaf9a9af93b3c4fdeffee,train
data/dataset/Very_Mild_Demented/verymild_1428.jpg,verymild_1428.jpg,Very Mild Demented,VeryMildDemented,128,128,1,9e9d2b68145cd682e70ad51881f1852aeefe642ec8725f8b6738740accd72774,train
data/dataset/Very_Mild_Demented/verymild_1427.jpg,verymild_1427.jpg,Very Mild Demented,VeryMildDemented,128,128,1,670600c89cb0f721322992e32df33f82122e2d197bad2af6f7c11441074c8678,train
data/dataset/Very_Mild_Demented/verymild_1526.jpg,verymild_1526.jpg,Very Mild Demented,VeryMildDemented,128,128,1,7f7d7982b623d9c1465f03fe5af4f6ac3dd1c7aa7c013ef2f325e01105e801bf,train
data/dataset/Very_Mild_Demented/verymild_895.jpg,verymild_895.jpg,Very Mild Demented,VeryMildDemented,128,128,1,2bf641024a501d53e53827ada64498b2feb2160fd5858d50efb5050f3c876629,train
data/dataset/Very_Mild_Demented/verymild_1604.jpg,verymild_1604.jpg,Very Mild Demented,VeryMildDemented,128,128,1,c9ed40ab72360ea2d5f70755670c1348f5dab13ac22e84be6876f1ca4163935b,train
data/dataset/Very_Mild_Demented/verymild_1923.jpg,verymild_1923.jpg,Very Mild Demented,VeryMildDemented,128,128,1,2ca9ed42cdfdf7de19f3347e9be95b93d30530be9418cced77add13aebc9a208,train
data/dataset/Very_Mild_Demented/verymild_2017.jpg,verymild_2017.jpg,Very Mild Demented,VeryMildDemented,128,128,1,7924d12c8f45181dd64f54185a99a16590002bd4e48beea89053f06dc9e0cf2a,train
data/dataset/Very_Mild_Demented/verymild_583.jpg,verymild_583.jpg,Very Mild Demented,VeryMildDemented,128,128,1,35d431d225e4f6ac6d4e4ab2ab999f0ed3d18fba10c9f4194ebf54b0759cae03,train
data/dataset/Very_Mild_Demented/verymild_1823.jpg,verymild_1823.jpg,Very Mild Demented,VeryMildDemented,128,128,1,265cb199c3a988a84f63cb93028cbe5e94239661c5915df6a113461989138428,train
data/dataset/Very_Mild_Demented/verymild_1252.jpg,verymild_1252.jpg,Very Mild Demented,VeryMildDemented,128,128,1,dfa6ed857fadb6ff351f4fc4290850cb45a566fe2f917f5fb4733b750d7034d0,train
data/dataset/Very_Mild_Demented/verymild_1192.jpg,verymild_1192.jpg,Very Mild Demented,VeryMildDemented,128,128,1,bf76725b486829ab46dd390195e179b2680f780408982d59105ad6b3d176b765,train
data/dataset/Very_Mild_Demented/verymild_2034.jpg,verymild_2034.jpg,Very Mild Demented,VeryMildDemented,128,128,1,44d54482bf3f55922321af0bf6a6dec29522cff13380b87d2ff44aac628aefcf,train
data/dataset/Very_Mild_Demented/verymild_36.jpg,verymild_36.jpg,Very Mild Demented,VeryMildDemented,128,128,1,881d1ad6bc149fc6413fe96542a9a4227137b40929d7449d7252c41afb6afd3f,train
data/dataset/Very_Mild_Demented/verymild_755.jpg,verymild_755.jpg,Very Mild Demented,VeryMildDemented,128,128,1,150b9544339ab618dd4cbd34aa00c54c79b4b1d07053657e4dc9bc99be53c7d1,train
data/dataset/Very_Mild_Demented/verymild_2050.jpg,verymild_2050.jpg,Very Mild Demented,VeryMildDemented,128,128,1,0ceb153ee9ac1aab17c08af3f375524897a8a9d78d7c9b9ce3f2edc18c25c560,train
data/dataset/Very_Mild_Demented/verymild_1991.jpg,verymild_1991.jpg,Very Mild Demented,VeryMildDemented,128,128,1,3e55e24c075e2c163a1bd07ac16dda14964e57ee5ffe39173c199b35a4c57af2,train
data/dataset/Very_Mild_Demented/verymild_511.jpg,verymild_511.jpg,Very Mild Demented,VeryMildDemented,128,128,1,226f6258f1f1dd71e9a4ee0cdf692b41024c51125f1d61ca40b5c22ced87c874,train
data/dataset/Very_Mild_Demented/verymild_591.jpg,verymild_591.jpg,Very Mild Demented,VeryMildDemented,128,128,1,06d274cad2c35a349bc0b760488d9445ae3f80b5b13be1c2b15c053a0b1cc2f2,train
data/dataset/Very_Mild_Demented/verymild_534.jpg,verymild_534.jpg,Very Mild Demented,VeryMildDemented,128,128,1,70e20b96fc69cf40175c0eb9520e00b3a9c09b9c7e21efce4066e8fd3d687aa4,train
data/dataset/Very_Mild_Demented/verymild_1575.jpg,verymild_1575.jpg,Very Mild Demented,VeryMildDemented,128,128,1,0cd657351d99ca78e37f29c4f416fefbf92ee4e1e8d3d9812af9a188d0a1c5e8,train
data/dataset/Very_Mild_Demented/verymild_1876.jpg,verymild_1876.jpg,Very Mild Demented,VeryMildDemented,128,128,1,5daab1e3b839188534554748f8d92e946a44ea245c1b5c92152947f68b93d33c,train
data/dataset/Very_Mild_Demented/verymild_2211.jpg,verymild_2211.jpg,Very Mild Demented,VeryMildDemented,128,128,1,9c731dfc7768db409cc12c642fcc96bb63bab187f1c99d4436c06ec279993513,train
data/dataset/Very_Mild_Demented/verymild_1763.jpg,verymild_1763.jpg,Very Mild Demented,VeryMildDemented,128,128,1,44575b930b9d4688a993c7337c174e3e31c6510ff9e341c3f995d46b68b2c87c,train
data/dataset/Very_Mild_Demented/verymild_1140.jpg,verymild_1140.jpg,Very Mild Demented,VeryMildDemented,128,128,1,c773988ab1bcccdf75ff855694340b50c91dbd6bab802a42efa537cbb79beb0c,train
data/dataset/Very_Mild_Demented/verymild_1635.jpg,verymild_1635.jpg,Very Mild Demented,VeryMildDemented,128,128,1,d7c0b38607ede7d235ea281c27277a774379b638014ea6db61d418803b7eaa1d,train
data/dataset/Very_Mild_Demented/verymild_1189.jpg,verymild_1189.jpg,Very Mild Demented,VeryMildDemented,128,128,1,35f88542f5f34142825f00b41d276e2aa185b673dfc9d664efa08991c06ca7c0,train
data/dataset/Very_Mild_Demented/verymild_2172.jpg,verymild_2172.jpg,Very Mild Demented,VeryMildDemented,128,128,1,9abacb0bcdb5aa5062f5b2cf29b2c0ef31f821ecd7d4dc35326489106f29e169,train
data/dataset/Very_Mild_Demented/verymild_572.jpg,verymild_572.jpg,Very Mild Demented,VeryMildDemented,128,128,1,3c27d53e7f9b262a528e5bdac695fcff6e67a30e75668980c719ddc271c6a4d6,train
data/dataset/Very_Mild_Demented/verymild_1916.jpg,verymild_1916.jpg,Very Mild Demented,VeryMildDemented,128,128,1,2f6c770995ffa737998f48d9f6ac0af0ddd87f231a70fb49cf2cef970f2878ea,train
data/dataset/Very_Mild_Demented/verymild_1811.jpg,verymild_1811.jpg,Very Mild Demented,VeryMildDemented,128,128,1,dcad8524077bce569a111670fbfba52bfbff2e5c297b9decceda5ae7a00feda5,train
data/dataset/Very_Mild_Demented/verymild_369.jpg,verymild_369.jpg,Very Mild Demented,VeryMildDemented,128,128,1,b6725a24281a76982e383179e6c7625c884c258df445d31a9220972bbe5c27a5,train
data/dataset/Very_Mild_Demented/verymild_690.jpg,verymild_690.jpg,Very Mild Demented,VeryMildDemented,128,128,1,d770420879c58cde8aca3d7127b5dc258653203a4f96289adac40aa550bc5147,train
data/dataset/Very_Mild_Demented/verymild_1553.jpg,verymild_1553.jpg,Very Mild Demented,VeryMildDemented,128,128,1,8924f5a56c41e8b47ba8c01154eeab2369d4106287ace7e71a625f54f0ba6b56,train
data/dataset/Very_Mild_Demented/verymild_502.jpg,verymild_502.jpg,Very Mild Demented,VeryMildDemented,128,128,1,2561378c59ae1359ae5907255d9eebf5af57a2ed734bd236c0c683891403ae86,train
data/dataset/Very_Mild_Demented/verymild_589.jpg,verymild_589.jpg,Very Mild Demented,VeryMildDemented,128,128,1,a05b29b76d62ae559fc32cc1130bd95bcbefcc44649f3e741486a479af82332c,train
data/dataset/Very_Mild_Demented/verymild_631.jpg,verymild_631.jpg,Very Mild Demented,VeryMildDemented,128,128,1,98bbb0257c57a7ccb72a6a48f3e1e4295dead844f27f2a4e8e33b81d4f8e1ed1,train
data/dataset/Very_Mild_Demented/verymild_1738.jpg,verymild_1738.jpg,Very Mild Demented,VeryMildDemented,128,128,1,8477a2387979a25dc698fa6ad0992270d098655517b4f2db2a3b07a60bf3a0f1,train
data/dataset/Very_Mild_Demented/verymild_2043.jpg,verymild_2043.jpg,Very Mild Demented,VeryMildDemented,128,128,1,303d8d0dcd8bc4539cef588104bd8ff8b2dce81d661a95e79695b48bad80b5c2,train
data/dataset/Very_Mild_Demented/verymild_2115.jpg,verymild_2115.jpg,Very Mild Demented,VeryMildDemented,128,128,1,b6144f83fd468c8636a9d7189a36a8aad32bf738c105aeb5ef6ee5c0ad0fceb8,train
data/dataset/Very_Mild_Demented/verymild_722.jpg,verymild_722.jpg,Very Mild Demented,VeryMildDemented,128,128,1,7e8d462a4c8e705719969d503906d88f58a623cf707c417b830dd2dcc4ee8d37,train
data/dataset/Very_Mild_Demented/verymild_1329.jpg,verymild_1329.jpg,Very Mild Demented,VeryMildDemented,128,128,1,8c11e5e83ae97bc09fc6db1dadf0d8354f97e0b70f2099506191255441a7ceb4,train
data/dataset/Very_Mild_Demented/verymild_1551.jpg,verymild_1551.jpg,Very Mild Demented,VeryMildDemented,128,128,1,134148d7b9386b199ccf96a79431ad3be5133dd33433502b2a652c3a158f8e03,train
data/dataset/Very_Mild_Demented/verymild_1705.jpg,verymild_1705.jpg,Very Mild Demented,VeryMildDemented,128,128,1,aaf14d615ff47c2b25b5318cd775eb7bb7225f8c4b58a44e20ae7fcc7ce80114,train
data/dataset/Very_Mild_Demented/verymild_1207.jpg,verymild_1207.jpg,Very Mild Demented,VeryMildDemented,128,128,1,fbed2b7e8c256dc28fdfa936d55bd877e8201acf2836e26121e9cd943074ae8b,train
data/dataset/Very_Mild_Demented/verymild_1670.jpg,verymild_1670.jpg,Very Mild Demented,VeryMildDemented,128,128,1,af7744b7866d0a0b025a0898f477e03ce0f6a354bc84ea11d276e35a12fb2bfd,train
data/dataset/Very_Mild_Demented/verymild_878.jpg,verymild_878.jpg,Very Mild Demented,VeryMildDemented,128,128,1,4eb8d1d46ee2c4028aa78e4979c3e36baf41b27fe816edfacb8f8fa9a948bb80,train
data/dataset/Very_Mild_Demented/verymild_294.jpg,verymild_294.jpg,Very Mild Demented,VeryMildDemented,128,128,1,4f927309af0a7c0917e7d9b047f08d6f111e3bb418d92b633ea07d5a7673e325,train
data/dataset/Very_Mild_Demented/verymild_436.jpg,verymild_436.jpg,Very Mild Demented,VeryMildDemented,128,128,1,f20827e9b85f2dd7163f0cdbacffc10f67c02189cac23dfc93ae1cfb12e58309,train
data/dataset/Very_Mild_Demented/verymild_1758.jpg,verymild_1758.jpg,Very Mild Demented,VeryMildDemented,128,128,1,9da59b5f22e141a05229b743254a0001ee64dddaf2bddb2c388ba13166ac7d76,train
data/dataset/Very_Mild_Demented/verymild_1964.jpg,verymild_1964.jpg,Very Mild Demented,VeryMildDemented,128,128,1,02da72dfee3f5ee417f93978bd51d2b52e95ab0695009ac996aa9d79a143075e,train
data/dataset/Very_Mild_Demented/verymild_1953.jpg,verymild_1953.jpg,Very Mild Demented,VeryMildDemented,128,128,1,0cf450d736774d86f51ddbf990048385fbe660f2548aaf8796d72cda64a9a30f,train
data/dataset/Very_Mild_Demented/verymild_902.jpg,verymild_902.jpg,Very Mild Demented,VeryMildDemented,128,128,1,9ba95cbd22ebfe2b49655f3994b5ebadf16c4c9201545f8d8bc33d3d5ee98d49,train
data/dataset/Very_Mild_Demented/verymild_1710.jpg,verymild_1710.jpg,Very Mild Demented,VeryMildDemented,128,128,1,2bcc69e4841ed82f224e172653570cbbedd3cf0de2f18dfda7626ad3f7bb9529,train
data/dataset/Very_Mild_Demented/verymild_2163.jpg,verymild_2163.jpg,Very Mild Demented,VeryMildDemented,128,128,1,8bbe4b40bbe2a2145faab74b80e979e48fa65a4310943ebe67c402e9f140d1b7,train
data/dataset/Very_Mild_Demented/verymild_200.jpg,verymild_200.jpg,Very Mild Demented,VeryMildDemented,128,128,1,2e439b3adecefe1a9eceee3d7c66cd986f8ac38a472905b6e887b20c82e28df6,train
data/dataset/Very_Mild_Demented/verymild_1653.jpg,verymild_1653.jpg,Very Mild Demented,VeryMildDemented,128,128,1,ce9a17b60042f51d07b5dee6583ca8b5d399f59f750c6d6bf8540b496dbf50e9,train
data/dataset/Very_Mild_Demented/verymild_2074.jpg,verymild_2074.jpg,Very Mild Demented,VeryMildDemented,128,128,1,49c879cae15406974ff13a25287ce9851738cdf9f8865c2892854d04ac1bffce,train
data/dataset/Very_Mild_Demented/verymild_1542.jpg,verymild_1542.jpg,Very Mild Demented,VeryMildDemented,128,128,1,e5de40db9b9eb0c542188e76aa6c593274028c4c2f40ac1b3371f8f39bb84b0f,train
data/dataset/Very_Mild_Demented/verymild_1227.jpg,verymild_1227.jpg,Very Mild Demented,VeryMildDemented,128,128,1,b43bce998398da27a82eb6cc30ed36264dd434e258be0db22074aa7d41cc5e50,train
data/dataset/Very_Mild_Demented/verymild_1153.jpg,verymild_1153.jpg,Very Mild Demented,VeryMildDemented,128,128,1,616b317adf26c428d6cccb71804a4b20a16aa942dadc5b665913a20d3269f603,train
data/dataset/Very_Mild_Demented/verymild_1215.jpg,verymild_1215.jpg,Very Mild Demented,VeryMildDemented,128,128,1,3754f53b0fdb81ed7bb4e4a5854f259303959576a9ad8614b87d7fd9c1ac072e,train
data/dataset/Very_Mild_Demented/verymild_1662.jpg,verymild_1662.jpg,Very Mild Demented,VeryMildDemented,128,128,1,acffa05d25e753d63dbbfd3692bffd7a0522bb6946e291b472ade19b4e6420fc,train
data/dataset/Very_Mild_Demented/verymild_1782.jpg,verymild_1782.jpg,Very Mild Demented,VeryMildDemented,128,128,1,aac63dbca87692c2f0783a879e5118d87b855d65478d7104e1fff808a555a011,train
data/dataset/Very_Mild_Demented/verymild_560.jpg,verymild_560.jpg,Very Mild Demented,VeryMildDemented,128,128,1,81c5eca2637899dccd8adb817ee55282fa5a68e36672b82e03664f5fb7fe5718,train
data/dataset/Very_Mild_Demented/verymild_1847.jpg,verymild_1847.jpg,Very Mild Demented,VeryMildDemented,128,128,1,7ca74fa7b16ae3cbb80f7f13fc73655163aad17ec5d84f1d4c21021a1fefe098,train
data/dataset/Very_Mild_Demented/verymild_956.jpg,verymild_956.jpg,Very Mild Demented,VeryMildDemented,128,128,1,fb2525b75f91b0d626c39b96a0fc7e505b61e7ad34c705328eb6386ee0852c84,train
data/dataset/Very_Mild_Demented/verymild_602.jpg,verymild_602.jpg,Very Mild Demented,VeryMildDemented,128,128,1,666843f8b3b5a63785beb990268a0c247b6e8596ed8eb2570519e2d633946026,train
data/dataset/Very_Mild_Demented/verymild_2149.jpg,verymild_2149.jpg,Very Mild Demented,VeryMildDemented,128,128,1,bee9bacf8dbb67725c221948452b00ab34d1d7b488340c79f99236251d6bb3a4,train
data/dataset/Very_Mild_Demented/verymild_754.jpg,verymild_754.jpg,Very Mild Demented,VeryMildDemented,128,128,1,3393209deab2b9485a0aa3b99423dca5990b6d170a413fa5e346b9f999a3326e,train
data/dataset/Very_Mild_Demented/verymild_665.jpg,verymild_665.jpg,Very Mild Demented,VeryMildDemented,128,128,1,7f5ebb4056f87b675cb5f11dd22c9b3db46e1d0bda4dd819578e6bad23aa85e7,train
data/dataset/Very_Mild_Demented/verymild_2066.jpg,verymild_2066.jpg,Very Mild Demented,VeryMildDemented,128,128,1,bf65cf8d55a4fc939c2cd99c75b4140396fe47ed9245911a406605d8ba965f95,train
data/dataset/Very_Mild_Demented/verymild_37.jpg,verymild_37.jpg,Very Mild Demented,VeryMildDemented,128,128,1,ee4819c05f723403849dd57ac98a28fc88565c7ae023412e3b88a39d78eeea2a,train
data/dataset/Very_Mild_Demented/verymild_1121.jpg,verymild_1121.jpg,Very Mild Demented,VeryMildDemented,128,128,1,dbbeb0caa764af54e37983da49754fb7db3ab6aa8ba03c12010d75e27f8a78fb,train
data/dataset/Very_Mild_Demented/verymild_20.jpg,verymild_20.jpg,Very Mild Demented,VeryMildDemented,128,128,1,dc61b3dfc0c212b6ab27d025bc04d47c6215a3a43f761e16eb26a2b9c9e50942,train
data/dataset/Very_Mild_Demented/verymild_2085.jpg,verymild_2085.jpg,Very Mild Demented,VeryMildDemented,128,128,1,effeec2a3ae6507fe72df4dd638068eb7b0f152eea45862527711a4cad5cfd28,train
data/dataset/Very_Mild_Demented/verymild_1255.jpg,verymild_1255.jpg,Very Mild Demented,VeryMildDemented,128,128,1,98370f25d523176272ebea6e12e595e8f1c75b06f866fa16e0d4a5508e74b16b,train
data/dataset/Very_Mild_Demented/verymild_1417.jpg,verymild_1417.jpg,Very Mild Demented,VeryMildDemented,128,128,1,774389383d3e75e5225dcb528be3bd06880e447558c2120cf0f96e833edeb847,train
data/dataset/Very_Mild_Demented/verymild_1532.jpg,verymild_1532.jpg,Very Mild Demented,VeryMildDemented,128,128,1,919594119ec451c1dedb7a51be245937a932e6792aeee0e6a4a29a36592cb1fc,train
data/dataset/Very_Mild_Demented/verymild_1618.jpg,verymild_1618.jpg,Very Mild Demented,VeryMildDemented,128,128,1,e6454dad045bfb60104c80d5284b0d5fd6a9b7f27ed2fdaa8d41bdaa27baaf12,train
data/dataset/Very_Mild_Demented/verymild_1367.jpg,verymild_1367.jpg,Very Mild Demented,VeryMildDemented,128,128,1,c116fd32b31b2fcaadc76c1ccab859ed343696456f603c42f3f49140fc6a9bd2,train
data/dataset/Very_Mild_Demented/verymild_1819.jpg,verymild_1819.jpg,Very Mild Demented,VeryMildDemented,128,128,1,c03e99a08fdfd6df30cbbf7993874a881b1b8136f11897c9862cfd4f5cf505c0,train
data/dataset/Very_Mild_Demented/verymild_1927.jpg,verymild_1927.jpg,Very Mild Demented,VeryMildDemented,128,128,1,ced9717549095c5ba0bd5f8eab1ffd6a8d58e368da01e37f665ed81501fd56aa,train
data/dataset/Very_Mild_Demented/verymild_1519.jpg,verymild_1519.jpg,Very Mild Demented,VeryMildDemented,128,128,1,086e1079f9d97b694a35d64890d80fef4b8b29d406791feaa456e3aefa506d10,train
data/dataset/Very_Mild_Demented/verymild_2139.jpg,verymild_2139.jpg,Very Mild Demented,VeryMildDemented,128,128,1,7ef42913ddf151cb082b4e738d60a86888d56de15e45da5a4c4860b11f3ff003,train
data/dataset/Very_Mild_Demented/verymild_306.jpg,verymild_306.jpg,Very Mild Demented,VeryMildDemented,128,128,1,18d85a1e9f2429ea44b96cb11b6de00ec319be704276549c59c72fc4d62bbef3,train
data/dataset/Very_Mild_Demented/verymild_155.jpg,verymild_155.jpg,Very Mild Demented,VeryMildDemented,128,128,1,36b57d490b932644fe4207b2110bab9084361ca099fdbc6176f4b6eb7bcba854,train
data/dataset/Very_Mild_Demented/verymild_363.jpg,verymild_363.jpg,Very Mild Demented,VeryMildDemented,128,128,1,7fd5eafd8ca6ade5fc2fa7a3dc29e8c325c677c3ca2e40295dda3a212366a7f4,train
data/dataset/Very_Mild_Demented/verymild_1861.jpg,verymild_1861.jpg,Very Mild Demented,VeryMildDemented,128,128,1,cd3da5b100efa2cbe441f6008e54838bccf85a9c0a48682153150a21e7307324,train
data/dataset/Very_Mild_Demented/verymild_1726.jpg,verymild_1726.jpg,Very Mild Demented,VeryMildDemented,128,128,1,2e44bb3ac1cd6b0a43137ffda867a40c5e0c8cd69832e5d00cd75586df43e029,train
data/dataset/Very_Mild_Demented/verymild_981.jpg,verymild_981.jpg,Very Mild Demented,VeryMildDemented,128,128,1,4e6d7ac0b41054b48bffeba8ec282a16b7d449e0fecffb5a2a21464a6ad6eeb8,train
data/dataset/Very_Mild_Demented/verymild_253.jpg,verymild_253.jpg,Very Mild Demented,VeryMildDemented,128,128,1,4e51df68355a1f1a84cae10bc3df2c13ea642d098f92804c3ccc5691eca5bc94,train
data/dataset/Very_Mild_Demented/verymild_1690.jpg,verymild_1690.jpg,Very Mild Demented,VeryMildDemented,128,128,1,5d5824074f033cf7278bcfa7a0bed73177d8b5294dab56d174264cfedc2dff48,train
data/dataset/Very_Mild_Demented/verymild_446.jpg,verymild_446.jpg,Very Mild Demented,VeryMildDemented,128,128,1,a32d12ace89c510e5366e83550c34ee638cb125e63607d2b45ac490d89e2a118,train
data/dataset/Very_Mild_Demented/verymild_1968.jpg,verymild_1968.jpg,Very Mild Demented,VeryMildDemented,128,128,1,bc35c7fc71798626a3ef9c1e67a1f3b8fadc9e06e111f28aeedfc70e2cc02995,train
data/dataset/Very_Mild_Demented/verymild_1226.jpg,verymild_1226.jpg,Very Mild Demented,VeryMildDemented,128,128,1,5fdb5228a15e5eefc82fefcd10f5ecc7fbc234a2796f9b0bb72884ede025a342,train
data/dataset/Very_Mild_Demented/verymild_1977.jpg,verymild_1977.jpg,Very Mild Demented,VeryMildDemented,128,128,1,5d5edcd1d2a8634fbde53ad4d0e66b71b6337b85715e591789cce6c30f46114d,train
data/dataset/Very_Mild_Demented/verymild_1786.jpg,verymild_1786.jpg,Very Mild Demented,VeryMildDemented,128,128,1,9fdbec6809d58d49f11219c1e01d578ed72ef711f84a02da475763067c62acad,train
data/dataset/Very_Mild_Demented/verymild_292.jpg,verymild_292.jpg,Very Mild Demented,VeryMildDemented,128,128,1,e4d2d093ae3ebba753e1f6215ec475dd483ff33fc5d2001a5b9f4acab51448fd,train
data/dataset/Very_Mild_Demented/verymild_1117.jpg,verymild_1117.jpg,Very Mild Demented,VeryMildDemented,128,128,1,4807a94b43d8d28c17646864ceb00524bfe46f7efdc04e9f3b2b439c05aba9bc,train
data/dataset/Very_Mild_Demented/verymild_2236.jpg,verymild_2236.jpg,Very Mild Demented,VeryMildDemented,128,128,1,a8f20a4334ad51085a7ade07f932a02ed624becb2fb663957dc6da845ca2dd48,train
data/dataset/Very_Mild_Demented/verymild_566.jpg,verymild_566.jpg,Very Mild Demented,VeryMildDemented,128,128,1,23f72fb3160b69a75792f2b97e05fdf59ce62f5dfb6b794a2238f96bce39c709,train
data/dataset/Very_Mild_Demented/verymild_528.jpg,verymild_528.jpg,Very Mild Demented,VeryMildDemented,128,128,1,e96fc10ea29f61a99b4e761fe9fdae5434bbb92883e4d18a7ae418900d5a961f,train
data/dataset/Very_Mild_Demented/verymild_344.jpg,verymild_344.jpg,Very Mild Demented,VeryMildDemented,128,128,1,57634ed0585a8a36132b7cc9b9357f9fba63d4cd3f14bdf9d96d85f8d3800f81,train
data/dataset/Very_Mild_Demented/verymild_452.jpg,verymild_452.jpg,Very Mild Demented,VeryMildDemented,128,128,1,aa58b89622e87bb873283f48f4cf4f3e5ee0f47edab1422874fee6204d7824d4,train
data/dataset/Very_Mild_Demented/verymild_435.jpg,verymild_435.jpg,Very Mild Demented,VeryMildDemented,128,128,1,efdcfe54000e9c15e54d21e430ad72d4cf8a509d328cb7277006a6c20b40b7e0,train
data/dataset/Very_Mild_Demented/verymild_1471.jpg,verymild_1471.jpg,Very Mild Demented,VeryMildDemented,128,128,1,8c0dd767727e3dff39aa1242e69f1a35b271ca63b7af50565183c57d467099f4,train
data/dataset/Very_Mild_Demented/verymild_1567.jpg,verymild_1567.jpg,Very Mild Demented,VeryMildDemented,128,128,1,f970b3f3885d014e4b2ced33a89b286e64a2629062cb45725776dd58c03b6a7a,train
data/dataset/Very_Mild_Demented/verymild_376.jpg,verymild_376.jpg,Very Mild Demented,VeryMildDemented,128,128,1,cb906decc383cf851f8e2c65e861f1e9ad703c3a81a7a0696d04370f00450238,train
data/dataset/Very_Mild_Demented/verymild_133.jpg,verymild_133.jpg,Very Mild Demented,VeryMildDemented,128,128,1,716ae2888a3ece6a65e87b81729846204f28db97e20c2de60f35a41582c8a8b1,train
data/dataset/Very_Mild_Demented/verymild_601.jpg,verymild_601.jpg,Very Mild Demented,VeryMildDemented,128,128,1,83120b3658f6919b4541d2affbe93aa3b3cee44cd2bdf4c6b321bca460ff3752,train
data/dataset/Very_Mild_Demented/verymild_282.jpg,verymild_282.jpg,Very Mild Demented,VeryMildDemented,128,128,1,0b62bef9d41a7fd2b548b1fcf07237127ead979b9a8cbfdf3af6ed526bb52f06,train
data/dataset/Very_Mild_Demented/verymild_1320.jpg,verymild_1320.jpg,Very Mild Demented,VeryMildDemented,128,128,1,32bb60495e7f8b9e275b85ca510fe777dafbe6b1a0c4fc834bab4ae9893a03b5,train
data/dataset/Very_Mild_Demented/verymild_2195.jpg,verymild_2195.jpg,Very Mild Demented,VeryMildDemented,128,128,1,e28752b6bbb7fb2c93f70ddd42b78c9b0b33e012e4f0c7f7639bddaccc23c30f,train
data/dataset/Very_Mild_Demented/verymild_1812.jpg,verymild_1812.jpg,Very Mild Demented,VeryMildDemented,128,128,1,721a47b121986c56d98bb987394bd410cce8d1733f5b2915c5a6c383293d7477,train
data/dataset/Very_Mild_Demented/verymild_2010.jpg,verymild_2010.jpg,Very Mild Demented,VeryMildDemented,128,128,1,10d6216e8334cd45121d30f7c276238590f11ce5eb9db71fa097cb7e986d0884,train
data/dataset/Very_Mild_Demented/verymild_1695.jpg,verymild_1695.jpg,Very Mild Demented,VeryMildDemented,128,128,1,b899ed96332757bfd3e1bf001e719831c90def6eeb87b918ffa9f13935da6fb8,train
data/dataset/Very_Mild_Demented/verymild_216.jpg,verymild_216.jpg,Very Mild Demented,VeryMildDemented,128,128,1,76f78b78e29ee5e54261e0b9f7bbdd838f45bd24dfc6f52ddc4fac88a42b70ec,train
data/dataset/Very_Mild_Demented/verymild_1056.jpg,verymild_1056.jpg,Very Mild Demented,VeryMildDemented,128,128,1,7f2291d83748299c126e24d33ed19e123aa5f448fde14b831a67ad8c1409a344,train
data/dataset/Very_Mild_Demented/verymild_2120.jpg,verymild_2120.jpg,Very Mild Demented,VeryMildDemented,128,128,1,9ad7aa7c37129fe3a212a5a99442a19b6b39de06d310911336317ac581edd083,train
data/dataset/Very_Mild_Demented/verymild_691.jpg,verymild_691.jpg,Very Mild Demented,VeryMildDemented,128,128,1,5d760de7e4adc7975d1dba0dd36f8988de59405f9bd0f6fd7a26d9e86536fdb1,train
data/dataset/Very_Mild_Demented/verymild_1558.jpg,verymild_1558.jpg,Very Mild Demented,VeryMildDemented,128,128,1,dd5423633c75d1f66c5bab8acc4612b2440a057c09b4b087f583d9bc5f9ecea8,train
data/dataset/Very_Mild_Demented/verymild_742.jpg,verymild_742.jpg,Very Mild Demented,VeryMildDemented,128,128,1,5733d8d05b23a92babf953d912456c25d1b992d829442ecbbbe3bb266e65c505,train
data/dataset/Very_Mild_Demented/verymild_1917.jpg,verymild_1917.jpg,Very Mild Demented,VeryMildDemented,128,128,1,4dd673ad0a229570020032fb20ac02f53e9c80ab531a2d7d0d4d7509fc93b78b,train
data/dataset/Very_Mild_Demented/verymild_625.jpg,verymild_625.jpg,Very Mild Demented,VeryMildDemented,128,128,1,27d324eb332e68890343f10a9ef465e39f303881231efcf72775622ad919c479,train
data/dataset/Very_Mild_Demented/verymild_595.jpg,verymild_595.jpg,Very Mild Demented,VeryMildDemented,128,128,1,f9164fe64c7efa28c4adac89198cf93af18f59b2ae9fe43f1004273c6637c348,train
data/dataset/Very_Mild_Demented/verymild_1837.jpg,verymild_1837.jpg,Very Mild Demented,VeryMildDemented,128,128,1,ccfa5753178e52562e090270d1ab12d3ff50767a8b6e2411764ae30f6b43e74d,train
data/dataset/Very_Mild_Demented/verymild_1932.jpg,verymild_1932.jpg,Very Mild Demented,VeryMildDemented,128,128,1,1ac973f5ea3c2f3789c3c0eafe2a4e6a9831bf55bf3fc487efbd7614724a748a,train
data/dataset/Very_Mild_Demented/verymild_1004.jpg,verymild_1004.jpg,Very Mild Demented,VeryMildDemented,128,128,1,e3a0b62948ddbcacb8452f072c62b2e6301dddc6e367a4b5a709475ba80f3846,train
data/dataset/Very_Mild_Demented/verymild_2231.jpg,verymild_2231.jpg,Very Mild Demented,VeryMildDemented,128,128,1,c83fd42c752d8f637f0595b3962606d66a4a904d2c3dce0e512af6cb1d1283e1,train
data/dataset/Very_Mild_Demented/verymild_1382.jpg,verymild_1382.jpg,Very Mild Demented,VeryMildDemented,128,128,1,4ec06ca2e479e68bc9bde51d72a7c51302e6d8245a077c896bc1146bf17186a5,train
data/dataset/Very_Mild_Demented/verymild_1290.jpg,verymild_1290.jpg,Very Mild Demented,VeryMildDemented,128,128,1,ddaf23f77149b4c40a92655f8738614a657e3b55d29fa80964003e96030e2e7b,train
data/dataset/Very_Mild_Demented/verymild_958.jpg,verymild_958.jpg,Very Mild Demented,VeryMildDemented,128,128,1,46cb7ecb94372f3b2c9d6f40068e2f815b3d5cbbba6b810b9b79b0803a7195c5,train
data/dataset/Very_Mild_Demented/verymild_209.jpg,verymild_209.jpg,Very Mild Demented,VeryMildDemented,128,128,1,a476f37c62d055b8d9af8df05312a172ef02b675e00d5ce93f16dc23f2f0553c,train
data/dataset/Very_Mild_Demented/verymild_1060.jpg,verymild_1060.jpg,Very Mild Demented,VeryMildDemented,128,128,1,7ec6718909dd6bed0b81fe3367a54aea65944daaf62f27a52cd10d982333e507,train
data/dataset/Very_Mild_Demented/verymild_379.jpg,verymild_379.jpg,Very Mild Demented,VeryMildDemented,128,128,1,1018c7baba186981fd481e1f4fcf3207481ac8dd21c8a67931f8b1209717398f,train
data/dataset/Very_Mild_Demented/verymild_1209.jpg,verymild_1209.jpg,Very Mild Demented,VeryMildDemented,128,128,1,35c261fb5e488be1470de9aeb773415a43e1d8f014f88c3a305275ea845769b0,train
data/dataset/Very_Mild_Demented/verymild_259.jpg,verymild_259.jpg,Very Mild Demented,VeryMildDemented,128,128,1,be3504f71df2fe890d2dfc8ec57c8b4963226745d82449c8568ab7321928a070,train
data/dataset/Very_Mild_Demented/verymild_1489.jpg,verymild_1489.jpg,Very Mild Demented,VeryMildDemented,128,128,1,c12c5ec01e801de1e2e5dcf0b3af3551c0d574d09828057bb3b5c1d2a8d3d04e,train
data/dataset/Very_Mild_Demented/verymild_1637.jpg,verymild_1637.jpg,Very Mild Demented,VeryMildDemented,128,128,1,cc2361e5c56990406e39b43590755a4b4a23f8b0d0a0d89a6bccc05c4e4d1357,train
data/dataset/Very_Mild_Demented/verymild_1839.jpg,verymild_1839.jpg,Very Mild Demented,VeryMildDemented,128,128,1,09989489533f82dabffd37b383e02d4e470fca41f2451a2dea6eaa798c9c9e84,train
data/dataset/Very_Mild_Demented/verymild_918.jpg,verymild_918.jpg,Very Mild Demented,VeryMildDemented,128,128,1,88f07c6736aa58ff31cd8de4647db89160a6ea1bc9ae14714cf8c8e6cf243f9d,train
data/dataset/Very_Mild_Demented/verymild_178.jpg,verymild_178.jpg,Very Mild Demented,VeryMildDemented,128,128,1,57e387902a74b830754ab31d856354533b081f9cc85697022a4a332b059ad526,train
data/dataset/Very_Mild_Demented/verymild_1242.jpg,verymild_1242.jpg,Very Mild Demented,VeryMildDemented,128,128,1,bde7305da9a2f617fc1d1674b8215490134e779717c5cba98fadbe4e066d96ab,train
data/dataset/Very_Mild_Demented/verymild_1781.jpg,verymild_1781.jpg,Very Mild Demented,VeryMildDemented,128,128,1,65576fd32992e70746dcebf0db1aa11a97ae7c23acb48d6afcb73db38e8a1d99,train
data/dataset/Very_Mild_Demented/verymild_2019.jpg,verymild_2019.jpg,Very Mild Demented,VeryMildDemented,128,128,1,344bcf73990829d65287adc4b27e647016a1ad48422f3cbd71b97c79783df557,train
data/dataset/Very_Mild_Demented/verymild_507.jpg,verymild_507.jpg,Very Mild Demented,VeryMildDemented,128,128,1,526f110b560ffb137445de82aa0d604ebcca0b6d2e75f15ac8f6551bb7446ef8,train
data/dataset/Very_Mild_Demented/verymild_1055.jpg,verymild_1055.jpg,Very Mild Demented,VeryMildDemented,128,128,1,7fec2b34cad2c106be7aa9382f59587bd41c504466e9100dfc7ef214294fb245,train
data/dataset/Very_Mild_Demented/verymild_1332.jpg,verymild_1332.jpg,Very Mild Demented,VeryMildDemented,128,128,1,b15fe4d2946bfd4a0d6eb571cd0790cccd6ed7084fb8efae6a2e961c0b9d16dc,train
data/dataset/Very_Mild_Demented/verymild_993.jpg,verymild_993.jpg,Very Mild Demented,VeryMildDemented,128,128,1,63c86d19a37cdd29119d933f38f4a239519eba2363e74fcde0256a54e1ff2370,train
data/dataset/Very_Mild_Demented/verymild_1595.jpg,verymild_1595.jpg,Very Mild Demented,VeryMildDemented,128,128,1,5d7eeb82ad8db44055b43dd93c7764189dfbf80d905a49a8b4a4ac87829dcc69,train
data/dataset/Very_Mild_Demented/verymild_1067.jpg,verymild_1067.jpg,Very Mild Demented,VeryMildDemented,128,128,1,06067ecf73bbb8da5db1a7cdb6b53b9e6b236a575941cd2d78a6c8d1e0cc28c0,train
data/dataset/Very_Mild_Demented/verymild_575.jpg,verymild_575.jpg,Very Mild Demented,VeryMildDemented,128,128,1,8a206743035cd6e087c0440e5fae0fb832231382ccb93f858e4739b94f0baeff,train
data/dataset/Very_Mild_Demented/verymild_1805.jpg,verymild_1805.jpg,Very Mild Demented,VeryMildDemented,128,128,1,a949d6baa7d934b32c027fb491a5c4db5aa51f5b37fd3eb84f574a4470f6101f,train
data/dataset/Very_Mild_Demented/verymild_356.jpg,verymild_356.jpg,Very Mild Demented,VeryMildDemented,128,128,1,312970ff682a438ee8c3015f0acc98aba503eb875ce1e186df4c778605681612,train
data/dataset/Very_Mild_Demented/verymild_758.jpg,verymild_758.jpg,Very Mild Demented,VeryMildDemented,128,128,1,4130d05f4c45fdeea8cdc65933b268d8fdcb7b4a457bae8dffe887db298392df,train
data/dataset/Very_Mild_Demented/verymild_1336.jpg,verymild_1336.jpg,Very Mild Demented,VeryMildDemented,128,128,1,08bebfa6241324117716191b793c25d8ccab1f52ffcf75697e025d2c88d4b5f0,train
data/dataset/Very_Mild_Demented/verymild_474.jpg,verymild_474.jpg,Very Mild Demented,VeryMildDemented,128,128,1,87be420d17f41cd7df6ed6db483650ea62ee77f0cb3ac038c2a3f13246e09da0,train
data/dataset/Very_Mild_Demented/verymild_651.jpg,verymild_651.jpg,Very Mild Demented,VeryMildDemented,128,128,1,45e18092496aa1386ae73dfd8bd815d3b0ae641fc6cfc58182635da4616c1f4f,train
data/dataset/Very_Mild_Demented/verymild_1980.jpg,verymild_1980.jpg,Very Mild Demented,VeryMildDemented,128,128,1,dc3db6fe0feef62d47885aba3e23a7531a85ea411e4d03e6f70f5441b53875b0,train
data/dataset/Very_Mild_Demented/verymild_2109.jpg,verymild_2109.jpg,Very Mild Demented,VeryMildDemented,128,128,1,a2c5bced3e57c690e71d437505da3f17ef06220c6b0c4265327b82234d6ec81a,train
data/dataset/Very_Mild_Demented/verymild_420.jpg,verymild_420.jpg,Very Mild Demented,VeryMildDemented,128,128,1,1e4be74d6a9ab5c0cbbbbc39247cfcef09a405a94230850f8910214f037d0eb5,train
data/dataset/Very_Mild_Demented/verymild_670.jpg,verymild_670.jpg,Very Mild Demented,VeryMildDemented,128,128,1,48d393525116a83dc90e850259d9f9448493709234ea19aea5422ff5535681fd,train
data/dataset/Very_Mild_Demented/verymild_383.jpg,verymild_383.jpg,Very Mild Demented,VeryMildDemented,128,128,1,839b6e8a72e16583ddecdbac4eb9fd753759b2a5ab95b71ac702d43e3bee4d7e,train
data/dataset/Very_Mild_Demented/verymild_1323.jpg,verymild_1323.jpg,Very Mild Demented,VeryMildDemented,128,128,1,c20553b8a7c9b9bb7e81e06debb522e7848d614db9ff40ea870f66514cee242c,train
data/dataset/Very_Mild_Demented/verymild_972.jpg,verymild_972.jpg,Very Mild Demented,VeryMildDemented,128,128,1,96c58b3fb34de4152f6aa79e06ca70441b3e76e79449473cb8357073b83f4456,train
data/dataset/Very_Mild_Demented/verymild_1505.jpg,verymild_1505.jpg,Very Mild Demented,VeryMildDemented,128,128,1,cb9aa2823df255e49998bf5ca669ae7fea2ff4ada45018e5d5c72bd2d6aa9c95,train
data/dataset/Very_Mild_Demented/verymild_25.jpg,verymild_25.jpg,Very Mild Demented,VeryMildDemented,128,128,1,9c41a3660bd91b3f5f107802c182e19c0f38da5ac9d66e0104befb3267a2330b,train
data/dataset/Very_Mild_Demented/verymild_230.jpg,verymild_230.jpg,Very Mild Demented,VeryMildDemented,128,128,1,539fff715bb541d2d93bff9fe06ecad89e91c6237402d6d6e5befdf66e3e3e43,train
data/dataset/Very_Mild_Demented/verymild_919.jpg,verymild_919.jpg,Very Mild Demented,VeryMildDemented,128,128,1,c1cf57fffd3ef5ebd442b03c66af6d5bc2b0b1e49383a0131b9adcf808c2ebf4,train
data/dataset/Very_Mild_Demented/verymild_367.jpg,verymild_367.jpg,Very Mild Demented,VeryMildDemented,128,128,1,98108c657cf292a808b88c4fa6f0a5768d4e985783f51e19e13adb73522ce7b3,train
data/dataset/Very_Mild_Demented/verymild_1006.jpg,verymild_1006.jpg,Very Mild Demented,VeryMildDemented,128,128,1,5851586dd6ee0032b4d57ae69a79bb9e761a50c5f246daf359b2bcc534a4c052,train
data/dataset/Very_Mild_Demented/verymild_1863.jpg,verymild_1863.jpg,Very Mild Demented,VeryMildDemented,128,128,1,791411884df2d7b2171157312c93958c50794030d9fafce7240f98419eacddd8,train
data/dataset/Very_Mild_Demented/verymild_1568.jpg,verymild_1568.jpg,Very Mild Demented,VeryMildDemented,128,128,1,057f30407e5cc325056c226abe2a69f7d91bff718be8668af3469e1ba43718c2,train
data/dataset/Very_Mild_Demented/verymild_2202.jpg,verymild_2202.jpg,Very Mild Demented,VeryMildDemented,128,128,1,e151437b3f83c2761ff26bbfd3110e4bf5a306c1a2011bc6411855f87d6cdd16,train
data/dataset/Very_Mild_Demented/verymild_1931.jpg,verymild_1931.jpg,Very Mild Demented,VeryMildDemented,128,128,1,5e21f09df1697216aa777fd0dfc7b89121bab8cb880fc22220fcb95ff899853d,train
data/dataset/Very_Mild_Demented/verymild_454.jpg,verymild_454.jpg,Very Mild Demented,VeryMildDemented,128,128,1,1974ecb5ec938ed147cd78fa53902b8923b206869793a936c805e3f949f26faf,train
data/dataset/Very_Mild_Demented/verymild_933.jpg,verymild_933.jpg,Very Mild Demented,VeryMildDemented,128,128,1,ff9f4a2f91cdaaea867a6b915439ae5b5517f354d01e5bc735c5098a9c1d06c1,train
data/dataset/Very_Mild_Demented/verymild_1369.jpg,verymild_1369.jpg,Very Mild Demented,VeryMildDemented,128,128,1,3fcc57edd90f01dec5703c6bc30a818da0a6c03556002e1916bf5fa31543b61d,train
data/dataset/Very_Mild_Demented/verymild_1611.jpg,verymild_1611.jpg,Very Mild Demented,VeryMildDemented,128,128,1,953c95846393adaec05cc75b36aff76c54a91349cd85641284c5c26b6512ed1a,train
data/dataset/Very_Mild_Demented/verymild_1846.jpg,verymild_1846.jpg,Very Mild Demented,VeryMildDemented,128,128,1,4fcb6f30f56ba98c9dc0858ae09c98015a5a557c01f657a51c0fd2f84f85aa38,train
data/dataset/Very_Mild_Demented/verymild_1109.jpg,verymild_1109.jpg,Very Mild Demented,VeryMildDemented,128,128,1,9b6ccb6e5b0d65c4f9cd040fc31f847bfb6f3f0f2ee7c64b346b39c4bfca5fce,train
data/dataset/Very_Mild_Demented/verymild_644.jpg,verymild_644.jpg,Very Mild Demented,VeryMildDemented,128,128,1,e6f11023befded52356d0d6377fbe6281558ebf263116854a14bb0b8c1f49865,train
data/dataset/Very_Mild_Demented/verymild_1868.jpg,verymild_1868.jpg,Very Mild Demented,VeryMildDemented,128,128,1,557d4158de9206b9b4ddceeb7e825e3b7ab874582d4218c074857aae6918a3d7,train
data/dataset/Very_Mild_Demented/verymild_988.jpg,verymild_988.jpg,Very Mild Demented,VeryMildDemented,128,128,1,eea571f3d06ff48db915035629aef055082d0ceb355c0b892be65b2edcf3505c,train
data/dataset/Very_Mild_Demented/verymild_1592.jpg,verymild_1592.jpg,Very Mild Demented,VeryMildDemented,128,128,1,590cf047d619663f58e6830d2ead4f64cb2e4866a74827635d4eefed0657eeac,train
data/dataset/Very_Mild_Demented/verymild_1081.jpg,verymild_1081.jpg,Very Mild Demented,VeryMildDemented,128,128,1,91e0484dd3654f0e52d2796f367da9dbce736ff529687d1083e5290f91b6893e,train
data/dataset/Very_Mild_Demented/verymild_1862.jpg,verymild_1862.jpg,Very Mild Demented,VeryMildDemented,128,128,1,20eccf0dbd26ea9def2784a3e5ba7bbdc1cb064b4f0d6c236a6dfe18da8b12c3,train
data/dataset/Very_Mild_Demented/verymild_938.jpg,verymild_938.jpg,Very Mild Demented,VeryMildDemented,128,128,1,9cd9f49666ca82f6701a61317ef0907397a96888b63095daa007802747b92e67,train
data/dataset/Very_Mild_Demented/verymild_1973.jpg,verymild_1973.jpg,Very Mild Demented,VeryMildDemented,128,128,1,997c7e12b4e82f62ca2ab8f7c489578e80ff45169d88366da7e603174196a624,train
data/dataset/Very_Mild_Demented/verymild_1660.jpg,verymild_1660.jpg,Very Mild Demented,VeryMildDemented,128,128,1,973d23df09f2ff8eff24d5df180f4dda53b97c9dba79d3a61d3547afa21f21fc,train
data/dataset/Very_Mild_Demented/verymild_278.jpg,verymild_278.jpg,Very Mild Demented,VeryMildDemented,128,128,1,b140e03df10259de92a6099b4c084f3dde4fab214ef6b7bb701cac713e77c5a3,train
data/dataset/Very_Mild_Demented/verymild_1922.jpg,verymild_1922.jpg,Very Mild Demented,VeryMildDemented,128,128,1,5198d44423b2dc8f1fabfeb23047892a516e9f532dc4d1d0d24e9231918103da,train
data/dataset/Very_Mild_Demented/verymild_1530.jpg,verymild_1530.jpg,Very Mild Demented,VeryMildDemented,128,128,1,0d2c78244b559db996d34c6c6770b7700cbdf3614871f05cf54286dfd9930b79,train
data/dataset/Very_Mild_Demented/verymild_187.jpg,verymild_187.jpg,Very Mild Demented,VeryMildDemented,128,128,1,20d31d045f67a0ca50b30758d45a3ca8b67a9becd02f457134aff373bab6aa01,train
data/dataset/Very_Mild_Demented/verymild_614.jpg,verymild_614.jpg,Very Mild Demented,VeryMildDemented,128,128,1,21ee9ed7af60597cefbb7d24b14b190f0c9e1d379f618c4927ef4872f5d92298,train
data/dataset/Very_Mild_Demented/verymild_1284.jpg,verymild_1284.jpg,Very Mild Demented,VeryMildDemented,128,128,1,df4df6cbc56f0f39163ba644b2e986fa919f151a21757f3cdfdb0d5be48078dc,train
data/dataset/Very_Mild_Demented/verymild_1023.jpg,verymild_1023.jpg,Very Mild Demented,VeryMildDemented,128,128,1,4916bac42c244c506292967a3e5bd024e6d0dd720693824a0a2a4a83a74ccc1e,train
data/dataset/Very_Mild_Demented/verymild_1077.jpg,verymild_1077.jpg,Very Mild Demented,VeryMildDemented,128,128,1,90a867826fc190ed016339c5a06e0daf6c5a753f59dc10f0c6c5998b07ce28a9,train
data/dataset/Very_Mild_Demented/verymild_332.jpg,verymild_332.jpg,Very Mild Demented,VeryMildDemented,128,128,1,2dffa4a14606dcca6a8758200a4c5b3804e816356313686d5f37cfdd73da73ec,train
data/dataset/Very_Mild_Demented/verymild_982.jpg,verymild_982.jpg,Very Mild Demented,VeryMildDemented,128,128,1,0bd29803ee13b10b9361c423a56e9c3fe34a964e0250ecf03ebec46e493dfdc2,train
data/dataset/Very_Mild_Demented/verymild_1038.jpg,verymild_1038.jpg,Very Mild Demented,VeryMildDemented,128,128,1,33e7b4196847dd59de8b809690fdf089a5b87841e3b8c419251771be4166fa48,train
data/dataset/Very_Mild_Demented/verymild_445.jpg,verymild_445.jpg,Very Mild Demented,VeryMildDemented,128,128,1,9724a6c8fd7555295c02c331918e73594ea2bbea9aa5c0b151c6a75e7f12f090,train
data/dataset/Very_Mild_Demented/verymild_1807.jpg,verymild_1807.jpg,Very Mild Demented,VeryMildDemented,128,128,1,7fd48a3ee4c0f9867b66220e4816994a33f3e726d8b1850851f25984a2da5298,train
data/dataset/Very_Mild_Demented/verymild_191.jpg,verymild_191.jpg,Very Mild Demented,VeryMildDemented,128,128,1,b1385413c65b9bff4e4157a09de6c690412075e8d442d5f5be15a95d659753ad,train
data/dataset/Very_Mild_Demented/verymild_539.jpg,verymild_539.jpg,Very Mild Demented,VeryMildDemented,128,128,1,16addb980768e496414da8a5eef9dafac6497f9e28d73bbcd1f7689130be7dec,train
data/dataset/Very_Mild_Demented/verymild_726.jpg,verymild_726.jpg,Very Mild Demented,VeryMildDemented,128,128,1,e0c9bb76e0fac0ee31c3f6fa46efea4709ce9079761399fa55117a4a588b2dfd,train
data/dataset/Very_Mild_Demented/verymild_1024.jpg,verymild_1024.jpg,Very Mild Demented,VeryMildDemented,128,128,1,a3aedc5ed2712fcd84e35992bf424f3ab2dc0cc7f0ef92f32113b2d400250030,train
data/dataset/Very_Mild_Demented/verymild_541.jpg,verymild_541.jpg,Very Mild Demented,VeryMildDemented,128,128,1,9d4773015e3cad73bfcbafc9a95d9ca453dd1314fccf1233207e38a213408bd9,train
data/dataset/Very_Mild_Demented/verymild_1986.jpg,verymild_1986.jpg,Very Mild Demented,VeryMildDemented,128,128,1,923c79914721b922344eb0e7bf51dda80272f8bae185d4d73c6cac157f63025a,train
data/dataset/Very_Mild_Demented/verymild_749.jpg,verymild_749.jpg,Very Mild Demented,VeryMildDemented,128,128,1,48024d39d4416cdd8611a601952ba7b5c182fbde6b3f5b1d6c39d353b12f7749,train
data/dataset/Very_Mild_Demented/verymild_1097.jpg,verymild_1097.jpg,Very Mild Demented,VeryMildDemented,128,128,1,8e783be625121c975e1d67018ebc083e1195ff84928947d68054abe56ff7e2d5,train
data/dataset/Very_Mild_Demented/verymild_286.jpg,verymild_286.jpg,Very Mild Demented,VeryMildDemented,128,128,1,fe0e90756894b8dcbba1e142c0f6a35d8ed67120bb04db6a760e3abf15bde682,train
data/dataset/Very_Mild_Demented/verymild_701.jpg,verymild_701.jpg,Very Mild Demented,VeryMildDemented,128,128,1,e42c6f666aa7bf5baf49c181ba0c8ddccdac14d68048852046b0da9d546b3317,train
data/dataset/Very_Mild_Demented/verymild_545.jpg,verymild_545.jpg,Very Mild Demented,VeryMildDemented,128,128,1,d302c7efb11de775d51b33598e81ed4dbb57720e49cc283f576d4615e700174c,train
data/dataset/Very_Mild_Demented/verymild_1464.jpg,verymild_1464.jpg,Very Mild Demented,VeryMildDemented,128,128,1,1275752f84d8fbd768e64717ab4f310a5cc589fe4ab41d9510c7044da1fc0538,train
data/dataset/Very_Mild_Demented/verymild_1981.jpg,verymild_1981.jpg,Very Mild Demented,VeryMildDemented,128,128,1,2742c7f319121546a8dfbc2d8272b37d1d2ad97fe7e81184bda56766c3e0b006,train
data/dataset/Very_Mild_Demented/verymild_2156.jpg,verymild_2156.jpg,Very Mild Demented,VeryMildDemented,128,128,1,75fc75133a183c60f0bc48d8a409c7bb5e44926ba36acf6d6d11c56b63479c71,train
data/dataset/Very_Mild_Demented/verymild_1877.jpg,verymild_1877.jpg,Very Mild Demented,VeryMildDemented,128,128,1,6d464ec9ea3ad2cab902c3800663789ea3ad524c041d571fc77a944e4bb5fe42,train
data/dataset/Very_Mild_Demented/verymild_1692.jpg,verymild_1692.jpg,Very Mild Demented,VeryMildDemented,128,128,1,3d75ca5c0a6c8a88e745f59130d17dfc7b1f17ce30edb364c31390bc195e08c9,train
data/dataset/Very_Mild_Demented/verymild_2182.jpg,verymild_2182.jpg,Very Mild Demented,VeryMildDemented,128,128,1,8a891468da7f0475687cc8e15ac4eaac0466ebc14ebd55172d43d21fe7024f19,train
data/dataset/Very_Mild_Demented/verymild_1485.jpg,verymild_1485.jpg,Very Mild Demented,VeryMildDemented,128,128,1,c5bf2ee29f3e8a0762efdd47f20012b41d253f5e6bc5bdba168773c2e0982d79,train
data/dataset/Very_Mild_Demented/verymild_305.jpg,verymild_305.jpg,Very Mild Demented,VeryMildDemented,128,128,1,8cd8509373f63046de1755c0d716b66743724b866c8e2c7dd39c341acedfd64f,train
data/dataset/Very_Mild_Demented/verymild_1613.jpg,verymild_1613.jpg,Very Mild Demented,VeryMildDemented,128,128,1,6bed365e13b158e7725cf10fc4c3f95949522169629e4f42e6e5354b9655f8f3,train
data/dataset/Very_Mild_Demented/verymild_233.jpg,verymild_233.jpg,Very Mild Demented,VeryMildDemented,128,128,1,b77b15c2839bafb2216a8fa1ff4cbeb38d4b80fd2df60ba236e8f56fad617d9b,train
data/dataset/Very_Mild_Demented/verymild_800.jpg,verymild_800.jpg,Very Mild Demented,VeryMildDemented,128,128,1,be43d5ff591910d0cc83886d05c2536c82cd8577a4fa2f598d3afb6bb7999697,train
data/dataset/Very_Mild_Demented/verymild_270.jpg,verymild_270.jpg,Very Mild Demented,VeryMildDemented,128,128,1,7fede4de7cc1a99feaeb6c9c439c0e1d0d67fb4d458a80b2ea1099cc23457f5b,train
data/dataset/Very_Mild_Demented/verymild_468.jpg,verymild_468.jpg,Very Mild Demented,VeryMildDemented,128,128,1,2d3c5c6be18f5fc01fa653576d6c0fa81cef5086191d4602390de6bd2647f7a0,train
data/dataset/Very_Mild_Demented/verymild_1911.jpg,verymild_1911.jpg,Very Mild Demented,VeryMildDemented,128,128,1,dc21a38a1badc8fe08d83f40a777a47bbab9e3cef37e602e24a7c679f49b73fd,train
data/dataset/Very_Mild_Demented/verymild_1676.jpg,verymild_1676.jpg,Very Mild Demented,VeryMildDemented,128,128,1,9b86b5d4f1f250bb386322ff57ea6eae8acb18325be471b04e95ab0146770693,train
data/dataset/Very_Mild_Demented/verymild_936.jpg,verymild_936.jpg,Very Mild Demented,VeryMildDemented,128,128,1,1d72ce502ee92003d250393dc3e295440b03d514bd452050a871104de8f860c3,train
data/dataset/Very_Mild_Demented/verymild_2190.jpg,verymild_2190.jpg,Very Mild Demented,VeryMildDemented,128,128,1,f053e380ca69955c8d26366db03c60899c55855060fbfb287a268fdcaf0ff393,train
data/dataset/Very_Mild_Demented/verymild_1322.jpg,verymild_1322.jpg,Very Mild Demented,VeryMildDemented,128,128,1,c33da3c76e4cdfedd879e638da39cfdcc0888eae0a183d1507f5ddc4ea3e3db6,train
data/dataset/Very_Mild_Demented/verymild_1373.jpg,verymild_1373.jpg,Very Mild Demented,VeryMildDemented,128,128,1,484af9cc1af37212463ac71c665f3ff70ab14a82a9afa0fbecb9c5b028336a55,train
data/dataset/Very_Mild_Demented/verymild_1487.jpg,verymild_1487.jpg,Very Mild Demented,VeryMildDemented,128,128,1,f31d72a9623d9ae224124ed258b00056755977daf214bbcdb5209c41a866a6f0,train
data/dataset/Very_Mild_Demented/verymild_1850.jpg,verymild_1850.jpg,Very Mild Demented,VeryMildDemented,128,128,1,aaab2c16084a65bc205f9c6feb1793ade00952c39f7583144cdf74520c3a1f6a,train
data/dataset/Very_Mild_Demented/verymild_431.jpg,verymild_431.jpg,Very Mild Demented,VeryMildDemented,128,128,1,058a3ebff8a4e62134c7a71524f8f04a9531f4e40fa7daa13c3f731d65edaa54,train
data/dataset/Very_Mild_Demented/verymild_1808.jpg,verymild_1808.jpg,Very Mild Demented,VeryMildDemented,128,128,1,5bdb3c6303d9cbf6c66de2a33f91f6ad374e32d515e7aa3ce139167950329aa3,train
data/dataset/Very_Mild_Demented/verymild_2078.jpg,verymild_2078.jpg,Very Mild Demented,VeryMildDemented,128,128,1,0537bbb1b6f0c241b026b58df3118548962eeb2d45c3c199af3a69f0e57ab19f,train
data/dataset/Very_Mild_Demented/verymild_17.jpg,verymild_17.jpg,Very Mild Demented,VeryMildDemented,128,128,1,afc5b26320701e62ee58b11db2cbdee182df144dd84be03e12155d3a71055baf,train
data/dataset/Very_Mild_Demented/verymild_689.jpg,verymild_689.jpg,Very Mild Demented,VeryMildDemented,128,128,1,8a96016843ebe5355f6084527815b89749c4f467c9b630d8c69ff7af8ddf9ea5,train
data/dataset/Very_Mild_Demented/verymild_1667.jpg,verymild_1667.jpg,Very Mild Demented,VeryMildDemented,128,128,1,9adb7b742809a23a464183fef7c7a5ba97f3b9aaa4c3e5ef9c3e1375aa86b907,train
data/dataset/Very_Mild_Demented/verymild_296.jpg,verymild_296.jpg,Very Mild Demented,VeryMildDemented,128,128,1,242a4f0a62502b0bcc3e02ac09b1688617b59b3d55e4f348f7cae35321bf0ae2,train
data/dataset/Very_Mild_Demented/verymild_2121.jpg,verymild_2121.jpg,Very Mild Demented,VeryMildDemented,128,128,1,6174a9b32d782cffc54190d8347d56e3b710428d46ef699910b75382dcf969a3,train
data/dataset/Very_Mild_Demented/verymild_1989.jpg,verymild_1989.jpg,Very Mild Demented,VeryMildDemented,128,128,1,dd0ae3b127ea95f181d5b698d16d460abed3a14ba922de7f7558dc85b7cc02b2,train
data/dataset/Very_Mild_Demented/verymild_1399.jpg,verymild_1399.jpg,Very Mild Demented,VeryMildDemented,128,128,1,e8a46c3dc06e38b21608f32e08c88ba7240f0c522f5555fb4ee51d7114d5c6c4,train
data/dataset/Very_Mild_Demented/verymild_682.jpg,verymild_682.jpg,Very Mild Demented,VeryMildDemented,128,128,1,c22cb20c7ce714f3f5a1ab941c026fbc759daf021976099478bce8dcc4eac1bc,train
data/dataset/Very_Mild_Demented/verymild_667.jpg,verymild_667.jpg,Very Mild Demented,VeryMildDemented,128,128,1,8d09d3b60345a2d5955e93d9f8759548f520d3d382900e3350ca51c8ca30a3b6,train
data/dataset/Very_Mild_Demented/verymild_819.jpg,verymild_819.jpg,Very Mild Demented,VeryMildDemented,128,128,1,d262fe8573aa3b46f46cf73e1036d537930343330842c9f1f16382dbe2e1c4a0,train
data/dataset/Very_Mild_Demented/verymild_1145.jpg,verymild_1145.jpg,Very Mild Demented,VeryMildDemented,128,128,1,18575cc5e19bd130af64d567b8660ce86c9835063f96e1dd73d914a3ed70d47d,train
data/dataset/Very_Mild_Demented/verymild_235.jpg,verymild_235.jpg,Very Mild Demented,VeryMildDemented,128,128,1,3becd74dc6347108d7062c6d5e5614fa5af514720533929d474cd5e298b99279,train
data/dataset/Very_Mild_Demented/verymild_909.jpg,verymild_909.jpg,Very Mild Demented,VeryMildDemented,128,128,1,a35e624204ce5dbe45ec06df2bfe3e77be137880725492d71b3811f85e41d0b1,train
data/dataset/Very_Mild_Demented/verymild_1236.jpg,verymild_1236.jpg,Very Mild Demented,VeryMildDemented,128,128,1,564645abf69fd8656e143e2f242e6bf510c57aab7f94b59ae291b5abaa605df1,train
data/dataset/Very_Mild_Demented/verymild_1021.jpg,verymild_1021.jpg,Very Mild Demented,VeryMildDemented,128,128,1,88eb1b4b0f4d0412abf1df716e3f499ad2d9859306223a13115dd1885e0a278c,train
data/dataset/Very_Mild_Demented/verymild_263.jpg,verymild_263.jpg,Very Mild Demented,VeryMildDemented,128,128,1,c0dc7bb0541f7f7ed55d5186b221ca01baa941ab45d8929981fbea4c736c56fa,train
data/dataset/Very_Mild_Demented/verymild_2151.jpg,verymild_2151.jpg,Very Mild Demented,VeryMildDemented,128,128,1,f99e3a1e3d69b6b3015da7a12c7b3a84a61825d5431d08e93f9e80157d2f7914,train
data/dataset/Very_Mild_Demented/verymild_380.jpg,verymild_380.jpg,Very Mild Demented,VeryMildDemented,128,128,1,83cc600857e40a7f50822da6c40a625843bedc8600eff265d56ade585eeb559a,train
data/dataset/Very_Mild_Demented/verymild_640.jpg,verymild_640.jpg,Very Mild Demented,VeryMildDemented,128,128,1,05df1cb33a2560c6166dd0253f38c7b237d7ba71ff5ee053ef3b68cc962c7a36,train
data/dataset/Very_Mild_Demented/verymild_248.jpg,verymild_248.jpg,Very Mild Demented,VeryMildDemented,128,128,1,818bc2b4b36aab0a702cf9dbc849d227c4b975550947b7ebfa604de4ec633497,train
data/dataset/Very_Mild_Demented/verymild_852.jpg,verymild_852.jpg,Very Mild Demented,VeryMildDemented,128,128,1,19cc83678ff3cbf1da84b5fae2ceb13c0d3da8f180819b489b7133a1fdbec8fd,train
data/dataset/Very_Mild_Demented/verymild_325.jpg,verymild_325.jpg,Very Mild Demented,VeryMildDemented,128,128,1,f04643043f4b4a07c68ac8dcad3cfe89ecb67222acc9acf3ed548ccad98b6077,train
data/dataset/Very_Mild_Demented/verymild_1228.jpg,verymild_1228.jpg,Very Mild Demented,VeryMildDemented,128,128,1,779ec98431af21f1d0fd2ec89a10ce50677a7ae1fe4f076720fb29f1cb79e483,train
data/dataset/Very_Mild_Demented/verymild_1099.jpg,verymild_1099.jpg,Very Mild Demented,VeryMildDemented,128,128,1,e4a0d6160c26706ec0b8f3d041d285b93bc884d80f0f1845991f2d86a4099698,train
data/dataset/Very_Mild_Demented/verymild_1102.jpg,verymild_1102.jpg,Very Mild Demented,VeryMildDemented,128,128,1,2dbf18f4882718f744311f438e16beccffc712b09e622576614f532d80f52045,train
data/dataset/Very_Mild_Demented/verymild_67.jpg,verymild_67.jpg,Very Mild Demented,VeryMildDemented,128,128,1,dda6e444499c942a5a9663cc69dcc361b2ef7fdfbaaae18cfb7e347df65b45ce,train
data/dataset/Very_Mild_Demented/verymild_1279.jpg,verymild_1279.jpg,Very Mild Demented,VeryMildDemented,128,128,1,546e21cf8c4aefac9161d363a834fbd127138ac29352199c74de4d01b1ae53f6,train
data/dataset/Very_Mild_Demented/verymild_1834.jpg,verymild_1834.jpg,Very Mild Demented,VeryMildDemented,128,128,1,1621e220d1b50f22407e6d28b7e792512b19108e7c7fd677660e3aeb2e2df353,train
data/dataset/Very_Mild_Demented/verymild_1355.jpg,verymild_1355.jpg,Very Mild Demented,VeryMildDemented,128,128,1,2fe4905d5a06bda65c034e96e44cfb2fba76ad48c6081e77611a7938c5eb375e,train
data/dataset/Very_Mild_Demented/verymild_1088.jpg,verymild_1088.jpg,Very Mild Demented,VeryMildDemented,128,128,1,f9680d857be3dbf4c9463deadb234854cfb85031a0d940b13f4e8a434b6e459c,train
data/dataset/Very_Mild_Demented/verymild_1463.jpg,verymild_1463.jpg,Very Mild Demented,VeryMildDemented,128,128,1,c9f3ff7945e8f95f97feacd7b1bef7f98e2745d7a05b21a1edf447d4bb587968,train
data/dataset/Very_Mild_Demented/verymild_2148.jpg,verymild_2148.jpg,Very Mild Demented,VeryMildDemented,128,128,1,e1db3f073822e428e54d093679ecbad8f89c0cc8dd794700a597e59d7c269650,train
data/dataset/Very_Mild_Demented/verymild_1386.jpg,verymild_1386.jpg,Very Mild Demented,VeryMildDemented,128,128,1,5f6af1f1b137b6fda2840800845c07c06bd9e3a0c28189e5b5d7acd3f14146ce,train
data/dataset/Very_Mild_Demented/verymild_113.jpg,verymild_113.jpg,Very Mild Demented,VeryMildDemented,128,128,1,9846cb719aca6d672767531a3e83906d8934fadadbc67a949e18ce2df019906d,train
data/dataset/Very_Mild_Demented/verymild_1139.jpg,verymild_1139.jpg,Very Mild Demented,VeryMildDemented,128,128,1,96b16b3cb40a8b4a6bcbfa9c025dadce25f3c5339de262d913a257f76f1b25a1,train
data/dataset/Very_Mild_Demented/verymild_1460.jpg,verymild_1460.jpg,Very Mild Demented,VeryMildDemented,128,128,1,613ec61c1cb7c976a65715622ae694e4b9cdf1fcdd062f237e22e9603406cde5,train
data/dataset/Very_Mild_Demented/verymild_1508.jpg,verymild_1508.jpg,Very Mild Demented,VeryMildDemented,128,128,1,c52806227c6584dda37309861968aeb42fcb51e9377bfa8335251baf599c2c3f,train
data/dataset/Very_Mild_Demented/verymild_458.jpg,verymild_458.jpg,Very Mild Demented,VeryMildDemented,128,128,1,316c8d63722c9831551c74c59659296203e715b7d0a5c1c830283018093a8da3,train
data/dataset/Very_Mild_Demented/verymild_183.jpg,verymild_183.jpg,Very Mild Demented,VeryMildDemented,128,128,1,b03a9743aa7a97f749fb3dd154e28ad2184a111524c430e008de1182e57ff0bf,train
data/dataset/Very_Mild_Demented/verymild_1216.jpg,verymild_1216.jpg,Very Mild Demented,VeryMildDemented,128,128,1,3c4cfd40476fba0cd9cf3f6c084a0c74ca08a665ef97e0269379008bbd7e03e7,train
data/dataset/Very_Mild_Demented/verymild_945.jpg,verymild_945.jpg,Very Mild Demented,VeryMildDemented,128,128,1,3ed4242548178dad4963a3d841606f10a51912dba3b15a563bcbe2f5c7519c71,train
data/dataset/Very_Mild_Demented/verymild_677.jpg,verymild_677.jpg,Very Mild Demented,VeryMildDemented,128,128,1,ccb7860d7f6a3d7193c25e918186a16387bf3289a1fe9edec9c9974c6192b5c4,train
data/dataset/Very_Mild_Demented/verymild_903.jpg,verymild_903.jpg,Very Mild Demented,VeryMildDemented,128,128,1,2dab41fd2a9d12c786b5a979c3aaafc8f7007dec847be719dd3bebddae42fe85,train
data/dataset/Very_Mild_Demented/verymild_2212.jpg,verymild_2212.jpg,Very Mild Demented,VeryMildDemented,128,128,1,87946a6ace80498b80b974a806d0e85eebd57cce077fa5993a763530cf0e4932,train
data/dataset/Very_Mild_Demented/verymild_1292.jpg,verymild_1292.jpg,Very Mild Demented,VeryMildDemented,128,128,1,5d89d7fd3481bc84414e15d186e826cba547cc49a942851d6de01c92af5928bf,train
data/dataset/Very_Mild_Demented/verymild_1036.jpg,verymild_1036.jpg,Very Mild Demented,VeryMildDemented,128,128,1,4d969c1e4f204d509b99ba0b4af0932e002f0e1c9aa574532e8d42313c194206,train
data/dataset/Very_Mild_Demented/verymild_2137.jpg,verymild_2137.jpg,Very Mild Demented,VeryMildDemented,128,128,1,9875f4c175934d2cd54457eb986341e6fa1bb6742dac50a63a8f631adb5ae47f,train
data/dataset/Very_Mild_Demented/verymild_865.jpg,verymild_865.jpg,Very Mild Demented,VeryMildDemented,128,128,1,b4c9e74ee927f5b4ee6f27aa6cd015cca84e4129085d862d70ca0d541fb28b66,train
data/dataset/Very_Mild_Demented/verymild_1871.jpg,verymild_1871.jpg,Very Mild Demented,VeryMildDemented,128,128,1,843c5836df4b2a1cf7fb0871ac53d442fa032f3514ba277766dfcbcaf900abfb,train
data/dataset/Very_Mild_Demented/verymild_1987.jpg,verymild_1987.jpg,Very Mild Demented,VeryMildDemented,128,128,1,829adef8e131fb1edf24eb8c8bc094866a63e2bb29abe1e84a69db917c50b236,train
data/dataset/Very_Mild_Demented/verymild_520.jpg,verymild_520.jpg,Very Mild Demented,VeryMildDemented,128,128,1,11078d655cea865e7510c1050a39641e2fd4d419745f29a725fd77ab441ca6c6,train
data/dataset/Very_Mild_Demented/verymild_1569.jpg,verymild_1569.jpg,Very Mild Demented,VeryMildDemented,128,128,1,3d835e3bac0b29322648d07fa839a0cd449ed981727741eea80426c99a64e90c,train
data/dataset/Very_Mild_Demented/verymild_959.jpg,verymild_959.jpg,Very Mild Demented,VeryMildDemented,128,128,1,7cb753a041b04a31d5dc36ccd82660e61214a5532ffbc1d51a71c471f6479b13,train
data/dataset/Very_Mild_Demented/verymild_1233.jpg,verymild_1233.jpg,Very Mild Demented,VeryMildDemented,128,128,1,5bdc499db9842387c813e449c985ae5320843865509d19e346e4b0dd4ed55347,train
data/dataset/Very_Mild_Demented/verymild_2165.jpg,verymild_2165.jpg,Very Mild Demented,VeryMildDemented,128,128,1,b6204b6b855455e706a9a3afcd73db7094f321e2247bf30a959d856770d7d089,train
data/dataset/Very_Mild_Demented/verymild_449.jpg,verymild_449.jpg,Very Mild Demented,VeryMildDemented,128,128,1,2dcec35f96dfdf155784243afbf34e9528fc08edd774219e636af8ede2343977,train
data/dataset/Very_Mild_Demented/verymild_1700.jpg,verymild_1700.jpg,Very Mild Demented,VeryMildDemented,128,128,1,fc80ffd12c98b44cfde34545eedefac48abc57372b3632e3981f7fd6229f29d5,train
data/dataset/Very_Mild_Demented/verymild_175.jpg,verymild_175.jpg,Very Mild Demented,VeryMildDemented,128,128,1,67e803f2c0ac473ba36265a6fb1527053a6a90b097e5bf7e131b9977f54e1003,train
data/dataset/Very_Mild_Demented/verymild_1663.jpg,verymild_1663.jpg,Very Mild Demented,VeryMildDemented,128,128,1,bc5a803543dec1fa7d812b1ddf1a97636f28729576cc1f9cd58f822a92be360a,train
data/dataset/Very_Mild_Demented/verymild_1243.jpg,verymild_1243.jpg,Very Mild Demented,VeryMildDemented,128,128,1,fcf6eb0d94094f3ee153571ee51a2a020e4bff1b3748ed8e4272e1b3b30a6cc0,train
data/dataset/Very_Mild_Demented/verymild_1643.jpg,verymild_1643.jpg,Very Mild Demented,VeryMildDemented,128,128,1,c03c4d5c2b225c0ca0e52834a391478c93ccfd036bf29c812f834dab90b1a45b,train
data/dataset/Very_Mild_Demented/verymild_156.jpg,verymild_156.jpg,Very Mild Demented,VeryMildDemented,128,128,1,db93d5e490e563d36b5eef7b20d0728df0d1df22935ca3b66b48d8cae9ae9949,train
data/dataset/Very_Mild_Demented/verymild_866.jpg,verymild_866.jpg,Very Mild Demented,VeryMildDemented,128,128,1,0d21826c07138639e91471a246724c440b50591d811d47010282736226a44533,train
data/dataset/Very_Mild_Demented/verymild_1578.jpg,verymild_1578.jpg,Very Mild Demented,VeryMildDemented,128,128,1,4f7ca5833d540a28f287fc64ae5a1e55f22fee0197d66fda83fcca895cbf1f26,train
data/dataset/Very_Mild_Demented/verymild_812.jpg,verymild_812.jpg,Very Mild Demented,VeryMildDemented,128,128,1,7081e0072e45516dc891dd9a9b503589de899a095e2622e1ec7fe4e2c3b15c1e,train
data/dataset/Very_Mild_Demented/verymild_1909.jpg,verymild_1909.jpg,Very Mild Demented,VeryMildDemented,128,128,1,9e3920d0b7a42c71e2c4f15a78d567c908054d85ee5e6bb65c6ef0bcf3ef309b,train
data/dataset/Very_Mild_Demented/verymild_2122.jpg,verymild_2122.jpg,Very Mild Demented,VeryMildDemented,128,128,1,c9bf7eda959f5b16a0992701eaa1dd18bccb87d497451d09bb3475504804b9b4,train
data/dataset/Very_Mild_Demented/verymild_1345.jpg,verymild_1345.jpg,Very Mild Demented,VeryMildDemented,128,128,1,57f4dc18e68ffcd2f8178ab9efcd4f9fcda7411d022efc44f2471e3adee14469,train
data/dataset/Very_Mild_Demented/verymild_16.jpg,verymild_16.jpg,Very Mild Demented,VeryMildDemented,128,128,1,ece93b215c624c85589094dc84bccabde24ff9ed10a6dafe1f3619c3f7d8c44b,train
data/dataset/Very_Mild_Demented/verymild_587.jpg,verymild_587.jpg,Very Mild Demented,VeryMildDemented,128,128,1,10042a156c8abca19d089504634e79a360d0767ccb045308eb64bc1de7bd27a6,train
data/dataset/Very_Mild_Demented/verymild_2033.jpg,verymild_2033.jpg,Very Mild Demented,VeryMildDemented,128,128,1,9f527b5ce994082b624601fffa76a98947898a5e7796a4719f5e49e48e1c93a0,train
data/dataset/Very_Mild_Demented/verymild_2021.jpg,verymild_2021.jpg,Very Mild Demented,VeryMildDemented,128,128,1,44a0c195bd09e4294ff1cacf4357a3ff6c828f8516abfd73c22dca7230fe1cbc,train
data/dataset/Very_Mild_Demented/verymild_265.jpg,verymild_265.jpg,Very Mild Demented,VeryMildDemented,128,128,1,1edd24799ebc1d03456dfc52998b46131d65d640cf599f87c57a6d35fc49b821,train
data/dataset/Very_Mild_Demented/verymild_1087.jpg,verymild_1087.jpg,Very Mild Demented,VeryMildDemented,128,128,1,5f71d5005a5714f768743c35ea84f6f60fe5ba54e95b4175e49e9248f5269716,train
data/dataset/Very_Mild_Demented/verymild_1035.jpg,verymild_1035.jpg,Very Mild Demented,VeryMildDemented,128,128,1,cd44a1292930b238198a20efc8dc798ffbc8a23bf55e682621964c2ebf49c415,train
data/dataset/Very_Mild_Demented/verymild_925.jpg,verymild_925.jpg,Very Mild Demented,VeryMildDemented,128,128,1,e1155a6703073918cd99badff53cad13a9335eca9416b70748afaa9b509b4a9f,train
data/dataset/Very_Mild_Demented/verymild_1978.jpg,verymild_1978.jpg,Very Mild Demented,VeryMildDemented,128,128,1,0cd31124a454e668ef25a1f3629861a04276281af4d8635ddf1928d06489dd82,train
data/dataset/Very_Mild_Demented/verymild_1488.jpg,verymild_1488.jpg,Very Mild Demented,VeryMildDemented,128,128,1,b2ab40e7daecc2d16c25db494fdaf93d588b1c2e579638ab162a22fe310bb364,train
data/dataset/Very_Mild_Demented/verymild_1172.jpg,verymild_1172.jpg,Very Mild Demented,VeryMildDemented,128,128,1,0a10ac516979a47dc3c2c93c33b05179c0d606cc4c59805b172db85b12c20f99,train
data/dataset/Very_Mild_Demented/verymild_555.jpg,verymild_555.jpg,Very Mild Demented,VeryMildDemented,128,128,1,d3c981732136f974254b7661b57e5f00a629b0a81ef09044141b9596dacaaf07,train
data/dataset/Very_Mild_Demented/verymild_827.jpg,verymild_827.jpg,Very Mild Demented,VeryMildDemented,128,128,1,b4bb0e65cd1b3faf5976d8774add9d390db4108ef1cacf06c8129b2fa4f826e2,train
data/dataset/Very_Mild_Demented/verymild_2199.jpg,verymild_2199.jpg,Very Mild Demented,VeryMildDemented,128,128,1,c1b8cd198bc31f8489e5d4effc54d6294e9da997351c79b254b59b8c769c97b8,train
data/dataset/Very_Mild_Demented/verymild_1034.jpg,verymild_1034.jpg,Very Mild Demented,VeryMildDemented,128,128,1,69d06fb0bc2025de7db7e17982866c249bc81b750e0363f283794891faf82f3c,train
data/dataset/Very_Mild_Demented/verymild_1822.jpg,verymild_1822.jpg,Very Mild Demented,VeryMildDemented,128,128,1,dca2ab624d0cd45a46a38085175b92ffbbfdb56a4741de62d1d7713b56838066,train
data/dataset/Very_Mild_Demented/verymild_1333.jpg,verymild_1333.jpg,Very Mild Demented,VeryMildDemented,128,128,1,96040c0119740c0a54f74061e14a8ae996135f6650357bc65a61f8e5924e183c,train
data/dataset/Very_Mild_Demented/verymild_535.jpg,verymild_535.jpg,Very Mild Demented,VeryMildDemented,128,128,1,23f8a796a362b22a502f5a3c5efe70727b7724926280832414ed12e8a2d8c4f7,train
data/dataset/Very_Mild_Demented/verymild_1459.jpg,verymild_1459.jpg,Very Mild Demented,VeryMildDemented,128,128,1,a035f5863b461ea7990d360586d6804da90f5740a177671c102b62a19e942dff,train
data/dataset/Very_Mild_Demented/verymild_1091.jpg,verymild_1091.jpg,Very Mild Demented,VeryMildDemented,128,128,1,ec51d95116d6d515f4252b53e3c98666863b126add26ecc0a3e7987992fe7740,train
data/dataset/Very_Mild_Demented/verymild_1606.jpg,verymild_1606.jpg,Very Mild Demented,VeryMildDemented,128,128,1,cf137493f9b358717155f7b68a09003daa08b55a3326983317bb61d04d45b997,train
data/dataset/Very_Mild_Demented/verymild_1661.jpg,verymild_1661.jpg,Very Mild Demented,VeryMildDemented,128,128,1,27cb5f905c8a9b766cbbfd12de60f08a2b7a163254b1207150171b489b8a874e,train
data/dataset/Very_Mild_Demented/verymild_1094.jpg,verymild_1094.jpg,Very Mild Demented,VeryMildDemented,128,128,1,f7904c71c0f0b29567810f5ba3a5ef394140c8429573eb62b802f39e7b66eca8,train
data/dataset/Very_Mild_Demented/verymild_2045.jpg,verymild_2045.jpg,Very Mild Demented,VeryMildDemented,128,128,1,3432f6a959a6f59d1576405452a581632e33dd06535e61f94fa43ad8dc875be0,train
data/dataset/Very_Mild_Demented/verymild_1859.jpg,verymild_1859.jpg,Very Mild Demented,VeryMildDemented,128,128,1,3046d47783e42d4584058ba27de1d397f419f2af9e3c0d188484d24491389891,train
data/dataset/Very_Mild_Demented/verymild_489.jpg,verymild_489.jpg,Very Mild Demented,VeryMildDemented,128,128,1,15ed724839ce5ac6a202083deafecebb59ca281059a3a2b9c6b5780dc89afbed,train
data/dataset/Very_Mild_Demented/verymild_556.jpg,verymild_556.jpg,Very Mild Demented,VeryMildDemented,128,128,1,f5f778fd6b652016eb4bd8d090f830f08b9ab3b3b81aae66582f2d4d6b40c0f4,train
data/dataset/Very_Mild_Demented/verymild_949.jpg,verymild_949.jpg,Very Mild Demented,VeryMildDemented,128,128,1,8f5da619982962b3eb92f6dc2433b9d781c7de23c3e492a2211645f810595bb7,train
data/dataset/Very_Mild_Demented/verymild_542.jpg,verymild_542.jpg,Very Mild Demented,VeryMildDemented,128,128,1,b9a1ce52f435b3bb091a846d9e8f38fbaeb448cfbc237ea26dc07c3339979f66,train
data/dataset/Very_Mild_Demented/verymild_1626.jpg,verymild_1626.jpg,Very Mild Demented,VeryMildDemented,128,128,1,3351e01416b08a0144754bc58f82acf069bf61e06f72322937c9ca294795fa9d,train
data/dataset/Very_Mild_Demented/verymild_2083.jpg,verymild_2083.jpg,Very Mild Demented,VeryMildDemented,128,128,1,b25a21abca8862a266a561de6a09ed5b325075f432b4a5a010a96ef72c1a09ba,train
data/dataset/Very_Mild_Demented/verymild_1017.jpg,verymild_1017.jpg,Very Mild Demented,VeryMildDemented,128,128,1,64ebe9e688f2d326866d4608ffa86fcee1aeaf2958bd837aada2f7282dce2a07,train
data/dataset/Very_Mild_Demented/verymild_637.jpg,verymild_637.jpg,Very Mild Demented,VeryMildDemented,128,128,1,1a8ae6aaa871a18764c7595658c9f4f54e371012938db08accf4e6bee2eb8ff4,train
data/dataset/Very_Mild_Demented/verymild_264.jpg,verymild_264.jpg,Very Mild Demented,VeryMildDemented,128,128,1,03efe9b82c95d35eca483fb91263285a7bc03af9e1219b556be9776d11ea15a7,train
data/dataset/Very_Mild_Demented/verymild_1617.jpg,verymild_1617.jpg,Very Mild Demented,VeryMildDemented,128,128,1,639f9147207f56f234a19bf1bc7980603d8ff61bb479e6cad7838d9a7c4feea8,train
data/dataset/Very_Mild_Demented/verymild_1119.jpg,verymild_1119.jpg,Very Mild Demented,VeryMildDemented,128,128,1,7b53ad98cdc8db8987d317ae7fc0f4f2e61bd7bc432a5ddacbda91b207681433,train
data/dataset/Very_Mild_Demented/verymild_324.jpg,verymild_324.jpg,Very Mild Demented,VeryMildDemented,128,128,1,d6b2716f0f4d0064443b2f00c5bb912540836e055394e08188c2b8db160788e1,train
data/dataset/Very_Mild_Demented/verymild_1869.jpg,verymild_1869.jpg,Very Mild Demented,VeryMildDemented,128,128,1,784b8cbf9fe652483cd04718b9dffe766f86d78c72c4026cf0a947fa6e83acd9,train
data/dataset/Very_Mild_Demented/verymild_822.jpg,verymild_822.jpg,Very Mild Demented,VeryMildDemented,128,128,1,62182354f5633c46a87c5b1a0783788d8b6e88de2b2c1451896f58995e30b418,train
data/dataset/Very_Mild_Demented/verymild_372.jpg,verymild_372.jpg,Very Mild Demented,VeryMildDemented,128,128,1,9f83a19fc904cbbcfaf08a027b9f0b3e2795fd9b2537ddf3be1a44f70c470c1b,train
data/dataset/Very_Mild_Demented/verymild_1535.jpg,verymild_1535.jpg,Very Mild Demented,VeryMildDemented,128,128,1,a605694551e26dfec6215ae65744bc489103383e28a6fb63682633b3a796f41f,train
data/dataset/Very_Mild_Demented/verymild_323.jpg,verymild_323.jpg,Very Mild Demented,VeryMildDemented,128,128,1,6d281e875767fa4ca64e01169f30555430e1266d278cf7a759407333a60e1150,train
data/dataset/Very_Mild_Demented/verymild_714.jpg,verymild_714.jpg,Very Mild Demented,VeryMildDemented,128,128,1,8c3e7e0064669ccb08116cdc52e04652f29ba2af9de9efdcff1400ff418b1faf,train
data/dataset/Very_Mild_Demented/verymild_207.jpg,verymild_207.jpg,Very Mild Demented,VeryMildDemented,128,128,1,2df9ca7cf53908cb607d736b623fe09cea9a0c26d883a75185f8cf01a9241579,train
data/dataset/Very_Mild_Demented/verymild_1188.jpg,verymild_1188.jpg,Very Mild Demented,VeryMildDemented,128,128,1,bda1fc0e07de6b864c018a4300370e4d720d434e309fd68a532af5244aedd963,train
data/dataset/Very_Mild_Demented/verymild_1497.jpg,verymild_1497.jpg,Very Mild Demented,VeryMildDemented,128,128,1,4ef13052ad348a75e9e2a26d60c29a6e3eebc6911c59cbae711110eab38a9668,train
data/dataset/Very_Mild_Demented/verymild_1491.jpg,verymild_1491.jpg,Very Mild Demented,VeryMildDemented,128,128,1,3202ab3f4b4ca09c50114509e164c8ec0c1751872cccdde55bda64e5c0b9b730,train
data/dataset/Very_Mild_Demented/verymild_526.jpg,verymild_526.jpg,Very Mild Demented,VeryMildDemented,128,128,1,b7413054351be81ec7ebf6029204464d191b6986a84ffef7a1b205d01c27abcf,train
data/dataset/Very_Mild_Demented/verymild_1348.jpg,verymild_1348.jpg,Very Mild Demented,VeryMildDemented,128,128,1,d1d3688611005cae2e41b56913670ef99cb3a5d41a0e14d43cb8869956a2ff98,train
data/dataset/Very_Mild_Demented/verymild_1304.jpg,verymild_1304.jpg,Very Mild Demented,VeryMildDemented,128,128,1,9e455ca63b245128a2f56f6e8282c210cd1c222400f93a348a7c48ec6066216e,train
data/dataset/Very_Mild_Demented/verymild_321.jpg,verymild_321.jpg,Very Mild Demented,VeryMildDemented,128,128,1,5523942d9954343f45cdc2d956cf3c2c1d3fc8e550266c8d5ade496b0c118804,train
data/dataset/Very_Mild_Demented/verymild_2096.jpg,verymild_2096.jpg,Very Mild Demented,VeryMildDemented,128,128,1,9d5824796d8a5dfa90b0fcdf5aa909ea7f92f580208da08b59319446585461cd,train
data/dataset/Very_Mild_Demented/verymild_873.jpg,verymild_873.jpg,Very Mild Demented,VeryMildDemented,128,128,1,fb9af1ad0bdfea530e56e6c3b3cdf245de619c6180f6568c995b5cfca9884164,train
data/dataset/Very_Mild_Demented/verymild_39.jpg,verymild_39.jpg,Very Mild Demented,VeryMildDemented,128,128,1,f6438ecca9aee8e13641144af68c49d6289a90808b5c4767d18057e6d1ea82a8,train
data/dataset/Very_Mild_Demented/verymild_1391.jpg,verymild_1391.jpg,Very Mild Demented,VeryMildDemented,128,128,1,def1fe753efddfde93f0771bb1f12544aa0e532c86df7aa8df1146f3449188a1,train
data/dataset/Very_Mild_Demented/verymild_1313.jpg,verymild_1313.jpg,Very Mild Demented,VeryMildDemented,128,128,1,c87f59587a1ead203b64bf3d0fe0176b49e772cf0797fdc988a9744411acce37,train
data/dataset/Very_Mild_Demented/verymild_2036.jpg,verymild_2036.jpg,Very Mild Demented,VeryMildDemented,128,128,1,abd5f71275b4db8d0745fb72136fd15e5829cff9c8ddc07d973fdd32231f6297,train
data/dataset/Very_Mild_Demented/verymild_254.jpg,verymild_254.jpg,Very Mild Demented,VeryMildDemented,128,128,1,9815ce3f894c29db4a011f312634413f868ed3469b733069e83f7854f54104a0,train
data/dataset/Very_Mild_Demented/verymild_647.jpg,verymild_647.jpg,Very Mild Demented,VeryMildDemented,128,128,1,584b3ebec3e05c44ff0cbfa14bcad548dc935ce0779fff84387f4a7a1787cfad,train
data/dataset/Very_Mild_Demented/verymild_885.jpg,verymild_885.jpg,Very Mild Demented,VeryMildDemented,128,128,1,5199e313caef256a168f0bddded2f171dd5028dbe639cd5fda3a8274fdfbc8b7,train
data/dataset/Very_Mild_Demented/verymild_674.jpg,verymild_674.jpg,Very Mild Demented,VeryMildDemented,128,128,1,ad456a20add59fbcd1c1c99e5d2827116ce9fdba1c3aa4389a410d5e988cced1,train
data/dataset/Very_Mild_Demented/verymild_908.jpg,verymild_908.jpg,Very Mild Demented,VeryMildDemented,128,128,1,dea24c5208c0c547ec9ff95210ba0f478b2689c7ddba379a91f7ae820d58e5be,train
data/dataset/Very_Mild_Demented/verymild_1545.jpg,verymild_1545.jpg,Very Mild Demented,VeryMildDemented,128,128,1,838db345bb674f59ce522de49b955f1b532dd3d03745d2f577c567248a0b8ccd,train
data/dataset/Very_Mild_Demented/verymild_1001.jpg,verymild_1001.jpg,Very Mild Demented,VeryMildDemented,128,128,1,a88bfa9e25ac0842dcf235565c36caf280dcd2961eb169042c3411f6d97d0d5a,train
data/dataset/Very_Mild_Demented/verymild_1182.jpg,verymild_1182.jpg,Very Mild Demented,VeryMildDemented,128,128,1,f46721f3a3216e9caeca0919430a1ba11451d313225cada09c3da4f0d1169a59,train
data/dataset/Very_Mild_Demented/verymild_654.jpg,verymild_654.jpg,Very Mild Demented,VeryMildDemented,128,128,1,9a6ebd4f2df87d31dd512390c8c9bf2e2737818cba635ce1cc7df1338f5bbab8,train
data/dataset/Very_Mild_Demented/verymild_1724.jpg,verymild_1724.jpg,Very Mild Demented,VeryMildDemented,128,128,1,8dd9fd24818c05b7dcd689ad35399f6c0c3ede1d5561a839d65d86858b0d6b22,train
data/dataset/Very_Mild_Demented/verymild_192.jpg,verymild_192.jpg,Very Mild Demented,VeryMildDemented,128,128,1,c892d0a722b114ce91ad7f72917ce091486847e5f2aa9d2a3113157afd65e1a2,train
data/dataset/Very_Mild_Demented/verymild_548.jpg,verymild_548.jpg,Very Mild Demented,VeryMildDemented,128,128,1,867b681ec510dccbceddd5339e2562f97bc1d431cdc5e7a9cc14e9314d03c7f8,train
data/dataset/Very_Mild_Demented/verymild_1744.jpg,verymild_1744.jpg,Very Mild Demented,VeryMildDemented,128,128,1,5dec201d6cd5a4e4e98cfa5608fa7984bb9e63cd17cc08f0cb47f45ffd13ae3d,train
data/dataset/Very_Mild_Demented/verymild_1401.jpg,verymild_1401.jpg,Very Mild Demented,VeryMildDemented,128,128,1,dcaf8a1561c4caa2991284822c32881b7f8ef0885ae04870f0deb78a9e1ab88a,train
data/dataset/Very_Mild_Demented/verymild_952.jpg,verymild_952.jpg,Very Mild Demented,VeryMildDemented,128,128,1,f0dc2a91c43be2a25a86012852c14196fc61940d063c8b81bc0a060d26272696,train
data/dataset/Very_Mild_Demented/verymild_1293.jpg,verymild_1293.jpg,Very Mild Demented,VeryMildDemented,128,128,1,bc6eccedb8986776b7109c4d9d6e7e395eb2d60cc7520b03b694f8f968bb81ab,train
data/dataset/Very_Mild_Demented/verymild_1993.jpg,verymild_1993.jpg,Very Mild Demented,VeryMildDemented,128,128,1,f3fd7a9ef7e19e009a0b355e20f1790fe31f4bb3b5866e62529196ce68ad971d,train
data/dataset/Very_Mild_Demented/verymild_786.jpg,verymild_786.jpg,Very Mild Demented,VeryMildDemented,128,128,1,3b8dfe6d2a854395fdc67c7f76fe49c19114265d4dee79dfef9ef201f3d8d1b3,train
data/dataset/Very_Mild_Demented/verymild_1085.jpg,verymild_1085.jpg,Very Mild Demented,VeryMildDemented,128,128,1,e5b6b90dff67cec29cbbbc4bc1001398871639e08a5ce4aec15beed24b2a51a9,train
data/dataset/Very_Mild_Demented/verymild_565.jpg,verymild_565.jpg,Very Mild Demented,VeryMildDemented,128,128,1,28bcbbdd18599d71a0676613bef252d0779097eea8309f813efb327c6ab28a81,train
data/dataset/Very_Mild_Demented/verymild_319.jpg,verymild_319.jpg,Very Mild Demented,VeryMildDemented,128,128,1,d52031d9f23cc81bf47bc7027be8bfd090bbc656d39449c2bd533968a1980ffb,train
data/dataset/Very_Mild_Demented/verymild_2208.jpg,verymild_2208.jpg,Very Mild Demented,VeryMildDemented,128,128,1,2469ef3507433ceae184e7a4ac15ced1d396567fab00e06aef6c14da9754c272,train
data/dataset/Very_Mild_Demented/verymild_1536.jpg,verymild_1536.jpg,Very Mild Demented,VeryMildDemented,128,128,1,c76f1b90cc6809e58257107e53e1fb703d2da6e854f8646d029106bc728e8887,train
data/dataset/Very_Mild_Demented/verymild_1612.jpg,verymild_1612.jpg,Very Mild Demented,VeryMildDemented,128,128,1,4c2855f2fae1a8248d42affbd8d9ab94a65fa2ccef1149122960c5da95c3407a,train
data/dataset/Very_Mild_Demented/verymild_1835.jpg,verymild_1835.jpg,Very Mild Demented,VeryMildDemented,128,128,1,bd970ff328f75f7db27de9718baa69af9c68f725821d1413e8147703797aca6c,train
data/dataset/Very_Mild_Demented/verymild_1307.jpg,verymild_1307.jpg,Very Mild Demented,VeryMildDemented,128,128,1,e38dbebdd311119df332e1bb4e503b528a4221c7692af20dc44a43a8753d9ad4,train
data/dataset/Very_Mild_Demented/verymild_558.jpg,verymild_558.jpg,Very Mild Demented,VeryMildDemented,128,128,1,7b3af1d5ab719dd9bfe79959cbe31b87f57ed7131847ffe941b45d7152df0f9b,train
data/dataset/Very_Mild_Demented/verymild_111.jpg,verymild_111.jpg,Very Mild Demented,VeryMildDemented,128,128,1,7581daa098af5621944d8582fb13352a6dec04ccb3c22c5d285c35ae8f91c6e3,train
data/dataset/Very_Mild_Demented/verymild_19.jpg,verymild_19.jpg,Very Mild Demented,VeryMildDemented,128,128,1,6cbe99dd7d97546196ee49bbee334347e129dc00630055cd853cd3bf6f4ebde0,train
data/dataset/Very_Mild_Demented/verymild_1257.jpg,verymild_1257.jpg,Very Mild Demented,VeryMildDemented,128,128,1,21f58b31a6bd15b65a0a42aaf687fbc216f6da8079788aeeab5a30d8cf42d881,train
data/dataset/Very_Mild_Demented/verymild_1179.jpg,verymild_1179.jpg,Very Mild Demented,VeryMildDemented,128,128,1,5ceb2d1b397afc31d756bdcc5136ae2b1a9b0b13a309304d884ba1a430577054,train
data/dataset/Very_Mild_Demented/verymild_149.jpg,verymild_149.jpg,Very Mild Demented,VeryMildDemented,128,128,1,e1e5d9b7716e2109a5d103b648ba588a423a0ac01af4e1fdafc6225182e2a391,train
data/dataset/Very_Mild_Demented/verymild_1462.jpg,verymild_1462.jpg,Very Mild Demented,VeryMildDemented,128,128,1,928bf55b8cc7d3f2b4a44e6c908d8f4b180020cc30a7afff6fd22dda3f6e1cd0,train
data/dataset/Very_Mild_Demented/verymild_1751.jpg,verymild_1751.jpg,Very Mild Demented,VeryMildDemented,128,128,1,a20cb2c20f5d1f333f17ae2b0568f71c49605e5ea7380b6093db68efbe951b08,train
data/dataset/Very_Mild_Demented/verymild_1759.jpg,verymild_1759.jpg,Very Mild Demented,VeryMildDemented,128,128,1,a06e34c3f047b8de68a95f7b0ac12fa44177169b76b03a8e112f9e20af80a2a9,train
data/dataset/Very_Mild_Demented/verymild_969.jpg,verymild_969.jpg,Very Mild Demented,VeryMildDemented,128,128,1,39bb57650962a0e40e294a18b76da632373359c65ae9b2b68d36027a2618b76a,train
data/dataset/Very_Mild_Demented/verymild_97.jpg,verymild_97.jpg,Very Mild Demented,VeryMildDemented,128,128,1,70e1a1e57bd363fa4a40113229e356ee74f5a1a0741b1446aece15ed7bb23be5,train
data/dataset/Very_Mild_Demented/verymild_678.jpg,verymild_678.jpg,Very Mild Demented,VeryMildDemented,128,128,1,579f104b082e480b7e9fcb1f33cd239953a8b67b69eca1e927966228a4f5d73f,train
data/dataset/Very_Mild_Demented/verymild_1282.jpg,verymild_1282.jpg,Very Mild Demented,VeryMildDemented,128,128,1,56a2f3ed6f767208a3839e7373822359f7d0ba061714e8939a274e0737373aa6,train
data/dataset/Very_Mild_Demented/verymild_660.jpg,verymild_660.jpg,Very Mild Demented,VeryMildDemented,128,128,1,0ebfc214949f49de5445598cce3ce6133d46a7407b12c1e0d0971166da277545,train
data/dataset/Very_Mild_Demented/verymild_377.jpg,verymild_377.jpg,Very Mild Demented,VeryMildDemented,128,128,1,5264efe005143e149d69448a808c46955d28b659f83c2d9fbc949f7f05460a1a,train
data/dataset/Very_Mild_Demented/verymild_1694.jpg,verymild_1694.jpg,Very Mild Demented,VeryMildDemented,128,128,1,f53238063d435f86d7a015e260c4cf4211273add1d9d15b659efe3a454ddb8fe,train
data/dataset/Very_Mild_Demented/verymild_426.jpg,verymild_426.jpg,Very Mild Demented,VeryMildDemented,128,128,1,335f410883b6b68509f7d58b8e7316a7f3b14ade4e1043cc8f3cbd75483c2f80,train
data/dataset/Very_Mild_Demented/verymild_713.jpg,verymild_713.jpg,Very Mild Demented,VeryMildDemented,128,128,1,a3e759d8c63078d78e517641df1d86935db98aa0466f69c7942e67b725ced640,train
data/dataset/Very_Mild_Demented/verymild_1644.jpg,verymild_1644.jpg,Very Mild Demented,VeryMildDemented,128,128,1,9d9d2b05ba53a8a23bdf1d9c3adc11c252b22dce8523939fbf74e753a1f8884e,train
data/dataset/Very_Mild_Demented/verymild_1470.jpg,verymild_1470.jpg,Very Mild Demented,VeryMildDemented,128,128,1,a7d1d650556bb1b340e676bb5367d7a0facb0cbd5f28be54647933aa5c45f6eb,train
data/dataset/Very_Mild_Demented/verymild_1789.jpg,verymild_1789.jpg,Very Mild Demented,VeryMildDemented,128,128,1,511c6e6f49e03cd96eed0f4cad67966a9c0d31354cdbe2aa49b2153ea66e09d2,train
data/dataset/Very_Mild_Demented/verymild_797.jpg,verymild_797.jpg,Very Mild Demented,VeryMildDemented,128,128,1,89eed1500702286fd7f1e075359e5b69a76e3f1e0ddb81dd86d1bb35e28c6321,train
data/dataset/Very_Mild_Demented/verymild_186.jpg,verymild_186.jpg,Very Mild Demented,VeryMildDemented,128,128,1,ad2a93259751e36b986676e1ac202763528b11e3f6b8c07fda8d6c5a9757cf92,train
data/dataset/Very_Mild_Demented/verymild_2092.jpg,verymild_2092.jpg,Very Mild Demented,VeryMildDemented,128,128,1,4d466fd610f49e0368186baf92504fc306becb7fd636a9ea47221c1dff3377e2,train
data/dataset/Very_Mild_Demented/verymild_767.jpg,verymild_767.jpg,Very Mild Demented,VeryMildDemented,128,128,1,86ac8613306529b09fd8bd445bc02d562b1e247898ab2e47e710e635411df03e,train
data/dataset/Very_Mild_Demented/verymild_311.jpg,verymild_311.jpg,Very Mild Demented,VeryMildDemented,128,128,1,052a5960b94f62f685675c9aa83b465b66c3e62c5f343d145e74c3015f09b979,train
data/dataset/Very_Mild_Demented/verymild_1740.jpg,verymild_1740.jpg,Very Mild Demented,VeryMildDemented,128,128,1,d495f34f49fb04b5d97e80575902b85f0ef0f50fff84cb95b7bec449550ef4f8,train
data/dataset/Very_Mild_Demented/verymild_2204.jpg,verymild_2204.jpg,Very Mild Demented,VeryMildDemented,128,128,1,67e5e743aec1a29229aea6fada12fef0b8b34d7b6de1b58f2b5627e08d7c6ebe,train
data/dataset/Very_Mild_Demented/verymild_2101.jpg,verymild_2101.jpg,Very Mild Demented,VeryMildDemented,128,128,1,d4e3555b7cf92932ca1c76ddb338cdb52e42232cedf13997347f7f6d03d8421c,train
data/dataset/Very_Mild_Demented/verymild_1115.jpg,verymild_1115.jpg,Very Mild Demented,VeryMildDemented,128,128,1,cdb9744a58e13108c235b71ed2ae401abc11153cc64b3026921f31b4f2d389c5,train
data/dataset/Very_Mild_Demented/verymild_1636.jpg,verymild_1636.jpg,Very Mild Demented,VeryMildDemented,128,128,1,d7530aaec02d3438ccf0096b6baf7236e6a265867d8f3b652dbf08967734e6b7,train
data/dataset/Very_Mild_Demented/verymild_2134.jpg,verymild_2134.jpg,Very Mild Demented,VeryMildDemented,128,128,1,f5c383e1a86ee34e901f2c05840928e1cf29f6b7fb0266b4210a409eb35dbc51,train
data/dataset/Very_Mild_Demented/verymild_438.jpg,verymild_438.jpg,Very Mild Demented,VeryMildDemented,128,128,1,75adb17b6cbd1e780c9e9402d4e42174cec6cfbd2e6b1215c9dbe6e12798d860,train
data/dataset/Very_Mild_Demented/verymild_1167.jpg,verymild_1167.jpg,Very Mild Demented,VeryMildDemented,128,128,1,38f9cb4a02eda24f06f993b5c599008ced47a723fdad298ad2a9fccd2bccb8e2,train
data/dataset/Very_Mild_Demented/verymild_255.jpg,verymild_255.jpg,Very Mild Demented,VeryMildDemented,128,128,1,40202e1639b567b5bbcd337eaba1715e4f6c01d8384cc5b3daded328ba7a765f,train
data/dataset/Very_Mild_Demented/verymild_649.jpg,verymild_649.jpg,Very Mild Demented,VeryMildDemented,128,128,1,414f2864ea341fa07db8a215ccf724bba8f7d63d15d71874f0cac6e4cc6ff3f9,train
data/dataset/Very_Mild_Demented/verymild_710.jpg,verymild_710.jpg,Very Mild Demented,VeryMildDemented,128,128,1,29b799dbe8d2d8627a8ec65610470f2bf874d9d406cd74310f9a7a57eb1bac75,train
data/dataset/Very_Mild_Demented/verymild_455.jpg,verymild_455.jpg,Very Mild Demented,VeryMildDemented,128,128,1,5c33a5baf4dfcdca9d838208105880aff89337fc7b58669efbe1a31b1e8691d9,train
data/dataset/Very_Mild_Demented/verymild_1951.jpg,verymild_1951.jpg,Very Mild Demented,VeryMildDemented,128,128,1,2223d138f4cbe433d7f8f5318058b1616cbd8d5b9c69253592799697d062fb90,train
data/dataset/Very_Mild_Demented/verymild_6.jpg,verymild_6.jpg,Very Mild Demented,VeryMildDemented,128,128,1,1d7e8e879522500fd06d4c3e174670729ae142495166733fcc1d057ec390ae04,train
data/dataset/Very_Mild_Demented/verymild_1089.jpg,verymild_1089.jpg,Very Mild Demented,VeryMildDemented,128,128,1,1283d77f399ffeb7c484928c451c1c68bdb6a52216ca7cfb6e7f92fcd9f2dd5b,train
data/dataset/Very_Mild_Demented/verymild_582.jpg,verymild_582.jpg,Very Mild Demented,VeryMildDemented,128,128,1,477f92042ba87524bb76a92080d64b99aa1685b0a12f296d17005ce7ee0d2ccd,train
data/dataset/Very_Mild_Demented/verymild_1574.jpg,verymild_1574.jpg,Very Mild Demented,VeryMildDemented,128,128,1,9e85748a0a3b5effda9fd21af4e6a024bdea693036c9a489c1dfe6ed9ffd9d87,train
data/dataset/Very_Mild_Demented/verymild_251.jpg,verymild_251.jpg,Very Mild Demented,VeryMildDemented,128,128,1,b4e61683213489da3b2f024c2ccf0eedd64265cb41be674632e4d63aa8aedba2,train
data/dataset/Very_Mild_Demented/verymild_832.jpg,verymild_832.jpg,Very Mild Demented,VeryMildDemented,128,128,1,db91ccbbb7adde6093f49552d81109f4bb8414d806dae7cf00be0645aca76897,train
data/dataset/Very_Mild_Demented/verymild_1719.jpg,verymild_1719.jpg,Very Mild Demented,VeryMildDemented,128,128,1,463979cc700f064c73d3c835404fa4cd7e7e8e9a031c2bd86b7feaa6444389d6,train
data/dataset/Very_Mild_Demented/verymild_772.jpg,verymild_772.jpg,Very Mild Demented,VeryMildDemented,128,128,1,e4cfc168ca8e3a5d6ab3e21dbd0cf68a80bf0f7ae85610c622effdb6e2946d2c,train
data/dataset/Very_Mild_Demented/verymild_347.jpg,verymild_347.jpg,Very Mild Demented,VeryMildDemented,128,128,1,7f69b3a2bb5d9ccdd5385a4128b6d98c4be576f2fb76880d7152624114134e6a,train
data/dataset/Very_Mild_Demented/verymild_1143.jpg,verymild_1143.jpg,Very Mild Demented,VeryMildDemented,128,128,1,83fbc1d8828040d579f82be73e3c37be6eda588d0658f1f306f31bf1457fa3e9,train
data/dataset/Very_Mild_Demented/verymild_1594.jpg,verymild_1594.jpg,Very Mild Demented,VeryMildDemented,128,128,1,3470085098b035843cc1e8b45145af0dbba52a28da1504398c1d8f73403e2b12,train
data/dataset/Very_Mild_Demented/verymild_2063.jpg,verymild_2063.jpg,Very Mild Demented,VeryMildDemented,128,128,1,980edf8023689efc87ad7f6d573b56925ad27d15a3e7186ac666775fce4c1db0,train
data/dataset/Very_Mild_Demented/verymild_1896.jpg,verymild_1896.jpg,Very Mild Demented,VeryMildDemented,128,128,1,82f500fcea316e5e1bdd033411372fe36d4f8dfc295170ba1ae0c08897b8723e,train
data/dataset/Very_Mild_Demented/verymild_1012.jpg,verymild_1012.jpg,Very Mild Demented,VeryMildDemented,128,128,1,90334db283654fe06d1a4c69af1935ecf3d6dd9caa58f0bbba7a82da6c67a3e0,train
data/dataset/Very_Mild_Demented/verymild_831.jpg,verymild_831.jpg,Very Mild Demented,VeryMildDemented,128,128,1,419045395621ad15d983307ae30e466d54a7fb9b065efb24de16e964cad11393,train
data/dataset/Very_Mild_Demented/verymild_636.jpg,verymild_636.jpg,Very Mild Demented,VeryMildDemented,128,128,1,605d74ade8f7e70d37e2c33e4073721954ffe9b07f2a918a8f72154d114fe01e,train
data/dataset/Very_Mild_Demented/verymild_739.jpg,verymild_739.jpg,Very Mild Demented,VeryMildDemented,128,128,1,31f542f0aee7667b178a1fb8160bae27c63dc791417d0fa5086cd7869f3a579c,train
data/dataset/Very_Mild_Demented/verymild_1076.jpg,verymild_1076.jpg,Very Mild Demented,VeryMildDemented,128,128,1,6f831820edf84b724d377879005c1d87b563aa289682263b7fd3c1fdea88dfeb,train
data/dataset/Very_Mild_Demented/verymild_370.jpg,verymild_370.jpg,Very Mild Demented,VeryMildDemented,128,128,1,813cc7307d4ce48827571f358277b2bfd2afdd26263f82054c0be54bbb10fa4d,train
data/dataset/Very_Mild_Demented/verymild_112.jpg,verymild_112.jpg,Very Mild Demented,VeryMildDemented,128,128,1,b201cdf83b0d03b753f470a20c0fe75c8406a9b1f003e5a29e45dbbe903c1795,train
data/dataset/Very_Mild_Demented/verymild_2113.jpg,verymild_2113.jpg,Very Mild Demented,VeryMildDemented,128,128,1,5113a1699512e7b40c357b1a322752f2ed5bb9ffb879f71485af375113af93f5,train
data/dataset/Very_Mild_Demented/verymild_1090.jpg,verymild_1090.jpg,Very Mild Demented,VeryMildDemented,128,128,1,a882d6bc8a450270d26bd5a4e9543175259089c0408b47f12bf6ebdc41447e34,train
data/dataset/Very_Mild_Demented/verymild_2049.jpg,verymild_2049.jpg,Very Mild Demented,VeryMildDemented,128,128,1,6c89dfcca62a3a6bf165dab4ecb2f1bfba4022c4d97bf5bad1d628c6f93b8a4c,train
data/dataset/Very_Mild_Demented/verymild_1218.jpg,verymild_1218.jpg,Very Mild Demented,VeryMildDemented,128,128,1,0a0410765719193841e74f22f2697802c2bc08bab5ec2c1cc4e9fbbee365964a,train
data/dataset/Very_Mild_Demented/verymild_386.jpg,verymild_386.jpg,Very Mild Demented,VeryMildDemented,128,128,1,094e423a7d68a7509b34ca51deacb2aa8fc6ff96b507cde3ece8971508e0c18a,train
data/dataset/Very_Mild_Demented/verymild_594.jpg,verymild_594.jpg,Very Mild Demented,VeryMildDemented,128,128,1,2f6d89d99670568c1708bf76991300f3e8bf307d944f3e06ff7ba18570ccae2f,train
data/dataset/Very_Mild_Demented/verymild_2080.jpg,verymild_2080.jpg,Very Mild Demented,VeryMildDemented,128,128,1,1fa32bc5a11d6b850b0963f761bb16ca11d51e64a4fd95456578885f563edfae,train
data/dataset/Very_Mild_Demented/verymild_316.jpg,verymild_316.jpg,Very Mild Demented,VeryMildDemented,128,128,1,3234a83b798cadfccecb18cb37bf9578b706208bb431125398f173a820ce8cc0,train
data/dataset/Very_Mild_Demented/verymild_404.jpg,verymild_404.jpg,Very Mild Demented,VeryMildDemented,128,128,1,ea4b25f76aa92374aa0286671d4d7eba3e2d7280e733ce55a01cacaed0316578,train
data/dataset/Very_Mild_Demented/verymild_1122.jpg,verymild_1122.jpg,Very Mild Demented,VeryMildDemented,128,128,1,ef97b8210551e8e8b69ab3363f7746cb30fe639d6747334792319f6bfb05ecf1,train
data/dataset/Very_Mild_Demented/verymild_1330.jpg,verymild_1330.jpg,Very Mild Demented,VeryMildDemented,128,128,1,ce5a15db204e19fc53d44e104160ae6aa2a589221dcbf96b2bfd5ed95aa38e41,train
data/dataset/Very_Mild_Demented/verymild_103.jpg,verymild_103.jpg,Very Mild Demented,VeryMildDemented,128,128,1,6da3c43efe03153d28fba8a869d3c16073161fd291e5b8beba3328e1ed6d2bee,train
data/dataset/Very_Mild_Demented/verymild_64.jpg,verymild_64.jpg,Very Mild Demented,VeryMildDemented,128,128,1,ce3813d5e2d3ea33bc551774e240b5f08bf91cf5f690a4fdfad073d9a2e455b7,train
data/dataset/Very_Mild_Demented/verymild_2239.jpg,verymild_2239.jpg,Very Mild Demented,VeryMildDemented,128,128,1,146052a99b8183d623a11126cbbcb549f7b54cb02a5044b25ed63cb55f57542f,train
data/dataset/Very_Mild_Demented/verymild_1833.jpg,verymild_1833.jpg,Very Mild Demented,VeryMildDemented,128,128,1,e2ea183a293c97526c60bb42f44de631f85cabd23652ada3458508b7ad5453fd,train
data/dataset/Very_Mild_Demented/verymild_362.jpg,verymild_362.jpg,Very Mild Demented,VeryMildDemented,128,128,1,da130048b7f0eb5f07619409e88bd78cbc54ea9efdf02162cabab5b6f9e97ea9,train
data/dataset/Very_Mild_Demented/verymild_1152.jpg,verymild_1152.jpg,Very Mild Demented,VeryMildDemented,128,128,1,e6e2ec06cb37482960792add1ff3d36fbf76b8b3b930f6a51280947b7e0f4017,train
data/dataset/Very_Mild_Demented/verymild_439.jpg,verymild_439.jpg,Very Mild Demented,VeryMildDemented,128,128,1,05db8b96acebe79cc7e7ba0199d81391444b264f02c839a116e7405601ac1277,train
data/dataset/Very_Mild_Demented/verymild_899.jpg,verymild_899.jpg,Very Mild Demented,VeryMildDemented,128,128,1,ffad973e0c7ba16cceab49b9af3cc98bc0f295953d43a322ccd80bace678c959,train
data/dataset/Very_Mild_Demented/verymild_2197.jpg,verymild_2197.jpg,Very Mild Demented,VeryMildDemented,128,128,1,fffe0c8abd20546818894d93a058bc07ea340f4e072365d3f6631a8ff832ec79,train
data/dataset/Very_Mild_Demented/verymild_327.jpg,verymild_327.jpg,Very Mild Demented,VeryMildDemented,128,128,1,aed7cad560949c7aa329f56bb86e06e4c2fa9129b8619de054fd2acb3574bc0f,train
data/dataset/Very_Mild_Demented/verymild_1195.jpg,verymild_1195.jpg,Very Mild Demented,VeryMildDemented,128,128,1,d35f07d1bbdc1ef61bcccbcec6fbf265d570456c9b4bf33acb775c01e903a1e1,train
data/dataset/Very_Mild_Demented/verymild_1585.jpg,verymild_1585.jpg,Very Mild Demented,VeryMildDemented,128,128,1,753c6781c6d40d6af99c62133efaeddac8282fd8dbefb697e2c5446cc6b7ea6a,train
data/dataset/Very_Mild_Demented/verymild_2185.jpg,verymild_2185.jpg,Very Mild Demented,VeryMildDemented,128,128,1,eddcad35a1547a5a6f8112675512a2e47ad7f09845336fa0252ba90e6de9aac1,train
data/dataset/Very_Mild_Demented/verymild_1770.jpg,verymild_1770.jpg,Very Mild Demented,VeryMildDemented,128,128,1,2aa3bd1fdfe98bc4b3d17321693f61cb3dfcc43e9a0d4477a440c5fbf8642c7d,train
data/dataset/Very_Mild_Demented/verymild_1566.jpg,verymild_1566.jpg,Very Mild Demented,VeryMildDemented,128,128,1,61d16f625637c3f6a81f96e7afe38d189dda461ec1b03b8f949f0b979da6818d,train
data/dataset/Very_Mild_Demented/verymild_778.jpg,verymild_778.jpg,Very Mild Demented,VeryMildDemented,128,128,1,6a8675499864e68aa9138e9fc12b99ff64a1c575c20da1e58cad094f839aa58a,train
data/dataset/Very_Mild_Demented/verymild_1649.jpg,verymild_1649.jpg,Very Mild Demented,VeryMildDemented,128,128,1,0bd119cf479d30eefd83297ca841324f061ee6a87c6fc21dd41ae60a552ad4af,train
data/dataset/Very_Mild_Demented/verymild_432.jpg,verymild_432.jpg,Very Mild Demented,VeryMildDemented,128,128,1,52c772a7e1103dedf785be961521cf579c283665c9b290785aa016d0ee451289,train
data/dataset/Very_Mild_Demented/verymild_2061.jpg,verymild_2061.jpg,Very Mild Demented,VeryMildDemented,128,128,1,f7b3d024a9b7a1b4dbfdd6b1cab336fd22f896ec864e81d1fcb498ee245c6525,train
data/dataset/Very_Mild_Demented/verymild_1785.jpg,verymild_1785.jpg,Very Mild Demented,VeryMildDemented,128,128,1,dbb95393794ff4507e163354ac30a85954f541d05cc52d26ce496e6efb0f7e6a,train
data/dataset/Very_Mild_Demented/verymild_1156.jpg,verymild_1156.jpg,Very Mild Demented,VeryMildDemented,128,128,1,db2ea8c95c34e82c6cd1e5ea63d1e9e49af813e1a9d9f4c4cf496ff84b0a1a7c,train
data/dataset/Very_Mild_Demented/verymild_1429.jpg,verymild_1429.jpg,Very Mild Demented,VeryMildDemented,128,128,1,67986733b0e9ab426b355dcf2d7970b43d334a39c6565b312e09ed20c6e60492,train
data/dataset/Very_Mild_Demented/verymild_1317.jpg,verymild_1317.jpg,Very Mild Demented,VeryMildDemented,128,128,1,7e3a5451b867e8e27042c564c442a3218df565abc7d0d267aa2eba0d23316aba,train
data/dataset/Very_Mild_Demented/verymild_550.jpg,verymild_550.jpg,Very Mild Demented,VeryMildDemented,128,128,1,cf5256ac4eb39a12d562e9f82bc2000a883e45d58ffacc076d92f69cb9d5bea4,train
data/dataset/Very_Mild_Demented/verymild_2012.jpg,verymild_2012.jpg,Very Mild Demented,VeryMildDemented,128,128,1,28c9df30544a7b095ae73a5a6f7b3851c3914251104c7da189ee73781d355b21,train
data/dataset/Very_Mild_Demented/verymild_2183.jpg,verymild_2183.jpg,Very Mild Demented,VeryMildDemented,128,128,1,b4e48440e2ae1fc833c564e4f18d7a1ba0c38ac2e9b40f63144e8336cbff8e04,train
data/dataset/Very_Mild_Demented/verymild_616.jpg,verymild_616.jpg,Very Mild Demented,VeryMildDemented,128,128,1,8190ca0010ffada2aadf0ca2a2b566e612408f0328ab4a2f7b17d0390653db1a,train
data/dataset/Very_Mild_Demented/verymild_1702.jpg,verymild_1702.jpg,Very Mild Demented,VeryMildDemented,128,128,1,6e0f7aacffdf7d828f47ddd92de0696780c21f6654183758b6f590017bf47acf,train
data/dataset/Very_Mild_Demented/verymild_1433.jpg,verymild_1433.jpg,Very Mild Demented,VeryMildDemented,128,128,1,f174ec24d4ff6eac58b9c5b93b4c022f6d11272c70bc9aa05fda36eea3904281,train
data/dataset/Very_Mild_Demented/verymild_716.jpg,verymild_716.jpg,Very Mild Demented,VeryMildDemented,128,128,1,b0dfee45543e4c138ab75656a5ed4d0bc9e3af311658f3f672c3bcdc0ec99f21,train
data/dataset/Very_Mild_Demented/verymild_1995.jpg,verymild_1995.jpg,Very Mild Demented,VeryMildDemented,128,128,1,81afc0877c876f04933faf982fcc9d3984f194909f1eaa61e0fbfe1bf68c9717,train
data/dataset/Very_Mild_Demented/verymild_1312.jpg,verymild_1312.jpg,Very Mild Demented,VeryMildDemented,128,128,1,8db9bf604169cf9ce3c4cf5c18ec7f2f0bc04917761bd6503426a7eeb266587d,train
data/dataset/Very_Mild_Demented/verymild_2104.jpg,verymild_2104.jpg,Very Mild Demented,VeryMildDemented,128,128,1,140995339d7cea6c859e505c5b5957757954e2350a3fa3acc522e7ec1ab8b49f,train
data/dataset/Very_Mild_Demented/verymild_120.jpg,verymild_120.jpg,Very Mild Demented,VeryMildDemented,128,128,1,258c1aac4592b1c6b2ec077b603b35bcd3fd76f753c710f3894d693c44efb9ed,train
data/dataset/Very_Mild_Demented/verymild_88.jpg,verymild_88.jpg,Very Mild Demented,VeryMildDemented,128,128,1,76c50cf943e5d7a2c7289e9dd21f451b219498b944f917907ff45ca16b87b001,train
data/dataset/Very_Mild_Demented/verymild_1827.jpg,verymild_1827.jpg,Very Mild Demented,VeryMildDemented,128,128,1,726777f6f2e8b38dd1f527265b442a07d47cf7dfef87f7455983a169058f2f8d,train
data/dataset/Very_Mild_Demented/verymild_232.jpg,verymild_232.jpg,Very Mild Demented,VeryMildDemented,128,128,1,9be8cd24f2c0ac228bdfee5795e69d58e3f138f4128161bede35d22d55f2f642,train
data/dataset/Very_Mild_Demented/verymild_105.jpg,verymild_105.jpg,Very Mild Demented,VeryMildDemented,128,128,1,deb906692a20fa3b5985c8318374329cd206017bdccfc789cd59633e9efd6e8c,train
data/dataset/Very_Mild_Demented/verymild_394.jpg,verymild_394.jpg,Very Mild Demented,VeryMildDemented,128,128,1,4a77451161ec236084541d0828e652986bfda9767f178682ddd7ff0a0b85d508,train
data/dataset/Very_Mild_Demented/verymild_724.jpg,verymild_724.jpg,Very Mild Demented,VeryMildDemented,128,128,1,7a09a6afbe3116ae6d2b6805325261790a0bb10404e99444d3812c54e46596b1,train
data/dataset/Very_Mild_Demented/verymild_707.jpg,verymild_707.jpg,Very Mild Demented,VeryMildDemented,128,128,1,296a7609c3d6982295a99abfc7169ddda50480b6b98a05c352c1b73bd2331fda,train
data/dataset/Very_Mild_Demented/verymild_1813.jpg,verymild_1813.jpg,Very Mild Demented,VeryMildDemented,128,128,1,1f36ae00045029c6ef9ae202f530648fa957b06180f9daac0e645e89c100b30f,train
data/dataset/Very_Mild_Demented/verymild_1000.jpg,verymild_1000.jpg,Very Mild Demented,VeryMildDemented,128,128,1,772b6937c43b5d6b3721a3923b528c6d7239e5dbf023020f85753780620c0c45,train
data/dataset/Very_Mild_Demented/verymild_921.jpg,verymild_921.jpg,Very Mild Demented,VeryMildDemented,128,128,1,bcc7c2485c3c2e167e44c393678536c73a28d7856703e24b3cd77dbf8e837656,train
data/dataset/Very_Mild_Demented/verymild_1410.jpg,verymild_1410.jpg,Very Mild Demented,VeryMildDemented,128,128,1,5bb7fe6ed06db33ec15ed5a46e83cccfd34c99439f5784f47b0c662b6af0f272,train
data/dataset/Very_Mild_Demented/verymild_2124.jpg,verymild_2124.jpg,Very Mild Demented,VeryMildDemented,128,128,1,6e13726759770ad03ed3c9ef1a17d7a39bb2bdbb4a75fdd841e9e71baec20953,train
data/dataset/Very_Mild_Demented/verymild_1040.jpg,verymild_1040.jpg,Very Mild Demented,VeryMildDemented,128,128,1,b3cebdd6ab5e63b874002a4d82f35c34a51b84641f6caefd1f558a05ce412f70,train
data/dataset/Very_Mild_Demented/verymild_169.jpg,verymild_169.jpg,Very Mild Demented,VeryMildDemented,128,128,1,470b7e9d9f165e57e76fcc6b3d6541176dda0fefbfc8cacf747944244d862d08,train
data/dataset/Very_Mild_Demented/verymild_1409.jpg,verymild_1409.jpg,Very Mild Demented,VeryMildDemented,128,128,1,9dcecffb9e4b5650d5a42b98a499a8393b19d3931b956ccc5a1ded218c66b466,train
data/dataset/Very_Mild_Demented/verymild_331.jpg,verymild_331.jpg,Very Mild Demented,VeryMildDemented,128,128,1,5f5055315e0ffa97854ed6650adfbca2a2c6feab2045d7f92ceb7851eb749e9c,train
data/dataset/Very_Mild_Demented/verymild_785.jpg,verymild_785.jpg,Very Mild Demented,VeryMildDemented,128,128,1,40f5ab589294746e6e328c5c83654ee5045aa7e92466b01192f034e4b8f1e840,train
data/dataset/Very_Mild_Demented/verymild_1507.jpg,verymild_1507.jpg,Very Mild Demented,VeryMildDemented,128,128,1,d4e14cc4d4f2fd5aab32b1bb61c68658c9217c606687e5a73b2bebca0a188af5,train
data/dataset/Very_Mild_Demented/verymild_2042.jpg,verymild_2042.jpg,Very Mild Demented,VeryMildDemented,128,128,1,5ae8b4c5020d89465e62df812dee36f939497cb28352bfa0e540d62e864bb80e,train
data/dataset/Very_Mild_Demented/verymild_1044.jpg,verymild_1044.jpg,Very Mild Demented,VeryMildDemented,128,128,1,5a52099d007a2b2ae8db44dd9dab2da1e9a4b3300c06933389ca05b27fba3e38,train
data/dataset/Very_Mild_Demented/verymild_1178.jpg,verymild_1178.jpg,Very Mild Demented,VeryMildDemented,128,128,1,66d232124579949110b018ab6252ea48e817687ffc9d288bfcfffaca0ca9d8cf,train
data/dataset/Very_Mild_Demented/verymild_547.jpg,verymild_547.jpg,Very Mild Demented,VeryMildDemented,128,128,1,94280538b7db2ff6cca85ad5d3ab619ae0cd3d70a1871558e1d920a9ea9577a5,train
data/dataset/Very_Mild_Demented/verymild_1610.jpg,verymild_1610.jpg,Very Mild Demented,VeryMildDemented,128,128,1,5c1f1fe27f559062ad3c68ff8b284fcbeef31fd1aa14bba54ce8d2c210db7a65,train
data/dataset/Very_Mild_Demented/verymild_1171.jpg,verymild_1171.jpg,Very Mild Demented,VeryMildDemented,128,128,1,13ea50157b010bbcb2c77573690c41b317b33f4ace9510bf3336ac274365002d,train
data/dataset/Very_Mild_Demented/verymild_2102.jpg,verymild_2102.jpg,Very Mild Demented,VeryMildDemented,128,128,1,a1521584c1792e71a3ed2a325b507df4fa60fa7c423c60d3ee4f8a5d0b9a94e9,train
data/dataset/Very_Mild_Demented/verymild_2194.jpg,verymild_2194.jpg,Very Mild Demented,VeryMildDemented,128,128,1,99c1525697f547373df8dd786e57159efdbfe0165e5a633f86e84f33a9851122,train
data/dataset/Very_Mild_Demented/verymild_1959.jpg,verymild_1959.jpg,Very Mild Demented,VeryMildDemented,128,128,1,658572e39b31684aa1631dac32885b72441caadd68b91803226419f1d048a1c5,train
data/dataset/Very_Mild_Demented/verymild_2067.jpg,verymild_2067.jpg,Very Mild Demented,VeryMildDemented,128,128,1,cdf20754035a7f9a3d21c0b12879a4fb8bd574f46b8d333d16655c056dbe1b13,train
data/dataset/Very_Mild_Demented/verymild_645.jpg,verymild_645.jpg,Very Mild Demented,VeryMildDemented,128,128,1,cf8a1d4b848296170a320cd7990cae24bb9066865cd939398877aa82f6606cbd,train
data/dataset/Very_Mild_Demented/verymild_158.jpg,verymild_158.jpg,Very Mild Demented,VeryMildDemented,128,128,1,c7ad150d9d77aaee46397e2e9983d83bdb57ca6b73f7914762f93e36fa3166fe,train
data/dataset/Very_Mild_Demented/verymild_610.jpg,verymild_610.jpg,Very Mild Demented,VeryMildDemented,128,128,1,61501ddd502a06422c431df0f368f1a43b88b4a1e460b6cb23138de350bdcdd3,train
data/dataset/Very_Mild_Demented/verymild_260.jpg,verymild_260.jpg,Very Mild Demented,VeryMildDemented,128,128,1,e53de69c73e8eb1ee6760abc2b5d8ef8271f56706e86f892b356ec63ec39d7ba,train
data/dataset/Very_Mild_Demented/verymild_2071.jpg,verymild_2071.jpg,Very Mild Demented,VeryMildDemented,128,128,1,cd2dd7507afa080650f9754b6315569cb27b06c7de078bdb81dfb217983b1a03,train
data/dataset/Very_Mild_Demented/verymild_2228.jpg,verymild_2228.jpg,Very Mild Demented,VeryMildDemented,128,128,1,dc6f5c5421cec607878f16c5154c38f0051ec8b2d2e082935cb039c6a4aca178,train
data/dataset/Very_Mild_Demented/verymild_1697.jpg,verymild_1697.jpg,Very Mild Demented,VeryMildDemented,128,128,1,9346919287d3e4083f0484eda3670cd470b8d210fa06f1e7fdecd907ea82e234,train
data/dataset/Very_Mild_Demented/verymild_276.jpg,verymild_276.jpg,Very Mild Demented,VeryMildDemented,128,128,1,2b02c8b215f860dfbeb6b9243a623d98ec798b7b748ae98461f8eed982e9f344,train
data/dataset/Very_Mild_Demented/verymild_2114.jpg,verymild_2114.jpg,Very Mild Demented,VeryMildDemented,128,128,1,0db2e1c94c03669d6aaadadfd9b823ad22a65d9cfeb206c7fa7f78e378f069be,train
data/dataset/Very_Mild_Demented/verymild_285.jpg,verymild_285.jpg,Very Mild Demented,VeryMildDemented,128,128,1,ab1849b21104a84305f12fd0ee7a644f14fa7fdca87c06982fcaf58a98a57972,train
data/dataset/Very_Mild_Demented/verymild_973.jpg,verymild_973.jpg,Very Mild Demented,VeryMildDemented,128,128,1,a0c5f31b325758b226e08224dba928143e69b661abfdba8ad3b55af010c1c505,train
data/dataset/Very_Mild_Demented/verymild_1646.jpg,verymild_1646.jpg,Very Mild Demented,VeryMildDemented,128,128,1,5e397578f880d6f60a7dd23b793ce4bf927b8b77746475280aad14516e62c713,train
data/dataset/Very_Mild_Demented/verymild_1430.jpg,verymild_1430.jpg,Very Mild Demented,VeryMildDemented,128,128,1,2696a3158c2b804203764dff14c22631c35c144ef5ceaa17d8e9d19aa811eba9,train
data/dataset/Very_Mild_Demented/verymild_1547.jpg,verymild_1547.jpg,Very Mild Demented,VeryMildDemented,128,128,1,16327e4f28a1084ed7c092d7a3579165c15a70d909bfcda9cf44ef8cac9cf581,train
data/dataset/Very_Mild_Demented/verymild_1283.jpg,verymild_1283.jpg,Very Mild Demented,VeryMildDemented,128,128,1,f35a731885e40b0359802c15ab3cb4075f9294e4b7fc754e5105734a211af3b2,train
data/dataset/Very_Mild_Demented/verymild_1142.jpg,verymild_1142.jpg,Very Mild Demented,VeryMildDemented,128,128,1,5366074d0dc4b3163a4e0849fc7148b2d316991233a4297da4b8d2149b525829,train
data/dataset/Very_Mild_Demented/verymild_1286.jpg,verymild_1286.jpg,Very Mild Demented,VeryMildDemented,128,128,1,8ebc0abef373d476e3577f9fd4d8de6afe018b9ce08e3d6035bb756f899b1849,train
data/dataset/Very_Mild_Demented/verymild_1803.jpg,verymild_1803.jpg,Very Mild Demented,VeryMildDemented,128,128,1,ce60a21635a12d8bd0562d9ae04d2fd9443b640820283632b06a3385f5cfa137,train
data/dataset/Very_Mild_Demented/verymild_1658.jpg,verymild_1658.jpg,Very Mild Demented,VeryMildDemented,128,128,1,f79901dd96ce57ee511a2b852ff42c682e6c416acbd3cbcd32fc71901184797c,train
data/dataset/Very_Mild_Demented/verymild_73.jpg,verymild_73.jpg,Very Mild Demented,VeryMildDemented,128,128,1,7108812308c17916ec982f8869fd89399259c5ad139e3c206e50a76ba7bd966f,train
data/dataset/Very_Mild_Demented/verymild_469.jpg,verymild_469.jpg,Very Mild Demented,VeryMildDemented,128,128,1,82308ae53266b68d9bac4f1d5dc355123451d2a4868dbbf547ea21420c085a7c,train
data/dataset/Very_Mild_Demented/verymild_131.jpg,verymild_131.jpg,Very Mild Demented,VeryMildDemented,128,128,1,b99f27afcfaa2dcf6ae21bb75c803595deec7fca0d95d1be954b7564f51c5c60,train
data/dataset/Very_Mild_Demented/verymild_782.jpg,verymild_782.jpg,Very Mild Demented,VeryMildDemented,128,128,1,6aeede3d8c14c44ab163c0b594e5cf942833efa5d829faa70c3ef5a66cd8ae51,train
data/dataset/Very_Mild_Demented/verymild_639.jpg,verymild_639.jpg,Very Mild Demented,VeryMildDemented,128,128,1,50f70834666891efd7dd3388ab5412577d170330dc46aa667d8076a00131588d,train
data/dataset/Very_Mild_Demented/verymild_1857.jpg,verymild_1857.jpg,Very Mild Demented,VeryMildDemented,128,128,1,b0278aec8ab8643ac9c21f415b4313870b63d4179424657773e9abe773a714d7,train
data/dataset/Very_Mild_Demented/verymild_1484.jpg,verymild_1484.jpg,Very Mild Demented,VeryMildDemented,128,128,1,a7b151dafd45962b3a60a562da709fce3f1e13c61549ebf88b9f6f1634ffee5a,train
data/dataset/Very_Mild_Demented/verymild_684.jpg,verymild_684.jpg,Very Mild Demented,VeryMildDemented,128,128,1,307ed26ce5e0a3dddde68fc943dab8180d83c3a21d40b31f9ec81fdfc33092e3,train
data/dataset/Very_Mild_Demented/verymild_291.jpg,verymild_291.jpg,Very Mild Demented,VeryMildDemented,128,128,1,8d13ebf6c6ac608caff8ff2420755249035edfe186e4c44d43e33fb3de61844b,train
data/dataset/Very_Mild_Demented/verymild_999.jpg,verymild_999.jpg,Very Mild Demented,VeryMildDemented,128,128,1,086eb6742503283463b13acd78f7c0f8d43c0418daed5a54c494df9cfa51d718,train
data/dataset/Very_Mild_Demented/verymild_139.jpg,verymild_139.jpg,Very Mild Demented,VeryMildDemented,128,128,1,7f154cddfd57ec012199bda4676d270394fe31e37624e750fb108543ff6cb87d,train
data/dataset/Very_Mild_Demented/verymild_134.jpg,verymild_134.jpg,Very Mild Demented,VeryMildDemented,128,128,1,f2f6e771c4095ae2b86e0700dfa324545264c96c5d38e5d5ef5fa5519bcd8f2a,train
data/dataset/Very_Mild_Demented/verymild_2060.jpg,verymild_2060.jpg,Very Mild Demented,VeryMildDemented,128,128,1,0599f428bbed800a8d412a24c2d1cb1656c170c3a3385460a0f80ba20b8c96bc,train
data/dataset/Very_Mild_Demented/verymild_1898.jpg,verymild_1898.jpg,Very Mild Demented,VeryMildDemented,128,128,1,fa118c743d6328772b78231bd22ac3016a2b137741ebdc5c4d88cdab873fc0eb,train
data/dataset/Very_Mild_Demented/verymild_465.jpg,verymild_465.jpg,Very Mild Demented,VeryMildDemented,128,128,1,2ab027514686a290d466a8bd6bad10ad511abcb20140535815a338cab286d596,train
data/dataset/Very_Mild_Demented/verymild_1256.jpg,verymild_1256.jpg,Very Mild Demented,VeryMildDemented,128,128,1,d5d3bf22feb9d1f63f7b937a2cb0fc06567f959a1bfa296b2ac2be13998cb7d8,train
data/dataset/Very_Mild_Demented/verymild_1478.jpg,verymild_1478.jpg,Very Mild Demented,VeryMildDemented,128,128,1,870fa82abbf3b4cd8b2ce0c3c62573402d5ba7bbee1f846bb35470029ad9bb80,train
data/dataset/Very_Mild_Demented/verymild_1671.jpg,verymild_1671.jpg,Very Mild Demented,VeryMildDemented,128,128,1,833181e2b7633204fa2fa491ce11ff5c977cb15e3b1db0c86ca4455bc8e287d8,train
data/dataset/Very_Mild_Demented/verymild_567.jpg,verymild_567.jpg,Very Mild Demented,VeryMildDemented,128,128,1,a961e94d94046e35f67cc6eebf77037280d2545c1d142ff0d7656519658a2064,train
data/dataset/Very_Mild_Demented/verymild_650.jpg,verymild_650.jpg,Very Mild Demented,VeryMildDemented,128,128,1,029f0a569f18dad30071eee31b559b8f9e31f2d43ce8f57da386bab67736103d,train
data/dataset/Very_Mild_Demented/verymild_1983.jpg,verymild_1983.jpg,Very Mild Demented,VeryMildDemented,128,128,1,74421e9fb326f178b3cbdd0b449e95e7d98f1d1e9617bd78095224bb31236b3c,train
data/dataset/Very_Mild_Demented/verymild_2162.jpg,verymild_2162.jpg,Very Mild Demented,VeryMildDemented,128,128,1,458ade5705b2d1a04c60e8d71fef54cbf54e04853c8c80bc9bfc0f49fa261729,train
data/dataset/Very_Mild_Demented/verymild_237.jpg,verymild_237.jpg,Very Mild Demented,VeryMildDemented,128,128,1,59fe0d5af5733808ac7b114b13ceaca354d53e968159265072b650a25a437b07,train
data/dataset/Very_Mild_Demented/verymild_358.jpg,verymild_358.jpg,Very Mild Demented,VeryMildDemented,128,128,1,6cdb37a3f43b8450eb919b27cf713239566dab58fd998fc981dba811b0a0b436,train
data/dataset/Very_Mild_Demented/verymild_1328.jpg,verymild_1328.jpg,Very Mild Demented,VeryMildDemented,128,128,1,e9efc948b64c834d163582ed2c726ca56a4c1657d111131468b7fde763f55f4d,train
data/dataset/Very_Mild_Demented/verymild_1250.jpg,verymild_1250.jpg,Very Mild Demented,VeryMildDemented,128,128,1,e7ff46aa40166d0036a1be171bfe143b08ce827f4b82dbb6415a39db916dd2ec,train
data/dataset/Very_Mild_Demented/verymild_1184.jpg,verymild_1184.jpg,Very Mild Demented,VeryMildDemented,128,128,1,f48836c8d04aace20d90bae31efc840a939dd68bf330c3f1a490d7efaead99d0,train
data/dataset/Very_Mild_Demented/verymild_2051.jpg,verymild_2051.jpg,Very Mild Demented,VeryMildDemented,128,128,1,127bb6abffab4546e79fa7f78b2e0b64774a05161ee3d21b02caf2e925067ce5,train
data/dataset/Very_Mild_Demented/verymild_1549.jpg,verymild_1549.jpg,Very Mild Demented,VeryMildDemented,128,128,1,e46e34e554693064a0561f8f766bb23e350c6f426a262040268c07e551b202ec,train
data/dataset/Very_Mild_Demented/verymild_5.jpg,verymild_5.jpg,Very Mild Demented,VeryMildDemented,128,128,1,0bb0d7c2f715d3d1bd245d22f89991c61bb3f0dec2e565a13b1cf0d7dbf3c8fa,train
data/dataset/Very_Mild_Demented/verymild_522.jpg,verymild_522.jpg,Very Mild Demented,VeryMildDemented,128,128,1,1da1ee04c16a2400c57b10f1c919b5075ee2d03a47aca75ec4a6852ff36c22a1,train
data/dataset/Very_Mild_Demented/verymild_2008.jpg,verymild_2008.jpg,Very Mild Demented,VeryMildDemented,128,128,1,c58f1a4c63a81980ffe73fb4919aee1a2a315e97a702f02bb5dbcd75ba1d5c5c,train
data/dataset/Very_Mild_Demented/verymild_1300.jpg,verymild_1300.jpg,Very Mild Demented,VeryMildDemented,128,128,1,88c7b55a935cc2c9a999c31834a8f000105d73cf97522f58aec58ae75f18a65f,train
data/dataset/Very_Mild_Demented/verymild_1412.jpg,verymild_1412.jpg,Very Mild Demented,VeryMildDemented,128,128,1,541f141121631595dda270b0b95be8e5eae4fdfac87a08a43507627a46627992,train
data/dataset/Very_Mild_Demented/verymild_1445.jpg,verymild_1445.jpg,Very Mild Demented,VeryMildDemented,128,128,1,b0adf2cf986b4eb4f1e20d45f291edf10315d93cf41b58d972cca2f5bf633007,train
data/dataset/Very_Mild_Demented/verymild_517.jpg,verymild_517.jpg,Very Mild Demented,VeryMildDemented,128,128,1,33e727781b95d69deb26ffabc7ff3ae2278d750c64e0f08eaa788897eb8e72f8,train
data/dataset/Very_Mild_Demented/verymild_483.jpg,verymild_483.jpg,Very Mild Demented,VeryMildDemented,128,128,1,ee77d7abae65c4bb82a44af6198867c692339402f388ea97d077bb04c38ba453,train
data/dataset/Very_Mild_Demented/verymild_963.jpg,verymild_963.jpg,Very Mild Demented,VeryMildDemented,128,128,1,83516529db6b7440cf2ae2e44b8bc0ea00cae08d0a85fe662b591dff6f53e699,train
data/dataset/Very_Mild_Demented/verymild_1223.jpg,verymild_1223.jpg,Very Mild Demented,VeryMildDemented,128,128,1,8eeb14e60178605fac7d7db8e12bef440b10fc0b64cc6d9e6a24669452cf25ce,train
data/dataset/Very_Mild_Demented/verymild_2233.jpg,verymild_2233.jpg,Very Mild Demented,VeryMildDemented,128,128,1,a05179944cfd94bbeb83ec9942be79f7b748ec5d98e3cd0f6a3c4a6e730b616a,train
data/dataset/Very_Mild_Demented/verymild_787.jpg,verymild_787.jpg,Very Mild Demented,VeryMildDemented,128,128,1,d2aca580f85f7cf570ac90b01ce9eb8c3f06fad9e183f67add8fa18844f88df1,train
data/dataset/Very_Mild_Demented/verymild_1475.jpg,verymild_1475.jpg,Very Mild Demented,VeryMildDemented,128,128,1,5281e1da92a2e8e8f0ee22026c1ea58d74b5bb71e5bcaebcf6fe186c253052be,train
data/dataset/Very_Mild_Demented/verymild_1925.jpg,verymild_1925.jpg,Very Mild Demented,VeryMildDemented,128,128,1,33e91fb753b31962aa8297aa4900f8362c5d3ea9629a4a7d3dd739a355226a9b,train
data/dataset/Very_Mild_Demented/verymild_1298.jpg,verymild_1298.jpg,Very Mild Demented,VeryMildDemented,128,128,1,99a50a254f1c60943b6a31c5352d5a1c166ba999205beb590e1d3a31cdbe3972,train
data/dataset/Very_Mild_Demented/verymild_877.jpg,verymild_877.jpg,Very Mild Demented,VeryMildDemented,128,128,1,ae5c244f577fd2d487c05a183cc20d8047b43d2148f86db4348b11f5d13d57b0,train
data/dataset/Very_Mild_Demented/verymild_1190.jpg,verymild_1190.jpg,Very Mild Demented,VeryMildDemented,128,128,1,e01b6a27f1941fe56169244864b49a71aeab698912718867b997eca6e824ccfc,train
data/dataset/Very_Mild_Demented/verymild_1829.jpg,verymild_1829.jpg,Very Mild Demented,VeryMildDemented,128,128,1,1e65e4e9d87b6ae07f7e90f7b0c842f1099fb042f476140834dfdc9209c3507d,train
data/dataset/Very_Mild_Demented/verymild_1045.jpg,verymild_1045.jpg,Very Mild Demented,VeryMildDemented,128,128,1,ec7a751d41b264a5295a6c1a707d0cfb7dccea93c9b9a195bfb91ad4ae06f391,train
data/dataset/Very_Mild_Demented/verymild_1073.jpg,verymild_1073.jpg,Very Mild Demented,VeryMildDemented,128,128,1,2930021fcb776f4af6e0780fd123ab5412548dfe4871e27bd2876a81fd0b04d2,train
data/dataset/Very_Mild_Demented/verymild_834.jpg,verymild_834.jpg,Very Mild Demented,VeryMildDemented,128,128,1,9a2478b778823c4477bedc034a9f200924f8dd256c66736cee5025eb827ee0fb,train
data/dataset/Very_Mild_Demented/verymild_712.jpg,verymild_712.jpg,Very Mild Demented,VeryMildDemented,128,128,1,961ffcc2193d11edc8b86a3cecacf8c2a79ff1a67c976b3075bc94a87d65f097,train
data/dataset/Very_Mild_Demented/verymild_826.jpg,verymild_826.jpg,Very Mild Demented,VeryMildDemented,128,128,1,2eeb8c2b1b8af5e7a30e13c9f354124d20f08e4bf55152498389aabf6c793a4e,train
data/dataset/Very_Mild_Demented/verymild_1376.jpg,verymild_1376.jpg,Very Mild Demented,VeryMildDemented,128,128,1,3c7572faf8988babd4d722ec949200152839139cc24431d73e6da2bf179c1249,train
data/dataset/Very_Mild_Demented/verymild_1264.jpg,verymild_1264.jpg,Very Mild Demented,VeryMildDemented,128,128,1,0668f5af562fd15023e0ee287928106d0057f4b466a294598b7c7a71e5a8c98c,train
data/dataset/Very_Mild_Demented/verymild_127.jpg,verymild_127.jpg,Very Mild Demented,VeryMildDemented,128,128,1,68e1bfb64dab7ad02d454e86a094e493dfaacaf05488dff6ae2aef76161bd49b,train
data/dataset/Very_Mild_Demented/verymild_780.jpg,verymild_780.jpg,Very Mild Demented,VeryMildDemented,128,128,1,80a7ae2a50f23802760a39abf19cb1eb684b84d2584497762c8039c67e076c9b,train
data/dataset/Very_Mild_Demented/verymild_1193.jpg,verymild_1193.jpg,Very Mild Demented,VeryMildDemented,128,128,1,e299dcaa1255741ad0f74e0ef95a9e3241d4555de596a8a33b1a178002de9421,train
data/dataset/Very_Mild_Demented/verymild_604.jpg,verymild_604.jpg,Very Mild Demented,VeryMildDemented,128,128,1,43c5d9d088c3b1347d1323ad14c4408770b61a18695f3d7b3b2b03fd1b0440be,train
data/dataset/Very_Mild_Demented/verymild_52.jpg,verymild_52.jpg,Very Mild Demented,VeryMildDemented,128,128,1,1404eace35f7adc0305cb1a4573858266b75a60c7e9f214cc6707bd8915f055e,train
data/dataset/Very_Mild_Demented/verymild_1154.jpg,verymild_1154.jpg,Very Mild Demented,VeryMildDemented,128,128,1,c2d59de04bccdab9d162153f3826491c5d654bf4ccbb9d00e52a08ec0113d5a2,train
data/dataset/Very_Mild_Demented/verymild_774.jpg,verymild_774.jpg,Very Mild Demented,VeryMildDemented,128,128,1,d9d5518721f895d7e80e3f2924aa35a7ed092b57003c409efa1510f6f02f9938,train
data/dataset/Very_Mild_Demented/verymild_2136.jpg,verymild_2136.jpg,Very Mild Demented,VeryMildDemented,128,128,1,54713125109754f60925fd0e9a594837ee34daa403796cc321333a08268ef432,train
data/dataset/Very_Mild_Demented/verymild_1906.jpg,verymild_1906.jpg,Very Mild Demented,VeryMildDemented,128,128,1,479ad07690440635be930c75e02e1feee42e63e9b9b12f6e11e9ab10e9e7028e,train
data/dataset/Very_Mild_Demented/verymild_1942.jpg,verymild_1942.jpg,Very Mild Demented,VeryMildDemented,128,128,1,3014921b2fb58a166362745f69734ca739300cb740135c260e9c4a5d3a249225,train
data/dataset/Very_Mild_Demented/verymild_1602.jpg,verymild_1602.jpg,Very Mild Demented,VeryMildDemented,128,128,1,065dd4b0c973f959ab8d74266fab01b2126d94e046c972169606202a7f802bc5,train
data/dataset/Very_Mild_Demented/verymild_1707.jpg,verymild_1707.jpg,Very Mild Demented,VeryMildDemented,128,128,1,c9de975e26ecd6019a23b95b924a3838575de262ad991106e3d283730fc8cb25,train
data/dataset/Very_Mild_Demented/verymild_829.jpg,verymild_829.jpg,Very Mild Demented,VeryMildDemented,128,128,1,a99fabc612cab054c0be01fe3dd0aaf1860a1ea63bef91d06bea579b3cf0ab1f,train
data/dataset/Very_Mild_Demented/verymild_1416.jpg,verymild_1416.jpg,Very Mild Demented,VeryMildDemented,128,128,1,91e70f1232cc27a6efc730874e5473fda02cc8acf99e61fad1ba75f35b56aa7b,train
data/dataset/Very_Mild_Demented/verymild_1016.jpg,verymild_1016.jpg,Very Mild Demented,VeryMildDemented,128,128,1,447192b1fe3f716935034f9022930eaaf4335cd50903e299957fb10404ed256f,train
data/dataset/Very_Mild_Demented/verymild_1066.jpg,verymild_1066.jpg,Very Mild Demented,VeryMildDemented,128,128,1,45d027acaccd9344aa06a509015c1fe81f3e9156da3d1167f600ddbf365001a5,train
data/dataset/Very_Mild_Demented/verymild_579.jpg,verymild_579.jpg,Very Mild Demented,VeryMildDemented,128,128,1,d47fe595681684d4273f5b0cbdea6cd175a9c1d0c882297c2fb0fcf5d94050cd,train
data/dataset/Very_Mild_Demented/verymild_336.jpg,verymild_336.jpg,Very Mild Demented,VeryMildDemented,128,128,1,b3fd1bd055683ed631fcd1d53ce17a9c43dd2b2f562bb1ba99baeec0b748809b,train
data/dataset/Very_Mild_Demented/verymild_896.jpg,verymild_896.jpg,Very Mild Demented,VeryMildDemented,128,128,1,3845d7b6d2587ee52641398c45e1009069afb1ecefa39485c3ffbe4b2d4f0b6f,train
data/dataset/Very_Mild_Demented/verymild_1870.jpg,verymild_1870.jpg,Very Mild Demented,VeryMildDemented,128,128,1,e0f0e9ad1fe7f7a2d402f0e812f3d73a5da70db003773517fcdb3a82dde3bbcf,train
data/dataset/Very_Mild_Demented/verymild_1732.jpg,verymild_1732.jpg,Very Mild Demented,VeryMildDemented,128,128,1,3586aff6519d9393eedba28aefcbae7377b88c0f0aff960600375fd6b2f01c90,train
data/dataset/Very_Mild_Demented/verymild_1288.jpg,verymild_1288.jpg,Very Mild Demented,VeryMildDemented,128,128,1,234c47ee9bcaf91a02a561a29d7a624feeba12c971f38aa6b8b6808ba8b8dd17,train
data/dataset/Very_Mild_Demented/verymild_937.jpg,verymild_937.jpg,Very Mild Demented,VeryMildDemented,128,128,1,e125eca5fa835f40105167a78b6e19af2158b866a7e47f48bbbd11fbe53dffcc,train
data/dataset/Very_Mild_Demented/verymild_84.jpg,verymild_84.jpg,Very Mild Demented,VeryMildDemented,128,128,1,1be9a27b05bf5683d9f20f89bbff78598ad1c9d1221b3f9419ccefb41ac6156b,train
data/dataset/Very_Mild_Demented/verymild_2129.jpg,verymild_2129.jpg,Very Mild Demented,VeryMildDemented,128,128,1,c47dc8c446315f838e817c45d4cb0304e7cd4f643804b335038f53e7bb27f412,train
data/dataset/Very_Mild_Demented/verymild_2219.jpg,verymild_2219.jpg,Very Mild Demented,VeryMildDemented,128,128,1,c8d0cdfcf9865367bddd2a3ba9753c8ef3fc8718284bd864b2c73ab1dd2c5840,train
data/dataset/Very_Mild_Demented/verymild_1136.jpg,verymild_1136.jpg,Very Mild Demented,VeryMildDemented,128,128,1,3802559115bf9b3355867770d24dfa0d3f5dacc5bc7abb3fdf3136ea57aab6e8,train
data/dataset/Very_Mild_Demented/verymild_4.jpg,verymild_4.jpg,Very Mild Demented,VeryMildDemented,128,128,1,35ed1e3d796eec41df23afd2d421c4bf2a14c682f85f322d2861d8118c4e3e13,train
data/dataset/Very_Mild_Demented/verymild_395.jpg,verymild_395.jpg,Very Mild Demented,VeryMildDemented,128,128,1,c78659593f42e5929de65f0e7e0d3fa2fcf20329ac2ffac6438eb0631ad55a1f,train
data/dataset/Very_Mild_Demented/verymild_605.jpg,verymild_605.jpg,Very Mild Demented,VeryMildDemented,128,128,1,aae3c31b13d7537e8fd8ffd4c716d568eaa4258dabc1c80031d5b294342b4a09,train
data/dataset/Very_Mild_Demented/verymild_1053.jpg,verymild_1053.jpg,Very Mild Demented,VeryMildDemented,128,128,1,03708ebbc6efefe7372976ca836dc02a8e87fcdcd7c9918ed75f0de15396b741,train
data/dataset/Very_Mild_Demented/verymild_1344.jpg,verymild_1344.jpg,Very Mild Demented,VeryMildDemented,128,128,1,ea5343bfdf5138c5f75f81b4420de4b29c2c3a69bffa46d27c6646dc5ac396ec,train
data/dataset/Very_Mild_Demented/verymild_90.jpg,verymild_90.jpg,Very Mild Demented,VeryMildDemented,128,128,1,e4384f757f2cc1dbc1a4562675dc43c70d298103cbacd0896394f9369b2261c8,train
data/dataset/Very_Mild_Demented/verymild_638.jpg,verymild_638.jpg,Very Mild Demented,VeryMildDemented,128,128,1,74971d85177ab02a548476a06e9d830b7bb5f595133eb73486f0cde1d8a52935,train
data/dataset/Very_Mild_Demented/verymild_1624.jpg,verymild_1624.jpg,Very Mild Demented,VeryMildDemented,128,128,1,eb3357e57448755d7cbd149acb47441c545677044bc6e7840048d73200fc7873,train
data/dataset/Very_Mild_Demented/verymild_737.jpg,verymild_737.jpg,Very Mild Demented,VeryMildDemented,128,128,1,50fc0695ca733b5d9931d0f4809ae1cf7303b30a98d4e71a0c8b6d6b89c5babe,train
data/dataset/Very_Mild_Demented/verymild_693.jpg,verymild_693.jpg,Very Mild Demented,VeryMildDemented,128,128,1,83d7c39fb7149b3233b787649af9326f564256182e70b9d4ededb1026bd7da5d,train
data/dataset/Very_Mild_Demented/verymild_2216.jpg,verymild_2216.jpg,Very Mild Demented,VeryMildDemented,128,128,1,43556f3d14e78b1a203f5b74a56e1d7fa160f4a745cd1f001461fd2a5ea335d7,train
data/dataset/Very_Mild_Demented/verymild_150.jpg,verymild_150.jpg,Very Mild Demented,VeryMildDemented,128,128,1,363a3d5e4f3706577634eedd613266999240681cd5d440eec9cea23ca91b6d06,train
data/dataset/Very_Mild_Demented/verymild_72.jpg,verymild_72.jpg,Very Mild Demented,VeryMildDemented,128,128,1,bff51fbb4dbe4631f8aa3321492795271b09d773f42c6ff1889fb33d76a7fc3d,train
data/dataset/Very_Mild_Demented/verymild_1580.jpg,verymild_1580.jpg,Very Mild Demented,VeryMildDemented,128,128,1,fc14cd0498545989ac9fad566a818ce7cd226de765b2be658f963028716115ca,train
data/dataset/Very_Mild_Demented/verymild_1851.jpg,verymild_1851.jpg,Very Mild Demented,VeryMildDemented,128,128,1,7903c5bed69f978d17a68b4d753c02756362540222c8cf2ac8311dfef5e42c2d,train
data/dataset/Very_Mild_Demented/verymild_1894.jpg,verymild_1894.jpg,Very Mild Demented,VeryMildDemented,128,128,1,233700be48d96a1edb02f327778497d9488018d1e4a19040b6c733deacda8ae6,train
data/dataset/Very_Mild_Demented/verymild_181.jpg,verymild_181.jpg,Very Mild Demented,VeryMildDemented,128,128,1,4aa6853ad9d31a800579ee67536529b3d43c5d99fb55c2763fb1dd03e1552121,train
data/dataset/Very_Mild_Demented/verymild_1444.jpg,verymild_1444.jpg,Very Mild Demented,VeryMildDemented,128,128,1,3ff63690cc516eed317940940e7eead51838756d60bcd2facada5c0c017e1ef3,train
data/dataset/Very_Mild_Demented/verymild_1902.jpg,verymild_1902.jpg,Very Mild Demented,VeryMildDemented,128,128,1,fb0d2e3c8ccc23cfa01edde5810550ca6f020893e4a8c7128fbca6102bb8f86c,train
data/dataset/Very_Mild_Demented/verymild_700.jpg,verymild_700.jpg,Very Mild Demented,VeryMildDemented,128,128,1,ad4766ecfdc177a9968ee9d004f5500c6a538c25bc682a0870bb250471418f8d,train
data/dataset/Very_Mild_Demented/verymild_225.jpg,verymild_225.jpg,Very Mild Demented,VeryMildDemented,128,128,1,3a22e946907e6c85c765c80d916ef37e362ffad738487987920938e71e34ab67,train
data/dataset/Very_Mild_Demented/verymild_1158.jpg,verymild_1158.jpg,Very Mild Demented,VeryMildDemented,128,128,1,0e5f9415898ea7e72d491eff401c686814d4fd7e344d3ede4b0da8807957caf1,train
data/dataset/Very_Mild_Demented/verymild_1086.jpg,verymild_1086.jpg,Very Mild Demented,VeryMildDemented,128,128,1,ea994fc7d35d9e154a0830ea464ba55089ceddcb18729c298c129fe0c77948d3,train
data/dataset/Very_Mild_Demented/verymild_841.jpg,verymild_841.jpg,Very Mild Demented,VeryMildDemented,128,128,1,9088b4ba5573a1d8aaff1a90425875ff1b766c6e53eda80987046885dfbc2fe8,train
data/dataset/Very_Mild_Demented/verymild_711.jpg,verymild_711.jpg,Very Mild Demented,VeryMildDemented,128,128,1,7083b539724108d87eeeccf10195104cc5529bbeba11eabf601be1851c5d4068,train
data/dataset/Very_Mild_Demented/verymild_2155.jpg,verymild_2155.jpg,Very Mild Demented,VeryMildDemented,128,128,1,558c5fe74a2738d0521d577ae9366b9dc3e8740dd072f68f765a3e40751d41cc,train
data/dataset/Very_Mild_Demented/verymild_2217.jpg,verymild_2217.jpg,Very Mild Demented,VeryMildDemented,128,128,1,5d7f6ed7329f881a243b880aa4de0bec4e9bb36b5b2325d553b1a8df8ca124e9,train
data/dataset/Very_Mild_Demented/verymild_2166.jpg,verymild_2166.jpg,Very Mild Demented,VeryMildDemented,128,128,1,7f3c6a382641c61a468a8c89daf0ba8fd03bac69ea81161997ebca7bbc5a2013,train
data/dataset/Very_Mild_Demented/verymild_480.jpg,verymild_480.jpg,Very Mild Demented,VeryMildDemented,128,128,1,eae5b745480ab3bbf0c041818d040b3a2f1f384749e0b9536e0a6276c576328e,train
data/dataset/Very_Mild_Demented/verymild_1929.jpg,verymild_1929.jpg,Very Mild Demented,VeryMildDemented,128,128,1,6f7d38fb92b596ac34d0f3cd1bcc548c152203a8913f4c6603a17ac18b5e8f1c,train
data/dataset/Very_Mild_Demented/verymild_488.jpg,verymild_488.jpg,Very Mild Demented,VeryMildDemented,128,128,1,f93eebedcbbb9fc0b5264e2ab8e4b9a2c4595cf04b045d0b1746bfa60042cc3d,train
data/dataset/Very_Mild_Demented/verymild_217.jpg,verymild_217.jpg,Very Mild Demented,VeryMildDemented,128,128,1,3769016ddc84a86f4b61771395fb81f974ae35e5b015d241a9f1ce39703a8b4f,train
data/dataset/Very_Mild_Demented/verymild_1556.jpg,verymild_1556.jpg,Very Mild Demented,VeryMildDemented,128,128,1,9c8833b9588a6c48eb7de370e3086f4606028d47f1e69ce6f8b694d1b54ff5d6,train
data/dataset/Very_Mild_Demented/verymild_357.jpg,verymild_357.jpg,Very Mild Demented,VeryMildDemented,128,128,1,a172af1358599d74b0bd921b4a58b32163ae4963e9fc441ee1ea293740f501ef,train
data/dataset/Very_Mild_Demented/verymild_1240.jpg,verymild_1240.jpg,Very Mild Demented,VeryMildDemented,128,128,1,c9d720468b3b7d2f36c18d8c42f08172b4998646c802bd1e6b3117f964207996,train
data/dataset/Very_Mild_Demented/verymild_337.jpg,verymild_337.jpg,Very Mild Demented,VeryMildDemented,128,128,1,806253b2fda85260ee452bcab3b695964e6661106da2096330b167c6d3d4d2af,train
data/dataset/Very_Mild_Demented/verymild_1883.jpg,verymild_1883.jpg,Very Mild Demented,VeryMildDemented,128,128,1,9880fd63d7d3e28292abcd88420379b26d795a3ff6414b160ada5e76a0e895e0,train
data/dataset/Very_Mild_Demented/verymild_617.jpg,verymild_617.jpg,Very Mild Demented,VeryMildDemented,128,128,1,c0d3b4b4db2501e2df8968332060019abe7527e64b00839ce0fd76a7ba17c394,train
data/dataset/Very_Mild_Demented/verymild_49.jpg,verymild_49.jpg,Very Mild Demented,VeryMildDemented,128,128,1,c3d3cfd3503f917ae06fae7137708c9df2c19555fe651c92429b05eeab12902c,train
data/dataset/Very_Mild_Demented/verymild_1432.jpg,verymild_1432.jpg,Very Mild Demented,VeryMildDemented,128,128,1,38c3dfb5727eff55a9e78f77b65734e1c67883252cca7937c5fa5155cbe44e4f,train
data/dataset/Very_Mild_Demented/verymild_835.jpg,verymild_835.jpg,Very Mild Demented,VeryMildDemented,128,128,1,0f66ab440cd9c08d09d259c497e825025638418e8445d606fb5a8c810b497614,train
data/dataset/Very_Mild_Demented/verymild_1621.jpg,verymild_1621.jpg,Very Mild Demented,VeryMildDemented,128,128,1,6acfb5cd38f6094dc4dcd8990f4fd5e15b6e9aa298cf6478c6d73b69f6eaa5c6,train
data/dataset/Very_Mild_Demented/verymild_10.jpg,verymild_10.jpg,Very Mild Demented,VeryMildDemented,128,128,1,4cf85f7828c4310749376939509b015fbecefb4b41ec03f48799c66c642a8c3f,train
data/dataset/Very_Mild_Demented/verymild_606.jpg,verymild_606.jpg,Very Mild Demented,VeryMildDemented,128,128,1,54833b6b887cba0e5f2012c03adb105f437dcbdf2771686afd470ebaf22dbcc9,train
data/dataset/Very_Mild_Demented/verymild_961.jpg,verymild_961.jpg,Very Mild Demented,VeryMildDemented,128,128,1,a5552b7fd67d4a20af00e841bd24af564684cf067408950ecb84b665abea3426,train
data/dataset/Very_Mild_Demented/verymild_1873.jpg,verymild_1873.jpg,Very Mild Demented,VeryMildDemented,128,128,1,993cbe80a69dbba5cfa62c97c7b27b0a4dfec31fa9a305288465466c48b143dd,train
data/dataset/Very_Mild_Demented/verymild_459.jpg,verymild_459.jpg,Very Mild Demented,VeryMildDemented,128,128,1,5cf59e5ad47e72c2f6366762998bdc28a2baa5ce36474ed2384c6917cd7d120f,train
data/dataset/Very_Mild_Demented/verymild_750.jpg,verymild_750.jpg,Very Mild Demented,VeryMildDemented,128,128,1,8ca85f94b8d41f7aa496a6e3bc18bde0c126199bbb85466db9949691d93ed181,train
data/dataset/Very_Mild_Demented/verymild_132.jpg,verymild_132.jpg,Very Mild Demented,VeryMildDemented,128,128,1,7751074d21bb55e2915b04595111522eed229d30a8ada0ee0e10c1058b99bb1d,train
data/dataset/Very_Mild_Demented/verymild_805.jpg,verymild_805.jpg,Very Mild Demented,VeryMildDemented,128,128,1,ab8a8e6553a1118205715dc1c7684e1bb550f01d45418c5e41420e9154ed0a74,train
data/dataset/Very_Mild_Demented/verymild_1468.jpg,verymild_1468.jpg,Very Mild Demented,VeryMildDemented,128,128,1,c2627d86b4204e7f1d90c7a72db363d08a50a2f62e958d41711e762a1b1ffb78,train
data/dataset/Very_Mild_Demented/verymild_1379.jpg,verymild_1379.jpg,Very Mild Demented,VeryMildDemented,128,128,1,34ba5ce6de4805f15a7f28d96c1b388b13e6d59a18de77310dce61adb06bbe7f,train
data/dataset/Very_Mild_Demented/verymild_1431.jpg,verymild_1431.jpg,Very Mild Demented,VeryMildDemented,128,128,1,322b925c74bc776d5288560a4e1f76d21a1393cd83c1f2ee7a52769f8fee7471,train
data/dataset/Very_Mild_Demented/verymild_571.jpg,verymild_571.jpg,Very Mild Demented,VeryMildDemented,128,128,1,3d7343eaa258a7ceceee8f94fd6ac05928e55e0cbe87a22d2700e9a64aa404d1,train
data/dataset/Very_Mild_Demented/verymild_1500.jpg,verymild_1500.jpg,Very Mild Demented,VeryMildDemented,128,128,1,8b0fa871cf5e542dc009fe5638846dd8fe066c63ed4181f0c0087f8a8fd62b88,train
data/dataset/Very_Mild_Demented/verymild_78.jpg,verymild_78.jpg,Very Mild Demented,VeryMildDemented,128,128,1,43ceae7e2caf6a92be7354584e518381b0b49d554772d7402204c4eccefddfb3,train
data/dataset/Very_Mild_Demented/verymild_719.jpg,verymild_719.jpg,Very Mild Demented,VeryMildDemented,128,128,1,108dbc27539f1718bf0dd08938c7358c16be7521c2fd1c24ef91a3a81c9dab17,train
data/dataset/Very_Mild_Demented/verymild_1622.jpg,verymild_1622.jpg,Very Mild Demented,VeryMildDemented,128,128,1,643bce946e80a168abb5cc686dac8e98131dba752da90535474378546999d151,train
data/dataset/Very_Mild_Demented/verymild_1458.jpg,verymild_1458.jpg,Very Mild Demented,VeryMildDemented,128,128,1,72f4411c1823d4a6502ba954b120f77b6fbd9de7a1d5ad303d932e929d575d2b,train
data/dataset/Very_Mild_Demented/verymild_314.jpg,verymild_314.jpg,Very Mild Demented,VeryMildDemented,128,128,1,488e7d820b364a5c6c43f0498c3781a899a04da774a3b8b5028c176de36c9884,train
data/dataset/Very_Mild_Demented/verymild_1387.jpg,verymild_1387.jpg,Very Mild Demented,VeryMildDemented,128,128,1,f069c74dcaaac01fc20be893b9b6c6893ac8e72d62e67731dd7f390f2485901f,train
data/dataset/Very_Mild_Demented/verymild_695.jpg,verymild_695.jpg,Very Mild Demented,VeryMildDemented,128,128,1,f5079cbc346c15c59e2bafa757ed332d1227794229af3803cb4e5ba009cc129e,train
data/dataset/Very_Mild_Demented/verymild_2079.jpg,verymild_2079.jpg,Very Mild Demented,VeryMildDemented,128,128,1,61dbe4fa54ccba511cb337bba20b7655bad9e72c7db3b347a0178052e1e5632a,train
data/dataset/Very_Mild_Demented/verymild_1936.jpg,verymild_1936.jpg,Very Mild Demented,VeryMildDemented,128,128,1,b73b38e698db73d495a801b28b527266808c965ad1cfee309adef3c3d4c15303,train
data/dataset/Very_Mild_Demented/verymild_1975.jpg,verymild_1975.jpg,Very Mild Demented,VeryMildDemented,128,128,1,86fb6111cc70eb3a008105fdf7b10162935213d4ed6e4840ee6ce4d13f7e55a6,train
data/dataset/Very_Mild_Demented/verymild_2224.jpg,verymild_2224.jpg,Very Mild Demented,VeryMildDemented,128,128,1,80d6aee6257a28fc98060e67952f1231d07fcee2af0b37f941519a23d76e52c1,train
data/dataset/Very_Mild_Demented/verymild_1691.jpg,verymild_1691.jpg,Very Mild Demented,VeryMildDemented,128,128,1,bce0cd805df540aaf7084f535021ae53f22530f1c8a21fdae6dadc9a04faab99,train
data/dataset/Very_Mild_Demented/verymild_1120.jpg,verymild_1120.jpg,Very Mild Demented,VeryMildDemented,128,128,1,3c1350d270b38a5ec8427f50556e60d4a93e51056b73c7a22240b54dd6a84662,train
data/dataset/Very_Mild_Demented/verymild_1540.jpg,verymild_1540.jpg,Very Mild Demented,VeryMildDemented,128,128,1,add253856bb0e3e6507c53f9ebf497262062f5c5bcac65a8d967209e459fdb8e,train
data/dataset/Very_Mild_Demented/verymild_671.jpg,verymild_671.jpg,Very Mild Demented,VeryMildDemented,128,128,1,8eeb1569c7ccf2c4b58c06b22522cde73955b15e48e0bb485dd93e3c7cbd164c,train
data/dataset/Very_Mild_Demented/verymild_1603.jpg,verymild_1603.jpg,Very Mild Demented,VeryMildDemented,128,128,1,bbd684484498a3fb4fabbcafdaa69592c418d0420ed4adec9db01709dc1049c2,train
data/dataset/Very_Mild_Demented/verymild_825.jpg,verymild_825.jpg,Very Mild Demented,VeryMildDemented,128,128,1,f69ce11243e63b5ae68b2a8aae8f7e5f225a1315f440a656d99ee71b04649af4,train
data/dataset/Very_Mild_Demented/verymild_1370.jpg,verymild_1370.jpg,Very Mild Demented,VeryMildDemented,128,128,1,862fef141452ee0f046ee4afc031dd71d993ad1d1ebf625556543d22b2347485,train
data/dataset/Very_Mild_Demented/verymild_1309.jpg,verymild_1309.jpg,Very Mild Demented,VeryMildDemented,128,128,1,446a295992721dad0b2b5da9f8e3b4baf36978f03ff34b29c8a02a0771841d4e,train
data/dataset/Very_Mild_Demented/verymild_931.jpg,verymild_931.jpg,Very Mild Demented,VeryMildDemented,128,128,1,e65d62d27bf223da019387ba79304ef8c53a278ac9453b97e9522baa780b76f0,train
data/dataset/Very_Mild_Demented/verymild_1408.jpg,verymild_1408.jpg,Very Mild Demented,VeryMildDemented,128,128,1,ed5c1953bbdb43a0640ebc349bae84e53c494b2d7a6fb8353c944b7242dce81b,train
data/dataset/Very_Mild_Demented/verymild_2237.jpg,verymild_2237.jpg,Very Mild Demented,VeryMildDemented,128,128,1,79eb12a3b322c238f5c959f20c3549cba0194b4a7abbe1d1feaf954927a20780,train
data/dataset/Very_Mild_Demented/verymild_2225.jpg,verymild_2225.jpg,Very Mild Demented,VeryMildDemented,128,128,1,1c86c14e641b6ad71fee681d63cbb67d001de937f0a40af2f341d1dfa609a222,train
data/dataset/Very_Mild_Demented/verymild_1840.jpg,verymild_1840.jpg,Very Mild Demented,VeryMildDemented,128,128,1,c8fb8110f138f3bcf7d46086041bb519eb452b5ee2a6b0bb895222650431b9ac,train
data/dataset/Very_Mild_Demented/verymild_747.jpg,verymild_747.jpg,Very Mild Demented,VeryMildDemented,128,128,1,7e6c66caab7839faee89f225e8c8018460fb8c6c2bc9ad59fd38be833b4e85ea,train
data/dataset/Very_Mild_Demented/verymild_821.jpg,verymild_821.jpg,Very Mild Demented,VeryMildDemented,128,128,1,d492867508624248d510bddeac4804c97a6988d8b1815f87a7bbb892b77d06e3,train
data/dataset/Very_Mild_Demented/verymild_388.jpg,verymild_388.jpg,Very Mild Demented,VeryMildDemented,128,128,1,57fb2176073d0c2e502642a3d7231e077ed8cfe071a2064cc06f08c3db1d28dc,train
data/dataset/Very_Mild_Demented/verymild_1452.jpg,verymild_1452.jpg,Very Mild Demented,VeryMildDemented,128,128,1,17817081ec709ce758309da893d66ce57dcec81f5535a5d846d0eed1fbac0c7c,train
data/dataset/Very_Mild_Demented/verymild_1163.jpg,verymild_1163.jpg,Very Mild Demented,VeryMildDemented,128,128,1,b711e76881a0d5c125efb72a1ed971353ad5653f6141eba56645357028a8053c,train
data/dataset/Very_Mild_Demented/verymild_1734.jpg,verymild_1734.jpg,Very Mild Demented,VeryMildDemented,128,128,1,7755012e37a0e6561f853fa316cecb1f9831c1e71a88b28a6662119b68886af1,train
data/dataset/Very_Mild_Demented/verymild_1867.jpg,verymild_1867.jpg,Very Mild Demented,VeryMildDemented,128,128,1,ec0e028cd9fca93cefb41b19ddfc762f88ea4dc1bca2794c7da568a09a81ae5e,train
data/dataset/Very_Mild_Demented/verymild_607.jpg,verymild_607.jpg,Very Mild Demented,VeryMildDemented,128,128,1,fc3173fa2f0fc9ae8e6f6a52c5f88490bebb807d02749ee1009f6f90a2b77bac,train
data/dataset/Very_Mild_Demented/verymild_238.jpg,verymild_238.jpg,Very Mild Demented,VeryMildDemented,128,128,1,b2645ee26f43f664a951e4f907d01162d9a6ab459dfee25be4b98f10ed541f05,train
data/dataset/Very_Mild_Demented/verymild_334.jpg,verymild_334.jpg,Very Mild Demented,VeryMildDemented,128,128,1,de4de5a0399ec9999c899e25ddc5761e432ea65d564f7cbf47d9bafe9f0da913,train
data/dataset/Very_Mild_Demented/verymild_1970.jpg,verymild_1970.jpg,Very Mild Demented,VeryMildDemented,128,128,1,8d6f683f36f736d1fdef850d862866905542a7393ce69adf7f7a261d725146d5,train
data/dataset/Very_Mild_Demented/verymild_1632.jpg,verymild_1632.jpg,Very Mild Demented,VeryMildDemented,128,128,1,5d0d2771bd95a10c1db6c181c61396f375652f77cfc4debda5db18e6ce4114de,train
data/dataset/Very_Mild_Demented/verymild_1183.jpg,verymild_1183.jpg,Very Mild Demented,VeryMildDemented,128,128,1,3a667336f7ef50321715d68a5ece92fe08799c520646673f6bac996ca4a12fc9,train
data/dataset/Very_Mild_Demented/verymild_751.jpg,verymild_751.jpg,Very Mild Demented,VeryMildDemented,128,128,1,90873302a91ae6e326ea6513320c71919011bd44eb8f70eb59116c87f663aada,train
data/dataset/Very_Mild_Demented/verymild_1809.jpg,verymild_1809.jpg,Very Mild Demented,VeryMildDemented,128,128,1,474bca40d9a12023da7fac63382d253c0cc6c7a9de1ce973c7b52ecc7df8ff71,train
data/dataset/Very_Mild_Demented/verymild_124.jpg,verymild_124.jpg,Very Mild Demented,VeryMildDemented,128,128,1,1497bd493ca4f6d15c6c698112e2787673787c38afe1f928432b471369490c62,train
data/dataset/Very_Mild_Demented/verymild_89.jpg,verymild_89.jpg,Very Mild Demented,VeryMildDemented,128,128,1,0673f46c4b3a659bc2140cbe7c22c634ef4ecf6dfaa63428bfea393dcf5e8f29,train
data/dataset/Very_Mild_Demented/verymild_1342.jpg,verymild_1342.jpg,Very Mild Demented,VeryMildDemented,128,128,1,8baa8d1d05a7fd525f2de949d94e3bcf5d0d9956c5dfced24c621e853c60f698,train
data/dataset/Very_Mild_Demented/verymild_1270.jpg,verymild_1270.jpg,Very Mild Demented,VeryMildDemented,128,128,1,36d260485d7c62cd72f8818aad02a4cf5eee2da1ef046a6b1b3b341726bd3824,train
data/dataset/Very_Mild_Demented/verymild_2141.jpg,verymild_2141.jpg,Very Mild Demented,VeryMildDemented,128,128,1,6ccb7872f45249fdd09d111d018997ed6629b568e2015699811fce5ef77e8ec8,train
data/dataset/Very_Mild_Demented/verymild_979.jpg,verymild_979.jpg,Very Mild Demented,VeryMildDemented,128,128,1,12d8c0da2ef99418bbdc5d28236ff8651635f72ecee644326aea5e5a0fc72e93,train
data/dataset/Very_Mild_Demented/verymild_410.jpg,verymild_410.jpg,Very Mild Demented,VeryMildDemented,128,128,1,1dfdf72d7b0edaf0683200e8f11a3b0431ab9f67c2b1973a2a68bcc49ad68026,train
data/dataset/Very_Mild_Demented/verymild_801.jpg,verymild_801.jpg,Very Mild Demented,VeryMildDemented,128,128,1,e2cc67c061889d47866e1e3f819f42224006152b63ade2144b255fda9fad0755,train
data/dataset/Very_Mild_Demented/verymild_2000.jpg,verymild_2000.jpg,Very Mild Demented,VeryMildDemented,128,128,1,04e3a30be3e6059faf47b6d368837e659f7c8c1381433764bb521b6afa8a56af,train
data/dataset/Very_Mild_Demented/verymild_354.jpg,verymild_354.jpg,Very Mild Demented,VeryMildDemented,128,128,1,89644bad39e152e26c3f399e205b4a19120d5af1a8aaeeea8c300f7335067eb3,train
data/dataset/Very_Mild_Demented/verymild_159.jpg,verymild_159.jpg,Very Mild Demented,VeryMildDemented,128,128,1,52c3ee4db9521ff62b6adf58aa7674a73bd913715d3ea23eb74d41ac379aa934,train
data/dataset/Very_Mild_Demented/verymild_213.jpg,verymild_213.jpg,Very Mild Demented,VeryMildDemented,128,128,1,de65e362fff4fe3c643d7a90601910ede4da5b82dd5fbecc2845334fdc5e2028,train
data/dataset/Very_Mild_Demented/verymild_828.jpg,verymild_828.jpg,Very Mild Demented,VeryMildDemented,128,128,1,5663248c58787380b2d60158b5413ee2c502ca239e84d6fa33fcac3a76280f99,train
data/dataset/Very_Mild_Demented/verymild_457.jpg,verymild_457.jpg,Very Mild Demented,VeryMildDemented,128,128,1,a28a2d479ed8c4b232f79e38b27a3b6fd74f821e66821ff6233a434de0844eba,train
data/dataset/Very_Mild_Demented/verymild_1510.jpg,verymild_1510.jpg,Very Mild Demented,VeryMildDemented,128,128,1,9dc55ae52d29aa764f29da0d5caba65a7ecade561129077572fe722560f634cc,train
data/dataset/Very_Mild_Demented/verymild_1879.jpg,verymild_1879.jpg,Very Mild Demented,VeryMildDemented,128,128,1,2a3d1c897f5ad191e5d094415a4796835d31be9d5ce25fcd37b0cfc59e89ba83,train
data/dataset/Very_Mild_Demented/verymild_2099.jpg,verymild_2099.jpg,Very Mild Demented,VeryMildDemented,128,128,1,2de8a5ebf2fa2286bd5037bddbc303b70c1ec95a61de0fdf630772e76893e1d9,train
data/dataset/Very_Mild_Demented/verymild_1516.jpg,verymild_1516.jpg,Very Mild Demented,VeryMildDemented,128,128,1,1d3d1cca14d687613b8f7d3064d34c8f38421395ac072a2ad8097857cb714b9f,train
data/dataset/Very_Mild_Demented/verymild_1425.jpg,verymild_1425.jpg,Very Mild Demented,VeryMildDemented,128,128,1,f09e6e4d37011b573e3dc506e7832bf39d31b28178a93f519619ae9c8e675262,train
data/dataset/Very_Mild_Demented/verymild_538.jpg,verymild_538.jpg,Very Mild Demented,VeryMildDemented,128,128,1,54c82ec5ae8670614d93aea68ad55d653023fe60478801ce90ee31859800a1c5,train
data/dataset/Very_Mild_Demented/verymild_1002.jpg,verymild_1002.jpg,Very Mild Demented,VeryMildDemented,128,128,1,e77114ea96b461d1a8a4883052e11e60f2a4d31e381df529b9086d5c66af016a,train
data/dataset/Very_Mild_Demented/verymild_470.jpg,verymild_470.jpg,Very Mild Demented,VeryMildDemented,128,128,1,8b5b093f2beb1919816aef8cb0c563286118d107733cab55e9ff302bb87135c0,train
data/dataset/Very_Mild_Demented/verymild_1821.jpg,verymild_1821.jpg,Very Mild Demented,VeryMildDemented,128,128,1,69590dc73068847b955e02ede5c3b5cbfe2bcfb7b3b649cb8b0f424e73dad965,train
data/dataset/Very_Mild_Demented/verymild_168.jpg,verymild_168.jpg,Very Mild Demented,VeryMildDemented,128,128,1,cd88aaf82f9d1c97354d0138125c2e149e6699181969bec66f852856c233ff1d,train
data/dataset/Very_Mild_Demented/verymild_1685.jpg,verymild_1685.jpg,Very Mild Demented,VeryMildDemented,128,128,1,4e338999a2d6d579dd797bc2e1a61aa36df55c2f47bb5165febde8917a5df04d,train
data/dataset/Very_Mild_Demented/verymild_2232.jpg,verymild_2232.jpg,Very Mild Demented,VeryMildDemented,128,128,1,8c7c4610a05f6f8f9866486ef9cea3cac46004ea2cfff2bbb8a96bfaf70c881a,train
data/dataset/Very_Mild_Demented/verymild_1234.jpg,verymild_1234.jpg,Very Mild Demented,VeryMildDemented,128,128,1,616c73abe7ba2e6feaacbfbc1d80c36091785f6b7c91504f720ba89a8b7e8914,train
data/dataset/Very_Mild_Demented/verymild_1774.jpg,verymild_1774.jpg,Very Mild Demented,VeryMildDemented,128,128,1,2bd180f82f302e4e464e2a34672fe28ce0068a5eac08b03c34b4702a4dcf8c38,train
data/dataset/Very_Mild_Demented/verymild_1294.jpg,verymild_1294.jpg,Very Mild Demented,VeryMildDemented,128,128,1,06f2904223aa4b3f622e7d02434a8709b70e60161759478c0ff1a1d7fd5bce57,train
data/dataset/Very_Mild_Demented/verymild_867.jpg,verymild_867.jpg,Very Mild Demented,VeryMildDemented,128,128,1,e7e1a1aac5e6f85236d919db21ea38bbd5ff286cd5570af647f9a258370b0fd6,train
data/dataset/Very_Mild_Demented/verymild_708.jpg,verymild_708.jpg,Very Mild Demented,VeryMildDemented,128,128,1,ea2a2157dece297fbf27ff83e5c1efa8a53672b509383621e4cb038e0e0c8ba8,train
data/dataset/Very_Mild_Demented/verymild_630.jpg,verymild_630.jpg,Very Mild Demented,VeryMildDemented,128,128,1,3a843865507edebdce3cfa52307e8d80d1aed58e64513cd52409633f439a2028,train
data/dataset/Very_Mild_Demented/verymild_1853.jpg,verymild_1853.jpg,Very Mild Demented,VeryMildDemented,128,128,1,59c988dda14becbee870b60d5cac4177546ee7e89a0bb02c6eb595bb9309a63a,train
data/dataset/Very_Mild_Demented/verymild_153.jpg,verymild_153.jpg,Very Mild Demented,VeryMildDemented,128,128,1,9d4d0e7102d0ef6be90581e1008b509801f01522e39097ec7a344d29e0881b5b,train
data/dataset/Very_Mild_Demented/verymild_1824.jpg,verymild_1824.jpg,Very Mild Demented,VeryMildDemented,128,128,1,315d6189bd76ebba3c3de8517a19deea2ae55cb2b49e8dae3736664e02db31ee,train
data/dataset/Very_Mild_Demented/verymild_1926.jpg,verymild_1926.jpg,Very Mild Demented,VeryMildDemented,128,128,1,12279b73edad57c0df8809f618c62a6722dcd456fe23c17dd583e63b4d411cc9,train
data/dataset/Very_Mild_Demented/verymild_1343.jpg,verymild_1343.jpg,Very Mild Demented,VeryMildDemented,128,128,1,c0767fb5a76c146612fbe7c2d6fd953250045412704fce85fbf8e3ec426f9eac,train
data/dataset/Very_Mild_Demented/verymild_795.jpg,verymild_795.jpg,Very Mild Demented,VeryMildDemented,128,128,1,7516b65f8663ea1ba385f101c484e526a1d5bf7229e10055e147912c8b64d814,train
data/dataset/Very_Mild_Demented/verymild_1378.jpg,verymild_1378.jpg,Very Mild Demented,VeryMildDemented,128,128,1,2f24cb22dc4fc342963a6a77f220e3cf3a10088a94007f1f3ab86723375b5216,train
data/dataset/Very_Mild_Demented/verymild_400.jpg,verymild_400.jpg,Very Mild Demented,VeryMildDemented,128,128,1,6e238d76b69c020005cdf071e9941d3b9a565ee8cc9c2ba0abfc6502ecfc89de,train
data/dataset/Very_Mild_Demented/verymild_664.jpg,verymild_664.jpg,Very Mild Demented,VeryMildDemented,128,128,1,bbb6f93d22ab1878736b97ec73a67d55366aa8097b6891e0ae562e60b1647c16,train
data/dataset/Very_Mild_Demented/verymild_930.jpg,verymild_930.jpg,Very Mild Demented,VeryMildDemented,128,128,1,33c3986cf9b1359b7de51e8dfa29213a3418b49a4015aaa340ab23901d57aa3b,train
data/dataset/Very_Mild_Demented/verymild_1550.jpg,verymild_1550.jpg,Very Mild Demented,VeryMildDemented,128,128,1,ecf01c60653714b1e5f4a080789deedc448a35f355cc77fb65fdff97a20797ca,train
data/dataset/Very_Mild_Demented/verymild_886.jpg,verymild_886.jpg,Very Mild Demented,VeryMildDemented,128,128,1,7e9f1cf54ec251d4b4c24c9c1920a3ddfb712c40845e28f70bb197c550a90645,train
data/dataset/Very_Mild_Demented/verymild_1712.jpg,verymild_1712.jpg,Very Mild Demented,VeryMildDemented,128,128,1,e8913cda6597c896ff29d9ab9209e59a35a22fd5b00d5b55ba7288e4677232cf,train
data/dataset/Very_Mild_Demented/verymild_1451.jpg,verymild_1451.jpg,Very Mild Demented,VeryMildDemented,128,128,1,88b609db932c98e6b16fea9224d7d2c0fdbd9b3c516222af8d4472db92a20f27,train
data/dataset/Very_Mild_Demented/verymild_1206.jpg,verymild_1206.jpg,Very Mild Demented,VeryMildDemented,128,128,1,178c5768a5c53b12cf72969bbe7716424f0c18f43ad256e947965ef1317068a5,train
data/dataset/Very_Mild_Demented/verymild_853.jpg,verymild_853.jpg,Very Mild Demented,VeryMildDemented,128,128,1,e44886dcf20a3ce6c01b5ea0eb6c52504c8aeea2312f042f36ab271a20fa2db8,train
data/dataset/Very_Mild_Demented/verymild_2128.jpg,verymild_2128.jpg,Very Mild Demented,VeryMildDemented,128,128,1,256670f1ce064f5906773a0d908c8fd83c3c94ae7f9af621f9983a3745f1f70a,train
data/dataset/Very_Mild_Demented/verymild_1169.jpg,verymild_1169.jpg,Very Mild Demented,VeryMildDemented,128,128,1,0a50cebcf123b637559486e366ca451eb79940d50fc79a3496cf5fe34c9608e2,train
data/dataset/Very_Mild_Demented/verymild_1930.jpg,verymild_1930.jpg,Very Mild Demented,VeryMildDemented,128,128,1,2cb875e65fda852ce371387b8fda1c125e18f4ca59ec97b274178151ee4c9be5,train
data/dataset/Very_Mild_Demented/verymild_2142.jpg,verymild_2142.jpg,Very Mild Demented,VeryMildDemented,128,128,1,8c82129c5025506d78156fe9fd1855630ea7efa5829e12b50700c02bf99eb9a3,train
data/dataset/Very_Mild_Demented/verymild_1924.jpg,verymild_1924.jpg,Very Mild Demented,VeryMildDemented,128,128,1,d4a28caa62f10c534e0e3657ee6dcab3f6bf8ba0b46c3fd29c1ff4ee83b0587e,train
data/dataset/Very_Mild_Demented/verymild_1310.jpg,verymild_1310.jpg,Very Mild Demented,VeryMildDemented,128,128,1,0050a341e0baa39e62489f7dfe30b94c4b476bdaf61324bdae912891f1f1d9d0,train
data/dataset/Very_Mild_Demented/verymild_74.jpg,verymild_74.jpg,Very Mild Demented,VeryMildDemented,128,128,1,36c2676f5fdf9bd40e5f0f269ab7bb50dfeaa36808ecde7db3b8a1594d6d24e5,train
data/dataset/Very_Mild_Demented/verymild_1415.jpg,verymild_1415.jpg,Very Mild Demented,VeryMildDemented,128,128,1,f5212eea2d499e4274895f8473d5f5090e48b265eb14fcebf120608532c56bdb,train
data/dataset/Very_Mild_Demented/verymild_382.jpg,verymild_382.jpg,Very Mild Demented,VeryMildDemented,128,128,1,ef6195ac771c8075db159edd313ff2892ab9bf510f9faece633577d6183f6915,train
data/dataset/Very_Mild_Demented/verymild_289.jpg,verymild_289.jpg,Very Mild Demented,VeryMildDemented,128,128,1,40e75c73904b2a1a44d3096db2448f3c4a49f0f8a9ee13abb3252502aed81519,train
data/dataset/Very_Mild_Demented/verymild_1253.jpg,verymild_1253.jpg,Very Mild Demented,VeryMildDemented,128,128,1,652ff6cf1255bac388409bd411549202a594f98a70c13eb3d5287d074dcd6a55,train
data/dataset/Very_Mild_Demented/verymild_1390.jpg,verymild_1390.jpg,Very Mild Demented,VeryMildDemented,128,128,1,37d56ef4e5e5a6f09f2bb50aea782b2e1eebc95f8294d3dd3df9cb881e353e6a,train
data/dataset/Very_Mild_Demented/verymild_1111.jpg,verymild_1111.jpg,Very Mild Demented,VeryMildDemented,128,128,1,b6d069a4e4b909fc0815c2533c3577d5a4a30366c076273c419099aff37dc659,train
data/dataset/Very_Mild_Demented/verymild_1112.jpg,verymild_1112.jpg,Very Mild Demented,VeryMildDemented,128,128,1,81362a243b975756becea54bcc50ce90286555e0117e96df76a924a9863b2685,train
data/dataset/Very_Mild_Demented/verymild_26.jpg,verymild_26.jpg,Very Mild Demented,VeryMildDemented,128,128,1,719f7b42e6b0dda9098f2eef51a5ef745d57563caacdcb310814e8c4f1d3e2aa,train
data/dataset/Very_Mild_Demented/verymild_228.jpg,verymild_228.jpg,Very Mild Demented,VeryMildDemented,128,128,1,f645e0d65c6ff5537ad4ac0e6a5530d8b9717cc67fa6132b8e55242fc2841273,train
data/dataset/Very_Mild_Demented/verymild_1127.jpg,verymild_1127.jpg,Very Mild Demented,VeryMildDemented,128,128,1,7f172ff2e38c067920d976f4fd4b0a2f5e000306458a75b90a6ce657749df444,train
data/dataset/Very_Mild_Demented/verymild_444.jpg,verymild_444.jpg,Very Mild Demented,VeryMildDemented,128,128,1,3f269a43a7c2d3e1a709030ac11d91d7c6f1e5a5c1d9bd7447480b6b09d9317e,train
data/dataset/Very_Mild_Demented/verymild_1075.jpg,verymild_1075.jpg,Very Mild Demented,VeryMildDemented,128,128,1,ffaf6bc3bf57d7e301cc5a502fe9b6ea01a7a3062c23757f8b92f9791036d8d7,train
data/dataset/Very_Mild_Demented/verymild_1946.jpg,verymild_1946.jpg,Very Mild Demented,VeryMildDemented,128,128,1,2cb32b855b6f618ee02478d57b200643bd54b8ac7f4acdc1d0019178ea15d18d,train
data/dataset/Very_Mild_Demented/verymild_627.jpg,verymild_627.jpg,Very Mild Demented,VeryMildDemented,128,128,1,7997ff9f78a6b57b5e53e4046228b0829ab7b6c033b22ffc9aed8c40081c28f4,train
data/dataset/Very_Mild_Demented/verymild_2179.jpg,verymild_2179.jpg,Very Mild Demented,VeryMildDemented,128,128,1,33cf754170ab1aa2f2aab600de35ede226be872cb4ab207241fc93782417c55d,train
data/dataset/Very_Mild_Demented/verymild_1768.jpg,verymild_1768.jpg,Very Mild Demented,VeryMildDemented,128,128,1,91fa19f8459f39ed17705cfc5c06f83a3bf328ae948f5fbf73a610047942675c,train
data/dataset/Very_Mild_Demented/verymild_2037.jpg,verymild_2037.jpg,Very Mild Demented,VeryMildDemented,128,128,1,41ddf7511af59596255ae8478bafd921f03391f86553174b31059eeedfc4d573,train
data/dataset/Very_Mild_Demented/verymild_1752.jpg,verymild_1752.jpg,Very Mild Demented,VeryMildDemented,128,128,1,11b5249136753592410ae333206469c536ebf5bfc9a6de7fad32ec54dd335da3,train
data/dataset/Very_Mild_Demented/verymild_1583.jpg,verymild_1583.jpg,Very Mild Demented,VeryMildDemented,128,128,1,40ad6e2229b1a69dfa76bb5971175a33412568093c90b5f24ddce6525a2a7106,train
data/dataset/Very_Mild_Demented/verymild_1392.jpg,verymild_1392.jpg,Very Mild Demented,VeryMildDemented,128,128,1,d310d76175dfbe2a3f893ec866adfd8e2badfdf4aa15b041b9541bf4b9484b4c,train
data/dataset/Very_Mild_Demented/verymild_879.jpg,verymild_879.jpg,Very Mild Demented,VeryMildDemented,128,128,1,eef951a9244da111fffa88d4f167aaff5739364ee31ef656f46cb613bc2495ed,train
data/dataset/Very_Mild_Demented/verymild_1628.jpg,verymild_1628.jpg,Very Mild Demented,VeryMildDemented,128,128,1,68367f474a84b42c0b84bbdceacb174dd8124fd98379dbd186579d826f2449d4,train
data/dataset/Very_Mild_Demented/verymild_2127.jpg,verymild_2127.jpg,Very Mild Demented,VeryMildDemented,128,128,1,f36b3274eecd96e500d8723f0cc2c1ab5a4889575f57ddecbdebafd030c39260,train
data/dataset/Very_Mild_Demented/verymild_279.jpg,verymild_279.jpg,Very Mild Demented,VeryMildDemented,128,128,1,42ef85841f8a7739630e23b80a5d3b790300103b110f0b47ffe0401f39faa33d,train
data/dataset/Very_Mild_Demented/verymild_1790.jpg,verymild_1790.jpg,Very Mild Demented,VeryMildDemented,128,128,1,e0674bf87ad05e4241e2587a9ad9ccf3816a9810b5817435f42e109b658b6d6f,train
data/dataset/Very_Mild_Demented/verymild_1397.jpg,verymild_1397.jpg,Very Mild Demented,VeryMildDemented,128,128,1,8d862792f637cbe21ed35adc2d931380be47445db95841e713f84f9d62ce830e,train
data/dataset/Very_Mild_Demented/verymild_613.jpg,verymild_613.jpg,Very Mild Demented,VeryMildDemented,128,128,1,503e0b42d91a864f51ac24079bf8c0bbbbf59cefe04117513809058fe1350b27,train
data/dataset/Very_Mild_Demented/verymild_1933.jpg,verymild_1933.jpg,Very Mild Demented,VeryMildDemented,128,128,1,ec7304fcc8a39ea11334da39c00fcf894358d4e625e0c100cbb517b38e50c005,train
data/dataset/Very_Mild_Demented/verymild_2029.jpg,verymild_2029.jpg,Very Mild Demented,VeryMildDemented,128,128,1,ab5b7033c31d38217e5bb0f14802fd2d61c0927a6f1b4d4c8519c0b9d65db9a0,train
data/dataset/Very_Mild_Demented/verymild_1950.jpg,verymild_1950.jpg,Very Mild Demented,VeryMildDemented,128,128,1,215270921d97c590a1a706609324bf3d1375f6c859d15d6ec524022c49d0434a,train
data/dataset/Very_Mild_Demented/verymild_706.jpg,verymild_706.jpg,Very Mild Demented,VeryMildDemented,128,128,1,842ad01342adbcc9afedeb6adb9ead2c2d1a7536e5ec25bc76f83108e51d91fe,train
data/dataset/Very_Mild_Demented/verymild_543.jpg,verymild_543.jpg,Very Mild Demented,VeryMildDemented,128,128,1,863d7a96649995b7e15baf6c5e541e34e12b39f87226b87a6b084ba34dcdc983,train
data/dataset/Very_Mild_Demented/verymild_1864.jpg,verymild_1864.jpg,Very Mild Demented,VeryMildDemented,128,128,1,14dd808b79dbe97432a4f56162f351f264800b78c0869afafad704614312c928,train
data/dataset/Very_Mild_Demented/verymild_1396.jpg,verymild_1396.jpg,Very Mild Demented,VeryMildDemented,128,128,1,0d795de061e5a77c4e62d81d3d186941764277c0c8029ac953e3ec9e80d10a62,train
data/dataset/Very_Mild_Demented/verymild_1062.jpg,verymild_1062.jpg,Very Mild Demented,VeryMildDemented,128,128,1,1d8e2a45d573f0c7e78b659e541177dc3749d8a2ed687cae4ebdd2806f3d3b7e,train
data/dataset/Very_Mild_Demented/verymild_2098.jpg,verymild_2098.jpg,Very Mild Demented,VeryMildDemented,128,128,1,6fb6dd898904e90da3ffabff94fd0760ebeb876b90fcf2aa7e7966a0020186f4,train
data/dataset/Very_Mild_Demented/verymild_683.jpg,verymild_683.jpg,Very Mild Demented,VeryMildDemented,128,128,1,ef67dabf69d86d5d901f3ac93b46ab3acb13c5ae4ad9bc38bd10249d91bff770,train
data/dataset/Very_Mild_Demented/verymild_585.jpg,verymild_585.jpg,Very Mild Demented,VeryMildDemented,128,128,1,dd0eed3c64d69a4058f79a6027f90f9696e4330ac227a055fa70cce057881fe8,train
data/dataset/Very_Mild_Demented/verymild_911.jpg,verymild_911.jpg,Very Mild Demented,VeryMildDemented,128,128,1,ddcc7977b2a2531a1025c381527ab1938da25c98fa89acbcf29fc844ba8b1049,train
data/dataset/Very_Mild_Demented/verymild_997.jpg,verymild_997.jpg,Very Mild Demented,VeryMildDemented,128,128,1,82b43e8ae8781c99001ebddefe148eadb675c5642f422075f78964235a13ba76,train
data/dataset/Very_Mild_Demented/verymild_513.jpg,verymild_513.jpg,Very Mild Demented,VeryMildDemented,128,128,1,846c3db6e24f69ee02166367b580e58afe640adfe840c086bb87e10b74142b35,train
data/dataset/Very_Mild_Demented/verymild_1337.jpg,verymild_1337.jpg,Very Mild Demented,VeryMildDemented,128,128,1,03f905f815f54cd1ad2d4769ca188d219e7ba9bdc790ef098a819c586026d46b,train
data/dataset/Very_Mild_Demented/verymild_1437.jpg,verymild_1437.jpg,Very Mild Demented,VeryMildDemented,128,128,1,fe2036285b858c9ae69cc8a53e16c38b50342e8a467ea57e074bf06793dbe500,train
data/dataset/Very_Mild_Demented/verymild_1138.jpg,verymild_1138.jpg,Very Mild Demented,VeryMildDemented,128,128,1,d83acdad9c37b2d844488761fb5a945b299de5ba3c6af79d46286663e3562b33,train
data/dataset/Very_Mild_Demented/verymild_2090.jpg,verymild_2090.jpg,Very Mild Demented,VeryMildDemented,128,128,1,626936a59b64c1b1bd866b22fef43549221c6ba21c3d144cd71bf510da35c093,train
data/dataset/Very_Mild_Demented/verymild_1614.jpg,verymild_1614.jpg,Very Mild Demented,VeryMildDemented,128,128,1,39a044b8825641fed886842b64ee5a9bb48dbe289d3cb50b519f411e6f232343,train
data/dataset/Very_Mild_Demented/verymild_1841.jpg,verymild_1841.jpg,Very Mild Demented,VeryMildDemented,128,128,1,534abb6ff3160624b75819996b6fbed0a5a84067221559bcec387020040d0c4b,train
data/dataset/Very_Mild_Demented/verymild_1480.jpg,verymild_1480.jpg,Very Mild Demented,VeryMildDemented,128,128,1,1c5f67d444f92dc7cd217b7d6634d39d8ec101473190e9dd94202e66c7e77c51,train
data/dataset/Very_Mild_Demented/verymild_1515.jpg,verymild_1515.jpg,Very Mild Demented,VeryMildDemented,128,128,1,93bc2b29eda32ad05fc27b59550c87cea500b35e445945642fcfda9ab3d0702b,train
data/dataset/Very_Mild_Demented/verymild_390.jpg,verymild_390.jpg,Very Mild Demented,VeryMildDemented,128,128,1,f819e6c972d896c55208795cfae6a00a2c31e423ed10fe1d251c0fca2d3121d8,train
data/dataset/Very_Mild_Demented/verymild_976.jpg,verymild_976.jpg,Very Mild Demented,VeryMildDemented,128,128,1,37721e809ff6fd6c5d87f5e42bbac2806be257d18bc5dbc60c719aee60cc74a5,train
data/dataset/Very_Mild_Demented/verymild_424.jpg,verymild_424.jpg,Very Mild Demented,VeryMildDemented,128,128,1,67c9bf6e8908c7606435d3c83d3c9e9ef1d1432d74d3ebf3097cab85a9129a7e,train
data/dataset/Very_Mild_Demented/verymild_1105.jpg,verymild_1105.jpg,Very Mild Demented,VeryMildDemented,128,128,1,e5447b55f9c886b2f48b5bb615b74defc6ac21abeb51373e9e83d4d16af16742,train
data/dataset/Very_Mild_Demented/verymild_1388.jpg,verymild_1388.jpg,Very Mild Demented,VeryMildDemented,128,128,1,bc6c7443269b4f4f7909466ac2c24001444010612568dcdb2523cf27b84043b6,train
data/dataset/Very_Mild_Demented/verymild_1454.jpg,verymild_1454.jpg,Very Mild Demented,VeryMildDemented,128,128,1,1fcc3d680ba25fba593dea73347c2c1eeec030db5f4c786ba5343ab9c40f423a,train
data/dataset/Very_Mild_Demented/verymild_1779.jpg,verymild_1779.jpg,Very Mild Demented,VeryMildDemented,128,128,1,a960a34baff6f54274344eb8001eefcded86b6d9bd6186bbf5fc96786a706b48,train
data/dataset/Very_Mild_Demented/verymild_662.jpg,verymild_662.jpg,Very Mild Demented,VeryMildDemented,128,128,1,8a00df159f8587e72e5bd6352a30a84f4a9c4ef3005802f38d3f16d0bb66a631,train
data/dataset/Very_Mild_Demented/verymild_1436.jpg,verymild_1436.jpg,Very Mild Demented,VeryMildDemented,128,128,1,b21459858682526aae2369e24e27be609c4a9dc8546f4ff2b39dcc644814f3eb,train
data/dataset/Very_Mild_Demented/verymild_570.jpg,verymild_570.jpg,Very Mild Demented,VeryMildDemented,128,128,1,2df809968bbc76ca75c29948ac4f3836d7023941ec3ac34ef0f73620aac4abcb,train
data/dataset/Very_Mild_Demented/verymild_117.jpg,verymild_117.jpg,Very Mild Demented,VeryMildDemented,128,128,1,e5d8de73e703126f65aafe71b1b3a466a3a29da03160c12c04a84cfb11fc79dd,train
data/dataset/Very_Mild_Demented/verymild_2027.jpg,verymild_2027.jpg,Very Mild Demented,VeryMildDemented,128,128,1,4ba062d09f37b08607a349df6190162db4d1e6d12865fdea683e9018c29c7660,train
data/dataset/Very_Mild_Demented/verymild_1479.jpg,verymild_1479.jpg,Very Mild Demented,VeryMildDemented,128,128,1,c726084515138b2e7092606cd939c0a96c45a6b9d38331dcb98686b7cddc1565,train
data/dataset/Very_Mild_Demented/verymild_315.jpg,verymild_315.jpg,Very Mild Demented,VeryMildDemented,128,128,1,922eea38d4628afef585b68673a1f47e555f8fe5ef02d2cbe861874b4967e263,train
data/dataset/Very_Mild_Demented/verymild_1185.jpg,verymild_1185.jpg,Very Mild Demented,VeryMildDemented,128,128,1,fc93d6a886033eff3a208c1fcf93009b1a17061dd202cf4102d5a46e8615c709,train
data/dataset/Very_Mild_Demented/verymild_733.jpg,verymild_733.jpg,Very Mild Demented,VeryMildDemented,128,128,1,6e3ed1f0ddfef9b3775f24b32d06ff0480ffce2937e6d14950ba03ba317f97a5,train
data/dataset/Very_Mild_Demented/verymild_1996.jpg,verymild_1996.jpg,Very Mild Demented,VeryMildDemented,128,128,1,12a1887032800c3eb91bf700c7d504fad13fdc98dd3b694a9e0fef50b76e3081,train
data/dataset/Very_Mild_Demented/verymild_1467.jpg,verymild_1467.jpg,Very Mild Demented,VeryMildDemented,128,128,1,5f5ca1fee1117169bfaf3e3458917223d8c743745013a448213b93f01137b8d7,train
data/dataset/Very_Mild_Demented/verymild_1135.jpg,verymild_1135.jpg,Very Mild Demented,VeryMildDemented,128,128,1,ae554aea7836c8b2318bb52e9a8ca37cb1c29b559ab7d2b728256aef6b26ff3c,train
data/dataset/Very_Mild_Demented/verymild_1872.jpg,verymild_1872.jpg,Very Mild Demented,VeryMildDemented,128,128,1,c74a3cfb7d5ba077035448c70c5adc1cb4686de8cc144194d739b5e7d96698b0,train
data/dataset/Very_Mild_Demented/verymild_1593.jpg,verymild_1593.jpg,Very Mild Demented,VeryMildDemented,128,128,1,7ea5bc89c2d813e370a028558f25c6f75790b8a7d2168013c2c087a333a8aade,train
data/dataset/Very_Mild_Demented/verymild_339.jpg,verymild_339.jpg,Very Mild Demented,VeryMildDemented,128,128,1,03b2cc6eda093c7f34687a5b51cddcd021b3c7d43cc71fc0fef629865c57e299,train
data/dataset/Very_Mild_Demented/verymild_95.jpg,verymild_95.jpg,Very Mild Demented,VeryMildDemented,128,128,1,2b8c2a77eabbfc14bf6a20309dbfc2800fe24c8956d079a04dba863d522788fc,train
data/dataset/Very_Mild_Demented/verymild_318.jpg,verymild_318.jpg,Very Mild Demented,VeryMildDemented,128,128,1,ed41a66aa1d4412afc53a7775157e0eb382b3618b44cae8fe5a248bbdcc73514,train
data/dataset/Very_Mild_Demented/verymild_27.jpg,verymild_27.jpg,Very Mild Demented,VeryMildDemented,128,128,1,41cfa8bf2fd1d0728b18177eaec34179ee1fa20bcb0454f667cd6097497c0e10,train
data/dataset/Very_Mild_Demented/verymild_1398.jpg,verymild_1398.jpg,Very Mild Demented,VeryMildDemented,128,128,1,c6d9d56e86716021a6d76e6b8c547834483773bbc2aaf9d759ba43abd6acfc84,train
data/dataset/Very_Mild_Demented/verymild_1450.jpg,verymild_1450.jpg,Very Mild Demented,VeryMildDemented,128,128,1,463c323b1ef17efac7b7164da12435468c3c5e3b223dd31a1ec9a633fc69bd21,train
data/dataset/Very_Mild_Demented/verymild_1146.jpg,verymild_1146.jpg,Very Mild Demented,VeryMildDemented,128,128,1,ac70353fab0808d62a2017ddaf58b13bb03fe7a872cfbb973ab1d55f0b737a17,train
data/dataset/Very_Mild_Demented/verymild_1005.jpg,verymild_1005.jpg,Very Mild Demented,VeryMildDemented,128,128,1,3a03f8a07d2beb4243152f418462e32cf4532c72ed2cadf851ece939227d73be,train
data/dataset/Very_Mild_Demented/verymild_608.jpg,verymild_608.jpg,Very Mild Demented,VeryMildDemented,128,128,1,9420adfb79f313e888c6218fc4e487069a766393cc38a6a36511ba6f4255e2e3,train
data/dataset/Very_Mild_Demented/verymild_1972.jpg,verymild_1972.jpg,Very Mild Demented,VeryMildDemented,128,128,1,e6e920bf0c8f5e762819406d7077b4e8d55e179d7e4f3c1e44ca1bc91acd1910,train
data/dataset/Very_Mild_Demented/verymild_974.jpg,verymild_974.jpg,Very Mild Demented,VeryMildDemented,128,128,1,3704e7161ed24a64ed35b790f7226b43dcf0d2ba6ec566669a7f5875aa003bc4,train
data/dataset/Very_Mild_Demented/verymild_1796.jpg,verymild_1796.jpg,Very Mild Demented,VeryMildDemented,128,128,1,0b355f14cb457cbd28db442e5b4cc39d34452d47faf84559f9baefdffde5822c,train
data/dataset/Very_Mild_Demented/verymild_2001.jpg,verymild_2001.jpg,Very Mild Demented,VeryMildDemented,128,128,1,35be9428dbd9a052d51577de4240b1f238016143bd9d654c02e32a87a4d9cb1d,train
data/dataset/Very_Mild_Demented/verymild_840.jpg,verymild_840.jpg,Very Mild Demented,VeryMildDemented,128,128,1,6aae36d2f9966061ef9966210dd8fdc6af65205b6a4d1e30f0fb043d2c6dd390,train
data/dataset/Very_Mild_Demented/verymild_1962.jpg,verymild_1962.jpg,Very Mild Demented,VeryMildDemented,128,128,1,fdb7b3f7e628cac20af1ddb8d6caa86cc34cf8ad5c30acacf99c2ea8da11a401,train
data/dataset/Very_Mild_Demented/verymild_2084.jpg,verymild_2084.jpg,Very Mild Demented,VeryMildDemented,128,128,1,5a815822aded0332b35e960021164724ac3349e323f719223aebda315fe295d2,train
data/dataset/Very_Mild_Demented/verymild_50.jpg,verymild_50.jpg,Very Mild Demented,VeryMildDemented,128,128,1,fac79be51a75ecef89122a43ea90e88ccdd8c6775c4394bc9e308c38d385d941,train
data/dataset/Very_Mild_Demented/verymild_1928.jpg,verymild_1928.jpg,Very Mild Demented,VeryMildDemented,128,128,1,013d283a66a01d39b734f0135bdff193e758d770ff6abbe44a2376d26f079600,train
data/dataset/Very_Mild_Demented/verymild_687.jpg,verymild_687.jpg,Very Mild Demented,VeryMildDemented,128,128,1,a7acee1a6c205828d336485351c4f2af12a39ed2b9ec42c5d5a6504f220093e4,train
data/dataset/Very_Mild_Demented/verymild_1948.jpg,verymild_1948.jpg,Very Mild Demented,VeryMildDemented,128,128,1,c830992176127ebb8b6aa188c63dd2471c209d4ef6b96b9cd6af6779ec4fa7c8,train
data/dataset/Very_Mild_Demented/verymild_94.jpg,verymild_94.jpg,Very Mild Demented,VeryMildDemented,128,128,1,7ab518a147625a639c08fd4296a2a4f393652c9cc5e269f13c2a83398c13c71f,train
data/dataset/Very_Mild_Demented/verymild_773.jpg,verymild_773.jpg,Very Mild Demented,VeryMildDemented,128,128,1,94283c220736aeb03770472c2a74cc091f567831a80c78ac3c8743496665e885,train
data/dataset/Very_Mild_Demented/verymild_1820.jpg,verymild_1820.jpg,Very Mild Demented,VeryMildDemented,128,128,1,92cd244b1f73d68d8951eb2ec18325ef089c59c50d14aab04a9eebc3af63da75,train
data/dataset/Very_Mild_Demented/verymild_222.jpg,verymild_222.jpg,Very Mild Demented,VeryMildDemented,128,128,1,083d272c96cb11518547a9987fefc01a273cb260735a73d66d4d549fee375e8e,train
data/dataset/Very_Mild_Demented/verymild_611.jpg,verymild_611.jpg,Very Mild Demented,VeryMildDemented,128,128,1,3dd1b281efb4211fb3436c49e34e37910fabdb2aba73324db94ea9de98a6e6bb,train
data/dataset/Very_Mild_Demented/verymild_2189.jpg,verymild_2189.jpg,Very Mild Demented,VeryMildDemented,128,128,1,e697b62dbb69dddb4ce97fc52b0a9645be028abe7733b14a656b5b7a390ac40f,train
data/dataset/Very_Mild_Demented/verymild_736.jpg,verymild_736.jpg,Very Mild Demented,VeryMildDemented,128,128,1,f2e22859fcd149c1e913ff5c37723d73ef118f3b3193814bdecee719485ee238,train
data/dataset/Very_Mild_Demented/verymild_375.jpg,verymild_375.jpg,Very Mild Demented,VeryMildDemented,128,128,1,cd398926d557896009fa9c5a1349554da891a800f4391587ccb10a19cf521244,train
data/dataset/Very_Mild_Demented/verymild_2077.jpg,verymild_2077.jpg,Very Mild Demented,VeryMildDemented,128,128,1,a9f0fd6cd80956ac667a19ded8e5bfca18df609a09a0c912fe9a38f14621f4df,train
data/dataset/Very_Mild_Demented/verymild_146.jpg,verymild_146.jpg,Very Mild Demented,VeryMildDemented,128,128,1,b3bc6a63d03bd1f941790662fe9170917c48bf9beef276b944d59ce145d99631,train
data/dataset/Very_Mild_Demented/verymild_448.jpg,verymild_448.jpg,Very Mild Demented,VeryMildDemented,128,128,1,8f6f0caf0daa2dc69710791ae245952212ff2c1ccdeabdfc5b75fb59ff4f96c4,train
data/dataset/Very_Mild_Demented/verymild_1997.jpg,verymild_1997.jpg,Very Mild Demented,VeryMildDemented,128,128,1,14604ba157c95018555c2d5c15b4bf4534c7a5eca523a4b8cbec3bf20c15f527,train
data/dataset/Very_Mild_Demented/verymild_412.jpg,verymild_412.jpg,Very Mild Demented,VeryMildDemented,128,128,1,776932bb05f134208689b958e073331d9008c779c5c5bb950b44d084f7b2c24c,train
data/dataset/Very_Mild_Demented/verymild_1203.jpg,verymild_1203.jpg,Very Mild Demented,VeryMildDemented,128,128,1,cc42357e660e8bae293a43f8afc26b3052492246d3f958617e08e380757b5903,train
data/dataset/Very_Mild_Demented/verymild_1381.jpg,verymild_1381.jpg,Very Mild Demented,VeryMildDemented,128,128,1,56adb46e444b832cdc4d54c0576cd20027f3d3a8cc41094f9cc9ee14886a9f82,train
data/dataset/Very_Mild_Demented/verymild_2011.jpg,verymild_2011.jpg,Very Mild Demented,VeryMildDemented,128,128,1,fdaa7ad7115436460c2d41e7a08b48426cae15b973d2e64bb1d867108e371bf5,train
data/dataset/Very_Mild_Demented/verymild_479.jpg,verymild_479.jpg,Very Mild Demented,VeryMildDemented,128,128,1,0fdafc90c738b4ed09371aff52d1cfdc301978195b7b8fb645fe742af740a6d3,train
data/dataset/Very_Mild_Demented/verymild_23.jpg,verymild_23.jpg,Very Mild Demented,VeryMildDemented,128,128,1,66191af84dfcacefe3b59e92f38e2cc3613bb6be99db721a5517b8c99effe88e,train
data/dataset/Very_Mild_Demented/verymild_1825.jpg,verymild_1825.jpg,Very Mild Demented,VeryMildDemented,128,128,1,562aa190db3412a96b1f6bcf31bbf3b79ade48814157c59f1a4aa1336456eecd,train
data/dataset/Very_Mild_Demented/verymild_917.jpg,verymild_917.jpg,Very Mild Demented,VeryMildDemented,128,128,1,555f9604d1273762e8e7718c77e986442d6212f694eeb59072b78a08e8c9e594,train
data/dataset/Very_Mild_Demented/verymild_1166.jpg,verymild_1166.jpg,Very Mild Demented,VeryMildDemented,128,128,1,afa9a391c153fd5489a55070cc1f32a8af880a9da0b4cfa48f2d03900e11efc5,train
data/dataset/Very_Mild_Demented/verymild_2103.jpg,verymild_2103.jpg,Very Mild Demented,VeryMildDemented,128,128,1,547f5eee4242c1d1e92b696c7ec5b906925cabaa69d721403907a963ac66b893,train
data/dataset/Very_Mild_Demented/verymild_1830.jpg,verymild_1830.jpg,Very Mild Demented,VeryMildDemented,128,128,1,8e32063da3b9bb0f271b84d9daab8c25af8ddef02d284b2b9cb7e248b7ada9cb,train
data/dataset/Very_Mild_Demented/verymild_1246.jpg,verymild_1246.jpg,Very Mild Demented,VeryMildDemented,128,128,1,198222410dd137fa5936a35aded97b35cf98163a706b547072f0460749263792,train
data/dataset/Very_Mild_Demented/verymild_569.jpg,verymild_569.jpg,Very Mild Demented,VeryMildDemented,128,128,1,460a706b8c6eb737f41cde2499c06599ea1f6c906e76aed84e60d5084e0825cb,train
data/dataset/Very_Mild_Demented/verymild_472.jpg,verymild_472.jpg,Very Mild Demented,VeryMildDemented,128,128,1,6760794c5dded56f32da7bca2a7604425c64675d44c9448bb278ec8354ca398d,train
data/dataset/Very_Mild_Demented/verymild_138.jpg,verymild_138.jpg,Very Mild Demented,VeryMildDemented,128,128,1,bd93c6acc2022b6e1dcb96eb26a4476a9e5d7ca5f1d084baba37688d5f825c73,train
data/dataset/Very_Mild_Demented/verymild_275.jpg,verymild_275.jpg,Very Mild Demented,VeryMildDemented,128,128,1,a19a134509cdf266df6f2e8e162761903fad68c117695103f691adf3831e4724,train
data/dataset/Very_Mild_Demented/verymild_335.jpg,verymild_335.jpg,Very Mild Demented,VeryMildDemented,128,128,1,9532e75735ae505d0f40be5c004ed0be4071fb72e493cebf07d6aaa07b6e769b,train
data/dataset/Very_Mild_Demented/verymild_1054.jpg,verymild_1054.jpg,Very Mild Demented,VeryMildDemented,128,128,1,535f7bbd39f79da388a94cf5222c0842dae2cdc60a95a72d4114230ac8c4f5b5,train
data/dataset/Very_Mild_Demented/verymild_789.jpg,verymild_789.jpg,Very Mild Demented,VeryMildDemented,128,128,1,74c78dbe562864c1fc722f7d1d50bbb35dde667cfb666b1b24ceccf98cd0d3df,train
data/dataset/Very_Mild_Demented/verymild_2143.jpg,verymild_2143.jpg,Very Mild Demented,VeryMildDemented,128,128,1,6566c75038b7e03e3ecc33a4aac8c3cffa5c9e91934e831785cf6d588be84444,train
data/dataset/Very_Mild_Demented/verymild_1191.jpg,verymild_1191.jpg,Very Mild Demented,VeryMildDemented,128,128,1,402428563c391d707b0106a021c69c00e78909bc2431db563d212dbb0460940a,train
data/dataset/Very_Mild_Demented/verymild_1061.jpg,verymild_1061.jpg,Very Mild Demented,VeryMildDemented,128,128,1,d1b32bd9bc34439ae59ea7e77a02fd210e8fc7ecf5853d2f5ebefa4e73da0c4c,train
data/dataset/Very_Mild_Demented/verymild_1748.jpg,verymild_1748.jpg,Very Mild Demented,VeryMildDemented,128,128,1,f8eef0a6dfb83fd5cc3734b51c8fd75ba3b5f13ee1ea86790c3b2bbc48e061c5,train
data/dataset/Very_Mild_Demented/verymild_1776.jpg,verymild_1776.jpg,Very Mild Demented,VeryMildDemented,128,128,1,eced1d2db843f2c6d327b3dfa147a59e6324d702fc2cb3751b2f84145b21f072,train
data/dataset/Very_Mild_Demented/verymild_946.jpg,verymild_946.jpg,Very Mild Demented,VeryMildDemented,128,128,1,30db2045d9f110fb45486b6051868631aa1c7394578ad96865dc2cb6d2330b22,train
data/dataset/Very_Mild_Demented/verymild_723.jpg,verymild_723.jpg,Very Mild Demented,VeryMildDemented,128,128,1,c0810891f66729a7a4f884133e65e78ee69b58f5aa852f5d16a389e9d7336633,train
data/dataset/Very_Mild_Demented/verymild_176.jpg,verymild_176.jpg,Very Mild Demented,VeryMildDemented,128,128,1,b17fd30cef45f2f955322985e5afddcd6dae634b95bfa0eddf383446a5d4f935,train
data/dataset/Very_Mild_Demented/verymild_2221.jpg,verymild_2221.jpg,Very Mild Demented,VeryMildDemented,128,128,1,da1850089451d99c2b454707de50456f51bb1e56f61c0ccd58788df517892cc5,train
data/dataset/Very_Mild_Demented/verymild_794.jpg,verymild_794.jpg,Very Mild Demented,VeryMildDemented,128,128,1,2dacc506549dc1e2174259415bd18bd5d0dd8a1ba496def1542f7ceff94294e6,train
data/dataset/Very_Mild_Demented/verymild_1106.jpg,verymild_1106.jpg,Very Mild Demented,VeryMildDemented,128,128,1,24962aa228ec3094387f5914536ede3a19147d9a136fc8eb899d949f0e64651c,train
data/dataset/Very_Mild_Demented/verymild_215.jpg,verymild_215.jpg,Very Mild Demented,VeryMildDemented,128,128,1,a8f418842716bb56f485204b1a7e680ea267c6254b9270ce60095212abbb54ee,train
data/dataset/Very_Mild_Demented/verymild_927.jpg,verymild_927.jpg,Very Mild Demented,VeryMildDemented,128,128,1,4256466011de24d26293e33b80011b9082ce80afa68ebce198ba7c933698e0a6,train
data/dataset/Very_Mild_Demented/verymild_1413.jpg,verymild_1413.jpg,Very Mild Demented,VeryMildDemented,128,128,1,175ded887e6357a8686afbeb2e745d37b4ac8f7ce439f1608b11a78756dc2d86,train
data/dataset/Very_Mild_Demented/verymild_1400.jpg,verymild_1400.jpg,Very Mild Demented,VeryMildDemented,128,128,1,882a205f5d9e65eb3ea501f41645f7470bbcb0dcab83b167ba820574fc134982,train
data/dataset/Very_Mild_Demented/verymild_1713.jpg,verymild_1713.jpg,Very Mild Demented,VeryMildDemented,128,128,1,d14fa28847772111d0da5e03e50ed178ed369666c472f5ce0515102a44335cc3,train
data/dataset/Very_Mild_Demented/verymild_1828.jpg,verymild_1828.jpg,Very Mild Demented,VeryMildDemented,128,128,1,785054b84c41b53ca19eda5d8c4faee760e774813dd63a13580a42c31d1e4343,train
data/dataset/Very_Mild_Demented/verymild_1730.jpg,verymild_1730.jpg,Very Mild Demented,VeryMildDemented,128,128,1,4880d0ba86bc9b3c0618e08d53646a08db69d68943369b56c70aa4fbac890ccb,train
data/dataset/Very_Mild_Demented/verymild_411.jpg,verymild_411.jpg,Very Mild Demented,VeryMildDemented,128,128,1,8fb65f9f7f49190b375ec5700e1395a256d66513ad175486de2eb88eafc2823b,train
data/dataset/Very_Mild_Demented/verymild_32.jpg,verymild_32.jpg,Very Mild Demented,VeryMildDemented,128,128,1,e410387c998a817d7233801e6f00aa77dcf0682a5e766fa254166309909edb1c,train
data/dataset/Very_Mild_Demented/verymild_675.jpg,verymild_675.jpg,Very Mild Demented,VeryMildDemented,128,128,1,5f387332bb8c5d044b7e9d1cbd29dc163f50c55a0acce378ed51f3f5663e2ced,train
data/dataset/Very_Mild_Demented/verymild_833.jpg,verymild_833.jpg,Very Mild Demented,VeryMildDemented,128,128,1,43569c62cf821c16d8adcd1a9f6e3960df9a34fc03f1e7430279b5701ced1aff,train
data/dataset/Very_Mild_Demented/verymild_1627.jpg,verymild_1627.jpg,Very Mild Demented,VeryMildDemented,128,128,1,902f53d01ca2d4d046a6a367e544430a91c23b7ce9b2f1cf8f58917df2425b21,train
data/dataset/Very_Mild_Demented/verymild_704.jpg,verymild_704.jpg,Very Mild Demented,VeryMildDemented,128,128,1,b020b17ba3676a2104a0c8d54609687335f7f12bd450bd4226d7426b68e2b6a6,train
data/dataset/Very_Mild_Demented/verymild_2057.jpg,verymild_2057.jpg,Very Mild Demented,VeryMildDemented,128,128,1,3731ea12b3ce256c274f441257a199c190f08a854f6643fb57afd0346e175268,train
data/dataset/Very_Mild_Demented/verymild_1405.jpg,verymild_1405.jpg,Very Mild Demented,VeryMildDemented,128,128,1,d935c15db83d712f498600178bbd9ec1d14d290287a0a7d35210f39d421e1b41,train
data/dataset/Very_Mild_Demented/verymild_1278.jpg,verymild_1278.jpg,Very Mild Demented,VeryMildDemented,128,128,1,0f015411a91a2ea87d424892b48019de17f9105ee650b573f984692d258d357f,train
data/dataset/Very_Mild_Demented/verymild_1810.jpg,verymild_1810.jpg,Very Mild Demented,VeryMildDemented,128,128,1,d182762075f0617670dd66260dbb5e01238c36a18582b704c426038495b0712c,train
data/dataset/Very_Mild_Demented/verymild_871.jpg,verymild_871.jpg,Very Mild Demented,VeryMildDemented,128,128,1,a21203585a7a371cdcda52400d3c0f079fdf6f8b0017e790b0d0162981498a28,train
data/dataset/Very_Mild_Demented/verymild_1276.jpg,verymild_1276.jpg,Very Mild Demented,VeryMildDemented,128,128,1,869a0cc4eb6414840c891b19f55a3c13c961160a0b2e6a221f02d047530764b0,train
data/dataset/Very_Mild_Demented/verymild_1509.jpg,verymild_1509.jpg,Very Mild Demented,VeryMildDemented,128,128,1,f0143fc4fa6698add7942ab51e18afc185a5362d8b56cbcabd77474b75c95e1a,train
data/dataset/Very_Mild_Demented/verymild_195.jpg,verymild_195.jpg,Very Mild Demented,VeryMildDemented,128,128,1,ace7eb2ed8a2d11ebb6c426098c2fe17bffe1dd40e89b0f1ec981a9a4f921444,train
data/dataset/Very_Mild_Demented/verymild_461.jpg,verymild_461.jpg,Very Mild Demented,VeryMildDemented,128,128,1,aa8737033bba54680f6ad5ef2078fb32e26e81ccb38eac5459ae01c10596260d,train
data/dataset/Very_Mild_Demented/verymild_1579.jpg,verymild_1579.jpg,Very Mild Demented,VeryMildDemented,128,128,1,147f0983a26ba796b49bf850a4c124d8cf4d7441500cb7ba6c49b5d4a91f6c52,train
data/dataset/Very_Mild_Demented/verymild_1517.jpg,verymild_1517.jpg,Very Mild Demented,VeryMildDemented,128,128,1,a5d50e7b774d82a2f41fbe2fb2ee7cb9033d0c1e3d07ed7196cf85d95c156802,train
data/dataset/Very_Mild_Demented/verymild_1050.jpg,verymild_1050.jpg,Very Mild Demented,VeryMildDemented,128,128,1,023d9580c8b94a94e6d5327f2e546f79872029cc79e35f8e6e3f3911eec03030,train
data/dataset/Very_Mild_Demented/verymild_1318.jpg,verymild_1318.jpg,Very Mild Demented,VeryMildDemented,128,128,1,a84c34b4a23ead549d822924d5ff8f3d80771fd0c68f57117518690008bd15d4,train
data/dataset/Very_Mild_Demented/verymild_229.jpg,verymild_229.jpg,Very Mild Demented,VeryMildDemented,128,128,1,8b46771d1d6ed9a86c7892a7de1dd0b854527a9ff650b19d156be950d5a9313a,train
data/dataset/Very_Mild_Demented/verymild_715.jpg,verymild_715.jpg,Very Mild Demented,VeryMildDemented,128,128,1,6e69c98ea9bd73f4c5879a79c5b5ae4bc0fd441e438b576fa7e44246dad26200,train
data/dataset/Very_Mild_Demented/verymild_600.jpg,verymild_600.jpg,Very Mild Demented,VeryMildDemented,128,128,1,a6e75280b0ed95053df3cab8d7bc2e52fadaa4e191f2633b4a68627e2de9cc7b,train
data/dataset/Very_Mild_Demented/verymild_1211.jpg,verymild_1211.jpg,Very Mild Demented,VeryMildDemented,128,128,1,c6a4bfc867eee43199887d5c5078343c5354408e7009df98ff826867361e3169,train
data/dataset/Very_Mild_Demented/verymild_995.jpg,verymild_995.jpg,Very Mild Demented,VeryMildDemented,128,128,1,b295b6b303c1aa719a88fe85599bd5a375f9af3d549127b6dc04941fb8fe0e28,train
data/dataset/Very_Mild_Demented/verymild_13.jpg,verymild_13.jpg,Very Mild Demented,VeryMildDemented,128,128,1,f79d6e06d51e8f9626b34abceeb8387fbfcbe4257c92a406d7ebdeca9797e23e,train
data/dataset/Very_Mild_Demented/verymild_1311.jpg,verymild_1311.jpg,Very Mild Demented,VeryMildDemented,128,128,1,7e54773a9fa3408c0951a9ba4b39e2f7fdf80ebe964bd98af33bdb49985a1d61,train
data/dataset/Very_Mild_Demented/verymild_1424.jpg,verymild_1424.jpg,Very Mild Demented,VeryMildDemented,128,128,1,4b7d0d4307251297f3f2ff410ba1db15595a2396a594de66f7ddc58d37ecc54b,train
data/dataset/Very_Mild_Demented/verymild_434.jpg,verymild_434.jpg,Very Mild Demented,VeryMildDemented,128,128,1,1fe0b17475f450807923486211c10109a41a7fd1fbef22933ea5b95374ca72f1,train
data/dataset/Very_Mild_Demented/verymild_1615.jpg,verymild_1615.jpg,Very Mild Demented,VeryMildDemented,128,128,1,11145decda4144ff05aa5970bca347a7e7154a40f499a74c479eba14f30d0e51,train
data/dataset/Very_Mild_Demented/verymild_1068.jpg,verymild_1068.jpg,Very Mild Demented,VeryMildDemented,128,128,1,0f9ac4fd208f54ff5962a680461a1d8456e7630fcc05374f1e2ffdd8b186b9a7,train
data/dataset/Very_Mild_Demented/verymild_123.jpg,verymild_123.jpg,Very Mild Demented,VeryMildDemented,128,128,1,88df576df19fca01cf4baee30811a51ca9e65d5df2a1590936600d5208295ac0,train
data/dataset/Very_Mild_Demented/verymild_69.jpg,verymild_69.jpg,Very Mild Demented,VeryMildDemented,128,128,1,2771fa90dae34f3dc8c7baeb73fc5cce4f8ab92adae7e1b4c2320b069088549d,train
data/dataset/Very_Mild_Demented/verymild_1340.jpg,verymild_1340.jpg,Very Mild Demented,VeryMildDemented,128,128,1,1841ecf98ce6ed21c94ad0769f790add6d729e5b2e0ae16224924d9f15dbd127,train
data/dataset/Very_Mild_Demented/verymild_551.jpg,verymild_551.jpg,Very Mild Demented,VeryMildDemented,128,128,1,d621474e804f69bff00746b7b4302e75c011260a90a7cb3285762a3b4d060ff5,train
data/dataset/Very_Mild_Demented/verymild_1155.jpg,verymild_1155.jpg,Very Mild Demented,VeryMildDemented,128,128,1,ee3a9b84432899c7f525f8879da1b84794f59c0bea5c61cd2826da9a0842e4ee,train
data/dataset/Very_Mild_Demented/verymild_1306.jpg,verymild_1306.jpg,Very Mild Demented,VeryMildDemented,128,128,1,8e2717413b1003e97f7cb00e17fd7cc74ed0abb803aa9bdec75b05e524e54eca,train
data/dataset/Very_Mild_Demented/verymild_1689.jpg,verymild_1689.jpg,Very Mild Demented,VeryMildDemented,128,128,1,1f4d3e640626ccdf1aeca053580d2feb5fc6649d8c6acc8cd4c97b0c4a6d2f5e,train
data/dataset/Very_Mild_Demented/verymild_1305.jpg,verymild_1305.jpg,Very Mild Demented,VeryMildDemented,128,128,1,0673d6020cae3aecc226f58586bf851bcf57f75bcc1f45468006b881c7645825,train
data/dataset/Very_Mild_Demented/verymild_823.jpg,verymild_823.jpg,Very Mild Demented,VeryMildDemented,128,128,1,886627ed8d15d38be7ef4e729c15748ade97afb36db7c4dc67791fae594d3c88,train
data/dataset/Very_Mild_Demented/verymild_1303.jpg,verymild_1303.jpg,Very Mild Demented,VeryMildDemented,128,128,1,c9aa88a7f1d2bed9ab7e96285d30f663dc8b61575ca56efbb46090723d139194,train
data/dataset/Very_Mild_Demented/verymild_430.jpg,verymild_430.jpg,Very Mild Demented,VeryMildDemented,128,128,1,8fb774bd78aedf61b070bf68eec94f5f33403e4ab498a2011a3a9b558eb909a4,train
data/dataset/Very_Mild_Demented/verymild_1015.jpg,verymild_1015.jpg,Very Mild Demented,VeryMildDemented,128,128,1,74a7056fb01b9e2af9d9be363c81290d7b9c5fc20f15b4c2e9a4ab3e7c704574,train
data/dataset/Very_Mild_Demented/verymild_1625.jpg,verymild_1625.jpg,Very Mild Demented,VeryMildDemented,128,128,1,3bf8d7c859b07836995730c1444a97451ea74284237d6aeaa9fb0d83f03b1deb,train
data/dataset/Very_Mild_Demented/verymild_817.jpg,verymild_817.jpg,Very Mild Demented,VeryMildDemented,128,128,1,2938ebec420cd93b0dcdda51918f9315cad2dc3853ddc7788ddede4ca4087353,train
data/dataset/Very_Mild_Demented/verymild_1124.jpg,verymild_1124.jpg,Very Mild Demented,VeryMildDemented,128,128,1,9e97d38180c72298e5f24dcfcde6fffc6ee6825b284d9cd440e1fedde0b38480,train
data/dataset/Very_Mild_Demented/verymild_1656.jpg,verymild_1656.jpg,Very Mild Demented,VeryMildDemented,128,128,1,fb394f72c7eb47dd0e627224571b3fb6eb160c1a3b2872cdb43724e67775fa25,train
data/dataset/Very_Mild_Demented/verymild_2041.jpg,verymild_2041.jpg,Very Mild Demented,VeryMildDemented,128,128,1,a8ac68d37ffbab3177a5332671a3d237012bdfea9faa80811ca168f5f3f56943,train
data/dataset/Very_Mild_Demented/verymild_1905.jpg,verymild_1905.jpg,Very Mild Demented,VeryMildDemented,128,128,1,11dab3033ffefbbddc3c12b04bbaa084ff73ce1221504075676f4f8c3e939db9,train
data/dataset/Very_Mild_Demented/verymild_1836.jpg,verymild_1836.jpg,Very Mild Demented,VeryMildDemented,128,128,1,7794798651d73740314a6fb7ba9e7009cc5dbf26a6424c74b79d862687f26bd9,train
data/dataset/Very_Mild_Demented/verymild_371.jpg,verymild_371.jpg,Very Mild Demented,VeryMildDemented,128,128,1,51bb54b61d403b7a2f9ba7694bce7eb2b086d1e8babf94d165a4e690133e8fd9,train
data/dataset/Very_Mild_Demented/verymild_330.jpg,verymild_330.jpg,Very Mild Demented,VeryMildDemented,128,128,1,4efc7b089d90db8db4d9577c7c655ee540f28139f1a1e8c6e2a73b0070256a79,train
data/dataset/Very_Mild_Demented/verymild_609.jpg,verymild_609.jpg,Very Mild Demented,VeryMildDemented,128,128,1,9b6781ae70e4b45916f36e2ba770b9094b21fb279dbffa929814e6be795a4447,train
data/dataset/Very_Mild_Demented/verymild_1838.jpg,verymild_1838.jpg,Very Mild Demented,VeryMildDemented,128,128,1,16c41296bb4d98af85806e6d24ec4cfc78912adf7d0e59269019272602a0b56f,train
data/dataset/Very_Mild_Demented/verymild_1267.jpg,verymild_1267.jpg,Very Mild Demented,VeryMildDemented,128,128,1,8d55a354085407845128a32d91c39a917ffa49648f264e0987038bd233188b4b,train
data/dataset/Very_Mild_Demented/verymild_247.jpg,verymild_247.jpg,Very Mild Demented,VeryMildDemented,128,128,1,bc347f5cfadb6b59b6168f07340cb07a2a5aab3645b14fcc3236890d8cd35a49,train
data/dataset/Very_Mild_Demented/verymild_1901.jpg,verymild_1901.jpg,Very Mild Demented,VeryMildDemented,128,128,1,8ed3803af34fffe86a855adfc25295b3c7a6e354ad8eb4607935b02c097b467a,train
data/dataset/Very_Mild_Demented/verymild_1271.jpg,verymild_1271.jpg,Very Mild Demented,VeryMildDemented,128,128,1,b9a421622a449e2284f51b52cf9413eb174ba7543030caf7f4de8f7c175e44b7,train
data/dataset/Very_Mild_Demented/verymild_947.jpg,verymild_947.jpg,Very Mild Demented,VeryMildDemented,128,128,1,a286aa720ac26d60fcf19f078cbf1795fb9c67d7662e8c0fee78085f9b281308,train
data/dataset/Very_Mild_Demented/verymild_1224.jpg,verymild_1224.jpg,Very Mild Demented,VeryMildDemented,128,128,1,dc1d5244109ced0263f0e2d8b7f15c1277fa68d1a591735d9ce49d62d2959235,train
data/dataset/Very_Mild_Demented/verymild_1148.jpg,verymild_1148.jpg,Very Mild Demented,VeryMildDemented,128,128,1,635c6d7ff13996ec0416f96018cc08a00b5c6be7030b874f6e3ab238e32605dc,train
data/dataset/Very_Mild_Demented/verymild_1434.jpg,verymild_1434.jpg,Very Mild Demented,VeryMildDemented,128,128,1,4b3ea07168900a10914498ae30491174eb1f61f2955b62c6a11c6b20cbd72804,train
data/dataset/Very_Mild_Demented/verymild_709.jpg,verymild_709.jpg,Very Mild Demented,VeryMildDemented,128,128,1,6e6aed33380a82d64cd44b5621faab25beb1955921f9c6fcbe446bf7118c9fdd,train
data/dataset/Very_Mild_Demented/verymild_806.jpg,verymild_806.jpg,Very Mild Demented,VeryMildDemented,128,128,1,51d78790d71c022d4fe74a73128cd927ff16026798f263d1d8d1ce4da9de6c52,train
data/dataset/Very_Mild_Demented/verymild_87.jpg,verymild_87.jpg,Very Mild Demented,VeryMildDemented,128,128,1,11d8d158fd6b82e5fbb41d04ed758f6d78a137d6fa4a4973ab7d346a5ed7dd1a,train
data/dataset/Very_Mild_Demented/verymild_847.jpg,verymild_847.jpg,Very Mild Demented,VeryMildDemented,128,128,1,67c24b90efb50053244287b9dfd35434d66fd4d194fad7a836374153eb3bc1b3,train
data/dataset/Very_Mild_Demented/verymild_2167.jpg,verymild_2167.jpg,Very Mild Demented,VeryMildDemented,128,128,1,99c46de4b84e5f3c2360163de948146d5299a3fb8a5bc08932a36a3ce3470463,train
data/dataset/Very_Mild_Demented/verymild_368.jpg,verymild_368.jpg,Very Mild Demented,VeryMildDemented,128,128,1,e800f8d5195ce5ea794389e01c4756795f7516dce23f5bc766be1dd8a106d8e9,train
data/dataset/Very_Mild_Demented/verymild_1891.jpg,verymild_1891.jpg,Very Mild Demented,VeryMildDemented,128,128,1,4692a02bfb028216729a0bbcda23a89121a86de4a181dae9677c2838799db357,train
data/dataset/Very_Mild_Demented/verymild_35.jpg,verymild_35.jpg,Very Mild Demented,VeryMildDemented,128,128,1,c1685b571d5541e94cc29d4d38fac1922eedd860a39d5fe69ba9905870165f98,train
data/dataset/Very_Mild_Demented/verymild_796.jpg,verymild_796.jpg,Very Mild Demented,VeryMildDemented,128,128,1,01920a4d23429450a319c1b1a8c554bc411447f99fcc588423d079e1cd72549d,train
data/dataset/Very_Mild_Demented/verymild_109.jpg,verymild_109.jpg,Very Mild Demented,VeryMildDemented,128,128,1,d92de7daf0848ecf5d72d59a8f2f0773601f71309bfd7bb82d2f9c781bb972e3,train
data/dataset/Very_Mild_Demented/verymild_1411.jpg,verymild_1411.jpg,Very Mild Demented,VeryMildDemented,128,128,1,10e6f47df0812e6ec3f1ecede34b7dde01d33570ca88bb6d72dab890000d425c,train
data/dataset/Very_Mild_Demented/verymild_953.jpg,verymild_953.jpg,Very Mild Demented,VeryMildDemented,128,128,1,6ce4f88b782b0d95e8ce2960131c1a6b454e6ad2f72d5534d4f7121f95e37274,train
data/dataset/Very_Mild_Demented/verymild_1994.jpg,verymild_1994.jpg,Very Mild Demented,VeryMildDemented,128,128,1,fa523da0e53e87498e01399813a5d6d2bb928878630b123a9fb3cdc61650571d,train
data/dataset/Very_Mild_Demented/verymild_989.jpg,verymild_989.jpg,Very Mild Demented,VeryMildDemented,128,128,1,92bab41ce0f957f69b25d8a3b14438d0e213c364d48997568f83ea53f2054e47,train
data/dataset/Very_Mild_Demented/verymild_983.jpg,verymild_983.jpg,Very Mild Demented,VeryMildDemented,128,128,1,75b45f453f855dbb8ef0f06798ece92e7dc5fda9b65ee5337c7de18ecd183a89,train
data/dataset/Very_Mild_Demented/verymild_1704.jpg,verymild_1704.jpg,Very Mild Demented,VeryMildDemented,128,128,1,93a2ffca337d942bf424aaa50b0c4228a3bba9b01fe4f24e312d111035a65e1e,train
data/dataset/Very_Mild_Demented/verymild_527.jpg,verymild_527.jpg,Very Mild Demented,VeryMildDemented,128,128,1,5f3afb70f7cfe5dbccc075fe037c26f4240d11f9474ee465a174421effdbd2da,train
data/dataset/Very_Mild_Demented/verymild_1151.jpg,verymild_1151.jpg,Very Mild Demented,VeryMildDemented,128,128,1,c4f816a3c131aafd05af276def99b2ecd2bd617b4dd091324cd1ae14853a2dd1,train
data/dataset/Very_Mild_Demented/verymild_359.jpg,verymild_359.jpg,Very Mild Demented,VeryMildDemented,128,128,1,92635fc4bb547da4b02d243b995f1c8f1e655adfae448ce8a44fe03867c75d63,train
data/dataset/Very_Mild_Demented/verymild_576.jpg,verymild_576.jpg,Very Mild Demented,VeryMildDemented,128,128,1,09dea008dfca84c19f50474f2b13c37371c9674ef9f2f610c3606273200a13a8,train
data/dataset/Very_Mild_Demented/verymild_1897.jpg,verymild_1897.jpg,Very Mild Demented,VeryMildDemented,128,128,1,1dca8c04d1e60b96ab8cee52c6bcfc545e40bda96f07990d039534b00e6c3e05,train
data/dataset/Very_Mild_Demented/verymild_717.jpg,verymild_717.jpg,Very Mild Demented,VeryMildDemented,128,128,1,43f7db2b266973f3fc3bcee20dcee5ad97e475cb068d0e7bc78fb4c5df7c7fe8,train
data/dataset/Very_Mild_Demented/verymild_456.jpg,verymild_456.jpg,Very Mild Demented,VeryMildDemented,128,128,1,2fde8eb1e05c15acc1c70f7800bb9766e92389d69c2fb2547b286978d59feeed,train
data/dataset/Very_Mild_Demented/verymild_79.jpg,verymild_79.jpg,Very Mild Demented,VeryMildDemented,128,128,1,9044f9d80989adb54d23a62eb61eea657a3a5e4f280e1b7d7cbffecf4c68e8c8,train
data/dataset/Very_Mild_Demented/verymild_883.jpg,verymild_883.jpg,Very Mild Demented,VeryMildDemented,128,128,1,c6fdcb12ec9d60c31a631bc55d13005e5055a6ea2e7a7cd4f68a78a9407a0af2,train
data/dataset/Very_Mild_Demented/verymild_1199.jpg,verymild_1199.jpg,Very Mild Demented,VeryMildDemented,128,128,1,03a1a7be402988694a97b07b8f55b9923c84f557cb3024f6caf629e7b679cecf,train
data/dataset/Very_Mild_Demented/verymild_1920.jpg,verymild_1920.jpg,Very Mild Demented,VeryMildDemented,128,128,1,3678d74b3158770383127e941c670c6cca8022c93243dd7e5b9d2223b6badd70,train
data/dataset/Very_Mild_Demented/verymild_553.jpg,verymild_553.jpg,Very Mild Demented,VeryMildDemented,128,128,1,01b3d7086a3798c8cf2344dfb2637d098d357a1ffc0c92fdc93e963846b0d7b3,train
data/dataset/Very_Mild_Demented/verymild_1955.jpg,verymild_1955.jpg,Very Mild Demented,VeryMildDemented,128,128,1,b095af8f3b411ef3c2704721c925803853f6058d3a681c2a78d38e2334bb47ae,train
data/dataset/Very_Mild_Demented/verymild_1729.jpg,verymild_1729.jpg,Very Mild Demented,VeryMildDemented,128,128,1,a531d3af0d14f92f04d55dd1bcdfc4598f4e5b23c81522e7a6a9fcee6b356489,train
data/dataset/Very_Mild_Demented/verymild_1296.jpg,verymild_1296.jpg,Very Mild Demented,VeryMildDemented,128,128,1,21ac5db1bf05ee3c0911ddaf65e0ff864e6f788f07b7a84b3c5b8c36bb12f764,train
data/dataset/Very_Mild_Demented/verymild_1197.jpg,verymild_1197.jpg,Very Mild Demented,VeryMildDemented,128,128,1,be8d534126fd06cc68c8ff061a070b804bdf18a5e21dae7ea458b09b1683e438,train
data/dataset/Very_Mild_Demented/verymild_351.jpg,verymild_351.jpg,Very Mild Demented,VeryMildDemented,128,128,1,e98a5d60d23dafab15e32dacc77fe9bdfb3fc0908a7cf524546c69561d36186c,train
data/dataset/Very_Mild_Demented/verymild_803.jpg,verymild_803.jpg,Very Mild Demented,VeryMildDemented,128,128,1,4d7cfd48a58f280d9f36de2843f2e1d87733b109203254e19357e5b17b916f3a,train
data/dataset/Very_Mild_Demented/verymild_1673.jpg,verymild_1673.jpg,Very Mild Demented,VeryMildDemented,128,128,1,f350dc430d4dbaf3db7bfa436c4d2ba30c4ed1e4ac3bef952d2d07a63a213116,train
data/dataset/Very_Mild_Demented/verymild_1865.jpg,verymild_1865.jpg,Very Mild Demented,VeryMildDemented,128,128,1,00c04b4d9cc7a890fc5b014fd268ff19f4cd25daae8759abf53f631e00c1cf54,train
data/dataset/Very_Mild_Demented/verymild_793.jpg,verymild_793.jpg,Very Mild Demented,VeryMildDemented,128,128,1,30d475320262754f83d522c15f7d201cb1ab91001f6fd7e42257e11c45a1de10,train
data/dataset/Very_Mild_Demented/verymild_1019.jpg,verymild_1019.jpg,Very Mild Demented,VeryMildDemented,128,128,1,da980c6a9fdf1cd272fe6078d5bdb345ea0230c26abc920010dc36f096d9cd9b,train
data/dataset/Very_Mild_Demented/verymild_1608.jpg,verymild_1608.jpg,Very Mild Demented,VeryMildDemented,128,128,1,e382ba07dd72995870698e239823d430a239d8e5307058b3d643fa2c11dcd668,train
data/dataset/Very_Mild_Demented/verymild_857.jpg,verymild_857.jpg,Very Mild Demented,VeryMildDemented,128,128,1,b9b3b717d305b947d74fff152568142adb10d3bb1b99295ffc01a8feb5385f15,train
data/dataset/Very_Mild_Demented/verymild_1701.jpg,verymild_1701.jpg,Very Mild Demented,VeryMildDemented,128,128,1,ed48ebdfe8773e1e39b99805d03405e4a1f54140514973ff2b8090af4fe5da92,train
data/dataset/Very_Mild_Demented/verymild_799.jpg,verymild_799.jpg,Very Mild Demented,VeryMildDemented,128,128,1,11d35d5009800bbcb144b266a20d272aadeae05e301bf862f0d32bdac20aafd4,train
data/dataset/Very_Mild_Demented/verymild_2169.jpg,verymild_2169.jpg,Very Mild Demented,VeryMildDemented,128,128,1,9a5a4f942dfe37d41bc4ff18d9027eff1d97a1dbfc40c01fc890dc713b08a2c1,train
data/dataset/Very_Mild_Demented/verymild_312.jpg,verymild_312.jpg,Very Mild Demented,VeryMildDemented,128,128,1,7d68ea99c7fdfac26f910e37bc495d7a4d28807f15507951cde2df9358058ef5,train
data/dataset/Very_Mild_Demented/verymild_1571.jpg,verymild_1571.jpg,Very Mild Demented,VeryMildDemented,128,128,1,6f06120d1f0925b0cf70dff81bc6d933edf014728b9e452d99cc92fd606aa655,train
data/dataset/Very_Mild_Demented/verymild_148.jpg,verymild_148.jpg,Very Mild Demented,VeryMildDemented,128,128,1,687fa35daf3b761c7f67970373db37478ca574895aa2e6dfb901c49f6526b4a8,train
data/dataset/Very_Mild_Demented/verymild_1651.jpg,verymild_1651.jpg,Very Mild Demented,VeryMildDemented,128,128,1,cc0f5317103dded6d7b534bed781c759972d2d73587e624e7a4d5ff5665b3248,train
data/dataset/Very_Mild_Demented/verymild_869.jpg,verymild_869.jpg,Very Mild Demented,VeryMildDemented,128,128,1,bf997d29811dc60c416506a0aa35db24aa5306d5c710cd997091a9ed22832210,train
data/dataset/Very_Mild_Demented/verymild_1908.jpg,verymild_1908.jpg,Very Mild Demented,VeryMildDemented,128,128,1,39edc2ba8b9b6e4e32d288f7de8402bbf8dc03243e0a4663d1e2b3fb3dd70cbf,train
data/dataset/Very_Mild_Demented/verymild_2140.jpg,verymild_2140.jpg,Very Mild Demented,VeryMildDemented,128,128,1,753260d5043b2af4c5fd7053f2f864d65598540a6cb441dde1ce95702bd8f172,train
data/dataset/Very_Mild_Demented/verymild_991.jpg,verymild_991.jpg,Very Mild Demented,VeryMildDemented,128,128,1,63515be38642d9ea6fe8f6f062590880b7410365c843856cf5521521e669e1ff,train
data/dataset/Very_Mild_Demented/verymild_21.jpg,verymild_21.jpg,Very Mild Demented,VeryMildDemented,128,128,1,b024dd1adeeefe0c89bb1d9149eea65de18b3d3eec722364c243823ea945408a,train
data/dataset/Very_Mild_Demented/verymild_762.jpg,verymild_762.jpg,Very Mild Demented,VeryMildDemented,128,128,1,bb77a461bb61873e7736cdb7c14d65103b9f28af706558834216b2c9db841854,train
data/dataset/Very_Mild_Demented/verymild_1971.jpg,verymild_1971.jpg,Very Mild Demented,VeryMildDemented,128,128,1,2d2048e0bcd498901ccad6f77d84b8810ef214e2a92d5d410bd5a624c9f50ec9,train
data/dataset/Very_Mild_Demented/verymild_1341.jpg,verymild_1341.jpg,Very Mild Demented,VeryMildDemented,128,128,1,1e405260856efe66713e3d137e7a91500a1e31af84cb8c467ed12853ac07adb6,train
data/dataset/Very_Mild_Demented/verymild_467.jpg,verymild_467.jpg,Very Mild Demented,VeryMildDemented,128,128,1,ec721b7de384262a77ddeae780399ff7ea2aeb5bf36c96348cec79d0517e7138,train
data/dataset/Very_Mild_Demented/verymild_374.jpg,verymild_374.jpg,Very Mild Demented,VeryMildDemented,128,128,1,0ebf2208e44717d0a64d0981078ef63f0b90fff6eba1c0d4ba1c0ce9c8bf56df,train
data/dataset/Very_Mild_Demented/verymild_2056.jpg,verymild_2056.jpg,Very Mild Demented,VeryMildDemented,128,128,1,3d211a21b851038fd11e890689d28c12c0cf8196fc61384527aff831affddd5e,train
data/dataset/Very_Mild_Demented/verymild_40.jpg,verymild_40.jpg,Very Mild Demented,VeryMildDemented,128,128,1,90d479bf9954b28eb78fea753735e543c293c6fea1a209360c78336cd87596a0,train
data/dataset/Very_Mild_Demented/verymild_204.jpg,verymild_204.jpg,Very Mild Demented,VeryMildDemented,128,128,1,b8761bf76a4c6882f1552e86b104534aac4ad874dc67ab3dc19f2f4fa77c112c,train
data/dataset/Very_Mild_Demented/verymild_62.jpg,verymild_62.jpg,Very Mild Demented,VeryMildDemented,128,128,1,ad83b982c7ad08daae9540389875f3633b48ae1e91f2253048e2d0854e947905,train
data/dataset/Very_Mild_Demented/verymild_764.jpg,verymild_764.jpg,Very Mild Demented,VeryMildDemented,128,128,1,0c43f61fb7ef447c96c3c7b6d141491d64c1ca9c13dc1b1217647cd6c6d1562b,train
data/dataset/Very_Mild_Demented/verymild_340.jpg,verymild_340.jpg,Very Mild Demented,VeryMildDemented,128,128,1,92fc360496ff15619cec31e9cc01b97cdcfaa64a11a5d835272a166a4afa9e4f,train
data/dataset/Very_Mild_Demented/verymild_1039.jpg,verymild_1039.jpg,Very Mild Demented,VeryMildDemented,128,128,1,e7117f8d2654a4a9cb13f7266c22356b1ef4da932e057755b3a9714bdf63ac2a,train
data/dataset/Very_Mild_Demented/verymild_1266.jpg,verymild_1266.jpg,Very Mild Demented,VeryMildDemented,128,128,1,1a39cd09c9bef23d07c4ac372cefdb90a1b60e74a73812970b5361b1247cb276,train
data/dataset/Very_Mild_Demented/verymild_1852.jpg,verymild_1852.jpg,Very Mild Demented,VeryMildDemented,128,128,1,23f76da031cdcbff4aab5e58bbbcd58e7f9629f0d236247fd02495c5ea933ef4,train
data/dataset/Very_Mild_Demented/verymild_2039.jpg,verymild_2039.jpg,Very Mild Demented,VeryMildDemented,128,128,1,c820781e9563f7f9f28742ae6cef27d517f816bcf74ce9b345c8b63bfff47f01,train
data/dataset/Very_Mild_Demented/verymild_977.jpg,verymild_977.jpg,Very Mild Demented,VeryMildDemented,128,128,1,c120206d32b3da7626bbd5b59f1caedfbaa17e7c82d92b1f4e8488ca99bb818c,train
data/dataset/Very_Mild_Demented/verymild_676.jpg,verymild_676.jpg,Very Mild Demented,VeryMildDemented,128,128,1,9511c01de5018bb260ca8f1384f0a919d4641c8096042ecd550b1b2d5ba1421a,train
data/dataset/Very_Mild_Demented/verymild_836.jpg,verymild_836.jpg,Very Mild Demented,VeryMildDemented,128,128,1,6af4e81bbe8442597e902a27700629fd390bcfb86675bf84ff0a8b6059aff022,train
data/dataset/Very_Mild_Demented/verymild_1885.jpg,verymild_1885.jpg,Very Mild Demented,VeryMildDemented,128,128,1,beff9f10666fde467d170b26a8919cbe9b0c5ed5a7340d1c796b507ad5f6a5f7,train
data/dataset/Very_Mild_Demented/verymild_1683.jpg,verymild_1683.jpg,Very Mild Demented,VeryMildDemented,128,128,1,227437f7d6f422af83b1cf22fb12d57b3205749598d07ab8a5d51de11c256208,train
data/dataset/Very_Mild_Demented/verymild_1051.jpg,verymild_1051.jpg,Very Mild Demented,VeryMildDemented,128,128,1,ac1da6150e5ce9533aca8d43e9a6eaa0d0fc46f2f817f4ee9bcac9dc1340513a,train
data/dataset/Very_Mild_Demented/verymild_986.jpg,verymild_986.jpg,Very Mild Demented,VeryMildDemented,128,128,1,4907cd8a3aa01a3b7a01fafa3f4c73e30a6898443a385944dfd6ba727b6fb318,train
data/dataset/Very_Mild_Demented/verymild_1764.jpg,verymild_1764.jpg,Very Mild Demented,VeryMildDemented,128,128,1,0be0b36638d19ec7a31dc03c860f312973d89e7f9cba92bc07e5bccbe38ab7fd,train
data/dataset/Very_Mild_Demented/verymild_1533.jpg,verymild_1533.jpg,Very Mild Demented,VeryMildDemented,128,128,1,26b6982cb34cd584e69cf411afc67a11a2a53b16d79eda234e1760aa2f2760c0,train
data/dataset/Very_Mild_Demented/verymild_2193.jpg,verymild_2193.jpg,Very Mild Demented,VeryMildDemented,128,128,1,65550cf8e767d8540ae221eda2adac9c0d723e51d0833af66da5ed67ddf37643,train
data/dataset/Very_Mild_Demented/verymild_163.jpg,verymild_163.jpg,Very Mild Demented,VeryMildDemented,128,128,1,d0034bb9d1bb9dffb913b7461953166d0697711fa7640d85d6d8783e80fc2ab0,train
data/dataset/Very_Mild_Demented/verymild_1584.jpg,verymild_1584.jpg,Very Mild Demented,VeryMildDemented,128,128,1,902f0a31449abbca6e2fcda9bbc968fa74c1949c38cf34e4d745bcfb6df23c56,train
data/dataset/Very_Mild_Demented/verymild_745.jpg,verymild_745.jpg,Very Mild Demented,VeryMildDemented,128,128,1,636feb3ef58b82f37d78cd991dcaa5f68607957bc0b58ffaeea7337d151bb527,train
data/dataset/Very_Mild_Demented/verymild_856.jpg,verymild_856.jpg,Very Mild Demented,VeryMildDemented,128,128,1,75150916bb1658d231f7e2a62ce7cf459e23b384dab82da87ffde1047d8c7772,train
data/dataset/Very_Mild_Demented/verymild_2171.jpg,verymild_2171.jpg,Very Mild Demented,VeryMildDemented,128,128,1,336235c2d5513adc21390bcb62a752640698dd510308acb9d6c7e74b7c5f9d7f,train
data/dataset/Very_Mild_Demented/verymild_1496.jpg,verymild_1496.jpg,Very Mild Demented,VeryMildDemented,128,128,1,78caf23a326ccf1373558e8f5467997385ea77a5a6ecdc29ebe9fa9d8a19bf25,train
data/dataset/Very_Mild_Demented/verymild_632.jpg,verymild_632.jpg,Very Mild Demented,VeryMildDemented,128,128,1,81a01c6fa4c948549ad7463eadda525407b824fddba0c37266ca0af7986f2946,train
data/dataset/Very_Mild_Demented/verymild_462.jpg,verymild_462.jpg,Very Mild Demented,VeryMildDemented,128,128,1,3e2693ce8fe9605a2403f94a0413e5246b84fe0f9644e2980937fc73f7ad8f90,train
data/dataset/Very_Mild_Demented/verymild_1573.jpg,verymild_1573.jpg,Very Mild Demented,VeryMildDemented,128,128,1,0fa0bdd8638464c1bb41adcf08516fbd4fd33a68ea1148d5a71aec903f26c0b9,train
data/dataset/Very_Mild_Demented/verymild_2009.jpg,verymild_2009.jpg,Very Mild Demented,VeryMildDemented,128,128,1,2eea30d844f5f2d3d2581626a80e9456db99cc688e87dbbd3271cb2a95f6523d,train
data/dataset/Very_Mild_Demented/verymild_596.jpg,verymild_596.jpg,Very Mild Demented,VeryMildDemented,128,128,1,bae7b437e45d911c094585dd48cf767986f991d58c3b3ce0633f89ed535bda5f,train
data/dataset/Very_Mild_Demented/verymild_816.jpg,verymild_816.jpg,Very Mild Demented,VeryMildDemented,128,128,1,1d029048a542019dcacc28355c49ef3526eee90851463150721fafd05903923d,train
data/dataset/Very_Mild_Demented/verymild_414.jpg,verymild_414.jpg,Very Mild Demented,VeryMildDemented,128,128,1,6f81602e6f8ee1d3c5f849ca22591653f64fa45b80dcad1eba0e73db263c2a27,train
data/dataset/Very_Mild_Demented/verymild_165.jpg,verymild_165.jpg,Very Mild Demented,VeryMildDemented,128,128,1,34740ec488ec3292cf692a18e494b7906e7f6d5ee5c2611402d3410f2fa2e7ad,train
data/dataset/Very_Mild_Demented/verymild_162.jpg,verymild_162.jpg,Very Mild Demented,VeryMildDemented,128,128,1,8e79a8561d2b7de8561fd71f59c7ed42bde696de2b7cd7c96ebc40efa0b4ff32,train
data/dataset/Very_Mild_Demented/verymild_144.jpg,verymild_144.jpg,Very Mild Demented,VeryMildDemented,128,128,1,1676310c03a60467909aaf928e4753256954ec336eee10a8f9a3f4986e56c533,train
data/dataset/Very_Mild_Demented/verymild_2154.jpg,verymild_2154.jpg,Very Mild Demented,VeryMildDemented,128,128,1,af8ab4c87bf099af77bf4727a00d33c273a8b9e83e5e12153c0dfcc5514d808a,train
data/dataset/Very_Mild_Demented/verymild_2069.jpg,verymild_2069.jpg,Very Mild Demented,VeryMildDemented,128,128,1,8f73448eb18c9aaf441c177928a0aa0dd3c3f1faaaac7ef9ea1b6227de5232be,train
data/dataset/Very_Mild_Demented/verymild_1531.jpg,verymild_1531.jpg,Very Mild Demented,VeryMildDemented,128,128,1,2a2e89a4e046a59efcc6880e26d0f7d29119c3a450a96f6f137b8613d20176ac,train
data/dataset/Very_Mild_Demented/verymild_1512.jpg,verymild_1512.jpg,Very Mild Demented,VeryMildDemented,128,128,1,89cac711f55e9ee240066b13ad893b28604be23822ab2133d7f665e70a6bb84f,train
data/dataset/Very_Mild_Demented/verymild_894.jpg,verymild_894.jpg,Very Mild Demented,VeryMildDemented,128,128,1,6c2491c283dfa8af9104a96d3bcff865a01fa5b2aad2326d6889f3911637f183,train
data/dataset/Very_Mild_Demented/verymild_317.jpg,verymild_317.jpg,Very Mild Demented,VeryMildDemented,128,128,1,5905850ac1469f08ba4269c67e43a5748ad5fcb409270e8f30a07771cbe51d7c,train
data/dataset/Very_Mild_Demented/verymild_766.jpg,verymild_766.jpg,Very Mild Demented,VeryMildDemented,128,128,1,39331ab00764d7d2279c6e5630665834285748b609f6f2010d16fc7aa0278b71,train
data/dataset/Very_Mild_Demented/verymild_1046.jpg,verymild_1046.jpg,Very Mild Demented,VeryMildDemented,128,128,1,c4e301fe934bd02269ce5669e3a937d38827bb195ea1a147e50f240c019d8e5f,train
data/dataset/Very_Mild_Demented/verymild_1009.jpg,verymild_1009.jpg,Very Mild Demented,VeryMildDemented,128,128,1,dedabc3816d2fd5d0b26aceb29023a6f34edf8e32af1cf47dbbadcf9f8809d34,train
data/dataset/Very_Mild_Demented/verymild_855.jpg,verymild_855.jpg,Very Mild Demented,VeryMildDemented,128,128,1,029c43a17932124a0f5a65205c676c6cbe67dbde2f9fc18f92106402f6b4534a,train
data/dataset/Very_Mild_Demented/verymild_727.jpg,verymild_727.jpg,Very Mild Demented,VeryMildDemented,128,128,1,3c444845b85f7e4b65d9d10b1033fe673c7b452ded07cb634b357fe3e4297055,train
data/dataset/Very_Mild_Demented/verymild_1079.jpg,verymild_1079.jpg,Very Mild Demented,VeryMildDemented,128,128,1,5dd2b5dbfdc9805ba228d69a27c053d979c96004b1552648b37bc8b1df86bcad,train
data/dataset/Very_Mild_Demented/verymild_352.jpg,verymild_352.jpg,Very Mild Demented,VeryMildDemented,128,128,1,66226e576c69648eafc4c2066510c64cca0388500fceb08bf4c598d8006e9d68,train
data/dataset/Very_Mild_Demented/verymild_1757.jpg,verymild_1757.jpg,Very Mild Demented,VeryMildDemented,128,128,1,6cdac3a5e1dd85dc016f015001abe0e677d21799148d97e550776df939b931ac,train
data/dataset/Very_Mild_Demented/verymild_1219.jpg,verymild_1219.jpg,Very Mild Demented,VeryMildDemented,128,128,1,47135f9accf96710a47b5dc9c6e6d8af0d8b27153d7407aec57448fdeed73574,train
data/dataset/Very_Mild_Demented/verymild_1423.jpg,verymild_1423.jpg,Very Mild Demented,VeryMildDemented,128,128,1,56cf0fd9f8d3b467a89efd7277520e80f1d92baa42480001c9f0ef635986e614,train
data/dataset/Very_Mild_Demented/verymild_2201.jpg,verymild_2201.jpg,Very Mild Demented,VeryMildDemented,128,128,1,924f720892828b7f1b7de72504d995a5e24aca6b9f37dcfde73d4bd53e5722bc,train
data/dataset/Very_Mild_Demented/verymild_915.jpg,verymild_915.jpg,Very Mild Demented,VeryMildDemented,128,128,1,3002b322591a8ac038e666ae3b3d17ac56c0b19ce4330c5217b7e85df495dbca,train
data/dataset/Very_Mild_Demented/verymild_1529.jpg,verymild_1529.jpg,Very Mild Demented,VeryMildDemented,128,128,1,ae7096d270ac5b8ae6d3cee43441c19abc9925e7caa2a24e4c465d3f22c545aa,train
data/dataset/Very_Mild_Demented/verymild_1263.jpg,verymild_1263.jpg,Very Mild Demented,VeryMildDemented,128,128,1,712659a99d3c89b621d7904d425c14d6ac4b40375fc3e01e1742549e1394d304,train
data/dataset/Very_Mild_Demented/verymild_2186.jpg,verymild_2186.jpg,Very Mild Demented,VeryMildDemented,128,128,1,53f24a6ce45287a43658108a0097632dc3f2a04082475579f9d92039e06939d2,train
data/dataset/Very_Mild_Demented/verymild_1778.jpg,verymild_1778.jpg,Very Mild Demented,VeryMildDemented,128,128,1,543d778811fb7f16848e8ce7dedbc6ac1a70456135e389803b65a8cb8a9478ba,train
data/dataset/Very_Mild_Demented/verymild_1052.jpg,verymild_1052.jpg,Very Mild Demented,VeryMildDemented,128,128,1,d778937086fcdf26fa283fe2479a8c8606892285680fb389cf45c15ef0f50d9d,train
data/dataset/Very_Mild_Demented/verymild_2146.jpg,verymild_2146.jpg,Very Mild Demented,VeryMildDemented,128,128,1,fac1349f59ead0b9fcb67e7d32b6396ce2c9d2b8813be0e451ac93dd5f20f496,train
data/dataset/Very_Mild_Demented/verymild_1187.jpg,verymild_1187.jpg,Very Mild Demented,VeryMildDemented,128,128,1,d1cd1aee15b6cc68aff98c521b6e4d55f4b08784bc0c3f783b669b1fd8088881,train
data/dataset/Very_Mild_Demented/verymild_441.jpg,verymild_441.jpg,Very Mild Demented,VeryMildDemented,128,128,1,d688ec6d50dccfe070b0b96d32f83b53fcceca79a549e35dca744797a4d8a4c8,train
data/dataset/Very_Mild_Demented/verymild_1502.jpg,verymild_1502.jpg,Very Mild Demented,VeryMildDemented,128,128,1,ad146965db4a895bc1d20abfea5190ca06fd9b287eebd0940ac89ce23c448e57,train
data/dataset/Very_Mild_Demented/verymild_1080.jpg,verymild_1080.jpg,Very Mild Demented,VeryMildDemented,128,128,1,a6aca1610609e418bc595ac9dfe0f14110ed1c5da65ffda12d97b22f7416af1b,train
data/dataset/Very_Mild_Demented/verymild_818.jpg,verymild_818.jpg,Very Mild Demented,VeryMildDemented,128,128,1,33ede3c82318a283f6646f326c7aa13efcd28ef8faf89fadabf462a8bb94a872,train
data/dataset/Very_Mild_Demented/verymild_2035.jpg,verymild_2035.jpg,Very Mild Demented,VeryMildDemented,128,128,1,f59751d5eba23530e17d12bc4ab1356e5b1eaf6afa327d6628d8785041913bf9,train
data/dataset/Very_Mild_Demented/verymild_901.jpg,verymild_901.jpg,Very Mild Demented,VeryMildDemented,128,128,1,46221daceeb770e1ac3af438b9794b8fc2bb6ed65e9432b1b60fd02281689d7b,train
data/dataset/Very_Mild_Demented/verymild_864.jpg,verymild_864.jpg,Very Mild Demented,VeryMildDemented,128,128,1,cc45dd9a434c98ed63b7114745d4a55a349772edddba918af30c7ecf34c9bb76,train
data/dataset/Very_Mild_Demented/verymild_746.jpg,verymild_746.jpg,Very Mild Demented,VeryMildDemented,128,128,1,667a514bbc945deaaebc4e7eccea93f5240140772ba4f08e55af9663b8974c83,train
data/dataset/Very_Mild_Demented/verymild_2107.jpg,verymild_2107.jpg,Very Mild Demented,VeryMildDemented,128,128,1,02fd97112e0a8e992ecc14f815bcfafc7b819cbf2694c6f31e5b5801ba5459a9,train
data/dataset/Very_Mild_Demented/verymild_798.jpg,verymild_798.jpg,Very Mild Demented,VeryMildDemented,128,128,1,b8cf8e6dcd6f6f562f264b5ddf800289a5d70b6e307bb36c2c5f2771d40cb323,train
data/dataset/Very_Mild_Demented/verymild_1619.jpg,verymild_1619.jpg,Very Mild Demented,VeryMildDemented,128,128,1,72cc6e6f5b4523d0731c62097215604a796888358b59c59dca276949dad497ae,train
data/dataset/Very_Mild_Demented/verymild_1498.jpg,verymild_1498.jpg,Very Mild Demented,VeryMildDemented,128,128,1,cbb93e6ab49595363000853785bd40b42cd699630f5476cf186e5bbf2074e769,train
data/dataset/Very_Mild_Demented/verymild_757.jpg,verymild_757.jpg,Very Mild Demented,VeryMildDemented,128,128,1,ccbcea3eca0e2660fa98d6b409c758cf9ac42a307c6b0914526e9c8b1340ad78,train
data/dataset/Very_Mild_Demented/verymild_2213.jpg,verymild_2213.jpg,Very Mild Demented,VeryMildDemented,128,128,1,b2db55f7735ee7e1c522ceab34557bdb16ff6778d63779a9ffe0daedac0d88ac,train
data/dataset/Very_Mild_Demented/verymild_1495.jpg,verymild_1495.jpg,Very Mild Demented,VeryMildDemented,128,128,1,bca98d404399ef5634cb214abe385bb222d70af17be3962b99a5098a4e4a183b,train
data/dataset/Very_Mild_Demented/verymild_405.jpg,verymild_405.jpg,Very Mild Demented,VeryMildDemented,128,128,1,405eb71ade003b5d22af243d256f8d28ee33a599034cba1dd215081320cd97e6,train
data/dataset/Very_Mild_Demented/verymild_531.jpg,verymild_531.jpg,Very Mild Demented,VeryMildDemented,128,128,1,04a25f2d12ea61b716dc06707947e9e08a910de8b74d67ebaac83c46765424a7,train
data/dataset/Very_Mild_Demented/verymild_1159.jpg,verymild_1159.jpg,Very Mild Demented,VeryMildDemented,128,128,1,21f65980b7ab20183a925f19f844ac924984d7e340f51975218bfb745c72dd4f,train
data/dataset/Very_Mild_Demented/verymild_1042.jpg,verymild_1042.jpg,Very Mild Demented,VeryMildDemented,128,128,1,871f3537d8fe81d92c5deba61041d1c43bd28368a0d2759d4a48f3b97de0587e,train
data/dataset/Very_Mild_Demented/verymild_668.jpg,verymild_668.jpg,Very Mild Demented,VeryMildDemented,128,128,1,600768ce3f20f109891c08526faabe4d25a3bb91b59f709d2861f3f987c0868c,train
data/dataset/Very_Mild_Demented/verymild_1544.jpg,verymild_1544.jpg,Very Mild Demented,VeryMildDemented,128,128,1,0459f4ecf872664d0a75f01b1eac36089351ccaa8ade3ddaa67a826b77b12b0e,train
data/dataset/Very_Mild_Demented/verymild_2132.jpg,verymild_2132.jpg,Very Mild Demented,VeryMildDemented,128,128,1,155fefb01c0b9bf1d2da9ac283536bb3276f1b4310f7e24eecc9cc6d674002fc,train
data/dataset/Very_Mild_Demented/verymild_126.jpg,verymild_126.jpg,Very Mild Demented,VeryMildDemented,128,128,1,7f5ff1fa35552c76039cc9757560175dfa42b90bd3a09a1d00d9e9767f955711,train
data/dataset/Very_Mild_Demented/verymild_1982.jpg,verymild_1982.jpg,Very Mild Demented,VeryMildDemented,128,128,1,c58129d6282b29f795dc1de86c21a4136e2f9c56d7c06c76cb0922b2be23413d,train
data/dataset/Very_Mild_Demented/verymild_503.jpg,verymild_503.jpg,Very Mild Demented,VeryMildDemented,128,128,1,668ee95491284784ffa5c9c62ad9de395f15ba5aa743600e674ff51d5da96967,train
data/dataset/Very_Mild_Demented/verymild_1247.jpg,verymild_1247.jpg,Very Mild Demented,VeryMildDemented,128,128,1,7de301bcad27ec12515f9d0ccac1cd8656085793e32f4e4edcbecb4e9ce8399e,train
data/dataset/Very_Mild_Demented/verymild_1949.jpg,verymild_1949.jpg,Very Mild Demented,VeryMildDemented,128,128,1,4d7c92080bafeff05dc6ec7d31e55db9861dc36170a110470d53dcf153107816,train
data/dataset/Very_Mild_Demented/verymild_481.jpg,verymild_481.jpg,Very Mild Demented,VeryMildDemented,128,128,1,bf64d4bce306372eecb887840561d0e794609f00609614f27bd01a6607d55c6b,train
data/dataset/Very_Mild_Demented/verymild_241.jpg,verymild_241.jpg,Very Mild Demented,VeryMildDemented,128,128,1,4eb9a42f3ffe039f7ac094e2e1b568e4fd4a53d8f44db57883883683439db13e,train
data/dataset/Very_Mild_Demented/verymild_875.jpg,verymild_875.jpg,Very Mild Demented,VeryMildDemented,128,128,1,a269af38408a9fbc23f3bd9a98a223211f0c511323d1c4668b4d60f1d2122946,train
data/dataset/Very_Mild_Demented/verymild_622.jpg,verymild_622.jpg,Very Mild Demented,VeryMildDemented,128,128,1,ff46fd8fc62cabeee8e1ee90ef6c0875ce25c52ad917e3b8e6d6be26ef2b91d7,train
data/dataset/Very_Mild_Demented/verymild_1244.jpg,verymild_1244.jpg,Very Mild Demented,VeryMildDemented,128,128,1,0b673939e30dcf766fef84edd859ace8609c6e0493c5e136845fc31301b07831,train
data/dataset/Very_Mild_Demented/verymild_262.jpg,verymild_262.jpg,Very Mild Demented,VeryMildDemented,128,128,1,4636864ac680121b9e5cb1f56fd3618f8af3aa9a5fe6f94320ee5dca8f2bafac,train
data/dataset/Very_Mild_Demented/verymild_1078.jpg,verymild_1078.jpg,Very Mild Demented,VeryMildDemented,128,128,1,a3b9be77f9501e860745c6a57bfd04d1e095fe9b30c9bdc414249b6e376c50da,train
data/dataset/Very_Mild_Demented/verymild_705.jpg,verymild_705.jpg,Very Mild Demented,VeryMildDemented,128,128,1,a055d20a6f7090f589f2267d73b4c5f9e7f7758c9416a65d4b754674a5866d66,train
data/dataset/Very_Mild_Demented/verymild_2038.jpg,verymild_2038.jpg,Very Mild Demented,VeryMildDemented,128,128,1,696afb0142d01bd2a7211d33da24be213d1be5d086e74f03b41eec68d602003d,train
data/dataset/Very_Mild_Demented/verymild_1537.jpg,verymild_1537.jpg,Very Mild Demented,VeryMildDemented,128,128,1,f98096220d6e49359dd43e43014ec3370b9b71f23decac36258dee6bb04ac3e5,train
data/dataset/Very_Mild_Demented/verymild_2054.jpg,verymild_2054.jpg,Very Mild Demented,VeryMildDemented,128,128,1,26985f5ab449773a5e5e19583f0eddf02979598a309318fb1d6f2086275c2c4e,train
data/dataset/Very_Mild_Demented/verymild_2028.jpg,verymild_2028.jpg,Very Mild Demented,VeryMildDemented,128,128,1,95ab86780ade942b9e149c459156bd0f81913df6a8201da7e57b15a28bd3ba5f,train
data/dataset/Very_Mild_Demented/verymild_1956.jpg,verymild_1956.jpg,Very Mild Demented,VeryMildDemented,128,128,1,dc397f278dcf9ce24a33cd1b9bc6f490a2328969724edff882b6bf6a2a04cb33,train
data/dataset/Very_Mild_Demented/verymild_546.jpg,verymild_546.jpg,Very Mild Demented,VeryMildDemented,128,128,1,1de4cb2cabfd4cd96cec6735e08a89ca94920563d3a4d04daa56cd2f0894e994,train
data/dataset/Very_Mild_Demented/verymild_2135.jpg,verymild_2135.jpg,Very Mild Demented,VeryMildDemented,128,128,1,721aef611248c543a5ec0270a7d231b84624e3fc3aaf992a8c3b42b65f7169d6,train
data/dataset/Very_Mild_Demented/verymild_29.jpg,verymild_29.jpg,Very Mild Demented,VeryMildDemented,128,128,1,c70bfff1d0431aa197e0135d30eab2be060d61e53f34825e5e238835b4b7a502,train
data/dataset/Very_Mild_Demented/verymild_2173.jpg,verymild_2173.jpg,Very Mild Demented,VeryMildDemented,128,128,1,a6ec65e41c27ede860da9909723466810536b184f5078859d77e3f4da53862b3,train
data/dataset/Very_Mild_Demented/verymild_398.jpg,verymild_398.jpg,Very Mild Demented,VeryMildDemented,128,128,1,46b177a39b9e4d58e308a411c74749c67070ceca32cafa3f35083d381c8aaeb2,train
data/dataset/Very_Mild_Demented/verymild_962.jpg,verymild_962.jpg,Very Mild Demented,VeryMildDemented,128,128,1,df3997dd681bee10904c58d5c84ed2fd0a8871f9b83d7f33035b3cf878f8e35b,train
data/dataset/Very_Mild_Demented/verymild_1874.jpg,verymild_1874.jpg,Very Mild Demented,VeryMildDemented,128,128,1,921200551554b7e7a9c2d5724cc52e2bbda2fdf032e6c37b6bbb7b554f72ae01,train
data/dataset/Very_Mild_Demented/verymild_666.jpg,verymild_666.jpg,Very Mild Demented,VeryMildDemented,128,128,1,5b6ad39b60114a366772bcb18961b04258c17a5cb639d2028a58cf707205af99,train
data/dataset/Very_Mild_Demented/verymild_1030.jpg,verymild_1030.jpg,Very Mild Demented,VeryMildDemented,128,128,1,d903a2d60db484117d9d0525c16948b091115b4dbf4ca4b9f32aad80031e86d3,train
data/dataset/Very_Mild_Demented/verymild_1725.jpg,verymild_1725.jpg,Very Mild Demented,VeryMildDemented,128,128,1,267eef245896198212d4bacb2efe8326d3cb122f42c49c0fef589cb05b8caf1e,train
data/dataset/Very_Mild_Demented/verymild_328.jpg,verymild_328.jpg,Very Mild Demented,VeryMildDemented,128,128,1,579c75bfde04f63c5f8dd7a956efe77e47b453a2ef4b29a9231411a7b4793999,train
data/dataset/Very_Mild_Demented/verymild_490.jpg,verymild_490.jpg,Very Mild Demented,VeryMildDemented,128,128,1,9d1a528c7034e2e0b5f6135a5be10d0ea20a2e70c486d2db0bcdcc15167de693,train
data/dataset/Very_Mild_Demented/verymild_669.jpg,verymild_669.jpg,Very Mild Demented,VeryMildDemented,128,128,1,af95270c213385b8855a6f1be364e57149a0ba88ba18e887f6bf245e2943a5da,train
data/dataset/Very_Mild_Demented/verymild_1815.jpg,verymild_1815.jpg,Very Mild Demented,VeryMildDemented,128,128,1,c14ae9527bf9211eb1227ab11ce2daec322c58f78dc7ada64fe306dc4ca62a8f,train
data/dataset/Very_Mild_Demented/verymild_1331.jpg,verymild_1331.jpg,Very Mild Demented,VeryMildDemented,128,128,1,6792442c2c7451667464b29d0725ce375cfaa5dcafcdb54ee7e424a44627e3e1,train
data/dataset/Very_Mild_Demented/verymild_91.jpg,verymild_91.jpg,Very Mild Demented,VeryMildDemented,128,128,1,a37e8034d9c454be56577c58dcb6d7cd28d5adb80b62f3170c91329346430d8d,train
data/dataset/Very_Mild_Demented/verymild_1418.jpg,verymild_1418.jpg,Very Mild Demented,VeryMildDemented,128,128,1,4deb549055835ae20e3e5220be173791e83d6aa09c96eb8efe84f744bc5998d1,train
data/dataset/Very_Mild_Demented/verymild_484.jpg,verymild_484.jpg,Very Mild Demented,VeryMildDemented,128,128,1,ffed1e6e11da32fa448baafaf50463ad5178b36b542472207a416f458757a981,train
data/dataset/Very_Mild_Demented/verymild_1071.jpg,verymild_1071.jpg,Very Mild Demented,VeryMildDemented,128,128,1,da5160c5c0d8c4669bd6d2406d0770f0582ba5fcd3e6f1f04c4a1aa3208b5222,train
data/dataset/Very_Mild_Demented/verymild_1799.jpg,verymild_1799.jpg,Very Mild Demented,VeryMildDemented,128,128,1,f4b05278f0aeeb3b1d94f0c8b8eac7db9e3160b88215d89005f2c4d10c078451,train
data/dataset/Very_Mild_Demented/verymild_486.jpg,verymild_486.jpg,Very Mild Demented,VeryMildDemented,128,128,1,0c8c1f8b636c40282295bf99f1e9201503a64a93438524d5f0688a54a5eb7634,train
data/dataset/Very_Mild_Demented/verymild_791.jpg,verymild_791.jpg,Very Mild Demented,VeryMildDemented,128,128,1,1f6ab96d8839913527d5dedc26c99a21c8c4c405a8910e16716b6ede6eaa1ef2,train
data/dataset/Very_Mild_Demented/verymild_236.jpg,verymild_236.jpg,Very Mild Demented,VeryMildDemented,128,128,1,05aba6c18d05c1ddfc0c7e4ea1c7a6176428cc9223c8527a2f544319eb900252,train
data/dataset/Very_Mild_Demented/verymild_820.jpg,verymild_820.jpg,Very Mild Demented,VeryMildDemented,128,128,1,b95ad22f0c194b13a6587fdb2fe87ea729af2147d6711e2dab3ff1d8ede1a4ca,train
data/dataset/Very_Mild_Demented/verymild_2119.jpg,verymild_2119.jpg,Very Mild Demented,VeryMildDemented,128,128,1,34200a224d4157675b465b3fdfe1738af3306b1b9ba9c8ab4b6d598ec03ffd85,train
data/dataset/Very_Mild_Demented/verymild_1631.jpg,verymild_1631.jpg,Very Mild Demented,VeryMildDemented,128,128,1,863576113e09e6dddba0208a18d19b40fff225dbbb7ed32f6b8ff723bb5d40f1,train
data/dataset/Very_Mild_Demented/verymild_1133.jpg,verymild_1133.jpg,Very Mild Demented,VeryMildDemented,128,128,1,221f615309f630d5e45634c74e0c0e4527a26027a755ad03d06b63c89239f416,train
data/dataset/Very_Mild_Demented/verymild_1943.jpg,verymild_1943.jpg,Very Mild Demented,VeryMildDemented,128,128,1,814814492105b9c3febfd746cb617cc696740bd86c4f33b67da1c9f2a791d525,train
data/dataset/Very_Mild_Demented/verymild_453.jpg,verymild_453.jpg,Very Mild Demented,VeryMildDemented,128,128,1,dac5b126bc0273861899894258a899527a2edbf33f7ad8e003baa99249b695ab,train
data/dataset/Very_Mild_Demented/verymild_297.jpg,verymild_297.jpg,Very Mild Demented,VeryMildDemented,128,128,1,93821983deb2bb56cdfb070489d4b201df6368ee2f98ddc2eee5bd6e43218981,train
data/dataset/Very_Mild_Demented/verymild_810.jpg,verymild_810.jpg,Very Mild Demented,VeryMildDemented,128,128,1,7a52f485ecbbc84e190382323347d91e635f4966e0e0fe66f8c08c4ab34425f9,train
data/dataset/Very_Mild_Demented/verymild_1130.jpg,verymild_1130.jpg,Very Mild Demented,VeryMildDemented,128,128,1,74835086d65684f0d0f3b5b07de4945c5e4f3b28fbded9e4e26dcadc8a0038b4,train
data/dataset/Very_Mild_Demented/verymild_1222.jpg,verymild_1222.jpg,Very Mild Demented,VeryMildDemented,128,128,1,bca77dfbb765aff03a013656e387eeba03138c99bbcc163c7a57cff8c06b0113,train
data/dataset/Very_Mild_Demented/verymild_1265.jpg,verymild_1265.jpg,Very Mild Demented,VeryMildDemented,128,128,1,14c94a2d246cb98c2ab4a4519d091896f5d45e3a61214356e763249b33e49881,train
data/dataset/Very_Mild_Demented/verymild_1814.jpg,verymild_1814.jpg,Very Mild Demented,VeryMildDemented,128,128,1,4352a3de2b2c8ef37432f06e1798ce6234e4fd1983a63b20e3ac04fc7e428690,train
data/dataset/Very_Mild_Demented/verymild_2032.jpg,verymild_2032.jpg,Very Mild Demented,VeryMildDemented,128,128,1,521153fdeb0a4656479080765513a06279df9203ad8b99304a9844d053b7d389,train
data/dataset/Very_Mild_Demented/verymild_2088.jpg,verymild_2088.jpg,Very Mild Demented,VeryMildDemented,128,128,1,fa767373f726da6962e283e4d9be48cbbe511d7675d91ed6278a27cc28e40557,train
data/dataset/Very_Mild_Demented/verymild_14.jpg,verymild_14.jpg,Very Mild Demented,VeryMildDemented,128,128,1,0d28b268cec8b3adadfce4413ee902584a01a383d7711fad842e07876ac186f5,train
data/dataset/Very_Mild_Demented/verymild_1735.jpg,verymild_1735.jpg,Very Mild Demented,VeryMildDemented,128,128,1,3395b9e0946824078b380da51daf02e6de257cdbd980b520040a3c7f88ea8e4d,train
data/dataset/Very_Mild_Demented/verymild_59.jpg,verymild_59.jpg,Very Mild Demented,VeryMildDemented,128,128,1,903f1b2bb1743e5ef6915a3350c2fc92a94156bae7c1de22bb667c2df895dd6d,train
data/dataset/Very_Mild_Demented/verymild_1572.jpg,verymild_1572.jpg,Very Mild Demented,VeryMildDemented,128,128,1,61910dd5e6561ddeb757c6051020720fbdf177bf68a22f880e5673a40fe00316,train
data/dataset/Very_Mild_Demented/verymild_1315.jpg,verymild_1315.jpg,Very Mild Demented,VeryMildDemented,128,128,1,b4946475307752ecf1cc9d16d1847899b39a8b281c73b31977d6d9a5dba9494f,train
data/dataset/Very_Mild_Demented/verymild_688.jpg,verymild_688.jpg,Very Mild Demented,VeryMildDemented,128,128,1,8c6b8121d3671e5457b3b08e49c034401b4e08da3ad67dd36bd95fafc57a79b1,train
data/dataset/Very_Mild_Demented/verymild_586.jpg,verymild_586.jpg,Very Mild Demented,VeryMildDemented,128,128,1,e82a97eff49980468765aa16dbc75c90d81baf8bba229add9fea5c30975ced0e,train
data/dataset/Very_Mild_Demented/verymild_1546.jpg,verymild_1546.jpg,Very Mild Demented,VeryMildDemented,128,128,1,11774b8b25974985365b6c263fd3def9b387fd7ce5829497cd5538293ba654d1,train
data/dataset/Very_Mild_Demented/verymild_1587.jpg,verymild_1587.jpg,Very Mild Demented,VeryMildDemented,128,128,1,2803a204225f46149e4dca9eabef2c17306dfdeb7fb3c02fd2601d27fbf3ffa6,train
data/dataset/Very_Mild_Demented/verymild_904.jpg,verymild_904.jpg,Very Mild Demented,VeryMildDemented,128,128,1,a65802e40409c207871638a13afb8f8bf31a977af15aa8578b46fecc67201671,train
data/dataset/Very_Mild_Demented/verymild_1793.jpg,verymild_1793.jpg,Very Mild Demented,VeryMildDemented,128,128,1,23c9503852ad888bbd33adab547511fb4b91b8f35dd76fe1cbb67e38c744db85,train
data/dataset/Very_Mild_Demented/verymild_106.jpg,verymild_106.jpg,Very Mild Demented,VeryMildDemented,128,128,1,c2a3a9d91a10f39d4f01b1c60c98bc98684db0c78c7656278b4302bdda308b23,train
data/dataset/Very_Mild_Demented/verymild_1522.jpg,verymild_1522.jpg,Very Mild Demented,VeryMildDemented,128,128,1,9d7984260392fc8d18119cfa5378ef69fd948f15122ad0bf5a55f7c86a6b61c4,train
data/dataset/Very_Mild_Demented/verymild_578.jpg,verymild_578.jpg,Very Mild Demented,VeryMildDemented,128,128,1,e3bf9612e55a5c8e776e874f714dc08bb969bbe20f39da2273967740b0c37277,train
data/dataset/Very_Mild_Demented/verymild_1760.jpg,verymild_1760.jpg,Very Mild Demented,VeryMildDemented,128,128,1,d8526ebdc1fe5889c5b8ac6393e6960b541e2c542b699d663708f7efa0a77618,train
data/dataset/Very_Mild_Demented/verymild_2144.jpg,verymild_2144.jpg,Very Mild Demented,VeryMildDemented,128,128,1,e28e7a704d8b4ed580cb4d75ecad5b0206a9e42b26fc9a7f82a1f9a1725624e5,train
data/dataset/Very_Mild_Demented/verymild_1110.jpg,verymild_1110.jpg,Very Mild Demented,VeryMildDemented,128,128,1,54414273440a68492fb9e038b5b99189dfb208f52a87d42517cb8f2c88d1fcf7,train
data/dataset/Very_Mild_Demented/verymild_413.jpg,verymild_413.jpg,Very Mild Demented,VeryMildDemented,128,128,1,c9ace7e89ec74b033736f07db228d7da286b49da499d2ab5103938c76c21f59d,train
data/dataset/Very_Mild_Demented/verymild_515.jpg,verymild_515.jpg,Very Mild Demented,VeryMildDemented,128,128,1,bbd28de7080f1c0f8e22362bb5f86021d3c1bf260284039c1591875eb97d807b,train
data/dataset/Very_Mild_Demented/verymild_2117.jpg,verymild_2117.jpg,Very Mild Demented,VeryMildDemented,128,128,1,ec4791cef32623a68a9b101e1a7b2e4b3aa778f30039040fc40db151c8cf933a,train
data/dataset/Very_Mild_Demented/verymild_473.jpg,verymild_473.jpg,Very Mild Demented,VeryMildDemented,128,128,1,e3ed12227aa4231fa8570da604e74b68758f4a801cca9e68126b3f89bf9958c8,train
data/dataset/Very_Mild_Demented/verymild_1134.jpg,verymild_1134.jpg,Very Mild Demented,VeryMildDemented,128,128,1,88aae9d6ef6f7ba7e6013415a5ea607e1b88a63f58b3f4f976aea8af21554a87,train
data/dataset/Very_Mild_Demented/verymild_2095.jpg,verymild_2095.jpg,Very Mild Demented,VeryMildDemented,128,128,1,694c4966c16f5deee44fb452e46dcc2a16b9e28122ce141b8da5d8ed505987d2,train
data/dataset/Very_Mild_Demented/verymild_1935.jpg,verymild_1935.jpg,Very Mild Demented,VeryMildDemented,128,128,1,d7819bb875deb41e5535c341291c76681e70f3a7f4febdec4a7d2525b105212d,train
data/dataset/Very_Mild_Demented/verymild_189.jpg,verymild_189.jpg,Very Mild Demented,VeryMildDemented,128,128,1,c3852cee864612c3c6eda02f8e82d7b1314f285756be68d00b2c3cb4455d8364,train
data/dataset/Very_Mild_Demented/verymild_313.jpg,verymild_313.jpg,Very Mild Demented,VeryMildDemented,128,128,1,e5d1467dea8de9c2060f36d871ed9a9af55bfe5f700f31338fe420eaf4d24562,train
data/dataset/Very_Mild_Demented/verymild_423.jpg,verymild_423.jpg,Very Mild Demented,VeryMildDemented,128,128,1,73f1c89eb1298999515cbb80e205490ab1ec3ae67b28d56fa24d5bd01bf82008,train
data/dataset/Very_Mild_Demented/verymild_58.jpg,verymild_58.jpg,Very Mild Demented,VeryMildDemented,128,128,1,2bbd2ea11495e66f951a850151cd3590e80209fcae4f5ee33937bba960ea7142,train
data/dataset/Very_Mild_Demented/verymild_1762.jpg,verymild_1762.jpg,Very Mild Demented,VeryMildDemented,128,128,1,f369912c324d68baecf8729c095ba0e8ba342e14dd0f06753bc187cd1526428a,train
data/dataset/Very_Mild_Demented/verymild_92.jpg,verymild_92.jpg,Very Mild Demented,VeryMildDemented,128,128,1,5287f5da7833c8492c93662838662a926e3b1a1062dbc102756d30ba9de2450b,train
data/dataset/Very_Mild_Demented/verymild_2024.jpg,verymild_2024.jpg,Very Mild Demented,VeryMildDemented,128,128,1,c02a0a73ae035a2f77cd7a230d72b12cd78e895a7c0a42027898f64ab778297a,train
data/dataset/Very_Mild_Demented/verymild_544.jpg,verymild_544.jpg,Very Mild Demented,VeryMildDemented,128,128,1,bf2deb38d213bd73af368706b7ce4bb630ec1cb202ab4055e8e82a2174a562d1,train
data/dataset/Very_Mild_Demented/verymild_130.jpg,verymild_130.jpg,Very Mild Demented,VeryMildDemented,128,128,1,a5171dd3b2450d095485ddd2eb779358ab448cf931241155749d68727426a64d,train
data/dataset/Very_Mild_Demented/verymild_1596.jpg,verymild_1596.jpg,Very Mild Demented,VeryMildDemented,128,128,1,670f6933965201afd4bee910c2a9d0a65675190861f43dedc86303f1b4a08beb,train
data/dataset/Very_Mild_Demented/verymild_2040.jpg,verymild_2040.jpg,Very Mild Demented,VeryMildDemented,128,128,1,74bc907b06bddf1e8b3afe721375584c63747392cc0b1d8fd31c2a9a6dc8aa31,train
data/dataset/Very_Mild_Demented/verymild_34.jpg,verymild_34.jpg,Very Mild Demented,VeryMildDemented,128,128,1,35fea68a9ea96416b351ad5e958024ea89e81e44ae6e89e80833013ea5e14dcd,train
data/dataset/Very_Mild_Demented/verymild_1235.jpg,verymild_1235.jpg,Very Mild Demented,VeryMildDemented,128,128,1,29bf59e4b38878347368b575c0666d3814e551a92c719ac0112ec9c7ab7f117f,train
data/dataset/Very_Mild_Demented/verymild_1022.jpg,verymild_1022.jpg,Very Mild Demented,VeryMildDemented,128,128,1,9165b87939e8dc221608f5aa8e98e7a437fb7e59dbac1ef3fbb3f8580828cc2a,train
data/dataset/Very_Mild_Demented/verymild_939.jpg,verymild_939.jpg,Very Mild Demented,VeryMildDemented,128,128,1,3cb463dd46b10cd9977be2b9f75398f594cb3518b2e08f441be241290c856bfb,train
data/dataset/Very_Mild_Demented/verymild_56.jpg,verymild_56.jpg,Very Mild Demented,VeryMildDemented,128,128,1,263b12ac995dd340e2d47620a910d2497283af0899f369398cc80ca38e995002,train
data/dataset/Very_Mild_Demented/verymild_142.jpg,verymild_142.jpg,Very Mild Demented,VeryMildDemented,128,128,1,9ce42d4000b9b2522600b5e1df7e3b4e79e315212ebe4618314c93a9f6f73e26,train
data/dataset/Very_Mild_Demented/verymild_2106.jpg,verymild_2106.jpg,Very Mild Demented,VeryMildDemented,128,128,1,703a0920cf8e1ea87bdfafe3daeb32d45b910fb66ae4bdea4c84809f18c4546b,train
data/dataset/Very_Mild_Demented/verymild_2023.jpg,verymild_2023.jpg,Very Mild Demented,VeryMildDemented,128,128,1,59287f37d3385d5746324658ac47fa2185647717874e26d6181f6a973b760135,train
data/dataset/Very_Mild_Demented/verymild_1422.jpg,verymild_1422.jpg,Very Mild Demented,VeryMildDemented,128,128,1,601db2a94e2b2ece9b5e1e185f80ffdff45078a7575951e79ed8e2c0ea6e94be,train
data/dataset/Very_Mild_Demented/verymild_1273.jpg,verymild_1273.jpg,Very Mild Demented,VeryMildDemented,128,128,1,4d45e116da2d814a362f1a0f670cb48fe44a715693a74f84b3a161a4abb906b8,train
data/dataset/Very_Mild_Demented/verymild_287.jpg,verymild_287.jpg,Very Mild Demented,VeryMildDemented,128,128,1,84dc3e51d0f7bda75a67f38e30bb4abefa40d35975cdaf980d702dde83d4c6c9,train
data/dataset/Very_Mild_Demented/verymild_1743.jpg,verymild_1743.jpg,Very Mild Demented,VeryMildDemented,128,128,1,9473d099a8877af570298cdb599177fda65d6a295b355c8334dd42bfa391a4b6,train
data/dataset/Very_Mild_Demented/verymild_307.jpg,verymild_307.jpg,Very Mild Demented,VeryMildDemented,128,128,1,a65ebd16cec19468bfc0abd248f97692288102b2138254ea078f1d771c513d51,train
data/dataset/Very_Mild_Demented/verymild_160.jpg,verymild_160.jpg,Very Mild Demented,VeryMildDemented,128,128,1,c6ebe79d81fc661599870d0e7145ab2fdd2d54b9e1a2f384b33e6cf9a0e01f6e,train
data/dataset/Very_Mild_Demented/verymild_493.jpg,verymild_493.jpg,Very Mild Demented,VeryMildDemented,128,128,1,ad848ee500acb9212769843dd792ff3e6adc1fa87b4be15515041b490d63d061,train
data/dataset/Very_Mild_Demented/verymild_769.jpg,verymild_769.jpg,Very Mild Demented,VeryMildDemented,128,128,1,9471dca84e097a200fc8864e9c36b91c7bc00586593f3a64d91cb9c91b796ba7,train
data/dataset/Very_Mild_Demented/verymild_1884.jpg,verymild_1884.jpg,Very Mild Demented,VeryMildDemented,128,128,1,b3212b2b9e5608bdb91867b24c0fece45bbfce3f5c38eb339039c6b3ab7c4a5c,train
data/dataset/Very_Mild_Demented/verymild_30.jpg,verymild_30.jpg,Very Mild Demented,VeryMildDemented,128,128,1,2e53ab48186d2c2b75dbbe8f644454868f2499fc06f1673a4258da5fd61ac862,train
data/dataset/Very_Mild_Demented/verymild_1196.jpg,verymild_1196.jpg,Very Mild Demented,VeryMildDemented,128,128,1,0a99bf6ad4044ff3b25051431426efc67e27844bdc63d18a90a78ffbf2188827,train
data/dataset/Very_Mild_Demented/verymild_1123.jpg,verymild_1123.jpg,Very Mild Demented,VeryMildDemented,128,128,1,70107f2686b47f23f7a274018f61eec27db1bfa359f4f5213254102abccbf36b,train
data/dataset/Very_Mild_Demented/verymild_1251.jpg,verymild_1251.jpg,Very Mild Demented,VeryMildDemented,128,128,1,647fd7f1689e008215ff09ba79263d68c6ef88d852fe63b7cc1821eab7c993d1,train
data/dataset/Very_Mild_Demented/verymild_391.jpg,verymild_391.jpg,Very Mild Demented,VeryMildDemented,128,128,1,077cbbca37df6ed4be128befb706c74e0874c67012a64b31be101724466673ee,train
data/dataset/Very_Mild_Demented/verymild_1688.jpg,verymild_1688.jpg,Very Mild Demented,VeryMildDemented,128,128,1,3d78f55532f54b04ade5aaeeb15d14286cd40b3dfd70a66b23cb17a76f42e5db,train
data/dataset/Very_Mild_Demented/verymild_1503.jpg,verymild_1503.jpg,Very Mild Demented,VeryMildDemented,128,128,1,7071bc2d498a59480f7fd8dbfe2b70faeaba38a84a9909d159cf6bd6bdb85ca9,train
data/dataset/Very_Mild_Demented/verymild_1650.jpg,verymild_1650.jpg,Very Mild Demented,VeryMildDemented,128,128,1,74987bf3105eebbf938a2a1048822b51759ad2bd966c3d34e092692027f438fe,train
data/dataset/Very_Mild_Demented/verymild_7.jpg,verymild_7.jpg,Very Mild Demented,VeryMildDemented,128,128,1,ac67465789e298b73078a401e8662ce1aeb331b89f2c8732ae14be02599ae071,train
data/dataset/Very_Mild_Demented/verymild_702.jpg,verymild_702.jpg,Very Mild Demented,VeryMildDemented,128,128,1,52a044205789eeebf3c393f15d42156ff6df0635a9db51ec2fb362a71485fb29,train
data/dataset/Very_Mild_Demented/verymild_1389.jpg,verymild_1389.jpg,Very Mild Demented,VeryMildDemented,128,128,1,67f5bf91b3d8c7568e037d6819de9cb4a8d45617fb76c2222c3fa3bd5bca3326,train
data/dataset/Very_Mild_Demented/verymild_1439.jpg,verymild_1439.jpg,Very Mild Demented,VeryMildDemented,128,128,1,bb56d11becf9a9504a7f302f1e91be320fbd84db24b051e7cdd5cb80b1e17802,train
data/dataset/Very_Mild_Demented/verymild_941.jpg,verymild_941.jpg,Very Mild Demented,VeryMildDemented,128,128,1,b93fa236fc1c050c74c5c87aacec46fdd5c2036a99818a028ffd5b4db956d347,train
data/dataset/Very_Mild_Demented/verymild_1804.jpg,verymild_1804.jpg,Very Mild Demented,VeryMildDemented,128,128,1,30655438ab83ffecbf09d2a7e43dc6c987a89a3b27731dbc97f00c86adcdd30a,train
data/dataset/Very_Mild_Demented/verymild_122.jpg,verymild_122.jpg,Very Mild Demented,VeryMildDemented,128,128,1,b802630d79feb1b79b8a87acaba6920b1c312204d5db21d754f0dbdc654f6f37,train
data/dataset/Very_Mild_Demented/verymild_1552.jpg,verymild_1552.jpg,Very Mild Demented,VeryMildDemented,128,128,1,637810ae50c523ef535e0ef5bc96d49352f9a2f501ae692a495dc86f66e796c0,train
data/dataset/Very_Mild_Demented/verymild_815.jpg,verymild_815.jpg,Very Mild Demented,VeryMildDemented,128,128,1,fa93b7cf6f9678e99d68f114be22ec6a606b5f1078cef49e8ed5b3b52195f42c,train
data/dataset/Very_Mild_Demented/verymild_1168.jpg,verymild_1168.jpg,Very Mild Demented,VeryMildDemented,128,128,1,f308a5db31c820e808c49b5c224b94e374ae44f3400f4e1ccd3731e560082c0d,train
data/dataset/Very_Mild_Demented/verymild_720.jpg,verymild_720.jpg,Very Mild Demented,VeryMildDemented,128,128,1,d5ce0b547789b34b3da0d636dcb979d0cc37fa3b3c5af8f26d4e4a3e7dfe68b8,train
data/dataset/Very_Mild_Demented/verymild_1783.jpg,verymild_1783.jpg,Very Mild Demented,VeryMildDemented,128,128,1,847d6fbe8148ae7dfba2c80723dc9f0eacb3f39bc637a626f501f75d4e70d4d4,train
data/dataset/Very_Mild_Demented/verymild_1456.jpg,verymild_1456.jpg,Very Mild Demented,VeryMildDemented,128,128,1,48ebed94465d39f2c05a9f90033d86c9e0e405e464123c434ab24d4bdb750c18,train
data/dataset/Very_Mild_Demented/verymild_2152.jpg,verymild_2152.jpg,Very Mild Demented,VeryMildDemented,128,128,1,07683bd3730c53966b95ab3a606bf3be57a89e28840d37ea44ce1cf1567cb385,train
data/dataset/Very_Mild_Demented/verymild_1374.jpg,verymild_1374.jpg,Very Mild Demented,VeryMildDemented,128,128,1,ec4d0e71e7584bfcabc916d68187db5bc4e5019e3f41dbc9c6be677f9fc803e0,train
data/dataset/Very_Mild_Demented/verymild_811.jpg,verymild_811.jpg,Very Mild Demented,VeryMildDemented,128,128,1,27c55fe5f5c06ae77ccfb67a403beadf71be48034cc31f04e1acc2ac1119cc9b,train
data/dataset/Very_Mild_Demented/verymild_1746.jpg,verymild_1746.jpg,Very Mild Demented,VeryMildDemented,128,128,1,cbcf3e1c9a7bafe781efb555a1579a673daa64bd2ac79a5faeea62a5c22a93ab,train
data/dataset/Very_Mild_Demented/verymild_1477.jpg,verymild_1477.jpg,Very Mild Demented,VeryMildDemented,128,128,1,3a5dd76d0fb1ef107d0d5fa7ebba7edf84ebd29c8be03eb2b522baf308ce54b1,train
data/dataset/Very_Mild_Demented/verymild_924.jpg,verymild_924.jpg,Very Mild Demented,VeryMildDemented,128,128,1,30b5436093bcf2554a0ddaae258ce0c2cce00eded7e2a547e22a9840782959eb,train
data/dataset/Very_Mild_Demented/verymild_1346.jpg,verymild_1346.jpg,Very Mild Demented,VeryMildDemented,128,128,1,dad8fc297f0fbe8f765c7d6c34ce8fe027504e03b74d9954e93dd4f9e62bf929,train
data/dataset/Very_Mild_Demented/verymild_525.jpg,verymild_525.jpg,Very Mild Demented,VeryMildDemented,128,128,1,f47c02d667a3b1bf32d0f3eab92a2a831fde4617cfb9da07c9094b934b4f31a5,train
data/dataset/Very_Mild_Demented/verymild_577.jpg,verymild_577.jpg,Very Mild Demented,VeryMildDemented,128,128,1,e966a0dd157efb3031857edf7ae709ec8f4b2120b2254a275b0c82a32dd616a2,train
data/dataset/Very_Mild_Demented/verymild_740.jpg,verymild_740.jpg,Very Mild Demented,VeryMildDemented,128,128,1,ab3cccdb4fd064e3be7d5608b05f0d76e20dd368bf8b4059685d36708fc4676b,train
data/dataset/Very_Mild_Demented/verymild_2076.jpg,verymild_2076.jpg,Very Mild Demented,VeryMildDemented,128,128,1,967d690d2df98e5d1e064bae53d830236460de693f51dc669164ab7eee72f017,train
data/dataset/Very_Mild_Demented/verymild_846.jpg,verymild_846.jpg,Very Mild Demented,VeryMildDemented,128,128,1,fd63d9f16af9305207fef928cbdb39a67d30bfcf4bf393dab46882d77114f126,train
data/dataset/Very_Mild_Demented/verymild_1020.jpg,verymild_1020.jpg,Very Mild Demented,VeryMildDemented,128,128,1,8433df208592864c935e152eb98f711f9ea82fdc30b76b5f37f358a3a7594363,train
data/dataset/Very_Mild_Demented/verymild_93.jpg,verymild_93.jpg,Very Mild Demented,VeryMildDemented,128,128,1,0c9d88c450207db4219f6eaa1ac2dec284ea2e5b842652d876f480e56033f681,train
data/dataset/Very_Mild_Demented/verymild_698.jpg,verymild_698.jpg,Very Mild Demented,VeryMildDemented,128,128,1,8759f858c05b09a4aa822df30a6081c9d42553b4b7a762e2f1a474a5b7130f60,train
data/dataset/Very_Mild_Demented/verymild_628.jpg,verymild_628.jpg,Very Mild Demented,VeryMildDemented,128,128,1,341a31aa4a4e43dbbafa52b925c5e56326d60edee91840381cfc0a1289ab2487,train
data/dataset/Very_Mild_Demented/verymild_518.jpg,verymild_518.jpg,Very Mild Demented,VeryMildDemented,128,128,1,172a22212a2b24b596d9709c515626af742c537817354cb2d0db12e93af3bf6b,train
data/dataset/Very_Mild_Demented/verymild_1756.jpg,verymild_1756.jpg,Very Mild Demented,VeryMildDemented,128,128,1,00392f38e7702b3cdf3e5dfd473fab7e7b5965c0021ca47dbd1555eccd421911,train
data/dataset/Very_Mild_Demented/verymild_475.jpg,verymild_475.jpg,Very Mild Demented,VeryMildDemented,128,128,1,2198e6bc8f8b652cf120e2659933fb6d47f02e6a3c5e450825728a5d39846f70,train
data/dataset/Very_Mild_Demented/verymild_2086.jpg,verymild_2086.jpg,Very Mild Demented,VeryMildDemented,128,128,1,45029d2b27d83aefc235fbb7bcc4301b84b102623e5e8e8a3937b65832d5f2b8,train
data/dataset/Very_Mild_Demented/verymild_460.jpg,verymild_460.jpg,Very Mild Demented,VeryMildDemented,128,128,1,85d3ced06d77a76deb6a4c0fedd87f98b0b4c2466cc984efb8659d692c2a1d74,train
data/dataset/Very_Mild_Demented/verymild_1952.jpg,verymild_1952.jpg,Very Mild Demented,VeryMildDemented,128,128,1,8f712fec72391e97c44b916b3d2fbbf5b8581cc09c88d4c6ca3e534b4fde53e7,train
data/dataset/Very_Mild_Demented/verymild_1749.jpg,verymild_1749.jpg,Very Mild Demented,VeryMildDemented,128,128,1,bf1a1e26b4e3150385ffef0b395cf5e8ebc30becc79c765af0abebf84e0953ea,train
data/dataset/Very_Mild_Demented/verymild_1890.jpg,verymild_1890.jpg,Very Mild Demented,VeryMildDemented,128,128,1,9f89299f45f7f9901f046d11b0f6ff040bdb424cc8a37641e0c0125d8589f09a,train
data/dataset/Very_Mild_Demented/verymild_1181.jpg,verymild_1181.jpg,Very Mild Demented,VeryMildDemented,128,128,1,d8f17ee23cc1d0be07f80382d71c349d3c92d35257e9c6823f158825e3f02b4d,train
data/dataset/Very_Mild_Demented/verymild_137.jpg,verymild_137.jpg,Very Mild Demented,VeryMildDemented,128,128,1,4ec9dd14d66ed6e8e373c2374fd2fb1466e8f55d936877bfaf701c5a705a17ab,train
data/dataset/Very_Mild_Demented/verymild_813.jpg,verymild_813.jpg,Very Mild Demented,VeryMildDemented,128,128,1,fa2b7e1a8bc9b89694f78bd9adcab2a3db6b05b51b612261473b453626e22b37,train
data/dataset/Very_Mild_Demented/verymild_790.jpg,verymild_790.jpg,Very Mild Demented,VeryMildDemented,128,128,1,d0e9a3103042c8671710c0f0fcd43d83fcc6e3a79fd09bc39a011f6895859baf,train
data/dataset/Very_Mild_Demented/verymild_2222.jpg,verymild_2222.jpg,Very Mild Demented,VeryMildDemented,128,128,1,84aca63acdbb5b4d75cf94e6c3cb6915ab34efb68b35ddafed70bb18182cc2e4,train
data/dataset/Very_Mild_Demented/verymild_824.jpg,verymild_824.jpg,Very Mild Demented,VeryMildDemented,128,128,1,06faa16d1fbb78db751188eb7c0323d1f3a354db668cf27303ece26977eb6593,train
data/dataset/Very_Mild_Demented/verymild_1720.jpg,verymild_1720.jpg,Very Mild Demented,VeryMildDemented,128,128,1,2f8054baea2df1e04b7f0abc30d5609b644b77cfa9b102476d6f18ee9a58c144,train
data/dataset/Very_Mild_Demented/verymild_1969.jpg,verymild_1969.jpg,Very Mild Demented,VeryMildDemented,128,128,1,a4aab0bc35fb28b31ce84e1a7b5fce25790aae327e038817182ca6e7f60d6adf,train
data/dataset/Very_Mild_Demented/verymild_910.jpg,verymild_910.jpg,Very Mild Demented,VeryMildDemented,128,128,1,828d0a8c6311fddacce2abe659349d19281350fef6e93f721dab548456e2eac2,train
data/dataset/Very_Mild_Demented/verymild_38.jpg,verymild_38.jpg,Very Mild Demented,VeryMildDemented,128,128,1,90f1b2d31158d6e3f024112a15651d95410a6d26a75098bae0e4d56664472c9c,train
data/dataset/Very_Mild_Demented/verymild_81.jpg,verymild_81.jpg,Very Mild Demented,VeryMildDemented,128,128,1,1e4f42950a4718a6dd6b9b47a0b7d8c1c36956cba4aeb6f671f12af486443e20,train
data/dataset/Very_Mild_Demented/verymild_1299.jpg,verymild_1299.jpg,Very Mild Demented,VeryMildDemented,128,128,1,7e56c888ff1e82e0e641218077123d305003764fd3f561671103d83909cafee9,train
data/dataset/Very_Mild_Demented/verymild_891.jpg,verymild_891.jpg,Very Mild Demented,VeryMildDemented,128,128,1,b87f2a98d287d89e49a474e98e0c6e35a6d0f004abd15e5884c024a8cac587b4,train
data/dataset/Very_Mild_Demented/verymild_673.jpg,verymild_673.jpg,Very Mild Demented,VeryMildDemented,128,128,1,1d84e131d460f98c3488415d1b75cb91f52efcbc69bc4f1091b5b7cdb2167f77,train
data/dataset/Very_Mild_Demented/verymild_845.jpg,verymild_845.jpg,Very Mild Demented,VeryMildDemented,128,128,1,5de6be31a443858e81d4d825551e39c1378e8769d8d3c11d333713a37f3610ab,train
data/dataset/Very_Mild_Demented/verymild_892.jpg,verymild_892.jpg,Very Mild Demented,VeryMildDemented,128,128,1,ddb44ee354b9f70514b48a5763a4ca51b4e808fb32d13967b83ec7382116ac13,train
data/dataset/Very_Mild_Demented/verymild_1659.jpg,verymild_1659.jpg,Very Mild Demented,VeryMildDemented,128,128,1,0d51e0ba90fcd4ecb61c5cd35b9848080b26d841ae177dca0a6ed4cb48269a76,train
data/dataset/Very_Mild_Demented/verymild_1832.jpg,verymild_1832.jpg,Very Mild Demented,VeryMildDemented,128,128,1,5969a013e5722eeb280feaa9c857f1358441e5a84c548d99ea6bb22531ae8b0e,train
data/dataset/Very_Mild_Demented/verymild_1419.jpg,verymild_1419.jpg,Very Mild Demented,VeryMildDemented,128,128,1,d179d165d8d132aa8c2ff479074eb4d9627689e67f15ea9951e6f4c47e5eda9b,train
data/dataset/Very_Mild_Demented/verymild_2026.jpg,verymild_2026.jpg,Very Mild Demented,VeryMildDemented,128,128,1,320e73db871ad427cd884d7ee5d86555a8df1bbfcc389d96f8fd761bc3274646,train
data/dataset/Very_Mild_Demented/verymild_653.jpg,verymild_653.jpg,Very Mild Demented,VeryMildDemented,128,128,1,bd3e6bc99bd0df5dbc2888c8a1743abc266f3ccfd50d84385afa66006c55f15f,train
data/dataset/Very_Mild_Demented/verymild_1160.jpg,verymild_1160.jpg,Very Mild Demented,VeryMildDemented,128,128,1,c0184ccf6a4a6ec189a83b427e8c48c549e93da662eb1475d482fc8ad5b6ddc9,train
data/dataset/Very_Mild_Demented/verymild_1239.jpg,verymild_1239.jpg,Very Mild Demented,VeryMildDemented,128,128,1,9d705b11c17176264fb17cb2573e32b5c9a1707f2b36717b89e193f94957ecbc,train
data/dataset/Very_Mild_Demented/verymild_1440.jpg,verymild_1440.jpg,Very Mild Demented,VeryMildDemented,128,128,1,dc67f821d73133bc0681b3912d758747a6ef822649a81ba06660c2de21595e68,train
data/dataset/Very_Mild_Demented/verymild_1162.jpg,verymild_1162.jpg,Very Mild Demented,VeryMildDemented,128,128,1,60694ccb34576e5f141932f5c42297c503cb1b45f919958d7ef69e06b1f457e7,train
data/dataset/Very_Mild_Demented/verymild_1855.jpg,verymild_1855.jpg,Very Mild Demented,VeryMildDemented,128,128,1,9eecf8c2d6c54357f2dc24d96d7a6359b5020fda2a051ea0c8ca46baf5ab59ec,train
data/dataset/Very_Mild_Demented/verymild_419.jpg,verymild_419.jpg,Very Mild Demented,VeryMildDemented,128,128,1,051aedef056cc742c77de959272e831db11467fda5f2f64e0fdea02ab21a3d46,train
data/dataset/Very_Mild_Demented/verymild_735.jpg,verymild_735.jpg,Very Mild Demented,VeryMildDemented,128,128,1,7db432a968dfbd043292368977638a1f35a371bf72fd5b55d043d0c38ba30d26,train
data/dataset/Very_Mild_Demented/verymild_2226.jpg,verymild_2226.jpg,Very Mild Demented,VeryMildDemented,128,128,1,c5f029992f7a56c5ffe20f8092ec5156eb0ef7a5fb03578a20c02fb8ec86a6d7,train
data/dataset/Very_Mild_Demented/verymild_157.jpg,verymild_157.jpg,Very Mild Demented,VeryMildDemented,128,128,1,44ac0512c07c39c010a537838c5d5aeeeca2fdad310cd53e15d3f453e78e04e7,train
data/dataset/Very_Mild_Demented/verymild_860.jpg,verymild_860.jpg,Very Mild Demented,VeryMildDemented,128,128,1,2fd9c25da8fc5f130772ff3a9f3e67a26c51e61c14d674c1deb5cce785393f9c,train
data/dataset/Very_Mild_Demented/verymild_1889.jpg,verymild_1889.jpg,Very Mild Demented,VeryMildDemented,128,128,1,2a30d47a78eef00beeaa2b1b00ca07f98759348d6348aed2b9cb5c1905e27f50,train
data/dataset/Very_Mild_Demented/verymild_1826.jpg,verymild_1826.jpg,Very Mild Demented,VeryMildDemented,128,128,1,7e3b3ead70c6ad1eab51e45100b102b1c007125de64cd6d72ca21871b2439c43,train
data/dataset/Very_Mild_Demented/verymild_256.jpg,verymild_256.jpg,Very Mild Demented,VeryMildDemented,128,128,1,c67b12a241446dc77b68b69838786b1eba65aa888b1be2edd57f5d2fce8bd93c,train
data/dataset/Very_Mild_Demented/verymild_1291.jpg,verymild_1291.jpg,Very Mild Demented,VeryMildDemented,128,128,1,55418f09f9e4c4f2ff48e741c206ebb8a1de049f6b188f13555f3bb732282823,train
data/dataset/Very_Mild_Demented/verymild_1974.jpg,verymild_1974.jpg,Very Mild Demented,VeryMildDemented,128,128,1,cc3c61e20f9c193c4efd6f23fe95c653a11b79dd80ada557beea177877e0e2d1,train
data/dataset/Very_Mild_Demented/verymild_1426.jpg,verymild_1426.jpg,Very Mild Demented,VeryMildDemented,128,128,1,a04fac38c39ed761ba9eb76c8460c0a66c8e28a9544cdc6f0adfdd3dd4aaa252,train
data/dataset/Very_Mild_Demented/verymild_1672.jpg,verymild_1672.jpg,Very Mild Demented,VeryMildDemented,128,128,1,e9955a24ab8ec50ab09d2e52b9a5eb830d4138181e4070bb1fa5d62cf6994ac7,train
data/dataset/Very_Mild_Demented/verymild_427.jpg,verymild_427.jpg,Very Mild Demented,VeryMildDemented,128,128,1,f042a96df6ac24b512e1a5213c4af8ce210345bd90d22ace27638f5bc7fcf9dd,train
data/dataset/Very_Mild_Demented/verymild_1319.jpg,verymild_1319.jpg,Very Mild Demented,VeryMildDemented,128,128,1,243039288197c1cb0e81c08726391dd1575f740f0bdabf75f3fdd9717c9b9415,train
data/dataset/Very_Mild_Demented/verymild_1074.jpg,verymild_1074.jpg,Very Mild Demented,VeryMildDemented,128,128,1,1ec7aa4abee315045c22c5acbf47b190f0fae0d5725bda40611c2cb3bcb87ffe,train
data/dataset/Very_Mild_Demented/verymild_2111.jpg,verymild_2111.jpg,Very Mild Demented,VeryMildDemented,128,128,1,472f30a603d6e5556d410547890538a51ea8d464607ea845d87a5a863999633e,train
data/dataset/Very_Mild_Demented/verymild_1490.jpg,verymild_1490.jpg,Very Mild Demented,VeryMildDemented,128,128,1,5fe9cc24084d13c38e5eb7dda5c0a49d0b0e2a4cc5b92ae23deb10e4c8947dd2,train
data/dataset/Very_Mild_Demented/verymild_290.jpg,verymild_290.jpg,Very Mild Demented,VeryMildDemented,128,128,1,d196bff508f2b6f303c65f3a54b94017cd8388340d1fff70dbed32d039237e0d,train
data/dataset/Very_Mild_Demented/verymild_166.jpg,verymild_166.jpg,Very Mild Demented,VeryMildDemented,128,128,1,f494e2775dbeaf1363ad43c353e79b3809ff5831f91fc9ed2f0753fa23e4d6c9,train
data/dataset/Very_Mild_Demented/verymild_389.jpg,verymild_389.jpg,Very Mild Demented,VeryMildDemented,128,128,1,54494e5a8bdcadd6976217d5b7cb7aacbbc8845195a483c04475923cc91d666d,train
data/dataset/Very_Mild_Demented/verymild_1238.jpg,verymild_1238.jpg,Very Mild Demented,VeryMildDemented,128,128,1,a2de6a977e03d3c241b1ff789338f051bb17af17fcd9a3d5d160a8e9526a0ba2,train
data/dataset/Very_Mild_Demented/verymild_2100.jpg,verymild_2100.jpg,Very Mild Demented,VeryMildDemented,128,128,1,a0d5257a8771d9d13493f773d87e7782d9ddf6fd9bc1fb9a7302f0a44e769cbe,train
data/dataset/Very_Mild_Demented/verymild_615.jpg,verymild_615.jpg,Very Mild Demented,VeryMildDemented,128,128,1,f30b1acaf3bc1ca382e743f0d4ce5463372b70c61f062e3341555d7b09211a57,train
data/dataset/Very_Mild_Demented/verymild_944.jpg,verymild_944.jpg,Very Mild Demented,VeryMildDemented,128,128,1,fdfe94cc2d34f54e371b0bead35d1594b5b20d270e5fea51a897f2d814ae6b20,train
data/dataset/Very_Mild_Demented/verymild_1657.jpg,verymild_1657.jpg,Very Mild Demented,VeryMildDemented,128,128,1,eb3483d7b53184a4900eb1484eccd50da2a1148bedaba92efbefb015c89b7c31,train
data/dataset/Very_Mild_Demented/verymild_1083.jpg,verymild_1083.jpg,Very Mild Demented,VeryMildDemented,128,128,1,8ffcc09c603fe245d9802575949bc1b8f00bd9351b62c594942c717af338c942,train
data/dataset/Very_Mild_Demented/verymild_1402.jpg,verymild_1402.jpg,Very Mild Demented,VeryMildDemented,128,128,1,63821fda815d93779bec1b075cd5cf9fe21e46bc76dc4e8d390773f6cbecb4bb,train
data/dataset/Very_Mild_Demented/verymild_402.jpg,verymild_402.jpg,Very Mild Demented,VeryMildDemented,128,128,1,f00e9e8a55a1cae8b7265dc64762c2ec893d9ddbade453b8638455d0531e3b96,train
data/dataset/Very_Mild_Demented/verymild_1384.jpg,verymild_1384.jpg,Very Mild Demented,VeryMildDemented,128,128,1,fefc74ba57aea4f7fa4406a9a48d72938909162602cce78434cb1388b0223da3,train
data/dataset/Very_Mild_Demented/verymild_1371.jpg,verymild_1371.jpg,Very Mild Demented,VeryMildDemented,128,128,1,1ff296df46a31c31fb8108c196ffa0ce44b0944cd5512d57424acaf655c143ce,train
data/dataset/Very_Mild_Demented/verymild_2223.jpg,verymild_2223.jpg,Very Mild Demented,VeryMildDemented,128,128,1,256c83d22d22cd06501977919d4e2bb32a5e2850c337e1c7e3fa0e571abdb411,train
data/dataset/Very_Mild_Demented/verymild_1699.jpg,verymild_1699.jpg,Very Mild Demented,VeryMildDemented,128,128,1,9f3d1e9a153d56ec6d2de052362f6ecf8f98283e4c1e8371e0a000bcd72bbebb,train
data/dataset/Very_Mild_Demented/verymild_2075.jpg,verymild_2075.jpg,Very Mild Demented,VeryMildDemented,128,128,1,1bf0ff85bc8987aca8a53a6a9dc668f7f634b18e04efe21b8838864738c5b3ec,train
data/dataset/Very_Mild_Demented/verymild_1711.jpg,verymild_1711.jpg,Very Mild Demented,VeryMildDemented,128,128,1,e13e99bf223cb85c4ff7dc6784630826250f612bb21f01379f6fc151ae5c6c70,train
data/dataset/Very_Mild_Demented/verymild_905.jpg,verymild_905.jpg,Very Mild Demented,VeryMildDemented,128,128,1,11f35fb77b15f0bf16afd97ab7461d5c3be6ac21eee6ecaa8eb43eb23fda7a65,train
data/dataset/Very_Mild_Demented/verymild_1204.jpg,verymild_1204.jpg,Very Mild Demented,VeryMildDemented,128,128,1,3c7246088d95e4b9a6cd4d356880a2049acf9e24ff6b80adb1f397e901512521,train
data/dataset/Very_Mild_Demented/verymild_101.jpg,verymild_101.jpg,Very Mild Demented,VeryMildDemented,128,128,1,88651c9ff60db42fb64d494211c8502af4eef419a5edd551458d48ed114647ae,train
data/dataset/Very_Mild_Demented/verymild_1149.jpg,verymild_1149.jpg,Very Mild Demented,VeryMildDemented,128,128,1,534695e674ccca51d520740417b09dbf00e90ecaac139244e0bcae47d7207bd6,train
data/dataset/Very_Mild_Demented/verymild_1856.jpg,verymild_1856.jpg,Very Mild Demented,VeryMildDemented,128,128,1,95a035554b0ff9ba2dbab17cd16f5d8218d5b4b9882d3610ac807f8b1e8323cf,train
data/dataset/Very_Mild_Demented/verymild_686.jpg,verymild_686.jpg,Very Mild Demented,VeryMildDemented,128,128,1,6551670483fa254e089a930e75a168f4bf4b5eec01e57845d5fef222edbc7b19,train
data/dataset/Very_Mild_Demented/verymild_718.jpg,verymild_718.jpg,Very Mild Demented,VeryMildDemented,128,128,1,0e75ed863ae9e1e975ca6c82e4c761031d34eb789280b7c727fe3e0b8fac16a4,train
data/dataset/Very_Mild_Demented/verymild_635.jpg,verymild_635.jpg,Very Mild Demented,VeryMildDemented,128,128,1,3b0d3508de2e8864967fbf9b803c327b241e629f439d1fed1fdf7f616778381b,train
data/dataset/Very_Mild_Demented/verymild_1882.jpg,verymild_1882.jpg,Very Mild Demented,VeryMildDemented,128,128,1,d1f1d54fad8f33c9dbed6ee1c9cd5507f652138730e0e27a9afd83fb8e2ed4db,train
data/dataset/Very_Mild_Demented/verymild_1733.jpg,verymild_1733.jpg,Very Mild Demented,VeryMildDemented,128,128,1,14622aaaef6b70fd7c43fcfe0d84812addf1321e15ee1780bf26ca219e846381,train
data/dataset/Very_Mild_Demented/verymild_1150.jpg,verymild_1150.jpg,Very Mild Demented,VeryMildDemented,128,128,1,5a58265c6283a7891bb1fc3eedf44582abff25274396731455f47451be8e0879,train
data/dataset/Very_Mild_Demented/verymild_1448.jpg,verymild_1448.jpg,Very Mild Demented,VeryMildDemented,128,128,1,2ef0aa3b6c8fc416224950ab4a1c36228717f860b7e7e672a875d668fa00212c,train
data/dataset/Very_Mild_Demented/verymild_872.jpg,verymild_872.jpg,Very Mild Demented,VeryMildDemented,128,128,1,6cc8f9e085d17f8467a54ea031c36f1ba5daafbd14d38568b83f17560325f9c3,train
data/dataset/Very_Mild_Demented/verymild_942.jpg,verymild_942.jpg,Very Mild Demented,VeryMildDemented,128,128,1,6d2bf803be1fc6d255eaf074d7d9723146ed86e2b91cd0a1fbfa0e52aed54059,train
data/dataset/Very_Mild_Demented/verymild_760.jpg,verymild_760.jpg,Very Mild Demented,VeryMildDemented,128,128,1,cfd37df19602fe4a60b12a1ed723853af5bcbbfde6e0664c71395def63887d92,train
data/dataset/Very_Mild_Demented/verymild_11.jpg,verymild_11.jpg,Very Mild Demented,VeryMildDemented,128,128,1,b69655d210f43f755cfc02cecc97857cd6af667e2362e15f88ead6d2493c8d11,train
data/dataset/Very_Mild_Demented/verymild_1217.jpg,verymild_1217.jpg,Very Mild Demented,VeryMildDemented,128,128,1,e78fb364c8f4f04d32f2eb508274bff10a0d9a7e77cfe2040f3e22e6ff8a55ba,train
data/dataset/Very_Mild_Demented/verymild_1070.jpg,verymild_1070.jpg,Very Mild Demented,VeryMildDemented,128,128,1,6fdbfbaf33cc0a22bde1f3f48d8f0c6e45f442da732c03ed4bba32d9ddec3d74,train
data/dataset/Very_Mild_Demented/verymild_2081.jpg,verymild_2081.jpg,Very Mild Demented,VeryMildDemented,128,128,1,edd612c141901260632fa189b9e1c95e312a1392500e78197db9fc797b511a4e,train
data/dataset/Very_Mild_Demented/verymild_1174.jpg,verymild_1174.jpg,Very Mild Demented,VeryMildDemented,128,128,1,1932d0d91b64429fd020f08324d98d6205dd07d3594a94b1b9f00c6324542677,train
data/dataset/Very_Mild_Demented/verymild_464.jpg,verymild_464.jpg,Very Mild Demented,VeryMildDemented,128,128,1,2f4d1f78347dc019fad1eda2640254827c4f7bad1e78fa5efd267aa47ae8b335,train
data/dataset/Very_Mild_Demented/verymild_466.jpg,verymild_466.jpg,Very Mild Demented,VeryMildDemented,128,128,1,ec14ca0d52019e8ce9cb5a0137a6a418dcae5fb7661045230eabc6b660c95d96,train
data/dataset/Very_Mild_Demented/verymild_2072.jpg,verymild_2072.jpg,Very Mild Demented,VeryMildDemented,128,128,1,e1e01b25e8d3dd53b124a7ebdf99d73730d4f99d6a6f0108a600ce550840528e,train
data/dataset/Very_Mild_Demented/verymild_1368.jpg,verymild_1368.jpg,Very Mild Demented,VeryMildDemented,128,128,1,b447e124696026a017b2017c13364299193e972ca53d8bad4ebfe483636ec96a,train
data/dataset/Very_Mild_Demented/verymild_1792.jpg,verymild_1792.jpg,Very Mild Demented,VeryMildDemented,128,128,1,e187e78ff7c81405f5d581b94ad6b80cdc95745fcfacb5d042352bcbcade546a,train
data/dataset/Very_Mild_Demented/verymild_2164.jpg,verymild_2164.jpg,Very Mild Demented,VeryMildDemented,128,128,1,cc1043381284073d7bd76ad2ee7c36fe1dc9c06c0462237961d118d142dc15b0,train
data/dataset/Very_Mild_Demented/verymild_916.jpg,verymild_916.jpg,Very Mild Demented,VeryMildDemented,128,128,1,6cb35c37520a6a218f1e98153cb07539b7e1c6e6f07fe4514c3360c9c97f3e6e,train
data/dataset/Very_Mild_Demented/verymild_298.jpg,verymild_298.jpg,Very Mild Demented,VeryMildDemented,128,128,1,efbcf5798d5b25391eb7e323a8fc977b923b544ce59392b111b35785531e94d2,train
data/dataset/Very_Mild_Demented/verymild_1435.jpg,verymild_1435.jpg,Very Mild Demented,VeryMildDemented,128,128,1,0885b01fd021697b9d36f528ed57e4093390f05512798bcac942a1664b021607,train
data/dataset/Very_Mild_Demented/verymild_1014.jpg,verymild_1014.jpg,Very Mild Demented,VeryMildDemented,128,128,1,d259aee341482bafb38c8722f7b0b3d6ca7c7086cde9ce79faf099f8c3a4f7f6,train
data/dataset/Very_Mild_Demented/verymild_99.jpg,verymild_99.jpg,Very Mild Demented,VeryMildDemented,128,128,1,99f9060de07caeebcba2833f222a6daebe5bddfa49e9f3aa8c2db757dff41e4f,train
data/dataset/Very_Mild_Demented/verymild_1714.jpg,verymild_1714.jpg,Very Mild Demented,VeryMildDemented,128,128,1,df83fe7ec63eb0274e5b87e523a11aa577c72196ae8296db294d1257167e0aac,train
data/dataset/Very_Mild_Demented/verymild_1383.jpg,verymild_1383.jpg,Very Mild Demented,VeryMildDemented,128,128,1,9b84d41613e3f82f5f46e6ad850a1297944e82822594b3d96034669bc1a94b4d,train
data/dataset/Very_Mild_Demented/verymild_353.jpg,verymild_353.jpg,Very Mild Demented,VeryMildDemented,128,128,1,c8a81269051b6522fc839dbfa945c00d6fbf9d3fefdf118529af1b49740dbd13,train
data/dataset/Very_Mild_Demented/verymild_1131.jpg,verymild_1131.jpg,Very Mild Demented,VeryMildDemented,128,128,1,1a8572c6fffaf1c792e6274dbe0fac4d6d459b6d9a24f855ef9aa3efc241f1e4,train
data/dataset/Very_Mild_Demented/verymild_2062.jpg,verymild_2062.jpg,Very Mild Demented,VeryMildDemented,128,128,1,a56ef1836e357e9c99d9f390323e38b70dba9b789ff235a97f52b071d0a8b531,train
data/dataset/Very_Mild_Demented/verymild_994.jpg,verymild_994.jpg,Very Mild Demented,VeryMildDemented,128,128,1,97b6aec65855afdda2b6eeac0fc784af5907d529e5f99548b82c2c6af5afe12e,train
data/dataset/Very_Mild_Demented/verymild_1921.jpg,verymild_1921.jpg,Very Mild Demented,VeryMildDemented,128,128,1,40350797c92f74d5f3a51f76a3be9b5b4b5188e130a612c1a45fbd1f52bb064a,train
data/dataset/Very_Mild_Demented/verymild_1797.jpg,verymild_1797.jpg,Very Mild Demented,VeryMildDemented,128,128,1,954da456f8716e9642ac21fd61531b4479eaa9545e2ba3a109dd7c1ce6c55f13,train
data/dataset/Very_Mild_Demented/verymild_341.jpg,verymild_341.jpg,Very Mild Demented,VeryMildDemented,128,128,1,f485171b6d0eb3201976ac27d7d3f08e79fb0ef1e044e666971c926645c916b2,train
data/dataset/Very_Mild_Demented/verymild_1645.jpg,verymild_1645.jpg,Very Mild Demented,VeryMildDemented,128,128,1,446bd607fc925ed11a27da3d9f9615b82fc29ddd8361f5be881218cba07b3f21,train
data/dataset/Very_Mild_Demented/verymild_393.jpg,verymild_393.jpg,Very Mild Demented,VeryMildDemented,128,128,1,ed6c4fa6e6ad4eb359d41904f3840f76975f617afa82e208eec895025b04f701,train
data/dataset/Very_Mild_Demented/verymild_1025.jpg,verymild_1025.jpg,Very Mild Demented,VeryMildDemented,128,128,1,87a59c52f82dd194543b9eb13ea3737786513eb0b905eebdf6897d27c9bce29b,train
data/dataset/Very_Mild_Demented/verymild_642.jpg,verymild_642.jpg,Very Mild Demented,VeryMildDemented,128,128,1,ddf191fcb05adbe42c4002a250d6722bf0d853b44004f2f0140713017740179e,train
data/dataset/Very_Mild_Demented/verymild_1742.jpg,verymild_1742.jpg,Very Mild Demented,VeryMildDemented,128,128,1,7f611c05b83cd3e8769b6f98ca39a7ae883748ebecb403addf071667ce050605,train
data/dataset/Very_Mild_Demented/verymild_1668.jpg,verymild_1668.jpg,Very Mild Demented,VeryMildDemented,128,128,1,0e38388123708320ff5cba56522359ef76bb5aabd52b28f51840372787c17706,train
data/dataset/Very_Mild_Demented/verymild_269.jpg,verymild_269.jpg,Very Mild Demented,VeryMildDemented,128,128,1,b1a5435bedcb7d563768d7861f7ba12bc2d120c36e0f8aeb39879109da987605,train
data/dataset/Very_Mild_Demented/verymild_1116.jpg,verymild_1116.jpg,Very Mild Demented,VeryMildDemented,128,128,1,d1455f764e1ed1da5015d944ebcd281ecde21fa22653b74d0af907cb1d92ba79,train
data/dataset/Very_Mild_Demented/verymild_96.jpg,verymild_96.jpg,Very Mild Demented,VeryMildDemented,128,128,1,5107cb00d4bc3ba7387736403e43453ecb4c9b4cca7b6146bee03fe7e513bb8e,train
data/dataset/Very_Mild_Demented/verymild_498.jpg,verymild_498.jpg,Very Mild Demented,VeryMildDemented,128,128,1,ab6d9c934c35b5a429c257580e1a20f706ec22bc4f8ca44c6621b49436076c92,train
data/dataset/Very_Mild_Demented/verymild_355.jpg,verymild_355.jpg,Very Mild Demented,VeryMildDemented,128,128,1,c9ff89ac46f0196364ef9f5270131d6716e47bf046f32b55898eda817d7c4d18,train
data/dataset/Very_Mild_Demented/verymild_1058.jpg,verymild_1058.jpg,Very Mild Demented,VeryMildDemented,128,128,1,b76560b3125cd366624bc81447309b827c5e7513e753435786324f46d846d8a0,train
data/dataset/Very_Mild_Demented/verymild_943.jpg,verymild_943.jpg,Very Mild Demented,VeryMildDemented,128,128,1,626cc8d3fcfcf79a3bebcdfa7de85dac139824576f8609e0e4805abac96e76cd,train
data/dataset/Very_Mild_Demented/verymild_2025.jpg,verymild_2025.jpg,Very Mild Demented,VeryMildDemented,128,128,1,a8d4a1ea56ac32ee807dc1ff7a65f8229d261b0a86d0f13932193f903097cd86,train
data/dataset/Very_Mild_Demented/verymild_532.jpg,verymild_532.jpg,Very Mild Demented,VeryMildDemented,128,128,1,8fa2ca9868ac2410297a7b7ff7d3df6abc2d14e6c981d4c4b9f1bec4a0e042bc,train
data/dataset/Very_Mild_Demented/verymild_1473.jpg,verymild_1473.jpg,Very Mild Demented,VeryMildDemented,128,128,1,558763a0a7fa8b882090929f42ce980c5e5c5bcf2f38c25b27586aba6fde3044,train
data/dataset/Very_Mild_Demented/verymild_407.jpg,verymild_407.jpg,Very Mild Demented,VeryMildDemented,128,128,1,5ecfaa5403f6d18228eeb2a82a14a087cc1362a9ef10e5ec44d322ac544657f0,train
data/dataset/Very_Mild_Demented/verymild_295.jpg,verymild_295.jpg,Very Mild Demented,VeryMildDemented,128,128,1,ace318860a4ab8bf5dde96b5bd4b0da1ce761921a66a9f38ec0cef1d9094ad2d,train
data/dataset/Very_Mild_Demented/verymild_2188.jpg,verymild_2188.jpg,Very Mild Demented,VeryMildDemented,128,128,1,95c254477d1572638a2aec64c57af1c1831389e9a305560ac3cb9b920f328fd5,train
data/dataset/Very_Mild_Demented/verymild_881.jpg,verymild_881.jpg,Very Mild Demented,VeryMildDemented,128,128,1,60f124abf6255a9141bbd55092a5120bebd7b4e39fea0c239e54ad89fa069754,train
data/dataset/Very_Mild_Demented/verymild_1878.jpg,verymild_1878.jpg,Very Mild Demented,VeryMildDemented,128,128,1,012663044612b4368185eebb2c15b760cdea204b198441f01e2bf91832bfac9c,train
data/dataset/Very_Mild_Demented/verymild_960.jpg,verymild_960.jpg,Very Mild Demented,VeryMildDemented,128,128,1,c0ad684570fe24a975113105d9cb4505afdafadb1adef377780c6b74cde2c5c4,train
data/dataset/Very_Mild_Demented/verymild_1141.jpg,verymild_1141.jpg,Very Mild Demented,VeryMildDemented,128,128,1,23bd25fae1359807b5a6c820a262fd32e065ee1c85e99c0b8d0649a6da0514a6,train
data/dataset/Very_Mild_Demented/verymild_428.jpg,verymild_428.jpg,Very Mild Demented,VeryMildDemented,128,128,1,485567d76025f09f9e60afb1f3b82c29fd07cfe7044b5ae1a422528c8ab2da58,train
data/dataset/Very_Mild_Demented/verymild_1093.jpg,verymild_1093.jpg,Very Mild Demented,VeryMildDemented,128,128,1,d44bf57114f02d40a5ad2c2179d28d2c847a21e859ee9a085c0540a945911d8f,train
data/dataset/Very_Mild_Demented/verymild_151.jpg,verymild_151.jpg,Very Mild Demented,VeryMildDemented,128,128,1,849ca99dc3091b4da30d1269151e5d689845c266b6ba30764f8ac9df2640ad6c,train
data/dataset/Very_Mild_Demented/verymild_1351.jpg,verymild_1351.jpg,Very Mild Demented,VeryMildDemented,128,128,1,ce107594a1c15e09a4dba223253acc67c838323e1d300421d8ffb66fe2d3f42c,train
data/dataset/Very_Mild_Demented/verymild_1623.jpg,verymild_1623.jpg,Very Mild Demented,VeryMildDemented,128,128,1,446beebb5c81593e4d6d838071146019a062888bf7334badbd88354368fb81b1,train
data/dataset/Very_Mild_Demented/verymild_1457.jpg,verymild_1457.jpg,Very Mild Demented,VeryMildDemented,128,128,1,5e8a90724f7bb1b10efd386b642ed1b7acb639fe6a12623852f3d4cf7e88b258,train
data/dataset/Very_Mild_Demented/verymild_1338.jpg,verymild_1338.jpg,Very Mild Demented,VeryMildDemented,128,128,1,9e93a0be9c84aada347bb5414f02849a0b42a8979e5ed315d46b8c73fc39348f,train
data/dataset/Very_Mild_Demented/verymild_1787.jpg,verymild_1787.jpg,Very Mild Demented,VeryMildDemented,128,128,1,7d176b95977b47c980edf05baf861967ed105033360d888eead874520859740a,train
data/dataset/Very_Mild_Demented/verymild_45.jpg,verymild_45.jpg,Very Mild Demented,VeryMildDemented,128,128,1,27dc90762a2608ccd8dd33962642bcfcee678ccd961e881a8e78e7e154138ddf,train
data/dataset/Very_Mild_Demented/verymild_1715.jpg,verymild_1715.jpg,Very Mild Demented,VeryMildDemented,128,128,1,43e51a21b0006ea297660e38628c12cedc2eeddcc0922d2ca09b13600b4f3967,train
data/dataset/Very_Mild_Demented/verymild_224.jpg,verymild_224.jpg,Very Mild Demented,VeryMildDemented,128,128,1,4b75cebc6ee02090c39f214e0071852230c2bf2f274d779815934f61468c41d9,train
data/dataset/Very_Mild_Demented/verymild_1476.jpg,verymild_1476.jpg,Very Mild Demented,VeryMildDemented,128,128,1,0fad501bf0ff922df16ef48a77648e2e2473aa6e8548b9bda352b2d9d178b495,train
data/dataset/Very_Mild_Demented/verymild_250.jpg,verymild_250.jpg,Very Mild Demented,VeryMildDemented,128,128,1,6ed447f713d2ab85ccbd3bef50fe5a9563b9a33fbf6c1cf707f73c474eff0586,train
data/dataset/Very_Mild_Demented/verymild_996.jpg,verymild_996.jpg,Very Mild Demented,VeryMildDemented,128,128,1,082d2c2b9d6579af566f3522b174e6723bec441a5ee39c8f063077463a0c691e,train
data/dataset/Very_Mild_Demented/verymild_1589.jpg,verymild_1589.jpg,Very Mild Demented,VeryMildDemented,128,128,1,0cde03c027c34dbfbb90ee3bcaeb6a5cdf7c92579b377eaf818830b8292df402,train
data/dataset/Very_Mild_Demented/verymild_1518.jpg,verymild_1518.jpg,Very Mild Demented,VeryMildDemented,128,128,1,ca9baba48bdadf25a1592f145ae090f0cfca208a04b694c4c005dba6f5015b71,train
data/dataset/Very_Mild_Demented/verymild_267.jpg,verymild_267.jpg,Very Mild Demented,VeryMildDemented,128,128,1,52652fe5677be218922e2484799f64c007ccda6037c06b2e6f7a430a34e308df,train
data/dataset/Very_Mild_Demented/verymild_1800.jpg,verymild_1800.jpg,Very Mild Demented,VeryMildDemented,128,128,1,494be72f30c5bb83c9487e04aae8ee7bbcfb8627b63cb173d311ae611d61b387,train
data/dataset/Very_Mild_Demented/verymild_417.jpg,verymild_417.jpg,Very Mild Demented,VeryMildDemented,128,128,1,66d6c3c493d5566a76c88f22c8acdf79bae1cd1281d16a78c45370f7859703f1,train
data/dataset/Very_Mild_Demented/verymild_559.jpg,verymild_559.jpg,Very Mild Demented,VeryMildDemented,128,128,1,b8b0dc7abb2f797ecbd1decbbb4130768c9f7763ece571277aa8c00860decdba,train
data/dataset/Very_Mild_Demented/verymild_246.jpg,verymild_246.jpg,Very Mild Demented,VeryMildDemented,128,128,1,8798e6f40bdc165d83e5b78cdfb58b6b06e2175a5abfb30a8b54d2307ddb2342,train
data/dataset/Very_Mild_Demented/verymild_198.jpg,verymild_198.jpg,Very Mild Demented,VeryMildDemented,128,128,1,ea338d8e6f8f4ac26a723bd1f8ccd50c4ca5ff5e581eba556d0da30cc99ceba5,train
data/dataset/Very_Mild_Demented/verymild_914.jpg,verymild_914.jpg,Very Mild Demented,VeryMildDemented,128,128,1,5aac5e0b73bde743a5167d753ef02cb1c6b562125e4159501dbe4dce3ccafa51,train
data/dataset/Very_Mild_Demented/verymild_447.jpg,verymild_447.jpg,Very Mild Demented,VeryMildDemented,128,128,1,dfb88fd57b3ff628a1eb50d5725bb8ba23184711352c272053c3cf2f4e7ed7c7,train
data/dataset/Very_Mild_Demented/verymild_848.jpg,verymild_848.jpg,Very Mild Demented,VeryMildDemented,128,128,1,fdadda026d9a1be025948618636ec192d34765822f7498d67c51f9e2e2e01124,train
data/dataset/Very_Mild_Demented/verymild_1175.jpg,verymild_1175.jpg,Very Mild Demented,VeryMildDemented,128,128,1,ba2b1f3d684ab027b9e4739602b8aef537e8d8084f7b10eb59155b35e777bf0b,train
data/dataset/Very_Mild_Demented/verymild_618.jpg,verymild_618.jpg,Very Mild Demented,VeryMildDemented,128,128,1,fa2ea1e5970b1074f7eb7bc3319106f05df1d4e5c68e90c524b93ab173b195cb,train
data/dataset/Very_Mild_Demented/verymild_128.jpg,verymild_128.jpg,Very Mild Demented,VeryMildDemented,128,128,1,436ab706ed8d175dedb296ad3f5371e98da2b21a4a56ffc6acb10b680517a812,train
data/dataset/Very_Mild_Demented/verymild_1520.jpg,verymild_1520.jpg,Very Mild Demented,VeryMildDemented,128,128,1,b9a56366d8abad4da3e5b2a449b81f2ad6b994d88838fc7b697627256df2e2c0,train
data/dataset/Very_Mild_Demented/verymild_1404.jpg,verymild_1404.jpg,Very Mild Demented,VeryMildDemented,128,128,1,a2aa73dd00f3364ab8b662d1d6769164cbfd021956c2f176cc04cab7911560e7,train
data/dataset/Very_Mild_Demented/verymild_145.jpg,verymild_145.jpg,Very Mild Demented,VeryMildDemented,128,128,1,c2bb62b3297e8d5669299c0981f11d085fdbdd4f0951fe32faea3faa4a981a0a,train
data/dataset/Very_Mild_Demented/verymild_76.jpg,verymild_76.jpg,Very Mild Demented,VeryMildDemented,128,128,1,c642ec195780cc62b571e458400952e21d3a03beacfa0404b541bb55fc9c94c4,train
data/dataset/Very_Mild_Demented/verymild_2176.jpg,verymild_2176.jpg,Very Mild Demented,VeryMildDemented,128,128,1,543972a3cdbac0628439b33629b31bcb2f65211f36d9e8dc3beee8c7e7254f15,train
data/dataset/Very_Mild_Demented/verymild_1985.jpg,verymild_1985.jpg,Very Mild Demented,VeryMildDemented,128,128,1,4f8a4fbf07c10dcfb2e8e2740fd2d4b210f279ab194b4dcf640dfc025dc1dc11,train
data/dataset/Very_Mild_Demented/verymild_1562.jpg,verymild_1562.jpg,Very Mild Demented,VeryMildDemented,128,128,1,614061af2b6af367901e580aeab685d4b521851905e65304fbf38d4e97627af8,train
data/dataset/Very_Mild_Demented/verymild_350.jpg,verymild_350.jpg,Very Mild Demented,VeryMildDemented,128,128,1,7862864c86075e0020428f6266a5a73e745c7553f07c6ddab8161dfe14f5ad7b,train
data/dataset/Very_Mild_Demented/verymild_2168.jpg,verymild_2168.jpg,Very Mild Demented,VeryMildDemented,128,128,1,96aa65372627d91981642784d85fcd48172b4f7dfe7bbd4c5461f051c1632b14,train
data/dataset/Very_Mild_Demented/verymild_2058.jpg,verymild_2058.jpg,Very Mild Demented,VeryMildDemented,128,128,1,642361a09ea49c31bfd16ff1bd6d645f43d6becf566fcc71586aff01f4e5f9c6,train
data/dataset/Very_Mild_Demented/verymild_783.jpg,verymild_783.jpg,Very Mild Demented,VeryMildDemented,128,128,1,584cb93edf0af5432ae8699d28df3d3ed734d7da10c3760584e080213bd1e6de,train
data/dataset/Very_Mild_Demented/verymild_984.jpg,verymild_984.jpg,Very Mild Demented,VeryMildDemented,128,128,1,f2b385dbb1455c7a0ff80081be9acfd7d3e32e6d58f08e42a6986d54135d5985,train
data/dataset/Very_Mild_Demented/verymild_1559.jpg,verymild_1559.jpg,Very Mild Demented,VeryMildDemented,128,128,1,e076060d3794a7589284b5d8336f85e20f62c6b54aa38ae782db3b7b884d1297,train
data/dataset/Very_Mild_Demented/verymild_641.jpg,verymild_641.jpg,Very Mild Demented,VeryMildDemented,128,128,1,200c5374a5f3da792d6014a1a7b3090c6153068b242ea323cfabb1304b8812d0,train
data/dataset/Very_Mild_Demented/verymild_1324.jpg,verymild_1324.jpg,Very Mild Demented,VeryMildDemented,128,128,1,a67fcdac74063038903f82b67516885e1f3fa46aa77316959929c5a81e9483ff,train
data/dataset/Very_Mild_Demented/verymild_1010.jpg,verymild_1010.jpg,Very Mild Demented,VeryMildDemented,128,128,1,21584a6bee20d7e304902cfab9a07ccf65952fe0a3056504f80fcf27b39b6bb2,train
data/dataset/Very_Mild_Demented/verymild_1736.jpg,verymild_1736.jpg,Very Mild Demented,VeryMildDemented,128,128,1,6aaba982df1fd04b7089f59957075ca859d577adba1580957c626411de2f9388,train
data/dataset/Very_Mild_Demented/verymild_1220.jpg,verymild_1220.jpg,Very Mild Demented,VeryMildDemented,128,128,1,0bf6d16f0c04ac23fd2e23c0176c8ffe78e9cc62a2ee58f638f7203f6efe4f9e,train
data/dataset/Very_Mild_Demented/verymild_2112.jpg,verymild_2112.jpg,Very Mild Demented,VeryMildDemented,128,128,1,0491ee365a150ce9bb8089bf32761b77b7d5dfa1d84592b39598a9f591d6a515,train
data/dataset/Very_Mild_Demented/verymild_42.jpg,verymild_42.jpg,Very Mild Demented,VeryMildDemented,128,128,1,9dab54b9d9e29fb62d8502b49366a62c9a49ea71f988f07dc47c969b4a19900c,train
data/dataset/Very_Mild_Demented/verymild_365.jpg,verymild_365.jpg,Very Mild Demented,VeryMildDemented,128,128,1,242913aa5d4d5f85e19befd753000be65a39334a2d7149589f97d50c965dc8ad,train
data/dataset/Very_Mild_Demented/verymild_54.jpg,verymild_54.jpg,Very Mild Demented,VeryMildDemented,128,128,1,8638f4ff4ce64f24d305615125cfeffd7e0644e2bbf7825eded1ab555d7e3721,train
data/dataset/Very_Mild_Demented/verymild_1745.jpg,verymild_1745.jpg,Very Mild Demented,VeryMildDemented,128,128,1,1da0e379d876f3acd3447012db8030761459e975b4249a0bdd9965245ddba4d8,train
data/dataset/Very_Mild_Demented/verymild_1563.jpg,verymild_1563.jpg,Very Mild Demented,VeryMildDemented,128,128,1,8c658a6cf49a5408acae803596a9c713c0df8b1568e6700aa774c92e4b051514,train
data/dataset/Very_Mild_Demented/verymild_1769.jpg,verymild_1769.jpg,Very Mild Demented,VeryMildDemented,128,128,1,1de1a38fb3faaa1fdd9548b25e7a1e8571ce825135720f2e4e1a952d626a44f8,train
data/dataset/Very_Mild_Demented/verymild_1173.jpg,verymild_1173.jpg,Very Mild Demented,VeryMildDemented,128,128,1,b4984c4b9a3c812d94cceaba2388119e3e332c51769c19b2ccfecb2e1cef217e,train
data/dataset/Very_Mild_Demented/verymild_231.jpg,verymild_231.jpg,Very Mild Demented,VeryMildDemented,128,128,1,d902e9c01ed0c776f45836a9f5fc3bd2c7e62981f438f866a0922fcde46320bc,train
data/dataset/Very_Mild_Demented/verymild_1717.jpg,verymild_1717.jpg,Very Mild Demented,VeryMildDemented,128,128,1,6a84c9d115739648e62592d7d3de449285c881490ab74009a0af1dcc9c2672a5,train
data/dataset/Very_Mild_Demented/verymild_753.jpg,verymild_753.jpg,Very Mild Demented,VeryMildDemented,128,128,1,a5a1ca86dce2d150335b1ac4af4bda23bdec2676946a46c1fe46d570bfd28545,train
data/dataset/Very_Mild_Demented/verymild_980.jpg,verymild_980.jpg,Very Mild Demented,VeryMildDemented,128,128,1,18fcfa06ba630826ad65e1d76584bda9c4f17fd1c551e7d8ee4185cdc8b22eb6,train
data/dataset/Very_Mild_Demented/verymild_1565.jpg,verymild_1565.jpg,Very Mild Demented,VeryMildDemented,128,128,1,7aa6f8b25bd2994ac6442a1847a260723b3a95e80719a1381854795a55f8f7bb,train
data/dataset/Very_Mild_Demented/verymild_104.jpg,verymild_104.jpg,Very Mild Demented,VeryMildDemented,128,128,1,24eddf775020923d93c157efbf3e2eb7cf6d447fcd08bc00e5890f1d887fce99,train
data/dataset/Very_Mild_Demented/verymild_519.jpg,verymild_519.jpg,Very Mild Demented,VeryMildDemented,128,128,1,502db700c11afba5de2989a1e4a49c3194571122a243490c849f061088a8edcc,train
data/dataset/Very_Mild_Demented/verymild_1892.jpg,verymild_1892.jpg,Very Mild Demented,VeryMildDemented,128,128,1,fe119d6c4d45282b52e816a4cf0579210561d1f5ff7b6e29cc13f98d1e798f0e,train
data/dataset/Very_Mild_Demented/verymild_2005.jpg,verymild_2005.jpg,Very Mild Demented,VeryMildDemented,128,128,1,ec29e16479efec67737a429714c8d96d5f82f6947c47edc3b70e4d02fcaae23f,train
data/dataset/Very_Mild_Demented/verymild_940.jpg,verymild_940.jpg,Very Mild Demented,VeryMildDemented,128,128,1,4d67908d23f03bcf2a5f6112f5a70bbb064d496a3ee0d9aa066ea037c7fdd596,train
data/dataset/Very_Mild_Demented/verymild_1947.jpg,verymild_1947.jpg,Very Mild Demented,VeryMildDemented,128,128,1,111c1f58164fc37544dbb3da2b65c42d78ef2abf05a5e4a43d58afef246281fb,train
data/dataset/Very_Mild_Demented/verymild_83.jpg,verymild_83.jpg,Very Mild Demented,VeryMildDemented,128,128,1,2c06de1ce1aef4cbd7440aaf34f07c77501ba5db696f94ea7b0375e941aad4ac,train
data/dataset/Very_Mild_Demented/verymild_788.jpg,verymild_788.jpg,Very Mild Demented,VeryMildDemented,128,128,1,4532e5d2a51a305e9d573485a1e656b386184be61482a649bbe588e1a562468c,train
data/dataset/Very_Mild_Demented/verymild_2196.jpg,verymild_2196.jpg,Very Mild Demented,VeryMildDemented,128,128,1,e5b9c0d342a062c7fbd2a0c5cccc993b866255bafbcb8f8e6536c91ba2907be6,train
data/dataset/Very_Mild_Demented/verymild_1590.jpg,verymild_1590.jpg,Very Mild Demented,VeryMildDemented,128,128,1,7b822537ba6d818c22eba14a54c84fede777c4a0742041b42d3a55d7c6ec885d,train
data/dataset/Very_Mild_Demented/verymild_403.jpg,verymild_403.jpg,Very Mild Demented,VeryMildDemented,128,128,1,e7d6b7b29f970f815261e6e6af4b0de9e3a9f864bcc2fbcba66a58d46b3556a8,train
data/dataset/Very_Mild_Demented/verymild_1915.jpg,verymild_1915.jpg,Very Mild Demented,VeryMildDemented,128,128,1,334b1c23f15be6802522282175dd1ff3756d244ea78f9a8f5571e0d9328fd1f2,train
data/dataset/Very_Mild_Demented/verymild_1360.jpg,verymild_1360.jpg,Very Mild Demented,VeryMildDemented,128,128,1,dfc53cdbdfefb467585194c15fcb7a3eef8f8acb66825dc60cdab57a101741e4,train
data/dataset/Very_Mild_Demented/verymild_1538.jpg,verymild_1538.jpg,Very Mild Demented,VeryMildDemented,128,128,1,4ede5d17bcb4cad87e818c7b20199f6f1785e08404c31cd7c96b64f4b7d34fb9,train
data/dataset/Very_Mild_Demented/verymild_966.jpg,verymild_966.jpg,Very Mild Demented,VeryMildDemented,128,128,1,d1d1eb2c846caabf3752a4ee0983e8bcefb253cb4e93376d7dfa76b6863af8a7,train
data/dataset/Very_Mild_Demented/verymild_136.jpg,verymild_136.jpg,Very Mild Demented,VeryMildDemented,128,128,1,b4ee2b36a6abdc87fd4570e09c6f93cea84f2d7ded914594b6be914b73e6983e,train
data/dataset/Very_Mild_Demented/verymild_1600.jpg,verymild_1600.jpg,Very Mild Demented,VeryMildDemented,128,128,1,ab7ef4763924dc969b0b50bc06ca035dfa83683bd1efb20600cc695254e88e4d,train
data/dataset/Very_Mild_Demented/verymild_1887.jpg,verymild_1887.jpg,Very Mild Demented,VeryMildDemented,128,128,1,055561101ea14297b826a66cef3109f1468563712897533aa2c0c6d1b5601aee,train
data/dataset/Very_Mild_Demented/verymild_743.jpg,verymild_743.jpg,Very Mild Demented,VeryMildDemented,128,128,1,4a765912028b39b5c9e05924d4226e8954a4a650c1d9e1c1933b3d3354470d16,train
data/dataset/Very_Mild_Demented/verymild_1213.jpg,verymild_1213.jpg,Very Mild Demented,VeryMildDemented,128,128,1,0176f0e51eb993108f0e216df1584e157e6285ecf436f8e753394f6e63a8eb51,train
data/dataset/Very_Mild_Demented/verymild_348.jpg,verymild_348.jpg,Very Mild Demented,VeryMildDemented,128,128,1,caf1f577d3621844fe634fd7745d1ad048b9d6750151897240819b6a44c1bd34,train
data/dataset/Very_Mild_Demented/verymild_978.jpg,verymild_978.jpg,Very Mild Demented,VeryMildDemented,128,128,1,48fc39e26504059bdb484fd0c3e2ea19117671a8b7dd976e9e37f89ff7d3e614,train
data/dataset/Very_Mild_Demented/verymild_1581.jpg,verymild_1581.jpg,Very Mild Demented,VeryMildDemented,128,128,1,685a429d6b6d3a303b90e25cf382decf266693b7f67bcc8bfa9cd0b41fbb5d89,train
data/dataset/Very_Mild_Demented/verymild_60.jpg,verymild_60.jpg,Very Mild Demented,VeryMildDemented,128,128,1,fe460907c9c4fe49e816585502f6aef94cf668611013deec2c9a3822cf8586a9,train
data/dataset/Very_Mild_Demented/verymild_504.jpg,verymild_504.jpg,Very Mild Demented,VeryMildDemented,128,128,1,8a6be72cecbcbff6e7205b5657997f6f5c7a3852203472d72c0144650d94d0d0,train
data/dataset/Very_Mild_Demented/verymild_1268.jpg,verymild_1268.jpg,Very Mild Demented,VeryMildDemented,128,128,1,dd7cfd7e43c0fd6c3642432e7321a4fc6cc355e323aeaf68e9aee2e1deb33761,train
data/dataset/Very_Mild_Demented/verymild_1957.jpg,verymild_1957.jpg,Very Mild Demented,VeryMildDemented,128,128,1,bacda8a4160f885617a64289c6382fae52abda70585c6f317b2220a3c4120778,train
data/dataset/Very_Mild_Demented/verymild_206.jpg,verymild_206.jpg,Very Mild Demented,VeryMildDemented,128,128,1,d9084e8baba922ce9ded336205c2b2525890fc5d349540a5145b37cace5216a0,train
data/dataset/Very_Mild_Demented/verymild_729.jpg,verymild_729.jpg,Very Mild Demented,VeryMildDemented,128,128,1,6dc4a5319443ee0df1c85c55ffdd4d1e309c0c2cda0229eb7f5f1f23c9424b7d,train
data/dataset/Very_Mild_Demented/verymild_1128.jpg,verymild_1128.jpg,Very Mild Demented,VeryMildDemented,128,128,1,4fd6cb575a21fd468420202bb7d35da397c3a33ef80267a2e7e3f3f1f560de56,train
data/dataset/Very_Mild_Demented/verymild_33.jpg,verymild_33.jpg,Very Mild Demented,VeryMildDemented,128,128,1,41b4a40905065284a4d95295c5f0894e4268e1568286b6b4ff6e17131a98d814,train
data/dataset/Very_Mild_Demented/verymild_955.jpg,verymild_955.jpg,Very Mild Demented,VeryMildDemented,128,128,1,26d58710fd91ea5f45943f5ff1fd12df5261f64f35148b0076f23daf11cb389e,train
data/dataset/Very_Mild_Demented/verymild_1727.jpg,verymild_1727.jpg,Very Mild Demented,VeryMildDemented,128,128,1,8ad85d9f4f1b8011a7aaea1293c62dcae6c6fdff5b9c9b993a61b6b7bf3e783f,train
data/dataset/Very_Mild_Demented/verymild_1403.jpg,verymild_1403.jpg,Very Mild Demented,VeryMildDemented,128,128,1,b08ee233070bd6966db5dd7d73e74c49028229d0203c8ef26c2b8ad24d301ac9,train
data/dataset/Very_Mild_Demented/verymild_1849.jpg,verymild_1849.jpg,Very Mild Demented,VeryMildDemented,128,128,1,d741971870936d6fdd03b21021e6a3e6352f07c8e43d8cf5f8fa691e01e66184,train
data/dataset/Very_Mild_Demented/verymild_1334.jpg,verymild_1334.jpg,Very Mild Demented,VeryMildDemented,128,128,1,6ced261946909e67b3e7321432d1bf71f341f55b0264d0155dd0a21bd0e74014,train
data/dataset/Very_Mild_Demented/verymild_1687.jpg,verymild_1687.jpg,Very Mild Demented,VeryMildDemented,128,128,1,be962f96e3cbcfdc82ebd667f04d569e04b8b59d3ac7ffd8f5f1d71d2fda1091,train
data/dataset/Very_Mild_Demented/verymild_985.jpg,verymild_985.jpg,Very Mild Demented,VeryMildDemented,128,128,1,218157674f7fe5626e3c6470b2fd8befc7769ad729a66765b61d76688b6cd1e1,train
data/dataset/Very_Mild_Demented/verymild_1049.jpg,verymild_1049.jpg,Very Mild Demented,VeryMildDemented,128,128,1,9016d0fd82e364f38c8b25dfe92f8e4560b67550d0f818693668d230f2a7c0e3,train
data/dataset/Very_Mild_Demented/verymild_1718.jpg,verymild_1718.jpg,Very Mild Demented,VeryMildDemented,128,128,1,d0bcd868d1a8860bc54f4884545f0f3aa9880023018a62457c5c9839d290f1a8,train
data/dataset/Very_Mild_Demented/verymild_2234.jpg,verymild_2234.jpg,Very Mild Demented,VeryMildDemented,128,128,1,c7973cf2b8216fdd34a81aafd17e7a68502cd2daab4652a4b19e5ebbd2192022,train
data/dataset/Very_Mild_Demented/verymild_284.jpg,verymild_284.jpg,Very Mild Demented,VeryMildDemented,128,128,1,913effa427cb048b79b0a10d1685c26b3bfcdb26e029f03ef747b172325bdecc,train
data/dataset/Very_Mild_Demented/verymild_1048.jpg,verymild_1048.jpg,Very Mild Demented,VeryMildDemented,128,128,1,7b90b52e79d792172daf91c968a52ba3887c233003bcc5474684c5787eb6ea98,train
data/dataset/Very_Mild_Demented/verymild_1132.jpg,verymild_1132.jpg,Very Mild Demented,VeryMildDemented,128,128,1,95d2daadfab28b141aa4e33ac5ed1ca9608b9557a380fed80f5f4ec8177704ba,train
data/dataset/Very_Mild_Demented/verymild_1059.jpg,verymild_1059.jpg,Very Mild Demented,VeryMildDemented,128,128,1,b20326fd5795ec505a2f6c6c5771604db92da98cdc6ae0d005d57b44ae4c84eb,train
data/dataset/Very_Mild_Demented/verymild_2003.jpg,verymild_2003.jpg,Very Mild Demented,VeryMildDemented,128,128,1,0fb5716727aced42af5b3e9363b76d77c3cfbb4f5e3bc25a0c652e5c3a11350d,train
data/dataset/Very_Mild_Demented/verymild_580.jpg,verymild_580.jpg,Very Mild Demented,VeryMildDemented,128,128,1,de1de07d2d55bcf23cf7e96eb2cf1b50970974a5120402d10022e36d159ba456,train
data/dataset/Very_Mild_Demented/verymild_2235.jpg,verymild_2235.jpg,Very Mild Demented,VeryMildDemented,128,128,1,8e6bd6e80a9ff5a0f1be7de61452253e56135d1385498521b22392301c6775fd,train
data/dataset/Very_Mild_Demented/verymild_2123.jpg,verymild_2123.jpg,Very Mild Demented,VeryMildDemented,128,128,1,69ac3fd47e2d6e43abf92c62dc811f56cbfc44aeef1ad4ae637dcdb4734afc2f,train
data/dataset/Very_Mild_Demented/verymild_2073.jpg,verymild_2073.jpg,Very Mild Demented,VeryMildDemented,128,128,1,5075d09da9bd1f739f8dd99f2b9dfd2ef03f8e81b8ea244c41c5c597125aa9bf,train
data/dataset/Very_Mild_Demented/verymild_889.jpg,verymild_889.jpg,Very Mild Demented,VeryMildDemented,128,128,1,ca50d97f5b76be19ee0f0470dbfdb870c5f11c02e77ab784e3a12a05ea14dd07,train
data/dataset/Very_Mild_Demented/verymild_1442.jpg,verymild_1442.jpg,Very Mild Demented,VeryMildDemented,128,128,1,53935567f417da5d319970d5068c909fb97e284ff8c20c2376d8ea63430fcaa2,train
data/dataset/Very_Mild_Demented/verymild_1202.jpg,verymild_1202.jpg,Very Mild Demented,VeryMildDemented,128,128,1,6a534b51203ca30e76fb06fac8f212a27b0e675fb85a138a0baa73924f5dac5a,train
data/dataset/Very_Mild_Demented/verymild_1180.jpg,verymild_1180.jpg,Very Mild Demented,VeryMildDemented,128,128,1,04ca1ec4091768869fae80109a11e3635b2b2af51d266ff15d8866f9bf49f0c0,train
