sample_idx,image_path,filename,true_class,true_idx,predicted_class,predicted_idx,is_correct,confidence,second_highest_prob,prediction_margin,entropy_uncertainty,calibrated_confidence,prob_non_demented,prob_very_mild,prob_mild,prob_moderate
0,data/dataset/Mild_Demented/mild_724.jpg,mild_724.jpg,Mild_Demented,2,Mild_Demented,2,True,0.9897527694702148,0.009963945485651493,0.9797888239845634,0.04218448504507637,0.9701762795448303,0.00027132921968586743,0.009963945485651493,0.9897527694702148,1.1974676453974098e-05
1,data/dataset/Mild_Demented/mild_363.jpg,mild_363.jpg,Mild_Demented,2,Mild_Demented,2,True,0.9999130964279175,7.2221111622639e-05,0.9998408753162948,0.000677542742170446,0.9991722106933594,7.2221111622639e-05,1.4489598470390774e-05,0.9999130964279175,1.4242107226891676e-07
2,data/dataset/Mild_Demented/mild_163.jpg,mild_163.jpg,Mild_Demented,2,Mild_Demented,2,True,0.9938696622848511,0.005992985796183348,0.9878766764886677,0.02746583625941736,0.9798234701156616,0.005992985796183348,3.300677053630352e-05,0.9938696622848511,0.00010433538409415632
3,data/dataset/Mild_Demented/mild_668.jpg,mild_668.jpg,Mild_Demented,2,Mild_Demented,2,True,0.9999535083770752,3.936932989745401e-05,0.9999141390471777,0.0003829674903388874,0.9994895458221436,6.924740318936529e-06,3.936932989745401e-05,0.9999535083770752,1.8320716321795771e-07
4,data/dataset/Mild_Demented/mild_793.jpg,mild_793.jpg,Mild_Demented,2,Mild_Demented,2,True,0.9993650317192078,0.00032781416666693985,0.9990372175525408,0.004155242260267358,0.9959849119186401,0.0003053542459383607,0.00032781416666693985,0.9993650317192078,1.8154826193494955e-06
5,data/dataset/Mild_Demented/mild_891.jpg,mild_891.jpg,Mild_Demented,2,Mild_Demented,2,True,0.9999281167984009,4.186985461274162e-05,0.9998862469437881,0.0005842236373905974,0.9992444515228271,4.186985461274162e-05,2.921153645729646e-05,0.9999281167984009,7.778271537972614e-07
6,data/dataset/Mild_Demented/mild_672.jpg,mild_672.jpg,Mild_Demented,2,Mild_Demented,2,True,0.9898243546485901,0.010148078203201294,0.9796762764453888,0.04112550724684646,0.9712998867034912,2.197318826802075e-05,0.010148078203201294,0.9898243546485901,5.646039880957687e-06
7,data/dataset/Mild_Demented/mild_609.jpg,mild_609.jpg,Mild_Demented,2,Mild_Demented,2,True,0.9997859597206116,0.00018902671581599861,0.9995969330047956,0.0015177732622980611,0.9983643889427185,2.3965312720974907e-05,0.00018902671581599861,0.9997859597206116,1.0499901463845163e-06
8,data/dataset/Mild_Demented/mild_112.jpg,mild_112.jpg,Mild_Demented,2,Mild_Demented,2,True,0.999990701675415,8.571807484258898e-06,0.9999821298679308,8.630774663670269e-05,0.9998559951782227,4.6666301045661385e-07,8.571807484258898e-06,0.999990701675415,2.3165671336755622e-07
9,data/dataset/Mild_Demented/mild_312.jpg,mild_312.jpg,Mild_Demented,2,Mild_Demented,2,True,0.9947668313980103,0.005170166492462158,0.9895966649055481,0.023847103619721366,0.9824182391166687,0.005170166492462158,6.039552317815833e-05,0.9947668313980103,2.544844619478681e-06
10,data/dataset/Mild_Demented/mild_412.jpg,mild_412.jpg,Mild_Demented,2,Mild_Demented,2,True,0.9998581409454346,0.00012689028517343104,0.9997312506602611,0.0010457845959207723,0.9988138675689697,1.4192122762324288e-05,0.00012689028517343104,0.9998581409454346,7.829607397979998e-07
11,data/dataset/Mild_Demented/mild_491.jpg,mild_491.jpg,Mild_Demented,2,Mild_Demented,2,True,0.9999945163726807,5.342881649994524e-06,0.9999891734910307,5.175143131329662e-05,0.9999107122421265,5.342881649994524e-06,8.212642654825686e-08,0.9999945163726807,2.9523037348155867e-09
12,data/dataset/Mild_Demented/mild_2.jpg,mild_2.jpg,Mild_Demented,2,Mild_Demented,2,True,0.9992786049842834,0.000526459189131856,0.9987521457951516,0.004626505290860415,0.9955819249153137,0.000526459189131856,0.00018044104217551649,0.9992786049842834,1.4615926374972332e-05
13,data/dataset/Mild_Demented/mild_386.jpg,mild_386.jpg,Mild_Demented,2,Mild_Demented,2,True,0.9996458292007446,0.00026769156102091074,0.9993781376397237,0.0024274422395790056,0.9975165128707886,8.638968574814498e-05,0.00026769156102091074,0.9996458292007446,4.618208038209559e-08
14,data/dataset/Mild_Demented/mild_519.jpg,mild_519.jpg,Mild_Demented,2,Mild_Demented,2,True,0.999976396560669,2.1350460883695632e-05,0.9999550460997852,0.0002046416356110528,0.9997029900550842,2.1350460883695632e-05,2.1747064238297753e-06,0.999976396560669,1.3416216404493753e-07
15,data/dataset/Mild_Demented/mild_365.jpg,mild_365.jpg,Mild_Demented,2,Mild_Demented,2,True,0.9999262094497681,6.98150834068656e-05,0.9998563943663612,0.0005710929131538486,0.9993093013763428,3.982131602242589e-06,6.98150834068656e-05,0.9999262094497681,1.6512016642877825e-08
16,data/dataset/Mild_Demented/mild_798.jpg,mild_798.jpg,Mild_Demented,2,Mild_Demented,2,True,0.9976322650909424,0.0015743498224765062,0.9960579152684659,0.013176634871035086,0.9890307784080505,0.0015743498224765062,0.0007776221027597785,0.9976322650909424,1.5717101632617414e-05
17,data/dataset/Mild_Demented/mild_273.jpg,mild_273.jpg,Mild_Demented,2,Mild_Demented,2,True,0.9994578957557678,0.0005412465543486178,0.9989166492014192,0.003336310590593678,0.9969664216041565,0.0005412465543486178,7.866798910072248e-07,0.9994578957557678,6.240078676000849e-08
18,data/dataset/Mild_Demented/mild_351.jpg,mild_351.jpg,Mild_Demented,2,Mild_Demented,2,True,0.9997099041938782,0.0002795683976728469,0.9994303357962053,0.001946110666079137,0.9980441331863403,0.0002795683976728469,1.0415019460197072e-05,0.9997099041938782,5.013663795239154e-08
19,data/dataset/Mild_Demented/mild_256.jpg,mild_256.jpg,Mild_Demented,2,Mild_Demented,2,True,0.9962194561958313,0.003592940280213952,0.9926265159156173,0.01847232196917377,0.9858206510543823,0.003592940280213952,0.00018749003356788307,0.9962194561958313,1.125994018025267e-07
20,data/dataset/Mild_Demented/mild_584.jpg,mild_584.jpg,Mild_Demented,2,Mild_Demented,2,True,0.9999581575393677,3.902221578755416e-05,0.9999191353235801,0.0003428448742239208,0.9995470643043518,2.7637515813694336e-06,3.902221578755416e-05,0.9999581575393677,1.218535032876389e-07
21,data/dataset/Mild_Demented/mild_330.jpg,mild_330.jpg,Mild_Demented,2,Mild_Demented,2,True,0.9999616146087646,3.8311773096211255e-05,0.9999233028356684,0.0003102733713733995,0.9996034502983093,3.8311773096211255e-05,1.2664027337905281e-07,0.9999616146087646,5.967967897646531e-09
22,data/dataset/Mild_Demented/mild_54.jpg,mild_54.jpg,Mild_Demented,2,Mild_Demented,2,True,0.9967578053474426,0.002555407350882888,0.9942023979965597,0.016979036920165797,0.9864408373832703,0.002555407350882888,0.0006787932943552732,0.9967578053474426,8.053731107793283e-06
23,data/dataset/Mild_Demented/mild_284.jpg,mild_284.jpg,Mild_Demented,2,Mild_Demented,2,True,0.961994469165802,0.02856249175965786,0.9334319774061441,0.13192841817372877,0.9135620594024658,0.02856249175965786,0.009439708665013313,0.961994469165802,3.445366019150242e-06
24,data/dataset/Mild_Demented/mild_270.jpg,mild_270.jpg,Mild_Demented,2,Mild_Demented,2,True,0.9382314085960388,0.060813698917627335,0.8774177096784115,0.1711828240471398,0.8874742388725281,0.0006785515579394996,0.060813698917627335,0.9382314085960388,0.0002763391239568591
25,data/dataset/Mild_Demented/mild_434.jpg,mild_434.jpg,Mild_Demented,2,Mild_Demented,2,True,0.9995349645614624,0.00042174014379270375,0.9991132244176697,0.003016008354927985,0.9970744848251343,4.267231997800991e-05,0.00042174014379270375,0.9995349645614624,6.595888635274605e-07
26,data/dataset/Mild_Demented/mild_165.jpg,mild_165.jpg,Mild_Demented,2,Mild_Demented,2,True,0.9557114243507385,0.03703894466161728,0.9186724796891212,0.1473776626963976,0.9030593037605286,0.03703894466161728,0.0060659730806946754,0.9557114243507385,0.0011835487093776464
27,data/dataset/Mild_Demented/mild_424.jpg,mild_424.jpg,Mild_Demented,2,Mild_Demented,2,True,0.6996637582778931,0.29589301347732544,0.4037707448005676,0.4580992232092709,0.6509990096092224,0.004254993516951799,0.29589301347732544,0.6996637582778931,0.00018827267922461033
28,data/dataset/Mild_Demented/mild_819.jpg,mild_819.jpg,Mild_Demented,2,Mild_Demented,2,True,0.99989914894104,7.820085738785565e-05,0.9998209480836522,0.0007852107256467192,0.9990414977073669,7.820085738785565e-05,2.1060526705696248e-05,0.99989914894104,1.6054329989856342e-06
29,data/dataset/Mild_Demented/mild_507.jpg,mild_507.jpg,Mild_Demented,2,Mild_Demented,2,True,0.9998676776885986,0.00010847044177353382,0.9997592072468251,0.0009978508141614488,0.9988332390785217,2.176218004024122e-05,0.00010847044177353382,0.9998676776885986,2.07452194445068e-06
30,data/dataset/Mild_Demented/mild_254.jpg,mild_254.jpg,Mild_Demented,2,Mild_Demented,2,True,0.9999760389328003,2.3554026483907364e-05,0.9999524849063164,0.00020251631045723243,0.9997182488441467,1.8271452972840052e-07,2.3554026483907364e-05,0.9999760389328003,1.9099094572538888e-07
31,data/dataset/Mild_Demented/mild_300.jpg,mild_300.jpg,Mild_Demented,2,Mild_Demented,2,True,0.9719526171684265,0.02801663614809513,0.9439359810203314,0.09243844981321411,0.9387757182121277,2.058138488791883e-05,0.02801663614809513,0.9719526171684265,1.0103290151164401e-05
32,data/dataset/Mild_Demented/mild_436.jpg,mild_436.jpg,Mild_Demented,2,Mild_Demented,2,True,0.9998742341995239,0.0001232826616615057,0.9997509515378624,0.0009149458551202597,0.9989861845970154,2.4384582957281964e-06,0.0001232826616615057,0.9998742341995239,8.869521650467505e-08
33,data/dataset/Mild_Demented/mild_287.jpg,mild_287.jpg,Mild_Demented,2,Mild_Demented,2,True,0.9998408555984497,0.00015749082376714796,0.9996833647746826,0.0011263906306211312,0.9987958669662476,0.00015749082376714796,1.1666492127915262e-06,0.9998408555984497,5.127881195221562e-07
34,data/dataset/Mild_Demented/mild_502.jpg,mild_502.jpg,Mild_Demented,2,Mild_Demented,2,True,0.9989884495735168,0.0008539399714209139,0.9981345096020959,0.006097568300316668,0.9945030212402344,0.0008539399714209139,0.00015048770001158118,0.9989884495735168,7.066429589031031e-06
35,data/dataset/Mild_Demented/mild_325.jpg,mild_325.jpg,Mild_Demented,2,Mild_Demented,2,True,0.9998478889465332,0.00010406869841972366,0.9997438202481135,0.0011431334104055175,0.9986864924430847,0.00010406869841972366,4.795181303052232e-05,0.9998478889465332,8.385077165939947e-08
36,data/dataset/Mild_Demented/mild_58.jpg,mild_58.jpg,Mild_Demented,2,Mild_Demented,2,True,0.9967299699783325,0.0021379338577389717,0.9945920361205935,0.01794169637222577,0.9852206707000732,0.0005683907074853778,0.0021379338577389717,0.9967299699783325,0.0005636248970404267
37,data/dataset/Mild_Demented/mild_33.jpg,mild_33.jpg,Mild_Demented,2,Mild_Demented,2,True,0.9946839213371277,0.00314350170083344,0.9915404196362942,0.027110108956710077,0.9788808822631836,0.00314350170083344,0.0018871163483709097,0.9946839213371277,0.0002853788901120424
38,data/dataset/Mild_Demented/mild_352.jpg,mild_352.jpg,Mild_Demented,2,Mild_Demented,2,True,0.9999604225158691,3.8551206671399996e-05,0.9999218713091977,0.00032200801720441995,0.9995796084403992,3.8551206671399996e-05,8.966989071268472e-07,0.9999604225158691,1.6104654321225098e-07
39,data/dataset/Mild_Demented/mild_835.jpg,mild_835.jpg,Mild_Demented,2,Mild_Demented,2,True,0.999544084072113,0.0003176989557687193,0.9992263851163443,0.003076056164657458,0.9969025254249573,0.0003176989557687193,0.00013343372847884893,0.999544084072113,4.832268587051658e-06
40,data/dataset/Mild_Demented/mild_523.jpg,mild_523.jpg,Mild_Demented,2,Mild_Demented,2,True,0.9980886578559875,0.0017922110855579376,0.9962964467704296,0.010350484949647578,0.9914514422416687,0.00011144595919176936,0.0017922110855579376,0.9980886578559875,7.679115697101224e-06
41,data/dataset/Mild_Demented/mild_241.jpg,mild_241.jpg,Mild_Demented,2,Mild_Demented,2,True,0.9992949962615967,0.0005755170132033527,0.9987194792483933,0.004451966413487712,0.995810866355896,0.00012643034278880805,0.0005755170132033527,0.9992949962615967,3.044204504476511e-06
42,data/dataset/Mild_Demented/mild_81.jpg,mild_81.jpg,Mild_Demented,2,Mild_Demented,2,True,0.9986222982406616,0.0013564187102019787,0.9972658795304596,0.007622957001421441,0.9936321377754211,0.0013564187102019787,1.957129643415101e-05,0.9986222982406616,1.686772407083481e-06
43,data/dataset/Mild_Demented/mild_75.jpg,mild_75.jpg,Mild_Demented,2,Mild_Demented,2,True,0.9999362230300903,5.957643952569924e-05,0.9998766465905646,0.0005029110294361566,0.9993684887886047,5.957643952569924e-05,1.509913090558257e-06,0.9999362230300903,2.6134252948395442e-06
44,data/dataset/Mild_Demented/mild_345.jpg,mild_345.jpg,Mild_Demented,2,Mild_Demented,2,True,0.9999892711639404,7.527118214056827e-06,0.9999817440457264,0.00010184488437107085,0.9998286962509155,3.273333049946814e-06,7.527118214056827e-06,0.9999892711639404,1.791658732486212e-08
45,data/dataset/Mild_Demented/mild_761.jpg,mild_761.jpg,Mild_Demented,2,Mild_Demented,2,True,0.9999914169311523,6.8733406806131825e-06,0.9999845435904717,8.170612953636188e-05,0.999858021736145,6.8733406806131825e-06,1.5677912870160071e-06,0.9999914169311523,1.2732959930872312e-07
46,data/dataset/Mild_Demented/mild_787.jpg,mild_787.jpg,Mild_Demented,2,Mild_Demented,2,True,0.9932257533073425,0.006700805854052305,0.9865249474532902,0.029601987082892668,0.9785731434822083,2.2974249077378772e-05,0.006700805854052305,0.9932257533073425,5.047015656600706e-05
47,data/dataset/Mild_Demented/mild_872.jpg,mild_872.jpg,Mild_Demented,2,Mild_Demented,2,True,0.999990701675415,6.401529390132055e-06,0.9999843001460249,8.88890819418159e-05,0.9998453855514526,6.401529390132055e-06,2.773680307655013e-06,0.999990701675415,1.1799089350006398e-07
48,data/dataset/Mild_Demented/mild_194.jpg,mild_194.jpg,Mild_Demented,2,Mild_Demented,2,True,0.9998618364334106,0.00010974360338877887,0.9997520928300219,0.0010369128775940867,0.9988025426864624,0.00010974360338877887,2.8074233341612853e-05,0.9998618364334106,2.998400816522917e-07
49,data/dataset/Mild_Demented/mild_251.jpg,mild_251.jpg,Mild_Demented,2,Mild_Demented,2,True,0.9974139928817749,0.0025408572982996702,0.9948731355834752,0.01314817039870283,0.9896584153175354,4.2490544728934765e-05,0.0025408572982996702,0.9974139928817749,2.69723022938706e-06
50,data/dataset/Mild_Demented/mild_55.jpg,mild_55.jpg,Mild_Demented,2,Mild_Demented,2,True,0.999345600605011,0.0006485251360572875,0.9986970754689537,0.003959977122140381,0.9964326620101929,4.03597050535609e-06,0.0006485251360572875,0.999345600605011,1.87134571660863e-06
51,data/dataset/Mild_Demented/mild_324.jpg,mild_324.jpg,Mild_Demented,2,Mild_Demented,2,True,0.9999850988388062,1.2077838619006798e-05,0.9999730210001871,0.00013596783154623039,0.999784529209137,1.2077838619006798e-05,2.788692881949828e-06,0.9999850988388062,6.992402745709114e-08
52,data/dataset/Mild_Demented/mild_785.jpg,mild_785.jpg,Mild_Demented,2,Mild_Demented,2,True,0.9924066662788391,0.007541202940046787,0.9848654633387923,0.03243953152670707,0.9767909049987793,0.007541202940046787,3.0057999538257718e-05,0.9924066662788391,2.2074425942264497e-05
53,data/dataset/Mild_Demented/mild_855.jpg,mild_855.jpg,Mild_Demented,2,Mild_Demented,2,True,0.9999035596847534,4.8700505431042984e-05,0.9998548591793224,0.0007629749980226907,0.9990549683570862,4.8700505431042984e-05,4.7057870688149706e-05,0.9999035596847534,6.148956686047313e-07
54,data/dataset/Mild_Demented/mild_374.jpg,mild_374.jpg,Mild_Demented,2,Mild_Demented,2,True,0.9998936653137207,0.00010637164814397693,0.9997872936655767,0.0007791493449146501,0.9991378784179688,0.00010637164814397693,8.545823604322322e-09,0.9998936653137207,2.8422553199902723e-08
55,data/dataset/Mild_Demented/mild_780.jpg,mild_780.jpg,Mild_Demented,2,Mild_Demented,2,True,0.8376798629760742,0.16225019097328186,0.6754296720027924,0.32037055039929,0.779654324054718,6.503642362076789e-05,0.16225019097328186,0.8376798629760742,4.98628469358664e-06
56,data/dataset/Mild_Demented/mild_869.jpg,mild_869.jpg,Mild_Demented,2,Mild_Demented,2,True,0.9959834814071655,0.0033190343528985977,0.9926644470542669,0.020247882949211544,0.9842101335525513,0.0006887277122586966,0.0033190343528985977,0.9959834814071655,8.699767931830138e-06
57,data/dataset/Mild_Demented/mild_558.jpg,mild_558.jpg,Mild_Demented,2,Mild_Demented,2,True,0.9999939203262329,5.298287305777194e-06,0.9999886220389271,5.921456407309053e-05,0.9998942613601685,5.298287305777194e-06,8.254501722149143e-07,0.9999939203262329,4.28339985703019e-09
58,data/dataset/Mild_Demented/mild_8.jpg,mild_8.jpg,Mild_Demented,2,Mild_Demented,2,True,0.8280563354492188,0.17187044024467468,0.6561858952045441,0.3315514005058575,0.7703393697738647,6.229151040315628e-05,0.17187044024467468,0.8280563354492188,1.0996729542966932e-05
59,data/dataset/Mild_Demented/mild_532.jpg,mild_532.jpg,Mild_Demented,2,Mild_Demented,2,True,0.9983367919921875,0.001651586266234517,0.996685205725953,0.008926631849660395,0.9927406907081604,1.1029832421627361e-05,0.001651586266234517,0.9983367919921875,4.89864930841577e-07
60,data/dataset/Mild_Demented/mild_3.jpg,mild_3.jpg,Mild_Demented,2,Mild_Demented,2,True,0.999967098236084,2.972076617879793e-05,0.9999373774699052,0.00027721967888359386,0.9996187686920166,3.272988806202193e-06,2.972076617879793e-05,0.999967098236084,1.5006758502522644e-08
61,data/dataset/Mild_Demented/mild_813.jpg,mild_813.jpg,Mild_Demented,2,Mild_Demented,2,True,0.9459640979766846,0.05291568115353584,0.8930484168231487,0.15584106868126024,0.8975553512573242,0.05291568115353584,0.0010104390094056726,0.9459640979766846,0.00010981613013427705
62,data/dataset/Mild_Demented/mild_280.jpg,mild_280.jpg,Mild_Demented,2,Mild_Demented,2,True,0.9999973773956299,2.51329515776888e-06,0.9999948641004721,2.6784823045072982e-05,0.9999467134475708,2.51329515776888e-06,1.0194563770937748e-07,0.9999973773956299,2.6457657398282208e-08
63,data/dataset/Mild_Demented/mild_219.jpg,mild_219.jpg,Mild_Demented,2,Mild_Demented,2,True,0.9204381108283997,0.0795605331659317,0.840877577662468,0.20032887437367947,0.8685948848724365,1.0611274774419144e-06,0.0795605331659317,0.9204381108283997,2.815002346778783e-07
64,data/dataset/Mild_Demented/mild_866.jpg,mild_866.jpg,Mild_Demented,2,Mild_Demented,2,True,0.9393115043640137,0.058849066495895386,0.8804624378681183,0.17182977978402297,0.8870137333869934,0.058849066495895386,0.0005322545766830444,0.9393115043640137,0.001307151629589498
65,data/dataset/Mild_Demented/mild_623.jpg,mild_623.jpg,Mild_Demented,2,Mild_Demented,2,True,0.999924898147583,5.506731758941896e-05,0.9998698308299936,0.0006030498593468129,0.9992305040359497,1.8980150343850255e-05,5.506731758941896e-05,0.999924898147583,1.0541868959990097e-06
66,data/dataset/Mild_Demented/mild_526.jpg,mild_526.jpg,Mild_Demented,2,Mild_Demented,2,True,0.9999990463256836,9.257610713575559e-07,0.9999981205646122,1.0105268587401295e-05,0.9999771118164062,1.0442306574987015e-08,9.257610713575559e-07,0.9999990463256836,8.745057455961103e-11
67,data/dataset/Mild_Demented/mild_333.jpg,mild_333.jpg,Mild_Demented,2,Mild_Demented,2,True,0.9977256655693054,0.0018230483401566744,0.9959026172291487,0.012441228994258957,0.9897559285163879,0.0018230483401566744,0.0004511935112532228,0.9977256655693054,7.467833995633555e-08
68,data/dataset/Mild_Demented/mild_486.jpg,mild_486.jpg,Mild_Demented,2,Mild_Demented,2,True,0.9999446868896484,5.4353549785446376e-05,0.999890333339863,0.00043495361330916584,0.9994613528251648,5.4353549785446376e-05,7.191519557636639e-07,0.9999446868896484,2.455836352055485e-07
69,data/dataset/Mild_Demented/mild_89.jpg,mild_89.jpg,Mild_Demented,2,Mild_Demented,2,True,0.9922357201576233,0.007724783383309841,0.9845109367743134,0.03298632618006509,0.9764828681945801,0.007724783383309841,2.490077167749405e-05,0.9922357201576233,1.4606806871597655e-05
70,data/dataset/Mild_Demented/mild_465.jpg,mild_465.jpg,Mild_Demented,2,Mild_Demented,2,True,0.9847949147224426,0.007988668978214264,0.9768062457442284,0.0646009026134749,0.9548587799072266,0.007988668978214264,0.007166885770857334,0.9847949147224426,4.9613510782364756e-05
71,data/dataset/Mild_Demented/mild_815.jpg,mild_815.jpg,Mild_Demented,2,Mild_Demented,2,True,0.9969797134399414,0.002942318795248866,0.9940373946446925,0.01511706943782852,0.9881738424301147,3.414948150748387e-05,0.002942318795248866,0.9969797134399414,4.387992885312997e-05
72,data/dataset/Mild_Demented/mild_190.jpg,mild_190.jpg,Mild_Demented,2,Mild_Demented,2,True,0.9995099306106567,0.0004884875961579382,0.9990214430144988,0.0030551602725776266,0.997183084487915,1.5352959508163622e-06,0.0004884875961579382,0.9995099306106567,3.02485361203253e-08
73,data/dataset/Mild_Demented/mild_422.jpg,mild_422.jpg,Mild_Demented,2,Mild_Demented,2,True,0.999776303768158,0.00022248523600865155,0.9995538185321493,0.0015229099003781275,0.9984538555145264,0.00022248523600865155,1.1656285323624616e-06,0.999776303768158,2.0299300018677968e-08
74,data/dataset/Mild_Demented/mild_168.jpg,mild_168.jpg,Mild_Demented,2,Mild_Demented,2,True,0.9999141693115234,8.324840746354312e-05,0.9998309209040599,0.0006510919280340113,0.9992315769195557,1.6325661817973014e-06,8.324840746354312e-05,0.9999141693115234,9.376514071846032e-07
75,data/dataset/Mild_Demented/mild_83.jpg,mild_83.jpg,Mild_Demented,2,Mild_Demented,2,True,0.9997665286064148,0.0002175737317884341,0.9995489548746264,0.0016207322549840718,0.9982991814613342,1.5367017113021575e-05,0.0002175737317884341,0.9997665286064148,5.746450142396498e-07
76,data/dataset/Mild_Demented/mild_527.jpg,mild_527.jpg,Mild_Demented,2,Mild_Demented,2,True,0.9973911046981812,0.0025982630904763937,0.9947928416077048,0.013126394439151787,0.9897991418838501,9.479665095568635e-06,0.0025982630904763937,0.9973911046981812,1.0676600368242362e-06
77,data/dataset/Mild_Demented/mild_582.jpg,mild_582.jpg,Mild_Demented,2,Mild_Demented,2,True,0.9999909400939941,8.745267223275732e-06,0.9999821948267709,8.432003699513888e-05,0.9998629093170166,4.007077905043843e-07,8.745267223275732e-06,0.9999909400939941,3.816909011078451e-09
78,data/dataset/Mild_Demented/mild_423.jpg,mild_423.jpg,Mild_Demented,2,Mild_Demented,2,True,0.9999673366546631,2.291176497237757e-05,0.9999444248896907,0.0002812061409980635,0.9995989203453064,9.62548529059859e-06,2.291176497237757e-05,0.9999673366546631,7.306937988005302e-08
79,data/dataset/Mild_Demented/mild_159.jpg,mild_159.jpg,Mild_Demented,2,Mild_Demented,2,True,0.9999629259109497,3.133810241706669e-05,0.9999315878085326,0.0003133812985769004,0.9995606541633606,3.133810241706669e-05,3.7613053791574202e-06,0.9999629259109497,1.929310201376211e-06
80,data/dataset/Mild_Demented/mild_548.jpg,mild_548.jpg,Mild_Demented,2,Mild_Demented,2,True,0.9999805688858032,1.563407749927137e-05,0.999964934808304,0.00017348936752171646,0.9997351765632629,1.563407749927137e-05,3.7073502880957676e-06,0.9999805688858032,1.0635486802357264e-07
81,data/dataset/Mild_Demented/mild_15.jpg,mild_15.jpg,Mild_Demented,2,Mild_Demented,2,True,0.9998220801353455,0.00016025849618017673,0.9996618216391653,0.0012818450601336131,0.9985862970352173,0.00016025849618017673,1.5762194379931316e-05,0.9998220801353455,1.8449809431331232e-06
82,data/dataset/Mild_Demented/mild_172.jpg,mild_172.jpg,Mild_Demented,2,Mild_Demented,2,True,0.995198667049408,0.0034209364093840122,0.991777730640024,0.02424524076923985,0.9811397790908813,0.001299659488722682,0.0034209364093840122,0.995198667049408,8.070631884038448e-05
83,data/dataset/Mild_Demented/mild_160.jpg,mild_160.jpg,Mild_Demented,2,Mild_Demented,2,True,0.9976887702941895,0.002301792846992612,0.9953869774471968,0.01183063952634651,0.9907048344612122,0.002301792846992612,8.692501069162972e-06,0.9976887702941895,6.79647939705319e-07
84,data/dataset/Mild_Demented/mild_763.jpg,mild_763.jpg,Mild_Demented,2,Mild_Demented,2,True,0.9996577501296997,0.00024233451404143125,0.9994154156156583,0.0024084201858152647,0.9974386692047119,0.00024233451404143125,7.214945799205452e-05,0.9996577501296997,2.7736678021028638e-05
85,data/dataset/Mild_Demented/mild_728.jpg,mild_728.jpg,Mild_Demented,2,Mild_Demented,2,True,0.9998620748519897,0.00013033895811531693,0.9997317358938744,0.0010062766204392665,0.9988719820976257,0.00013033895811531693,6.555813342856709e-06,0.9998620748519897,9.291357514484844e-07
86,data/dataset/Mild_Demented/mild_77.jpg,mild_77.jpg,Mild_Demented,2,Mild_Demented,2,True,0.9998860359191895,6.823852891102433e-05,0.9998177973902784,0.0008861136523055205,0.9989320635795593,6.823852891102433e-05,4.537593122222461e-05,0.9998860359191895,4.147742913573893e-07
87,data/dataset/Mild_Demented/mild_157.jpg,mild_157.jpg,Mild_Demented,2,Mild_Demented,2,True,0.9998855590820312,6.20166611042805e-05,0.999823542420927,0.0008917648107478118,0.9989205598831177,5.157632040209137e-05,6.20166611042805e-05,0.9998855590820312,8.441579097961949e-07
88,data/dataset/Mild_Demented/mild_842.jpg,mild_842.jpg,Mild_Demented,2,Mild_Demented,2,True,0.9970241189002991,0.0028553532902151346,0.9941687656100839,0.015053161759659468,0.988117516040802,7.335130067076534e-05,0.0028553532902151346,0.9970241189002991,4.7191031626425683e-05
89,data/dataset/Mild_Demented/mild_230.jpg,mild_230.jpg,Mild_Demented,2,Mild_Demented,2,True,0.6151258945465088,0.3713417947292328,0.243784099817276,0.5238179646832335,0.57746821641922,0.3713417947292328,0.013300962746143341,0.6151258945465088,0.0002313128934474662
90,data/dataset/Mild_Demented/mild_593.jpg,mild_593.jpg,Mild_Demented,2,Mild_Demented,2,True,0.9999562501907349,2.620322266011499e-05,0.9999300469680747,0.0003697855827888082,0.9994922876358032,1.7507074517197907e-05,2.620322266011499e-05,0.9999562501907349,4.0861767303113083e-08
91,data/dataset/Mild_Demented/mild_749.jpg,mild_749.jpg,Mild_Demented,2,Mild_Demented,2,True,0.5305774211883545,0.4683198928833008,0.06225752830505371,0.5046404802551607,0.5214314460754395,0.0008990466012619436,0.4683198928833008,0.5305774211883545,0.00020362224313430488
92,data/dataset/Mild_Demented/mild_455.jpg,mild_455.jpg,Mild_Demented,2,Mild_Demented,2,True,0.9999972581863403,2.6615850856614998e-06,0.9999945966012547,2.862927766759459e-05,0.9999434947967529,1.6667729596520076e-07,2.6615850856614998e-06,0.9999972581863403,9.744650419918344e-09
93,data/dataset/Mild_Demented/mild_269.jpg,mild_269.jpg,Mild_Demented,2,Mild_Demented,2,True,0.9999752044677734,1.5262121451087296e-05,0.9999599423463224,0.0002198350179834547,0.9996728897094727,9.560742910252884e-06,1.5262121451087296e-05,0.9999752044677734,1.0922371451727031e-08
94,data/dataset/Mild_Demented/mild_663.jpg,mild_663.jpg,Mild_Demented,2,Mild_Demented,2,True,0.9972211122512817,0.0027070101350545883,0.9945141021162271,0.014050661451635558,0.9889726042747498,6.836571992607787e-05,0.0027070101350545883,0.9972211122512817,3.5076509448117577e-06
95,data/dataset/Mild_Demented/mild_108.jpg,mild_108.jpg,Mild_Demented,2,Mild_Demented,2,True,0.9999443292617798,5.5545144277857617e-05,0.9998887841175019,0.0004340984446934132,0.9994738698005676,7.921037337155212e-08,5.5545144277857617e-05,0.9999443292617798,3.340870691204145e-08
96,data/dataset/Mild_Demented/mild_659.jpg,mild_659.jpg,Mild_Demented,2,Mild_Demented,2,True,0.9999414682388306,3.114980427199043e-05,0.9999103184345586,0.0004882943515827001,0.9993419051170349,2.5547025870764628e-05,3.114980427199043e-05,0.9999414682388306,1.8973631767948973e-06
97,data/dataset/Mild_Demented/mild_512.jpg,mild_512.jpg,Mild_Demented,2,Mild_Demented,2,True,0.9999939203262329,4.393134076963179e-06,0.999989527192156,5.969940420183667e-05,0.9998900890350342,4.393134076963179e-06,1.6424742170784157e-06,0.9999939203262329,3.5769303963206767e-08
98,data/dataset/Mild_Demented/mild_664.jpg,mild_664.jpg,Mild_Demented,2,Mild_Demented,2,True,0.9999756813049316,2.1981217287248e-05,0.9999537000876444,0.00020999596022759352,0.9996957778930664,2.1981217287248e-05,2.1050882423878647e-06,0.9999756813049316,2.307446180793704e-07
99,data/dataset/Mild_Demented/mild_585.jpg,mild_585.jpg,Mild_Demented,2,Mild_Demented,2,True,0.9936928749084473,0.005314739886671305,0.988378135021776,0.02967560371914871,0.9777488708496094,0.005314739886671305,0.0009565750951878726,0.9936928749084473,3.584680598578416e-05
100,data/dataset/Mild_Demented/mild_597.jpg,mild_597.jpg,Mild_Demented,2,Mild_Demented,2,True,0.9994710087776184,0.0005139036220498383,0.9989571051555686,0.0033147378527296893,0.996894359588623,1.2755143870890606e-05,0.0005139036220498383,0.9994710087776184,2.3593270270794164e-06
101,data/dataset/Mild_Demented/mild_207.jpg,mild_207.jpg,Mild_Demented,2,Mild_Demented,2,True,0.9977695941925049,0.00220279349014163,0.9955668007023633,0.011547292734592195,0.9908117055892944,2.296522507094778e-05,0.00220279349014163,0.9977695941925049,4.727621671918314e-06
102,data/dataset/Mild_Demented/mild_71.jpg,mild_71.jpg,Mild_Demented,2,Mild_Demented,2,True,0.9998290538787842,0.00016372185200452805,0.9996653320267797,0.0012159867896724514,0.9986833930015564,0.00016372185200452805,6.4145556279981975e-06,0.9998290538787842,7.720724397586309e-07
103,data/dataset/Mild_Demented/mild_759.jpg,mild_759.jpg,Mild_Demented,2,Mild_Demented,2,True,0.9997599720954895,0.00019889160466846079,0.999561080490821,0.001705948482823941,0.9981546998023987,3.654499232652597e-05,0.00019889160466846079,0.9997599720954895,4.594116489897715e-06
104,data/dataset/Mild_Demented/mild_306.jpg,mild_306.jpg,Mild_Demented,2,Mild_Demented,2,True,0.9987186193466187,0.0006597567116841674,0.9980588626349345,0.007762590790548522,0.9930543303489685,0.0006093982374295592,0.0006597567116841674,0.9987186193466187,1.2144310858275276e-05
105,data/dataset/Mild_Demented/mild_680.jpg,mild_680.jpg,Mild_Demented,2,Mild_Demented,2,True,0.9997435212135315,0.0002347364934394136,0.9995087847200921,0.0017753330694350205,0.9981356859207153,0.0002347364934394136,1.8226171960122883e-05,0.9997435212135315,3.510284386720741e-06
106,data/dataset/Mild_Demented/mild_827.jpg,mild_827.jpg,Mild_Demented,2,Mild_Demented,2,True,0.9999898672103882,9.877820957626682e-06,0.9999799893894306,9.206356004903203e-05,0.9998540878295898,9.877820957626682e-06,2.1122964710684755e-07,0.9999898672103882,2.295259626805546e-08
107,data/dataset/Mild_Demented/mild_317.jpg,mild_317.jpg,Mild_Demented,2,Mild_Demented,2,True,0.9999662637710571,2.7862837669090368e-05,0.999938400933388,0.00028566698299276944,0.9996020197868347,5.78586696065031e-06,2.7862837669090368e-05,0.9999662637710571,1.5181438328681907e-08
108,data/dataset/Mild_Demented/mild_337.jpg,mild_337.jpg,Mild_Demented,2,Mild_Demented,2,True,0.9979356527328491,0.002058761427178979,0.9958768913056701,0.010723532786356987,0.9915033578872681,5.5085565691115335e-06,0.002058761427178979,0.9979356527328491,1.444299897457313e-07
109,data/dataset/Mild_Demented/mild_678.jpg,mild_678.jpg,Mild_Demented,2,Mild_Demented,2,True,0.997960090637207,0.001964043127372861,0.9959960475098342,0.010835809241466744,0.9911841154098511,0.001964043127372861,6.91330642439425e-05,0.997960090637207,6.729901542712469e-06
110,data/dataset/Mild_Demented/mild_283.jpg,mild_283.jpg,Mild_Demented,2,Mild_Demented,2,True,0.9895510077476501,0.010112708434462547,0.9794382993131876,0.042969405801927464,0.9696527123451233,0.010112708434462547,0.00033106867340393364,0.9895510077476501,5.240557584329508e-06
111,data/dataset/Mild_Demented/mild_113.jpg,mild_113.jpg,Mild_Demented,2,Mild_Demented,2,True,0.9986604452133179,0.0012840565759688616,0.997376388637349,0.0075337719044189354,0.9935979843139648,5.1905113650718704e-05,0.0012840565759688616,0.9986604452133179,3.534178858899395e-06
112,data/dataset/Mild_Demented/mild_634.jpg,mild_634.jpg,Mild_Demented,2,Mild_Demented,2,True,0.9999953508377075,4.086309672857169e-06,0.9999912645280347,4.500264482717467e-05,0.9999159574508667,4.29259500833723e-07,4.086309672857169e-06,0.9999953508377075,4.378576434760362e-08
113,data/dataset/Mild_Demented/mild_445.jpg,mild_445.jpg,Mild_Demented,2,Mild_Demented,2,True,0.9999196529388428,4.941961378790438e-05,0.9998702333250549,0.0006437609576012247,0.9991878867149353,4.941961378790438e-05,3.07377013086807e-05,0.9999196529388428,1.7546348374253284e-07
114,data/dataset/Mild_Demented/mild_233.jpg,mild_233.jpg,Mild_Demented,2,Mild_Demented,2,True,0.9999796152114868,1.2410687304509338e-05,0.9999672045241823,0.0001838805668446787,0.9997169375419617,1.2410687304509338e-05,7.938863745948765e-06,0.9999796152114868,6.612211933543222e-08
115,data/dataset/Mild_Demented/mild_888.jpg,mild_888.jpg,Mild_Demented,2,Mild_Demented,2,True,0.999997615814209,1.3469712030200753e-06,0.999996268843006,2.6066703104226642e-05,0.9999419450759888,8.870501915225759e-07,1.3469712030200753e-06,0.999997615814209,2.0678035639321024e-07
116,data/dataset/Mild_Demented/mild_181.jpg,mild_181.jpg,Mild_Demented,2,Mild_Demented,2,True,0.9924856424331665,0.007474015466868877,0.9850116269662976,0.03211261937970607,0.9770434498786926,2.0053032130817883e-05,0.007474015466868877,0.9924856424331665,2.0304547433624975e-05
117,data/dataset/Mild_Demented/mild_356.jpg,mild_356.jpg,Mild_Demented,2,Mild_Demented,2,True,0.9888988137245178,0.011028245091438293,0.9778705686330795,0.044337928186650145,0.9691173434257507,6.569968536496162e-05,0.011028245091438293,0.9888988137245178,7.250474936881801e-06
118,data/dataset/Mild_Demented/mild_201.jpg,mild_201.jpg,Mild_Demented,2,Mild_Demented,2,True,0.9992020726203918,0.0007600259268656373,0.9984420466935262,0.00479302278990772,0.995694637298584,0.0007600259268656373,3.7323312426451594e-05,0.9992020726203918,5.375761702453019e-07
119,data/dataset/Mild_Demented/mild_661.jpg,mild_661.jpg,Mild_Demented,2,Mild_Demented,2,True,0.9998759031295776,0.00011869583977386355,0.9997572072898038,0.0009123511676464516,0.998969554901123,4.907280526822433e-06,0.00011869583977386355,0.9998759031295776,5.421722448772925e-07
120,data/dataset/Mild_Demented/mild_250.jpg,mild_250.jpg,Mild_Demented,2,Mild_Demented,2,True,0.9992471933364868,0.0007366107311099768,0.9985105826053768,0.00450511173983324,0.9959796667098999,1.6107553165056743e-05,0.0007366107311099768,0.9992471933364868,1.0027967789483228e-07
121,data/dataset/Mild_Demented/mild_517.jpg,mild_517.jpg,Mild_Demented,2,Mild_Demented,2,True,0.9999947547912598,3.1585209399054293e-06,0.9999915962703199,5.341517241521328e-05,0.9998975992202759,3.1585209399054293e-06,2.082788796542445e-06,0.9999947547912598,9.613960116894305e-08
122,data/dataset/Mild_Demented/mild_430.jpg,mild_430.jpg,Mild_Demented,2,Mild_Demented,2,True,0.9999984502792358,1.3138951544533484e-06,0.9999971363840814,1.6172036242483075e-05,0.9999637603759766,1.3138951544533484e-06,1.7550725317505567e-07,0.9999984502792358,1.9484538427150255e-08
123,data/dataset/Mild_Demented/mild_676.jpg,mild_676.jpg,Mild_Demented,2,Mild_Demented,2,True,0.9999709129333496,1.669707489782013e-05,0.9999542158584518,0.00025636462008695696,0.9996198415756226,1.669707489782013e-05,1.1761748282879125e-05,0.9999709129333496,6.404972054951941e-07
124,data/dataset/Mild_Demented/mild_141.jpg,mild_141.jpg,Mild_Demented,2,Mild_Demented,2,True,0.9993360638618469,0.0006324973073787987,0.9987035665544681,0.004080800308829344,0.9962454438209534,2.922337625932414e-05,0.0006324973073787987,0.9993360638618469,2.2697249733028e-06
125,data/dataset/Mild_Demented/mild_611.jpg,mild_611.jpg,Mild_Demented,2,Mild_Demented,2,True,0.9985785484313965,0.0014197650598362088,0.9971587833715603,0.007757198193913852,0.9936406016349792,1.4612688801207696e-06,0.0014197650598362088,0.9985785484313965,2.5775395329219464e-07
126,data/dataset/Mild_Demented/mild_821.jpg,mild_821.jpg,Mild_Demented,2,Mild_Demented,2,True,0.998252809047699,0.0010470497654750943,0.9972057592822239,0.010117510935800855,0.9913342595100403,0.0010470497654750943,0.0006987211527302861,0.998252809047699,1.3680705706065055e-06
127,data/dataset/Mild_Demented/mild_70.jpg,mild_70.jpg,Mild_Demented,2,Mild_Demented,2,True,0.9999692440032959,2.503293944755569e-05,0.9999442110638483,0.00026326861503716935,0.9996263980865479,2.503293944755569e-05,5.622598109766841e-06,0.9999692440032959,6.080701098198915e-08
128,data/dataset/Mild_Demented/mild_5.jpg,mild_5.jpg,Mild_Demented,2,Mild_Demented,2,True,0.9465972781181335,0.03280310705304146,0.9137941710650921,0.17713210165036447,0.8862921595573425,0.020307622849941254,0.03280310705304146,0.9465972781181335,0.00029203746817074716
129,data/dataset/Mild_Demented/mild_195.jpg,mild_195.jpg,Mild_Demented,2,Mild_Demented,2,True,0.9607332944869995,0.039256785064935684,0.9214765094220638,0.11952971592073902,0.9216489195823669,8.128088666126132e-06,0.039256785064935684,0.9607332944869995,1.7862366803456098e-06
130,data/dataset/Mild_Demented/mild_119.jpg,mild_119.jpg,Mild_Demented,2,Mild_Demented,2,True,0.9999868869781494,6.473931534856092e-06,0.9999804130466146,0.00012402281557934925,0.9997909665107727,6.473931534856092e-06,6.171527275000699e-06,0.9999868869781494,5.137186462889076e-07
131,data/dataset/Mild_Demented/mild_20.jpg,mild_20.jpg,Mild_Demented,2,Mild_Demented,2,True,0.9987444877624512,0.0012553498381748796,0.9974891379242763,0.006955640131013466,0.9942452311515808,0.0012553498381748796,5.9269687824325956e-08,0.9987444877624512,4.054202662473472e-08
132,data/dataset/Mild_Demented/mild_16.jpg,mild_16.jpg,Mild_Demented,2,Mild_Demented,2,True,0.9999457597732544,4.940473445458338e-05,0.9998963550387998,0.00043684437276986,0.9994351267814636,4.940473445458338e-05,4.036346581415273e-06,0.9999457597732544,8.093737733361195e-07
133,data/dataset/Mild_Demented/mild_733.jpg,mild_733.jpg,Mild_Demented,2,Mild_Demented,2,True,0.9996678829193115,0.00020705755741801113,0.9994608253618935,0.002325432846412505,0.9975603818893433,0.00020705755741801113,0.0001226206950377673,0.9996678829193115,2.389553628745489e-06
134,data/dataset/Mild_Demented/mild_420.jpg,mild_420.jpg,Mild_Demented,2,Mild_Demented,2,True,0.9998458623886108,0.00014652263780590147,0.9996993397508049,0.0011097394685477269,0.9987810254096985,7.228057256725151e-06,0.00014652263780590147,0.9998458623886108,3.4885513855442696e-07
135,data/dataset/Moderate_Demented/moderate_16.jpg,moderate_16.jpg,Moderate_Demented,3,Moderate_Demented,3,True,0.9996660947799683,0.00023188840714283288,0.9994342063728254,0.002367194231295013,0.997461199760437,4.4118878577137366e-05,0.00023188840714283288,5.786295878351666e-05,0.9996660947799683
136,data/dataset/Moderate_Demented/moderate_31.jpg,moderate_31.jpg,Moderate_Demented,3,Moderate_Demented,3,True,0.9999831914901733,1.0095368452311959e-05,0.999973096121721,0.00015651481424300325,0.9997428059577942,4.935193828714546e-06,1.7936395124706905e-06,1.0095368452311959e-05,0.9999831914901733
137,data/dataset/Moderate_Demented/moderate_13.jpg,moderate_13.jpg,Moderate_Demented,3,Moderate_Demented,3,True,0.9998267292976379,6.639511411776766e-05,0.9997603341835202,0.0013424296438398022,0.9983963370323181,6.545602082042024e-05,4.1466344555374235e-05,6.639511411776766e-05,0.9998267292976379
138,data/dataset/Moderate_Demented/moderate_21.jpg,moderate_21.jpg,Moderate_Demented,3,Moderate_Demented,3,True,0.9999921321868896,4.627833277481841e-06,0.9999875043536122,7.560942643978146e-05,0.9998645782470703,4.627833277481841e-06,6.596724944074595e-08,3.0736543976672692e-06,0.9999921321868896
139,data/dataset/Moderate_Demented/moderate_53.jpg,moderate_53.jpg,Moderate_Demented,3,Moderate_Demented,3,True,0.9999572038650513,3.6099940189160407e-05,0.9999211039248621,0.0003587407360250972,0.9995064735412598,3.6099940189160407e-05,2.4260577902168734e-06,4.366004304756643e-06,0.9999572038650513
140,data/dataset/Moderate_Demented/moderate_9.jpg,moderate_9.jpg,Moderate_Demented,3,Moderate_Demented,3,True,0.9999439716339111,4.1566239815438166e-05,0.9999024053940957,0.0004666791638993702,0.9993669390678406,4.1566239815438166e-05,6.6642292040342e-06,7.839989848434925e-06,0.9999439716339111
141,data/dataset/Moderate_Demented/moderate_48.jpg,moderate_48.jpg,Moderate_Demented,3,Moderate_Demented,3,True,0.9999914169311523,4.248347977409139e-06,0.9999871685831749,8.300506881543704e-05,0.9998515844345093,4.0990489651449025e-06,4.248347977409139e-06,2.004161814284089e-07,0.9999914169311523
142,data/dataset/Moderate_Demented/moderate_58.jpg,moderate_58.jpg,Moderate_Demented,3,Moderate_Demented,3,True,0.9999696016311646,1.8531776731833816e-05,0.9999510698544327,0.00027006785004746403,0.9995937943458557,8.55575763125671e-06,1.8531776731833816e-05,3.3504029488540255e-06,0.9999696016311646
143,data/dataset/Moderate_Demented/moderate_27.jpg,moderate_27.jpg,Moderate_Demented,3,Moderate_Demented,3,True,0.9999825954437256,1.6054222214734182e-05,0.9999665412215109,0.00015275210592405312,0.99977046251297,1.6054222214734182e-05,6.079530123770382e-08,1.1805245776486117e-06,0.9999825954437256
144,data/dataset/Non_Demented/non_1193.jpg,non_1193.jpg,Non_Demented,0,Non_Demented,0,True,0.999996542930603,3.423918315093033e-06,0.9999931190122879,3.36136018280028e-05,0.99993896484375,0.999996542930603,3.423918315093033e-06,9.192940159108431e-11,2.5303743544924373e-09
145,data/dataset/Non_Demented/non_3030.jpg,non_3030.jpg,Non_Demented,0,Non_Demented,0,True,0.9998169541358948,0.0001821594632929191,0.9996347946726019,0.0012724901444567983,0.9986745119094849,0.9998169541358948,0.0001821594632929191,6.726954211444536e-07,1.9059174860558414e-07
146,data/dataset/Non_Demented/non_1149.jpg,non_1149.jpg,Non_Demented,0,Non_Demented,0,True,0.9968500733375549,0.0031495392322540283,0.9937005341053009,0.015359637530725914,0.9883501529693604,0.9968500733375549,3.252644376061653e-07,0.0031495392322540283,1.3246124197507925e-08
147,data/dataset/Non_Demented/non_1119.jpg,non_1119.jpg,Non_Demented,0,Non_Demented,0,True,1.0,1.2837410245936098e-08,0.9999999871625898,2.172661034033697e-07,0.999998927116394,1.0,1.2837410245936098e-08,3.4708291796192725e-09,1.274001650702905e-11
148,data/dataset/Non_Demented/non_2209.jpg,non_2209.jpg,Non_Demented,0,Non_Demented,0,True,0.9999948740005493,3.5125638078170596e-06,0.9999913614367415,5.2505078309919645e-05,0.9998981952667236,0.9999948740005493,1.456662175769452e-06,3.5125638078170596e-06,2.619606220832793e-07
149,data/dataset/Non_Demented/non_1222.jpg,non_1222.jpg,Non_Demented,0,Non_Demented,0,True,0.9999998807907104,1.1672135968865405e-07,0.9999997640693508,1.455627326422716e-06,0.9999953508377075,0.9999998807907104,1.1672135968865405e-07,1.5823016230598341e-09,1.4919729340867605e-10
150,data/dataset/Non_Demented/non_234.jpg,non_234.jpg,Non_Demented,0,Non_Demented,0,True,0.9999423027038574,5.758247061748989e-05,0.9998847202332399,0.0004482561522449699,0.9994601607322693,0.9999423027038574,5.758247061748989e-05,2.61304622384273e-09,9.465063044444832e-08
151,data/dataset/Non_Demented/non_2344.jpg,non_2344.jpg,Non_Demented,0,Non_Demented,0,True,1.0,2.1842836872565385e-08,0.9999999781571631,2.785040755699324e-07,0.9999988079071045,1.0,3.000119250251565e-11,2.1842836872565385e-08,2.5206197806076913e-12
152,data/dataset/Non_Demented/non_2426.jpg,non_2426.jpg,Non_Demented,0,Non_Demented,0,True,0.9999996423721313,3.334725420245377e-07,0.9999993088995893,3.855298641473605e-06,0.9999897480010986,0.9999996423721313,4.664587049951763e-10,3.334725420245377e-07,1.604051474979329e-10
153,data/dataset/Non_Demented/non_2295.jpg,non_2295.jpg,Non_Demented,0,Non_Demented,0,True,0.9978646636009216,0.001516522723250091,0.9963481408776715,0.011946535678811146,0.9900221228599548,0.9978646636009216,0.001516522723250091,0.0006171711720526218,1.7325284034086508e-06
154,data/dataset/Non_Demented/non_1778.jpg,non_1778.jpg,Non_Demented,0,Non_Demented,0,True,0.9999260902404785,7.274609379237518e-05,0.9998533441466861,0.0005643014459146501,0.9993306398391724,0.9999260902404785,7.274609379237518e-05,1.9784216931384435e-07,8.717426567272923e-07
155,data/dataset/Non_Demented/non_2687.jpg,non_2687.jpg,Non_Demented,0,Non_Demented,0,True,1.0,1.1084664741645156e-08,0.9999999889153353,2.9371993117349593e-07,0.9999984502792358,1.0,1.1084664741645156e-08,9.83683445809902e-09,1.1042244896231068e-09
156,data/dataset/Non_Demented/non_730.jpg,non_730.jpg,Non_Demented,0,Non_Demented,0,True,0.9975302815437317,0.0024692805018275976,0.9950610010419041,0.012477580483470623,0.9903261065483093,0.9975302815437317,0.0024692805018275976,3.015497611613682e-07,7.742355734308148e-08
157,data/dataset/Non_Demented/non_13.jpg,non_13.jpg,Non_Demented,0,Non_Demented,0,True,0.8878834247589111,0.11211413145065308,0.7757692933082581,0.2531551514040252,0.831480085849762,0.8878834247589111,0.11211413145065308,2.3950784111548273e-07,2.228660605396726e-06
158,data/dataset/Non_Demented/non_337.jpg,non_337.jpg,Non_Demented,0,Non_Demented,0,True,0.9983891248703003,0.0016106651164591312,0.9967784597538412,0.008636223020305025,0.9930271506309509,0.9983891248703003,1.6010871206617594e-07,0.0016106651164591312,1.1940682043132256e-07
159,data/dataset/Non_Demented/non_1979.jpg,non_1979.jpg,Non_Demented,0,Non_Demented,0,True,1.0,2.4906874340757668e-09,0.9999999975093126,6.299427509332064e-08,0.9999995231628418,1.0,1.7845931399307347e-09,2.4906874340757668e-09,8.799208583987195e-11
160,data/dataset/Non_Demented/non_311.jpg,non_311.jpg,Non_Demented,0,Non_Demented,0,True,0.9831851124763489,0.016690801829099655,0.9664943106472492,0.06216872396497306,0.9576417803764343,0.9831851124763489,0.016690801829099655,4.444699516170658e-05,7.971662853378803e-05
161,data/dataset/Non_Demented/non_203.jpg,non_203.jpg,Non_Demented,0,Non_Demented,0,True,0.9480409026145935,0.05169292911887169,0.8963479734957218,0.148594472197999,0.9025410413742065,0.9480409026145935,0.05169292911887169,0.00024139261222444475,2.479710747138597e-05
162,data/dataset/Non_Demented/non_1004.jpg,non_1004.jpg,Non_Demented,0,Non_Demented,0,True,0.9983002543449402,0.0016987487906590104,0.9966015055542812,0.009051213125993602,0.9927194118499756,0.9983002543449402,0.0016987487906590104,7.496234388781886e-07,2.914590311320353e-07
163,data/dataset/Non_Demented/non_1587.jpg,non_1587.jpg,Non_Demented,0,Non_Demented,0,True,0.9939236044883728,0.005995563697069883,0.9879280407913029,0.027060596763864027,0.9802594184875488,0.9939236044883728,0.005995563697069883,4.235491360304877e-06,7.660147093702108e-05
164,data/dataset/Non_Demented/non_24.jpg,non_24.jpg,Non_Demented,0,Non_Demented,0,True,0.9997501969337463,0.0002365477557759732,0.9995136491779704,0.0017170198659732345,0.9982143640518188,0.9997501969337463,0.0002365477557759732,2.3084301119524753e-06,1.0994822332577314e-05
165,data/dataset/Non_Demented/non_1865.jpg,non_1865.jpg,Non_Demented,0,Non_Demented,0,True,0.9999804496765137,1.8608201571623795e-05,0.999961841474942,0.0001704024867790908,0.9997510313987732,0.9999804496765137,9.61290197665221e-07,1.8608201571623795e-05,3.993779884581272e-08
166,data/dataset/Non_Demented/non_1263.jpg,non_1263.jpg,Non_Demented,0,Mild_Demented,2,False,0.8808249831199646,0.11350207030773163,0.767322912812233,0.28012547071233085,0.8152866363525391,0.005630680825561285,0.11350207030773163,0.8808249831199646,4.2258652683813125e-05
167,data/dataset/Non_Demented/non_2397.jpg,non_2397.jpg,Non_Demented,0,Non_Demented,0,True,0.9967040419578552,0.0031429182272404432,0.9935611237306148,0.01645782602973808,0.987130343914032,0.9967040419578552,0.0031429182272404432,0.00012786049046553671,2.5244738935725763e-05
168,data/dataset/Non_Demented/non_1868.jpg,non_1868.jpg,Non_Demented,0,Non_Demented,0,True,0.9999724626541138,2.7241378120379522e-05,0.9999452212759934,0.00023006592830015016,0.999687671661377,0.9999724626541138,2.7241378120379522e-05,1.3775049012565432e-07,1.870673145276669e-07
169,data/dataset/Non_Demented/non_2787.jpg,non_2787.jpg,Non_Demented,0,Non_Demented,0,True,0.9999885559082031,6.2052777138887905e-06,0.9999823506304892,0.00010990165853989612,0.999809205532074,0.9999885559082031,6.2052777138887905e-06,4.437825737113599e-06,8.446837682640762e-07
170,data/dataset/Non_Demented/non_1006.jpg,non_1006.jpg,Non_Demented,0,Non_Demented,0,True,0.9917105436325073,0.008288383483886719,0.9834221601486206,0.03462107502109448,0.9756383895874023,0.9917105436325073,0.008288383483886719,2.5351502586090646e-07,7.633845484633639e-07
171,data/dataset/Non_Demented/non_2422.jpg,non_2422.jpg,Non_Demented,0,Non_Demented,0,True,1.0,5.501646427319429e-08,0.9999999449835357,7.570223523086702e-07,0.9999969005584717,1.0,5.501646427319429e-08,4.232561412464975e-09,2.430801337993671e-09
172,data/dataset/Non_Demented/non_1086.jpg,non_1086.jpg,Non_Demented,0,Very_Mild_Demented,1,False,0.5596218109130859,0.4374334216117859,0.12218838930130005,0.5079528661107784,0.5419298410415649,0.4374334216117859,0.5596218109130859,0.0028346676845103502,0.00011017297947546467
173,data/dataset/Non_Demented/non_1885.jpg,non_1885.jpg,Non_Demented,0,Non_Demented,0,True,0.9996604919433594,0.0003211062867194414,0.9993393856566399,0.002253261939315279,0.9977588653564453,0.9996604919433594,0.0003211062867194414,1.8113520127371885e-05,2.3311669394843193e-07
174,data/dataset/Non_Demented/non_1680.jpg,non_1680.jpg,Non_Demented,0,Non_Demented,0,True,0.9999915361404419,7.385314347629901e-06,0.9999841508260943,7.883860435129727e-05,0.9998655319213867,0.9999915361404419,7.385314347629901e-06,8.942142812884413e-07,6.725392864836977e-08
175,data/dataset/Non_Demented/non_306.jpg,non_306.jpg,Non_Demented,0,Non_Demented,0,True,0.9999998807907104,9.256766020371288e-08,0.9999997882230502,1.4701589301250646e-06,0.9999947547912598,0.9999998807907104,9.256766020371288e-08,1.759230094933173e-08,5.55405454960578e-09
176,data/dataset/Non_Demented/non_3041.jpg,non_3041.jpg,Non_Demented,0,Non_Demented,0,True,0.9999563694000244,3.723756890394725e-05,0.9999191318311205,0.0003617773047043937,0.9995135068893433,0.9999563694000244,3.723756890394725e-05,6.251926151890075e-06,2.1005645578497933e-07
177,data/dataset/Non_Demented/non_3085.jpg,non_3085.jpg,Non_Demented,0,Non_Demented,0,True,0.9969030022621155,0.0029186191968619823,0.9939843830652535,0.015684242691699324,0.9876185655593872,0.9969030022621155,0.0029186191968619823,0.00015131037798710167,2.7089523428003304e-05
178,data/dataset/Non_Demented/non_819.jpg,non_819.jpg,Non_Demented,0,Non_Demented,0,True,0.9977892637252808,0.002210708800703287,0.9955785549245775,0.011343596751633175,0.9911234378814697,0.9977892637252808,0.002210708800703287,7.799915574535632e-11,9.587113325437713e-10
179,data/dataset/Non_Demented/non_37.jpg,non_37.jpg,Non_Demented,0,Non_Demented,0,True,0.9999619722366333,3.673223909572698e-05,0.9999252399975376,0.0003114990206824842,0.9995890259742737,0.9999619722366333,3.673223909572698e-05,1.2360358141449979e-06,1.1806820765514203e-07
180,data/dataset/Non_Demented/non_1228.jpg,non_1228.jpg,Non_Demented,0,Non_Demented,0,True,0.9982056617736816,0.0017094500362873077,0.9964962117373943,0.009734152201726435,0.9919622540473938,0.9982056617736816,0.0017094500362873077,8.18000189610757e-05,3.1523231882601976e-06
181,data/dataset/Non_Demented/non_56.jpg,non_56.jpg,Non_Demented,0,Non_Demented,0,True,0.5765584707260132,0.4234360456466675,0.1531224250793457,0.4915618875876476,0.5592050552368164,0.5765584707260132,2.171702135456144e-06,0.4234360456466675,3.3146034184028395e-06
182,data/dataset/Non_Demented/non_636.jpg,non_636.jpg,Non_Demented,0,Non_Demented,0,True,0.9999914169311523,5.615707777906209e-06,0.9999858012233744,8.393749001413798e-05,0.9998483657836914,0.9999914169311523,5.615707777906209e-06,2.3144900751503883e-06,6.947900601517176e-07
183,data/dataset/Non_Demented/non_2891.jpg,non_2891.jpg,Non_Demented,0,Non_Demented,0,True,0.8850914239883423,0.11490842700004578,0.7701829969882965,0.2572746518401421,0.8284925222396851,0.8850914239883423,0.11490842700004578,6.865987778326144e-09,1.3023263534250873e-07
184,data/dataset/Non_Demented/non_2859.jpg,non_2859.jpg,Non_Demented,0,Non_Demented,0,True,0.5299671292304993,0.4700086712837219,0.059958457946777344,0.49890275206141294,0.5230000019073486,0.5299671292304993,0.4700086712837219,1.810633511922788e-05,6.025630227668444e-06
185,data/dataset/Non_Demented/non_252.jpg,non_252.jpg,Non_Demented,0,Non_Demented,0,True,1.0,3.864463860026035e-09,0.9999999961355361,6.470544302201044e-08,0.9999995231628418,1.0,6.566666654883591e-10,3.864463860026035e-09,3.993060049278796e-11
186,data/dataset/Non_Demented/non_1076.jpg,non_1076.jpg,Non_Demented,0,Non_Demented,0,True,0.9818428158760071,0.018123725429177284,0.9637190904468298,0.0656719460695544,0.9556815028190613,0.9818428158760071,0.018123725429177284,2.481038791302126e-05,8.609605174569879e-06
187,data/dataset/Non_Demented/non_1935.jpg,non_1935.jpg,Non_Demented,0,Non_Demented,0,True,0.9999873638153076,1.149516538134776e-05,0.9999758686499263,0.00011518840354790078,0.999815046787262,0.9999873638153076,1.149516538134776e-05,6.407973387467791e-07,4.937287485518027e-07
188,data/dataset/Non_Demented/non_2481.jpg,non_2481.jpg,Non_Demented,0,Non_Demented,0,True,0.9999363422393799,6.265113916015252e-05,0.9998736911002197,0.0004940284782178882,0.9994007349014282,0.9999363422393799,6.265113916015252e-05,2.3223959999540966e-07,8.077790880633984e-07
189,data/dataset/Non_Demented/non_1957.jpg,non_1957.jpg,Non_Demented,0,Non_Demented,0,True,0.9974343180656433,0.002535320119932294,0.994898997945711,0.013016234176816318,0.9897878170013428,0.9974343180656433,0.002535320119932294,2.7030237106373534e-05,3.408640850466327e-06
190,data/dataset/Non_Demented/non_2262.jpg,non_2262.jpg,Non_Demented,0,Non_Demented,0,True,0.9766709208488464,0.02185383439064026,0.9548170864582062,0.08408587589791687,0.9430036544799805,0.9766709208488464,0.00138465769123286,0.02185383439064026,9.058012074092403e-05
191,data/dataset/Non_Demented/non_279.jpg,non_279.jpg,Non_Demented,0,Non_Demented,0,True,0.9999980926513672,1.8875712157750968e-06,0.9999962050801514,1.9654329336987544e-05,0.9999600648880005,0.9999980926513672,1.8875712157750968e-06,6.280545861159226e-09,1.9257861083588068e-08
192,data/dataset/Non_Demented/non_1829.jpg,non_1829.jpg,Non_Demented,0,Non_Demented,0,True,0.9996727705001831,0.00026694999542087317,0.9994058205047622,0.0022726093157301153,0.9976058006286621,0.9996727705001831,0.00026694999542087317,3.506701978039928e-05,2.521926762710791e-05
193,data/dataset/Non_Demented/non_1056.jpg,non_1056.jpg,Non_Demented,0,Non_Demented,0,True,0.9995951056480408,0.0004047049442306161,0.9991904007038102,0.0025750522279952733,0.9975847005844116,0.9995951056480408,0.0004047049442306161,1.7518466677302058e-07,3.153872896177745e-08
194,data/dataset/Non_Demented/non_2244.jpg,non_2244.jpg,Non_Demented,0,Non_Demented,0,True,0.9999991655349731,8.524266945642012e-07,0.9999983131082786,9.613924262485663e-06,0.9999774694442749,0.9999991655349731,3.1623898166799336e-08,8.524266945642012e-07,1.6998934482259642e-09
195,data/dataset/Non_Demented/non_1589.jpg,non_1589.jpg,Non_Demented,0,Non_Demented,0,True,0.9571328163146973,0.04256056249141693,0.9145722538232803,0.12906877664650743,0.9150363802909851,0.9571328163146973,0.00024365673016291112,0.04256056249141693,6.294011836871505e-05
196,data/dataset/Non_Demented/non_503.jpg,non_503.jpg,Non_Demented,0,Non_Demented,0,True,0.9463271498680115,0.053344711661338806,0.8929824382066727,0.15240948809967894,0.900028645992279,0.9463271498680115,0.053344711661338806,0.00030099519062787294,2.715707705647219e-05
197,data/dataset/Non_Demented/non_2204.jpg,non_2204.jpg,Non_Demented,0,Non_Demented,0,True,0.999975323677063,1.928639721882064e-05,0.9999560372798442,0.0002173062515940837,0.9996755123138428,0.999975323677063,1.928639721882064e-05,4.854237886320334e-06,5.408384708971425e-07
198,data/dataset/Non_Demented/non_1227.jpg,non_1227.jpg,Non_Demented,0,Non_Demented,0,True,0.9999973773956299,2.535070962039754e-06,0.9999948423246678,2.651411359812696e-05,0.9999476671218872,0.9999973773956299,2.535070962039754e-06,7.086650555265805e-08,1.6874317054771382e-08
199,data/dataset/Non_Demented/non_1733.jpg,non_1733.jpg,Non_Demented,0,Non_Demented,0,True,0.9890565276145935,0.010893710888922215,0.9781628167256713,0.04374649059924863,0.9695305228233337,0.9890565276145935,0.010893710888922215,2.6151486963499337e-05,2.3586952011100948e-05
200,data/dataset/Non_Demented/non_1396.jpg,non_1396.jpg,Non_Demented,0,Non_Demented,0,True,0.9989776611328125,0.0009972256375476718,0.9979804354952648,0.005901541668694563,0.9948943853378296,0.9989776611328125,0.0009972256375476718,2.4815273718559183e-05,3.3211188110726653e-07
201,data/dataset/Non_Demented/non_1121.jpg,non_1121.jpg,Non_Demented,0,Non_Demented,0,True,0.9999998807907104,9.54219601112527e-08,0.9999997853687503,1.9744627707794445e-06,0.999993085861206,0.9999998807907104,9.54219601112527e-08,5.8503083266714384e-08,5.309398698472023e-09
202,data/dataset/Non_Demented/non_645.jpg,non_645.jpg,Non_Demented,0,Non_Demented,0,True,0.9999183416366577,8.157111005857587e-05,0.9998367705265991,0.0006134029126155006,0.9992967844009399,0.9999183416366577,8.157111005857587e-05,9.548421608940316e-09,3.5707230949810764e-08
203,data/dataset/Non_Demented/non_1426.jpg,non_1426.jpg,Non_Demented,0,Non_Demented,0,True,0.9997826218605042,0.00021739410294685513,0.9995652277575573,0.001479713535252483,0.998506486415863,0.9997826218605042,0.00021739410294685513,4.452707980107107e-09,2.3943812266224995e-08
204,data/dataset/Non_Demented/non_1195.jpg,non_1195.jpg,Non_Demented,0,Non_Demented,0,True,0.9999383687973022,3.362251663929783e-05,0.999904746280663,0.0005077307424555023,0.9993301630020142,0.9999383687973022,3.362251663929783e-05,2.753480657702312e-05,4.6610307435912546e-07
205,data/dataset/Non_Demented/non_17.jpg,non_17.jpg,Non_Demented,0,Non_Demented,0,True,0.9999959468841553,4.010517386632273e-06,0.9999919363667686,3.89566238127493e-05,0.9999309778213501,0.9999959468841553,4.010517386632273e-06,1.850214426113439e-10,5.8579199269104265e-09
206,data/dataset/Non_Demented/non_2326.jpg,non_2326.jpg,Non_Demented,0,Non_Demented,0,True,0.9999998807907104,1.570633685332723e-07,0.9999997237273419,1.8627398835150288e-06,0.9999943971633911,0.9999998807907104,7.497590742699956e-11,1.570633685332723e-07,2.8709300561868822e-11
207,data/dataset/Non_Demented/non_3162.jpg,non_3162.jpg,Non_Demented,0,Very_Mild_Demented,1,False,0.948787271976471,0.05119861662387848,0.8975886553525925,0.14586288250326068,0.9046692252159119,0.05119861662387848,0.948787271976471,6.115997166489251e-06,7.88302713772282e-06
208,data/dataset/Non_Demented/non_3055.jpg,non_3055.jpg,Non_Demented,0,Non_Demented,0,True,1.0,9.108158671722322e-09,0.9999999908918413,1.714756073903024e-07,0.9999990463256836,1.0,9.108158671722322e-09,7.367908505528931e-10,2.7171704886086445e-09
209,data/dataset/Non_Demented/non_420.jpg,non_420.jpg,Non_Demented,0,Non_Demented,0,True,0.986034095287323,0.012664792127907276,0.9733693031594157,0.056245743583956884,0.9606581330299377,0.986034095287323,0.012664792127907276,0.0012748690787702799,2.6237263227812946e-05
210,data/dataset/Non_Demented/non_622.jpg,non_622.jpg,Non_Demented,0,Non_Demented,0,True,0.9999996423721313,3.707185953771841e-07,0.999999271653536,4.26120470101138e-06,0.9999886751174927,0.9999996423721313,3.707185953771841e-07,1.9805550532936422e-09,9.852034743573768e-10
211,data/dataset/Non_Demented/non_84.jpg,non_84.jpg,Non_Demented,0,Non_Demented,0,True,0.9896204471588135,0.006505770608782768,0.9831146765500307,0.04665920489763467,0.9664120078086853,0.9896204471588135,0.0038606245070695877,0.006505770608782768,1.3141702766006347e-05
212,data/dataset/Non_Demented/non_2337.jpg,non_2337.jpg,Non_Demented,0,Non_Demented,0,True,0.920621395111084,0.06415700167417526,0.8564643934369087,0.2298730000434725,0.8528208136558533,0.920621395111084,0.06415700167417526,0.014590905979275703,0.0006306568393483758
213,data/dataset/Non_Demented/non_2869.jpg,non_2869.jpg,Non_Demented,0,Non_Demented,0,True,0.9984679818153381,0.001531968591734767,0.9969360132236034,0.008267179826493243,0.993297278881073,0.9984679818153381,0.001531968591734767,1.1948225520086453e-08,4.023725352908514e-08
214,data/dataset/Non_Demented/non_452.jpg,non_452.jpg,Non_Demented,0,Non_Demented,0,True,1.0,1.3407477350568797e-09,0.9999999986592523,1.9798673715809375e-08,0.9999998807907104,1.0,1.9023579369767396e-13,1.3407477350568797e-09,1.0014550156484635e-14
215,data/dataset/Non_Demented/non_2791.jpg,non_2791.jpg,Non_Demented,0,Very_Mild_Demented,1,False,0.8976555466651917,0.10234374552965164,0.79531180113554,0.23819904563487415,0.8422541618347168,0.10234374552965164,0.8976555466651917,1.2872435206645605e-07,6.240468906071328e-07
216,data/dataset/Non_Demented/non_1046.jpg,non_1046.jpg,Non_Demented,0,Non_Demented,0,True,0.9987090826034546,0.0012908469652757049,0.9974182356381789,0.007125556974644231,0.9941232800483704,0.9987090826034546,0.0012908469652757049,3.613317145489958e-10,4.26882706960896e-08
217,data/dataset/Non_Demented/non_2098.jpg,non_2098.jpg,Non_Demented,0,Non_Demented,0,True,0.9992682337760925,0.0006425966857932508,0.9986256370902993,0.004539227118680074,0.995796799659729,0.9992682337760925,0.0006425966857932508,1.385422478961118e-06,8.772142609814182e-05
218,data/dataset/Non_Demented/non_3013.jpg,non_3013.jpg,Non_Demented,0,Non_Demented,0,True,0.7930099964141846,0.20691245794296265,0.5860975384712219,0.3683668451649733,0.7376850247383118,0.7930099964141846,0.20691245794296265,6.535537977470085e-05,1.2247047379787546e-05
219,data/dataset/Non_Demented/non_1683.jpg,non_1683.jpg,Non_Demented,0,Non_Demented,0,True,0.9999778270721436,1.907144542201422e-05,0.9999587556267215,0.00019423351514348663,0.9997115731239319,0.9999778270721436,1.907144542201422e-05,2.8861397822765866e-06,1.9565386821795983e-07
220,data/dataset/Non_Demented/non_2726.jpg,non_2726.jpg,Non_Demented,0,Non_Demented,0,True,0.9988884329795837,0.0011113873915746808,0.9977770455880091,0.006257470513570824,0.9947543144226074,0.9988884329795837,0.0011113873915746808,5.339287767469614e-08,1.964578615343271e-07
221,data/dataset/Non_Demented/non_469.jpg,non_469.jpg,Non_Demented,0,Non_Demented,0,True,0.9984259605407715,0.0015327456640079618,0.9968932148767635,0.008610116591349835,0.9928508996963501,0.9984259605407715,0.0015327456640079618,3.7347890611272305e-05,3.966105850849999e-06
222,data/dataset/Non_Demented/non_835.jpg,non_835.jpg,Non_Demented,0,Non_Demented,0,True,0.9674870371818542,0.03251288831233978,0.9349741488695145,0.10342148762454233,0.9319872260093689,0.9674870371818542,0.03251288831233978,1.454670783829215e-08,4.400881081778607e-08
223,data/dataset/Non_Demented/non_565.jpg,non_565.jpg,Non_Demented,0,Non_Demented,0,True,0.9854414463043213,0.01450684480369091,0.9709346015006304,0.05511643563043977,0.9622911810874939,0.9854414463043213,2.7905583920073695e-05,0.01450684480369091,2.381123158556875e-05
224,data/dataset/Non_Demented/non_519.jpg,non_519.jpg,Non_Demented,0,Non_Demented,0,True,0.9925328493118286,0.007466687820851803,0.9850661614909768,0.03174810752566019,0.977506160736084,0.9925328493118286,1.1697252233489053e-07,0.007466687820851803,3.0055542765694554e-07
225,data/dataset/Non_Demented/non_2558.jpg,non_2558.jpg,Non_Demented,0,Non_Demented,0,True,0.9999982118606567,1.6696121747372672e-06,0.999996542248482,1.939749297176433e-05,0.9999579191207886,0.9999982118606567,1.6696121747372672e-06,1.2406620442106941e-07,5.4964967688420074e-08
226,data/dataset/Non_Demented/non_473.jpg,non_473.jpg,Non_Demented,0,Non_Demented,0,True,1.0,3.989714336682937e-09,0.9999999960102857,5.576721676365403e-08,0.9999996423721313,1.0,4.711455618006122e-12,3.989714336682937e-09,7.82530398986403e-13
227,data/dataset/Non_Demented/non_2817.jpg,non_2817.jpg,Non_Demented,0,Non_Demented,0,True,0.9999998807907104,1.1009489497837421e-07,0.9999997706958155,1.4065083113822304e-06,0.9999953508377075,0.9999998807907104,2.6841933120635986e-09,1.1009489497837421e-07,6.484198178391409e-10
228,data/dataset/Non_Demented/non_2169.jpg,non_2169.jpg,Non_Demented,0,Non_Demented,0,True,0.99998939037323,9.330383363703731e-06,0.9999800599898663,9.886945014969827e-05,0.9998350143432617,0.99998939037323,9.330383363703731e-06,8.510594398103422e-07,4.4372512775225914e-07
229,data/dataset/Non_Demented/non_1554.jpg,non_1554.jpg,Non_Demented,0,Non_Demented,0,True,0.9989734888076782,0.0005687802913598716,0.9984047085163184,0.006356238940708321,0.9942018389701843,0.9989734888076782,0.0004552054451778531,0.0005687802913598716,2.563343969086418e-06
230,data/dataset/Non_Demented/non_415.jpg,non_415.jpg,Non_Demented,0,Non_Demented,0,True,0.9999561309814453,4.366989014670253e-05,0.9999124610912986,0.0003503431666449126,0.9995591044425964,0.9999561309814453,4.366989014670253e-05,3.5259194675063554e-08,1.8100827503531036e-07
231,data/dataset/Non_Demented/non_2666.jpg,non_2666.jpg,Non_Demented,0,Non_Demented,0,True,1.0,9.084666352521253e-09,0.9999999909153336,1.2658891844279785e-07,0.9999992847442627,1.0,9.084666352521253e-09,7.305619303954458e-11,2.5185512009251454e-10
232,data/dataset/Non_Demented/non_276.jpg,non_276.jpg,Non_Demented,0,Non_Demented,0,True,0.9565402269363403,0.04298695921897888,0.9135532677173615,0.13100860121233607,0.9136780500411987,0.9565402269363403,0.04298695921897888,0.0003888396604452282,8.394970063818619e-05
233,data/dataset/Non_Demented/non_2130.jpg,non_2130.jpg,Non_Demented,0,Non_Demented,0,True,0.9997110962867737,0.000288901588646695,0.999422194698127,0.0019069733602367466,0.9981415271759033,0.9997110962867737,0.000288901588646695,2.481386651709272e-09,1.8753231856294406e-08
234,data/dataset/Non_Demented/non_2054.jpg,non_2054.jpg,Non_Demented,0,Non_Demented,0,True,0.9979518055915833,0.00204353965818882,0.9959082659333944,0.010649361909136252,0.991553008556366,0.9979518055915833,0.00204353965818882,2.885763478843728e-06,1.8529204908190877e-06
235,data/dataset/Non_Demented/non_2923.jpg,non_2923.jpg,Non_Demented,0,Non_Demented,0,True,0.9975870847702026,0.0024125450290739536,0.9951745397411287,0.012231396724061731,0.9904966354370117,0.9975870847702026,0.0024125450290739536,9.890106156262846e-08,2.7361838306205755e-07
236,data/dataset/Non_Demented/non_2405.jpg,non_2405.jpg,Non_Demented,0,Non_Demented,0,True,0.9997039437294006,0.00021294211910571903,0.9994910016102949,0.0020816628903807624,0.9977977275848389,0.9997039437294006,8.127890760079026e-05,0.00021294211910571903,1.8166754216508707e-06
237,data/dataset/Non_Demented/non_1299.jpg,non_1299.jpg,Non_Demented,0,Non_Demented,0,True,0.99576735496521,0.003173629753291607,0.9925937252119184,0.02153151980320329,0.983165979385376,0.99576735496521,0.003173629753291607,0.0010355866979807615,2.3500051611335948e-05
238,data/dataset/Non_Demented/non_36.jpg,non_36.jpg,Non_Demented,0,Non_Demented,0,True,0.6680225729942322,0.2847655117511749,0.38325706124305725,0.5661990044004147,0.6030866503715515,0.6680225729942322,0.2847655117511749,0.04326094314455986,0.003950963262468576
239,data/dataset/Non_Demented/non_1597.jpg,non_1597.jpg,Non_Demented,0,Non_Demented,0,True,0.935555636882782,0.06444403529167175,0.8711116015911102,0.17242332415889755,0.8873420357704163,0.935555636882782,0.06444403529167175,1.852267317303813e-08,3.061490474465245e-07
240,data/dataset/Non_Demented/non_1100.jpg,non_1100.jpg,Non_Demented,0,Non_Demented,0,True,0.9871701002120972,0.01282966323196888,0.9743404369801283,0.04951231108412324,0.9661127328872681,0.9871701002120972,0.01282966323196888,4.925269792011022e-08,3.078340569118154e-07
241,data/dataset/Non_Demented/non_2482.jpg,non_2482.jpg,Non_Demented,0,Non_Demented,0,True,0.9998855590820312,7.939218630781397e-05,0.9998061668957234,0.0008864421660409577,0.998931348323822,0.9998855590820312,3.384022056707181e-05,7.939218630781397e-05,1.2141531442466658e-06
242,data/dataset/Non_Demented/non_2763.jpg,non_2763.jpg,Non_Demented,0,Non_Demented,0,True,0.996046245098114,0.0034099589101970196,0.992636286187917,0.01981717121072808,0.984551727771759,0.996046245098114,0.0034099589101970196,0.0005292819696478546,1.4489421118923929e-05
243,data/dataset/Non_Demented/non_822.jpg,non_822.jpg,Non_Demented,0,Non_Demented,0,True,0.9978888630867004,0.0021107071079313755,0.9957781559787691,0.01090618507964559,0.9914188385009766,0.9978888630867004,0.0021107071079313755,3.6901889188811765e-07,8.005183360637602e-08
244,data/dataset/Non_Demented/non_2672.jpg,non_2672.jpg,Non_Demented,0,Non_Demented,0,True,0.9984789490699768,0.00143890967592597,0.9970400393940508,0.008450862000265333,0.9928971529006958,0.9984789490699768,8.071782212937251e-05,0.00143890967592597,1.3881276572647039e-06
245,data/dataset/Non_Demented/non_820.jpg,non_820.jpg,Non_Demented,0,Non_Demented,0,True,0.9993335604667664,0.0006661470397375524,0.9986674134270288,0.003999145163163541,0.9964548349380493,0.9993335604667664,0.0006661470397375524,2.9363931730586046e-07,7.033981574977588e-08
246,data/dataset/Non_Demented/non_1643.jpg,non_1643.jpg,Non_Demented,0,Non_Demented,0,True,0.9971543550491333,0.002671600552275777,0.9944827544968575,0.014592521009082494,0.9883984923362732,0.9971543550491333,0.002671600552275777,0.00015880154387559742,1.5268657080014236e-05
247,data/dataset/Non_Demented/non_1478.jpg,non_1478.jpg,Non_Demented,0,Non_Demented,0,True,0.9984686970710754,0.0014924830757081509,0.9969762139953673,0.008408267406465901,0.992990255355835,0.9984686970710754,0.0014924830757081509,3.086231299676001e-05,7.974324944370892e-06
248,data/dataset/Non_Demented/non_2355.jpg,non_2355.jpg,Non_Demented,0,Non_Demented,0,True,0.9999995231628418,4.2152584001087234e-07,0.9999991016370018,5.11069149399563e-06,0.9999865293502808,0.9999995231628418,4.2152584001087234e-07,5.287849713653259e-09,1.7915539274326875e-08
249,data/dataset/Non_Demented/non_794.jpg,non_794.jpg,Non_Demented,0,Non_Demented,0,True,0.999930739402771,6.807706085965037e-05,0.9998626623419113,0.0005331253496626269,0.999362051486969,0.999930739402771,1.1695691455315682e-06,6.807706085965037e-05,3.772913714783499e-08
250,data/dataset/Non_Demented/non_1188.jpg,non_1188.jpg,Non_Demented,0,Non_Demented,0,True,0.9999923706054688,6.241278697416419e-06,0.9999861293267713,7.380817479548792e-05,0.9998693466186523,0.9999923706054688,1.2972059266758151e-06,6.241278697416419e-06,1.467448385028547e-07
251,data/dataset/Non_Demented/non_891.jpg,non_891.jpg,Non_Demented,0,Non_Demented,0,True,0.6616547107696533,0.338140606880188,0.32351410388946533,0.46293593429514834,0.6257737874984741,0.6616547107696533,0.338140606880188,0.00015611507114954293,4.8580932343611494e-05
252,data/dataset/Non_Demented/non_2205.jpg,non_2205.jpg,Non_Demented,0,Non_Demented,0,True,0.9862892627716064,0.013593058101832867,0.9726962046697736,0.052766416318929796,0.96364825963974,0.9862892627716064,0.00010366695642005652,0.013593058101832867,1.4030130842002109e-05
253,data/dataset/Non_Demented/non_2401.jpg,non_2401.jpg,Non_Demented,0,Non_Demented,0,True,0.7537494897842407,0.16605687141418457,0.5876926183700562,0.5167632363448411,0.670540988445282,0.7537494897842407,0.16605687141418457,0.0797383114695549,0.00045530314673669636
254,data/dataset/Non_Demented/non_2192.jpg,non_2192.jpg,Non_Demented,0,Non_Demented,0,True,0.9999926090240479,5.082110874354839e-06,0.9999875269131735,7.141412674969442e-05,0.9998717308044434,0.9999926090240479,2.2001563593221363e-06,5.082110874354839e-06,6.006962394167203e-08
255,data/dataset/Non_Demented/non_2218.jpg,non_2218.jpg,Non_Demented,0,Non_Demented,0,True,0.9998986721038818,8.677135338075459e-05,0.9998119007505011,0.0007759711928616452,0.9990741014480591,0.9998986721038818,1.419023556081811e-05,8.677135338075459e-05,2.989243341744441e-07
256,data/dataset/Non_Demented/non_637.jpg,non_637.jpg,Non_Demented,0,Non_Demented,0,True,0.9999954700469971,4.571372755890479e-06,0.9999908986742412,4.434017991653307e-05,0.9999217987060547,0.9999954700469971,4.571372755890479e-06,4.019847565928103e-08,2.3039514740474942e-09
257,data/dataset/Non_Demented/non_198.jpg,non_198.jpg,Non_Demented,0,Non_Demented,0,True,0.999347984790802,0.0005194659461267292,0.9988285188446753,0.004193233295023675,0.9959659576416016,0.999347984790802,1.600239374965895e-05,0.0005194659461267292,0.00011659428855637088
258,data/dataset/Non_Demented/non_1721.jpg,non_1721.jpg,Non_Demented,0,Non_Demented,0,True,0.9993347525596619,0.0006382583524100482,0.9986964942072518,0.0040829860336519305,0.9962397813796997,0.9993347525596619,0.0006382583524100482,1.9264212824054994e-05,7.686781827942468e-06
259,data/dataset/Non_Demented/non_1464.jpg,non_1464.jpg,Non_Demented,0,Non_Demented,0,True,0.9785844683647156,0.021415535360574722,0.9571689330041409,0.07465883499689639,0.9501933455467224,0.9785844683647156,0.021415535360574722,8.456302325043907e-09,4.887427706989911e-08
260,data/dataset/Non_Demented/non_722.jpg,non_722.jpg,Non_Demented,0,Non_Demented,0,True,0.9975917339324951,0.00240731961093843,0.9951844143215567,0.012215934408857597,0.9904966354370117,0.9975917339324951,0.00240731961093843,6.340297318274679e-07,4.193750839931454e-07
261,data/dataset/Non_Demented/non_738.jpg,non_738.jpg,Non_Demented,0,Non_Demented,0,True,0.9940555095672607,0.003685804083943367,0.9903697054833174,0.030077734090841916,0.9767099022865295,0.9940555095672607,0.003685804083943367,0.001609647530131042,0.0006491130334325135
262,data/dataset/Non_Demented/non_1147.jpg,non_1147.jpg,Non_Demented,0,Non_Demented,0,True,0.9999932050704956,4.257395630702376e-06,0.9999889476748649,6.590221085279461e-05,0.9998806715011597,0.9999932050704956,4.257395630702376e-06,2.464278395564179e-06,4.783198281899104e-09
263,data/dataset/Non_Demented/non_2722.jpg,non_2722.jpg,Non_Demented,0,Non_Demented,0,True,0.9999927282333374,7.09264259057818e-06,0.9999856355907468,6.834808252818465e-05,0.9998856782913208,0.9999927282333374,2.0676276335507282e-07,7.09264259057818e-06,1.1071230154868772e-08
264,data/dataset/Non_Demented/non_1873.jpg,non_1873.jpg,Non_Demented,0,Non_Demented,0,True,0.9999895095825195,7.177799488999881e-06,0.9999823317830305,9.981774804270036e-05,0.9998296499252319,0.9999895095825195,3.2436814763059374e-06,7.177799488999881e-06,1.1734471883073638e-07
265,data/dataset/Non_Demented/non_2296.jpg,non_2296.jpg,Non_Demented,0,Non_Demented,0,True,0.9999737739562988,2.195111483160872e-05,0.9999518228414672,0.00022818344046597456,0.9996664524078369,0.9999737739562988,2.195111483160872e-05,3.918981292372337e-06,3.969480246723833e-07
266,data/dataset/Non_Demented/non_1458.jpg,non_1458.jpg,Non_Demented,0,Non_Demented,0,True,0.9997938275337219,0.00020604842575266957,0.9995877791079693,0.0014114475076792419,0.9985639452934265,0.9997938275337219,0.00020604842575266957,1.9943888318607605e-08,8.355153369166146e-08
267,data/dataset/Non_Demented/non_1109.jpg,non_1109.jpg,Non_Demented,0,Non_Demented,0,True,0.8866561651229858,0.1100883036851883,0.7765678614377975,0.26584880390324467,0.8239415287971497,0.8866561651229858,0.1100883036851883,0.003187961410731077,6.762702105334029e-05
268,data/dataset/Non_Demented/non_3140.jpg,non_3140.jpg,Non_Demented,0,Non_Demented,0,True,0.9192512631416321,0.08019702136516571,0.8390542417764664,0.20481274155348056,0.8652913570404053,0.9192512631416321,0.08019702136516571,0.0005452123004943132,6.545324140461162e-06
269,data/dataset/Non_Demented/non_1232.jpg,non_1232.jpg,Non_Demented,0,Non_Demented,0,True,0.9890262484550476,0.010858702473342419,0.9781675459817052,0.044108809674496006,0.9691187739372253,0.9890262484550476,0.010858702473342419,6.283947004703805e-05,5.221995888859965e-05
270,data/dataset/Non_Demented/non_2272.jpg,non_2272.jpg,Non_Demented,0,Non_Demented,0,True,0.9998986721038818,7.450902921846136e-05,0.9998241630746634,0.0007902428137266274,0.9990373849868774,0.9998986721038818,2.6168974727625027e-05,7.450902921846136e-05,6.985443974372174e-07
271,data/dataset/Non_Demented/non_1704.jpg,non_1704.jpg,Non_Demented,0,Non_Demented,0,True,0.9999802112579346,1.967463322216645e-05,0.9999605366247124,0.00016920650195800287,0.9997617602348328,0.9999802112579346,1.967463322216645e-05,1.106119285054774e-08,8.480964197588037e-08
272,data/dataset/Non_Demented/non_3190.jpg,non_3190.jpg,Non_Demented,0,Non_Demented,0,True,0.9926654696464539,0.005924502853304148,0.9867409667931497,0.033952159249479266,0.9748674035072327,0.9926654696464539,0.005924502853304148,0.001386435003951192,2.3576520106871612e-05
273,data/dataset/Non_Demented/non_914.jpg,non_914.jpg,Non_Demented,0,Non_Demented,0,True,0.837566614151001,0.16238492727279663,0.6751816868782043,0.320392177217636,0.7796111106872559,0.837566614151001,0.16238492727279663,2.0622908778022975e-05,2.7828727979795076e-05
274,data/dataset/Non_Demented/non_1879.jpg,non_1879.jpg,Non_Demented,0,Non_Demented,0,True,0.9999988079071045,7.857294690438721e-07,0.9999980221776354,1.2619789908038351e-05,0.999969482421875,0.9999988079071045,7.857294690438721e-07,3.389211542526027e-07,1.1419928114264621e-08
275,data/dataset/Non_Demented/non_2598.jpg,non_2598.jpg,Non_Demented,0,Non_Demented,0,True,0.9999364614486694,6.315349310170859e-05,0.9998733079555677,0.000490799772670831,0.9994121789932251,0.9999364614486694,6.315349310170859e-05,1.2160677798078723e-08,4.037453891214682e-07
276,data/dataset/Non_Demented/non_3033.jpg,non_3033.jpg,Non_Demented,0,Non_Demented,0,True,0.9999995231628418,4.1613486700953217e-07,0.9999991070279748,4.909451113419847e-06,0.9999871253967285,0.9999995231628418,4.1613486700953217e-07,4.1303667153158585e-09,7.223471598649667e-09
277,data/dataset/Non_Demented/non_2761.jpg,non_2761.jpg,Non_Demented,0,Non_Demented,0,True,0.9999964237213135,3.0864773634675657e-06,0.99999333724395,3.6439729516769796e-05,0.9999277591705322,0.9999964237213135,3.0864773634675657e-06,3.833532673525042e-07,1.3351603911360144e-07
278,data/dataset/Non_Demented/non_1404.jpg,non_1404.jpg,Non_Demented,0,Non_Demented,0,True,0.9996328353881836,0.0003655108157545328,0.9992673245724291,0.0023681769173205976,0.9977335929870605,0.9996328353881836,0.0003655108157545328,6.505931082756433e-07,1.0061448847409338e-06
279,data/dataset/Non_Demented/non_1823.jpg,non_1823.jpg,Non_Demented,0,Non_Demented,0,True,0.9999903440475464,9.407679499418009e-06,0.999980936368047,8.751822779817404e-05,0.999860405921936,0.9999903440475464,9.407679499418009e-06,1.0061664568183915e-07,7.073825969428071e-08
280,data/dataset/Non_Demented/non_1681.jpg,non_1681.jpg,Non_Demented,0,Non_Demented,0,True,0.9994868040084839,0.000501740665640682,0.9989850633428432,0.00321753977499216,0.9969863295555115,0.9994868040084839,0.000501740665640682,2.348129783058539e-06,9.04279022506671e-06
281,data/dataset/Non_Demented/non_317.jpg,non_317.jpg,Non_Demented,0,Non_Demented,0,True,0.999992847442627,6.853367267467547e-06,0.9999859940753595,6.753567339291844e-05,0.9998853206634521,0.999992847442627,6.853367267467547e-06,2.8131003659837006e-07,4.3462396348559196e-08
282,data/dataset/Non_Demented/non_594.jpg,non_594.jpg,Non_Demented,0,Non_Demented,0,True,0.7168374061584473,0.2831411361694336,0.43369626998901367,0.43002847290941953,0.6717060804367065,0.7168374061584473,0.2831411361694336,1.965389856195543e-05,1.748813360791246e-06
283,data/dataset/Non_Demented/non_1479.jpg,non_1479.jpg,Non_Demented,0,Non_Demented,0,True,0.9998217225074768,0.00017809880955610424,0.9996436236979207,0.001239556306575608,0.9987142086029053,0.9998217225074768,0.00017809880955610424,1.103635014487736e-07,4.7601293573507064e-08
284,data/dataset/Non_Demented/non_1529.jpg,non_1529.jpg,Non_Demented,0,Non_Demented,0,True,0.9999998807907104,1.3752324434790353e-07,0.9999997432674661,1.676804275411591e-06,0.9999946355819702,0.9999998807907104,1.2826095741047538e-09,1.3752324434790353e-07,2.85764495400187e-10
285,data/dataset/Non_Demented/non_246.jpg,non_246.jpg,Non_Demented,0,Non_Demented,0,True,0.8585555553436279,0.1414320468902588,0.7171235084533691,0.2941029737002412,0.8006624579429626,0.8585555553436279,7.683467629249208e-06,0.1414320468902588,4.709763288701652e-06
286,data/dataset/Non_Demented/non_2373.jpg,non_2373.jpg,Non_Demented,0,Non_Demented,0,True,0.9999966621398926,2.2266394807957113e-06,0.9999944355004118,3.470191379501206e-05,0.9999290704727173,0.9999966621398926,2.2266394807957113e-06,1.09241375412239e-06,4.7045890738672824e-08
287,data/dataset/Non_Demented/non_1073.jpg,non_1073.jpg,Non_Demented,0,Non_Demented,0,True,0.9999440908432007,4.683118095272221e-05,0.999897259662248,0.000453579468759054,0.9994112253189087,0.9999440908432007,4.683118095272221e-05,8.960776540334336e-06,1.1789371967552142e-07
288,data/dataset/Non_Demented/non_296.jpg,non_296.jpg,Non_Demented,0,Non_Demented,0,True,1.0,6.998881918462985e-09,0.9999999930011181,1.1833929049473668e-07,0.9999992847442627,1.0,1.0311780318517094e-09,6.998881918462985e-09,5.287204007942137e-10
289,data/dataset/Non_Demented/non_2439.jpg,non_2439.jpg,Non_Demented,0,Non_Demented,0,True,0.9997870326042175,0.00020462885731831193,0.9995824037468992,0.0014816118945324658,0.9984365105628967,0.9997870326042175,0.00020462885731831193,5.488418082677526e-06,2.8460992780310335e-06
290,data/dataset/Non_Demented/non_784.jpg,non_784.jpg,Non_Demented,0,Non_Demented,0,True,0.998227059841156,0.0017667690990492702,0.9964602907421067,0.009412250393046273,0.9924161434173584,0.998227059841156,0.0017667690990492702,1.7694389953248901e-06,4.42027703684289e-06
291,data/dataset/Non_Demented/non_1031.jpg,non_1031.jpg,Non_Demented,0,Non_Demented,0,True,0.8887647390365601,0.11017820239067078,0.7785865366458893,0.2566482050343743,0.8290178179740906,0.8887647390365601,0.11017820239067078,0.0005874120979569852,0.0004696164687629789
292,data/dataset/Non_Demented/non_615.jpg,non_615.jpg,Non_Demented,0,Non_Demented,0,True,0.9966645836830139,0.003334270091727376,0.9933303135912865,0.016131291438400298,0.9878151416778564,0.9966645836830139,0.003334270091727376,4.323387869931139e-08,1.102437067856954e-06
293,data/dataset/Non_Demented/non_703.jpg,non_703.jpg,Non_Demented,0,Non_Demented,0,True,0.9998006224632263,0.00019904010696336627,0.999601582356263,0.0013711578005098056,0.9985948204994202,0.9998006224632263,0.00019904010696336627,4.525992025605774e-08,2.9848709459656675e-07
294,data/dataset/Non_Demented/non_2792.jpg,non_2792.jpg,Non_Demented,0,Non_Demented,0,True,0.9969990253448486,0.0027645716909319162,0.9942344536539167,0.015432133592522426,0.9876718521118164,0.9969990253448486,0.0027645716909319162,6.309823220362887e-05,0.00017332722200080752
295,data/dataset/Non_Demented/non_2621.jpg,non_2621.jpg,Non_Demented,0,Non_Demented,0,True,0.9456087946891785,0.05410262569785118,0.8915061689913273,0.15378484410754448,0.8991130590438843,0.9456087946891785,0.05410262569785118,5.7071756600635126e-05,0.0002315867750439793
296,data/dataset/Non_Demented/non_1685.jpg,non_1685.jpg,Non_Demented,0,Non_Demented,0,True,0.7583675980567932,0.2416313737630844,0.5167362242937088,0.3988824578338276,0.7072978615760803,0.7583675980567932,0.2416313737630844,3.6113553392169706e-07,6.512775598821463e-07
297,data/dataset/Non_Demented/non_2713.jpg,non_2713.jpg,Non_Demented,0,Non_Demented,0,True,0.6496970057487488,0.35030144453048706,0.2993955612182617,0.4671854106196548,0.6169116497039795,0.6496970057487488,0.35030144453048706,7.210545049929351e-07,8.902936201593548e-07
298,data/dataset/Non_Demented/non_588.jpg,non_588.jpg,Non_Demented,0,Very_Mild_Demented,1,False,0.9767851233482361,0.022997863590717316,0.9537872597575188,0.08055472273594384,0.9458730816841125,0.022997863590717316,0.9767851233482361,0.00013870923430658877,7.838036981411278e-05
299,data/dataset/Non_Demented/non_971.jpg,non_971.jpg,Non_Demented,0,Non_Demented,0,True,0.9999998807907104,1.4289875593931356e-07,0.9999997378919545,2.0073854254320787e-06,0.9999934434890747,0.9999998807907104,1.4289875593931356e-07,2.3250509073591275e-08,1.180729403138514e-10
300,data/dataset/Non_Demented/non_3154.jpg,non_3154.jpg,Non_Demented,0,Non_Demented,0,True,0.9999936819076538,6.333385499601718e-06,0.9999873485221542,5.937223408085938e-05,0.9999017715454102,0.9999936819076538,6.333385499601718e-06,2.0333106032222048e-10,9.541694545589507e-09
301,data/dataset/Non_Demented/non_482.jpg,non_482.jpg,Non_Demented,0,Non_Demented,0,True,0.9999836683273315,1.55226716742618e-05,0.9999681456556573,0.00014444908291449355,0.999782145023346,0.9999836683273315,6.677456099168921e-07,1.55226716742618e-05,1.6225568799654866e-07
302,data/dataset/Non_Demented/non_1784.jpg,non_1784.jpg,Non_Demented,0,Non_Demented,0,True,0.9998142123222351,0.0001858259638538584,0.9996283863583812,0.0012858992488144504,0.9986764788627625,0.9998142123222351,0.0001858259638538584,1.9201618073338977e-08,7.93622856321008e-09
303,data/dataset/Non_Demented/non_3007.jpg,non_3007.jpg,Non_Demented,0,Non_Demented,0,True,0.9952942728996277,0.004382576327770948,0.9909116965718567,0.0224454275482015,0.9829869270324707,0.9952942728996277,0.004382576327770948,0.00031794694950804114,5.1580232138803694e-06
304,data/dataset/Non_Demented/non_2573.jpg,non_2573.jpg,Non_Demented,0,Non_Demented,0,True,0.999900221824646,7.356696005444974e-05,0.9998266548645915,0.0007887094977002095,0.9990133047103882,0.999900221824646,7.356696005444974e-05,1.6076615793281235e-05,1.0082322660309728e-05
305,data/dataset/Non_Demented/non_1521.jpg,non_1521.jpg,Non_Demented,0,Non_Demented,0,True,0.9963380098342896,0.0036399043165147305,0.9926981055177748,0.017561407797192143,0.9867140650749207,0.9963380098342896,0.0036399043165147305,4.867221377935493e-06,1.7280235624639317e-05
306,data/dataset/Non_Demented/non_2268.jpg,non_2268.jpg,Non_Demented,0,Non_Demented,0,True,1.0,2.9776453303043127e-08,0.9999999702235467,3.773063597580267e-07,0.9999984502792358,1.0,2.9776453303043127e-08,2.6914614981166096e-10,4.685639376500461e-11
307,data/dataset/Non_Demented/non_2421.jpg,non_2421.jpg,Non_Demented,0,Non_Demented,0,True,0.956285834312439,0.04369020089507103,0.9125956334173679,0.12968935454431452,0.915081799030304,0.956285834312439,0.04369020089507103,3.682148417283315e-06,2.0281078832340427e-05
308,data/dataset/Non_Demented/non_209.jpg,non_209.jpg,Non_Demented,0,Non_Demented,0,True,0.9999983310699463,1.6273343135253526e-06,0.9999967037356328,1.7575001984441644e-05,0.9999628067016602,0.9999983310699463,1.6273343135253526e-06,3.327853903556388e-08,2.4669974507673942e-08
309,data/dataset/Non_Demented/non_2730.jpg,non_2730.jpg,Non_Demented,0,Non_Demented,0,True,0.9998102784156799,0.00018788178567774594,0.9996223966300022,0.0013183601344057682,0.9986227750778198,0.9998102784156799,0.00018788178567774594,5.224443384577171e-07,1.3627885664391215e-06
310,data/dataset/Non_Demented/non_1811.jpg,non_1811.jpg,Non_Demented,0,Non_Demented,0,True,0.9944217801094055,0.002822636626660824,0.9915991434827447,0.029041691791441917,0.9772369861602783,0.9944217801094055,0.002822636626660824,0.0015569464303553104,0.0011986661702394485
311,data/dataset/Non_Demented/non_2492.jpg,non_2492.jpg,Non_Demented,0,Non_Demented,0,True,1.0,3.9976384869078174e-08,0.9999999600236151,5.773484845549806e-07,0.999997615814209,1.0,6.169204258554828e-09,3.9976384869078174e-08,1.207407229752988e-10
312,data/dataset/Non_Demented/non_2357.jpg,non_2357.jpg,Non_Demented,0,Non_Demented,0,True,0.9005323052406311,0.09394123405218124,0.8065910711884499,0.2512342771765385,0.835222065448761,0.9005323052406311,0.09394123405218124,0.004213472828269005,0.0013129478320479393
313,data/dataset/Non_Demented/non_1798.jpg,non_1798.jpg,Non_Demented,0,Non_Demented,0,True,0.9927859902381897,0.006958088371902704,0.985827901866287,0.031747978538672034,0.9768295884132385,0.9927859902381897,0.006958088371902704,6.144608778413385e-05,0.0001944325485965237
314,data/dataset/Non_Demented/non_336.jpg,non_336.jpg,Non_Demented,0,Non_Demented,0,True,0.9999539852142334,3.423369344091043e-05,0.9999197515207925,0.0003855387905235035,0.9994720816612244,0.9999539852142334,1.0889176337514073e-05,3.423369344091043e-05,8.604387176092132e-07
315,data/dataset/Non_Demented/non_3200.jpg,non_3200.jpg,Non_Demented,0,Non_Demented,0,True,0.9985135197639465,0.0014788996195420623,0.9970346201444045,0.00809076190429842,0.9933517575263977,0.9985135197639465,1.991058297790005e-06,0.0014788996195420623,5.578451236942783e-06
316,data/dataset/Non_Demented/non_421.jpg,non_421.jpg,Non_Demented,0,Non_Demented,0,True,0.7980027198791504,0.2019331455230713,0.5960695743560791,0.36339693351600255,0.7422812581062317,0.7980027198791504,0.2019331455230713,4.8833800974534824e-05,1.5341593098128214e-05
317,data/dataset/Non_Demented/non_826.jpg,non_826.jpg,Non_Demented,0,Non_Demented,0,True,0.9958826303482056,0.004117265809327364,0.9917653645388782,0.0192779545429237,0.9857111573219299,0.9958826303482056,0.004117265809327364,1.7410668462503054e-08,8.431756981508443e-08
318,data/dataset/Non_Demented/non_1519.jpg,non_1519.jpg,Non_Demented,0,Non_Demented,0,True,0.9972891807556152,0.00270988792181015,0.9945792928338051,0.01351752060841869,0.9896008372306824,0.9972891807556152,0.00270988792181015,1.002672320282727e-06,3.09533305653531e-08
319,data/dataset/Non_Demented/non_2470.jpg,non_2470.jpg,Non_Demented,0,Non_Demented,0,True,0.999790370464325,0.00020795052114408463,0.9995824199431809,0.0014400668315779962,0.9985172152519226,0.999790370464325,0.00020795052114408463,8.135611437865009e-07,8.817775096758851e-07
320,data/dataset/Non_Demented/non_782.jpg,non_782.jpg,Non_Demented,0,Non_Demented,0,True,0.9996188879013062,0.00037034411798231304,0.9992485437833238,0.0024751966488079373,0.997597873210907,0.9996188879013062,0.00037034411798231304,1.0211991138930898e-05,4.692693664765102e-07
321,data/dataset/Non_Demented/non_2990.jpg,non_2990.jpg,Non_Demented,0,Non_Demented,0,True,0.9999083280563354,9.035348193719983e-05,0.9998179745743982,0.0006859288698337459,0.9992104768753052,0.9999083280563354,9.035348193719983e-05,1.1424822332628537e-06,1.426116256197929e-07
322,data/dataset/Non_Demented/non_2429.jpg,non_2429.jpg,Non_Demented,0,Non_Demented,0,True,0.9999629259109497,3.501072569633834e-05,0.9999279151852534,0.0003062476925118825,0.9995872378349304,0.9999629259109497,3.501072569633834e-05,1.1804924042735365e-06,8.713267334314878e-07
323,data/dataset/Non_Demented/non_761.jpg,non_761.jpg,Non_Demented,0,Non_Demented,0,True,0.9997454285621643,0.00025453008129261434,0.9994908984808717,0.0017031443594462015,0.9983154535293579,0.9997454285621643,0.00025453008129261434,1.2690415385208098e-10,1.459582871232712e-10
324,data/dataset/Non_Demented/non_2181.jpg,non_2181.jpg,Non_Demented,0,Non_Demented,0,True,0.9999908208847046,9.233072887582239e-06,0.999981587811817,8.389150270985149e-05,0.9998691082000732,0.9999908208847046,9.233072887582239e-06,1.973405883148871e-10,4.058013036711827e-09
325,data/dataset/Non_Demented/non_3044.jpg,non_3044.jpg,Non_Demented,0,Non_Demented,0,True,1.0,1.5494378002856024e-09,0.9999999984505622,2.271248099215559e-08,0.9999998807907104,1.0,7.170720180832424e-13,1.5494378002856024e-09,2.9116306262712277e-13
326,data/dataset/Non_Demented/non_345.jpg,non_345.jpg,Non_Demented,0,Non_Demented,0,True,1.0,5.6254041425063406e-08,0.9999999437459586,6.910203262533525e-07,0.9999973773956299,1.0,5.6254041425063406e-08,5.6157686140201335e-11,8.40376546129562e-10
327,data/dataset/Non_Demented/non_1850.jpg,non_1850.jpg,Non_Demented,0,Non_Demented,0,True,1.0,9.703446934850035e-09,0.9999999902965531,2.1438025178943699e-07,0.9999988079071045,1.0,5.546782144705276e-09,9.703446934850035e-09,5.98659510853139e-10
328,data/dataset/Non_Demented/non_1973.jpg,non_1973.jpg,Non_Demented,0,Non_Demented,0,True,0.9999608993530273,3.124808790744282e-05,0.9999296512651199,0.0003289818801065453,0.9995459914207458,0.9999608993530273,3.124808790744282e-05,7.578006716357777e-06,2.2649653885764565e-07
329,data/dataset/Non_Demented/non_1690.jpg,non_1690.jpg,Non_Demented,0,Non_Demented,0,True,0.9999998807907104,9.203650819245013e-08,0.9999997887542023,1.7237123623613797e-06,0.9999939203262329,0.9999998807907104,9.203650819245013e-08,4.113255158699758e-08,4.1312819831773595e-09
330,data/dataset/Non_Demented/non_2157.jpg,non_2157.jpg,Non_Demented,0,Non_Demented,0,True,0.9938324689865112,0.006167148239910603,0.9876653207466006,0.027077090974973336,0.980548620223999,0.9938324689865112,0.006167148239910603,4.553605492674251e-08,4.0258444755636447e-07
331,data/dataset/Non_Demented/non_2856.jpg,non_2856.jpg,Non_Demented,0,Non_Demented,0,True,0.7283036112785339,0.27169451117515564,0.4566091001033783,0.4219631745145573,0.6814802289009094,0.7283036112785339,0.27169451117515564,3.818470304395305e-07,1.5906199450910208e-06
332,data/dataset/Non_Demented/non_1541.jpg,non_1541.jpg,Non_Demented,0,Non_Demented,0,True,0.9999990463256836,5.753242930950364e-07,0.9999984710013905,1.0250829007425905e-05,0.9999743700027466,0.9999990463256836,3.3225146012227924e-07,5.753242930950364e-07,1.6945873593243732e-09
333,data/dataset/Non_Demented/non_713.jpg,non_713.jpg,Non_Demented,0,Non_Demented,0,True,0.9638442993164062,0.03589710220694542,0.9279471971094608,0.11331400494458083,0.925234317779541,0.9638442993164062,0.0002538861008360982,0.03589710220694542,4.68397456643288e-06
334,data/dataset/Non_Demented/non_666.jpg,non_666.jpg,Non_Demented,0,Non_Demented,0,True,0.9999978542327881,2.1720150016335538e-06,0.9999956822177865,2.2231014476431072e-05,0.9999560117721558,0.9999978542327881,2.1720150016335538e-06,1.5583177415123828e-08,3.603793707895875e-09
335,data/dataset/Non_Demented/non_355.jpg,non_355.jpg,Non_Demented,0,Non_Demented,0,True,0.9997186064720154,0.00028069823747500777,0.9994379082345404,0.0018663259996932748,0.9981642365455627,0.9997186064720154,0.00028069823747500777,4.5775529144975735e-08,6.707588227072847e-07
336,data/dataset/Non_Demented/non_930.jpg,non_930.jpg,Non_Demented,0,Non_Demented,0,True,0.9900051951408386,0.00860555935651064,0.981399635784328,0.043512642564195764,0.9685888290405273,0.9900051951408386,0.0013065775856375694,0.00860555935651064,8.278241875814274e-05
337,data/dataset/Non_Demented/non_882.jpg,non_882.jpg,Non_Demented,0,Non_Demented,0,True,0.9914633631706238,0.008512010797858238,0.9829513523727655,0.035588902014367096,0.974884033203125,0.9914633631706238,0.008512010797858238,2.310914351255633e-05,1.434297132618667e-06
338,data/dataset/Non_Demented/non_1398.jpg,non_1398.jpg,Non_Demented,0,Non_Demented,0,True,0.9999754428863525,2.0539491742965765e-05,0.9999549033946096,0.0002142929652340996,0.9996862411499023,0.9999754428863525,2.0539491742965765e-05,3.957703029300319e-06,9.902351649770935e-08
339,data/dataset/Non_Demented/non_1631.jpg,non_1631.jpg,Non_Demented,0,Non_Demented,0,True,0.999997615814209,1.7601239505893318e-06,0.9999958556902584,2.4550129773617146e-05,0.9999476671218872,0.999997615814209,1.7601239505893318e-06,5.538502136914758e-07,1.964981954927225e-08
340,data/dataset/Non_Demented/non_1497.jpg,non_1497.jpg,Non_Demented,0,Non_Demented,0,True,0.9893469214439392,0.010646755807101727,0.9787001656368375,0.042587881101590765,0.9704697728157043,0.9893469214439392,0.010646755807101727,3.6013830140291248e-06,2.7474989110487513e-06
341,data/dataset/Non_Demented/non_3102.jpg,non_3102.jpg,Non_Demented,0,Non_Demented,0,True,0.9937059283256531,0.006285001058131456,0.9874209272675216,0.02758726138538434,0.9801449775695801,0.9937059283256531,0.006285001058131456,8.123669431370217e-06,8.785301588432048e-07
342,data/dataset/Non_Demented/non_1504.jpg,non_1504.jpg,Non_Demented,0,Non_Demented,0,True,0.9999914169311523,8.521360541635659e-06,0.9999828955706107,7.806732241488851e-05,0.9998766183853149,0.9999914169311523,8.521360541635659e-06,1.5801739916554425e-09,7.479509456231881e-09
343,data/dataset/Non_Demented/non_1512.jpg,non_1512.jpg,Non_Demented,0,Non_Demented,0,True,0.9555456042289734,0.037700846791267395,0.917844757437706,0.14495596424068272,0.9051969051361084,0.9555456042289734,0.037700846791267395,0.0067290328443050385,2.450082502036821e-05
344,data/dataset/Non_Demented/non_2745.jpg,non_2745.jpg,Non_Demented,0,Non_Demented,0,True,0.9999994039535522,5.784042400591716e-07,0.9999988255493122,6.46007208056433e-06,0.9999843835830688,0.9999994039535522,5.784042400591716e-07,3.367962297939897e-10,2.2367752094965e-09
345,data/dataset/Non_Demented/non_1279.jpg,non_1279.jpg,Non_Demented,0,Non_Demented,0,True,0.991496205329895,0.00807094108313322,0.9834252642467618,0.03669579041700689,0.973474383354187,0.991496205329895,0.00807094108313322,0.00038389666588045657,4.902161526842974e-05
346,data/dataset/Non_Demented/non_757.jpg,non_757.jpg,Non_Demented,0,Non_Demented,0,True,0.9998446702957153,0.0001496559416409582,0.9996950143540744,0.0011142284004822345,0.998778760433197,0.9998446702957153,0.0001496559416409582,3.949625806853874e-06,1.6642372884234646e-06
347,data/dataset/Non_Demented/non_3198.jpg,non_3198.jpg,Non_Demented,0,Non_Demented,0,True,0.9993064403533936,0.0003495129058137536,0.9989569274475798,0.004556009199187412,0.9955614805221558,0.9993064403533936,0.0003495129058137536,0.0003158852632623166,2.8134869353380054e-05
348,data/dataset/Non_Demented/non_2886.jpg,non_2886.jpg,Non_Demented,0,Non_Demented,0,True,0.9986690282821655,0.001328134210780263,0.9973408940713853,0.0073329337894160514,0.9939360022544861,0.9986690282821655,0.001328134210780263,2.2318715764413355e-06,6.259763267735252e-07
349,data/dataset/Non_Demented/non_282.jpg,non_282.jpg,Non_Demented,0,Non_Demented,0,True,0.9999995231628418,2.53499280233882e-07,0.9999992696635616,5.755797666847386e-06,0.9999831914901733,0.9999995231628418,2.53499280233882e-07,1.4922194679911627e-07,7.996909090479676e-08
350,data/dataset/Non_Demented/non_2185.jpg,non_2185.jpg,Non_Demented,0,Non_Demented,0,True,0.9913187623023987,0.005563340149819851,0.9857554221525788,0.04013573634221532,0.9706272482872009,0.9913187623023987,0.005563340149819851,0.003097628941759467,2.023839988396503e-05
351,data/dataset/Non_Demented/non_2815.jpg,non_2815.jpg,Non_Demented,0,Non_Demented,0,True,0.9028406739234924,0.0970958024263382,0.8057448714971542,0.23037587731459533,0.8476376533508301,0.9028406739234924,0.0970958024263382,2.8538286642287858e-05,3.494410702842288e-05
352,data/dataset/Non_Demented/non_1451.jpg,non_1451.jpg,Non_Demented,0,Non_Demented,0,True,0.9999991655349731,8.516344678355381e-07,0.9999983139005053,9.600246031102002e-06,0.9999772310256958,0.9999991655349731,8.516344678355381e-07,1.4650175295116696e-08,1.7199223378838724e-08
353,data/dataset/Non_Demented/non_1974.jpg,non_1974.jpg,Non_Demented,0,Non_Demented,0,True,1.0,1.926610676550311e-10,0.9999999998073389,5.661080581779805e-09,1.0,1.0,1.926610676550311e-10,1.4797695013779588e-10,7.364079832039572e-12
354,data/dataset/Non_Demented/non_1257.jpg,non_1257.jpg,Non_Demented,0,Non_Demented,0,True,0.96866375207901,0.03092781826853752,0.9377359338104725,0.10213559484187246,0.9321876764297485,0.96866375207901,0.03092781826853752,0.00039622426265850663,1.2191775567771401e-05
355,data/dataset/Non_Demented/non_1477.jpg,non_1477.jpg,Non_Demented,0,Non_Demented,0,True,0.9943848848342896,0.005544443614780903,0.9888404412195086,0.025338311440774385,0.9813636541366577,0.9943848848342896,0.005544443614780903,4.0811799408402294e-05,2.9892116799601354e-05
356,data/dataset/Non_Demented/non_2829.jpg,non_2829.jpg,Non_Demented,0,Non_Demented,0,True,0.9999833106994629,1.216074451804161e-05,0.9999711499549448,0.00015312986103004674,0.9997523427009583,0.9999833106994629,3.2423656648461474e-06,1.216074451804161e-05,1.2496619774537976e-06
357,data/dataset/Non_Demented/non_268.jpg,non_268.jpg,Non_Demented,0,Non_Demented,0,True,0.9991350769996643,0.0008246072102338076,0.9983104697894305,0.0051567452704584325,0.9953796863555908,0.9991350769996643,0.0008246072102338076,3.2571075280429795e-05,7.869101864343975e-06
358,data/dataset/Non_Demented/non_668.jpg,non_668.jpg,Non_Demented,0,Non_Demented,0,True,0.996207594871521,0.0037858826108276844,0.9924217122606933,0.01801783228559406,0.9864922165870667,0.996207594871521,0.0037858826108276844,1.342289692729537e-06,5.156619408808183e-06
359,data/dataset/Non_Demented/non_1902.jpg,non_1902.jpg,Non_Demented,0,Non_Demented,0,True,0.9991692304611206,0.00047255889512598515,0.9986966715659946,0.005297441522719653,0.9950045943260193,0.9991692304611206,0.00034651823807507753,0.00047255889512598515,1.1803052984760143e-05
360,data/dataset/Non_Demented/non_1469.jpg,non_1469.jpg,Non_Demented,0,Non_Demented,0,True,0.9986341595649719,0.0009213484008796513,0.9977128111640923,0.008151714302462996,0.992778480052948,0.9986341595649719,0.0009213484008796513,0.00042952047078870237,1.4923707567504607e-05
361,data/dataset/Non_Demented/non_1379.jpg,non_1379.jpg,Non_Demented,0,Non_Demented,0,True,0.9926885962486267,0.0073056891560554504,0.9853829070925713,0.031229923798610542,0.9777894020080566,0.9926885962486267,0.0073056891560554504,4.04488628191757e-06,1.619946942810202e-06
362,data/dataset/Non_Demented/non_2603.jpg,non_2603.jpg,Non_Demented,0,Non_Demented,0,True,0.9999902248382568,9.794647667149547e-06,0.9999804301905897,8.859852531486995e-05,0.9998630285263062,0.9999902248382568,9.794647667149547e-06,3.254177760592114e-10,3.77032316478676e-09
363,data/dataset/Non_Demented/non_1743.jpg,non_1743.jpg,Non_Demented,0,Non_Demented,0,True,0.9612900018692017,0.02387361042201519,0.9374163914471865,0.13739051192272184,0.9101687669754028,0.9612900018692017,0.02387361042201519,0.014678394421935081,0.00015790484030731022
364,data/dataset/Non_Demented/non_601.jpg,non_601.jpg,Non_Demented,0,Non_Demented,0,True,0.9976098537445068,0.0016556401969864964,0.9959542135475203,0.013323978319932877,0.9888536930084229,0.9976098537445068,0.0006848678458482027,0.0016556401969864964,4.959027864970267e-05
365,data/dataset/Non_Demented/non_283.jpg,non_283.jpg,Non_Demented,0,Non_Demented,0,True,0.9999994039535522,3.05618158336074e-07,0.9999990983353939,6.499828766430249e-06,0.9999822378158569,0.9999994039535522,2.434783823446196e-07,3.05618158336074e-07,6.488317438879676e-09
366,data/dataset/Non_Demented/non_1448.jpg,non_1448.jpg,Non_Demented,0,Non_Demented,0,True,0.9999951124191284,2.7634796424536034e-06,0.999992348939486,5.003750936040037e-05,0.9999028444290161,0.9999951124191284,2.104340410369332e-06,2.7634796424536034e-06,9.937853917563189e-08
367,data/dataset/Non_Demented/non_3016.jpg,non_3016.jpg,Non_Demented,0,Non_Demented,0,True,0.999725878238678,0.0002734862209763378,0.9994523920177016,0.0018225911810728392,0.9982023239135742,0.999725878238678,0.0002734862209763378,6.184738055026173e-08,5.394252298174251e-07
368,data/dataset/Non_Demented/non_1175.jpg,non_1175.jpg,Non_Demented,0,Non_Demented,0,True,0.9999074935913086,9.244237298844382e-05,0.9998150512183201,0.0006861705104967623,0.9992281198501587,0.9999074935913086,9.244237298844382e-05,1.8306677007640104e-10,1.878372346553192e-09
369,data/dataset/Non_Demented/non_1270.jpg,non_1270.jpg,Non_Demented,0,Non_Demented,0,True,0.9942159056663513,0.005780480336397886,0.9884354253299534,0.0256823170509338,0.9814258813858032,0.9942159056663513,0.005780480336397886,1.3273545391712105e-06,2.27758891924168e-06
370,data/dataset/Non_Demented/non_1201.jpg,non_1201.jpg,Non_Demented,0,Non_Demented,0,True,0.9999823570251465,1.7671014575171284e-05,0.9999646860105713,0.00015243081411633771,0.9997835755348206,0.9999823570251465,1.7671014575171284e-05,1.575066121972668e-08,1.7524123818724036e-10
371,data/dataset/Non_Demented/non_2018.jpg,non_2018.jpg,Non_Demented,0,Non_Demented,0,True,0.9995555281639099,0.0004387012158986181,0.9991168269480113,0.002817461438482787,0.997344434261322,0.9995555281639099,5.473829787661089e-06,0.0004387012158986181,2.1053909904367174e-07
372,data/dataset/Non_Demented/non_742.jpg,non_742.jpg,Non_Demented,0,Non_Demented,0,True,0.9986841082572937,0.0013141973176971078,0.9973699109395966,0.007255158666406725,0.9940031170845032,0.9986841082572937,0.0013141973176971078,1.062539013219066e-06,6.352606192194798e-07
373,data/dataset/Non_Demented/non_1772.jpg,non_1772.jpg,Non_Demented,0,Non_Demented,0,True,0.9999974966049194,2.487416395524633e-06,0.9999950091885239,2.522877841545794e-05,0.9999513626098633,0.9999974966049194,2.0175626502805244e-08,2.487416395524633e-06,7.294896353648994e-10
374,data/dataset/Non_Demented/non_2410.jpg,non_2410.jpg,Non_Demented,0,Non_Demented,0,True,0.9999668598175049,3.272964750067331e-05,0.9999341301700042,0.00027228378520142163,0.9996402263641357,0.9999668598175049,3.272964750067331e-05,5.1351417340583794e-08,3.6838781625192496e-07
375,data/dataset/Non_Demented/non_2919.jpg,non_2919.jpg,Non_Demented,0,Non_Demented,0,True,0.9999973773956299,2.49401705332275e-06,0.9999948833785766,2.6151219602848585e-05,0.9999485015869141,0.9999973773956299,8.00493396013735e-08,2.49401705332275e-06,7.80910713871208e-09
376,data/dataset/Non_Demented/non_2177.jpg,non_2177.jpg,Non_Demented,0,Non_Demented,0,True,0.9999667406082153,1.7704609490465373e-05,0.9999490359987249,0.0002891105618835256,0.999580442905426,0.9999667406082153,1.4938777894712985e-05,1.7704609490465373e-05,5.42168777428742e-07
377,data/dataset/Non_Demented/non_2671.jpg,non_2671.jpg,Non_Demented,0,Non_Demented,0,True,0.5826659798622131,0.4173003137111664,0.16536566615104675,0.4903656192639086,0.5638279318809509,0.5826659798622131,0.4173003137111664,1.3186917385610286e-05,2.0546360246953554e-05
378,data/dataset/Non_Demented/non_240.jpg,non_240.jpg,Non_Demented,0,Non_Demented,0,True,0.9188510179519653,0.08106231689453125,0.8377887010574341,0.20363214514880143,0.8661403059959412,0.9188510179519653,6.555281288456172e-05,0.08106231689453125,2.1087647837703116e-05
379,data/dataset/Non_Demented/non_2281.jpg,non_2281.jpg,Non_Demented,0,Non_Demented,0,True,0.9997065663337708,0.0002929534821305424,0.9994136128516402,0.001935703196424825,0.9981093406677246,0.9997065663337708,0.0002929534821305424,1.8415772018443022e-08,4.380570999273914e-07
380,data/dataset/Non_Demented/non_1373.jpg,non_1373.jpg,Non_Demented,0,Non_Demented,0,True,0.9944915771484375,0.0055061220191419125,0.9889854551292956,0.024645248230086465,0.9821244478225708,0.9944915771484375,2.1955281681584893e-06,0.0055061220191419125,9.071858642073494e-08
381,data/dataset/Non_Demented/non_770.jpg,non_770.jpg,Non_Demented,0,Non_Demented,0,True,0.9992039799690247,0.0007960397633723915,0.9984079402056523,0.004672645347315818,0.9959439635276794,0.9992039799690247,0.0007960397633723915,5.9163188126376554e-08,3.155815520017313e-08
382,data/dataset/Non_Demented/non_1034.jpg,non_1034.jpg,Non_Demented,0,Non_Demented,0,True,0.9999995231628418,4.3808520899801806e-07,0.9999990850776328,5.581569972682985e-06,0.9999850988388062,0.9999995231628418,4.569486478089857e-08,4.3808520899801806e-07,3.85135701108652e-09
383,data/dataset/Non_Demented/non_126.jpg,non_126.jpg,Non_Demented,0,Non_Demented,0,True,0.9999997615814209,2.4293083811244287e-07,0.9999995186505828,2.844457069912968e-06,0.9999921321868896,0.9999997615814209,2.4293083811244287e-07,3.070438348018456e-11,1.846213459888446e-10
384,data/dataset/Non_Demented/non_547.jpg,non_547.jpg,Non_Demented,0,Non_Demented,0,True,0.9999889135360718,1.111421897803666e-05,0.9999777993170937,9.946318078312737e-05,0.9998492002487183,0.9999889135360718,1.554979756068775e-10,1.111421897803666e-05,5.768323041444035e-10
385,data/dataset/Non_Demented/non_2489.jpg,non_2489.jpg,Non_Demented,0,Non_Demented,0,True,0.9988865256309509,0.0010836917208507657,0.9978028339101002,0.0063715265860326735,0.9945132732391357,0.9988865256309509,0.0010836917208507657,2.6444542527315207e-05,3.3681853892630897e-06
386,data/dataset/Non_Demented/non_199.jpg,non_199.jpg,Non_Demented,0,Non_Demented,0,True,0.9975478053092957,0.002255213912576437,0.9952925913967192,0.012977969380613803,0.9894204139709473,0.9975478053092957,0.002255213912576437,0.00014138329424895346,5.556797259487212e-05
387,data/dataset/Non_Demented/non_1049.jpg,non_1049.jpg,Non_Demented,0,Non_Demented,0,True,0.9995217323303223,0.0004775295383296907,0.9990442027919926,0.002986289954401061,0.9972466230392456,0.9995217323303223,6.805148018429463e-07,0.0004775295383296907,2.557976941375273e-08
388,data/dataset/Non_Demented/non_2885.jpg,non_2885.jpg,Non_Demented,0,Non_Demented,0,True,0.9990615248680115,0.000925010594073683,0.9981365142739378,0.005451143291145145,0.9952574372291565,0.9990615248680115,0.000925010594073683,2.606134103189106e-06,1.0798674338730052e-05
389,data/dataset/Non_Demented/non_1523.jpg,non_1523.jpg,Non_Demented,0,Non_Demented,0,True,0.9998195767402649,0.00018009866471402347,0.9996394780755509,0.0012536739996090317,0.9986987113952637,0.9998195767402649,0.00018009866471402347,2.0027589187066042e-07,1.0276142603515837e-07
390,data/dataset/Non_Demented/non_1347.jpg,non_1347.jpg,Non_Demented,0,Non_Demented,0,True,0.9999899864196777,1.0004634532378986e-05,0.9999799817851454,9.033847454943213e-05,0.9998608827590942,0.9999899864196777,1.7196497559268664e-09,1.0004634532378986e-05,4.4087414274862624e-10
391,data/dataset/Non_Demented/non_679.jpg,non_679.jpg,Non_Demented,0,Non_Demented,0,True,0.9999945163726807,3.286772880528588e-06,0.9999912295998001,5.5094370331912385e-05,0.9998941421508789,0.9999945163726807,3.286772880528588e-06,2.0040849904034985e-06,2.0115594168146345e-07
392,data/dataset/Non_Demented/non_1037.jpg,non_1037.jpg,Non_Demented,0,Non_Demented,0,True,0.9941144585609436,0.005741217639297247,0.9883732409216464,0.026592043467732904,0.9803658127784729,0.9941144585609436,0.005741217639297247,9.246823174180463e-05,5.191020682104863e-05
393,data/dataset/Non_Demented/non_1452.jpg,non_1452.jpg,Non_Demented,0,Non_Demented,0,True,0.9959404468536377,0.004047243390232325,0.9918932034634054,0.019113990583157367,0.9857165813446045,0.9959404468536377,0.004047243390232325,8.081350642896723e-06,4.233410436427221e-06
394,data/dataset/Non_Demented/non_2332.jpg,non_2332.jpg,Non_Demented,0,Non_Demented,0,True,0.9962307810783386,0.003379387315362692,0.9928513937629759,0.018912211938032577,0.9851630330085754,0.9962307810783386,0.003379387315362692,0.0003302933182567358,5.955513915978372e-05
395,data/dataset/Non_Demented/non_1338.jpg,non_1338.jpg,Non_Demented,0,Non_Demented,0,True,0.9999324083328247,6.755493086529896e-05,0.9998648534019594,0.0005167809095776389,0.9993935823440552,0.9999324083328247,5.993757046240944e-09,6.755493086529896e-05,3.0515509563677767e-10
396,data/dataset/Non_Demented/non_2551.jpg,non_2551.jpg,Non_Demented,0,Non_Demented,0,True,1.0,1.4053226138344144e-08,0.9999999859467739,2.0574108717851192e-07,0.999998927116394,1.0,1.4053226138344144e-08,1.1868876992338073e-09,3.0758098845673487e-10
397,data/dataset/Non_Demented/non_2456.jpg,non_2456.jpg,Non_Demented,0,Non_Demented,0,True,0.8422936797142029,0.15727771818637848,0.6850159615278244,0.3167042027503653,0.7829074859619141,0.8422936797142029,0.15727771818637848,0.0003245383850298822,0.00010414872667752206
398,data/dataset/Non_Demented/non_1804.jpg,non_1804.jpg,Non_Demented,0,Non_Demented,0,True,0.9999765157699585,2.31844860536512e-05,0.9999533312839048,0.00019878616379495812,0.9997242093086243,0.9999765157699585,2.31844860536512e-05,2.118254371907824e-08,2.848016720236046e-07
399,data/dataset/Non_Demented/non_1402.jpg,non_1402.jpg,Non_Demented,0,Non_Demented,0,True,0.9998893737792969,6.899054278619587e-05,0.9998203832365107,0.0008598737016633809,0.9989637136459351,0.9998893737792969,6.899054278619587e-05,4.144075865042396e-05,1.3891641970076307e-07
400,data/dataset/Non_Demented/non_2469.jpg,non_2469.jpg,Non_Demented,0,Non_Demented,0,True,0.9969149827957153,0.0021571468096226454,0.9947578359860927,0.016689264964064403,0.986351728439331,0.9969149827957153,0.0021571468096226454,0.0008193765534088016,0.00010844715143321082
401,data/dataset/Non_Demented/non_928.jpg,non_928.jpg,Non_Demented,0,Non_Demented,0,True,0.9963127970695496,0.0022035189904272556,0.9941092780791223,0.019544612299472023,0.9843435287475586,0.9963127970695496,0.0014175835531204939,0.0022035189904272556,6.60889272694476e-05
402,data/dataset/Non_Demented/non_1138.jpg,non_1138.jpg,Non_Demented,0,Non_Demented,0,True,0.9999656677246094,3.384158117114566e-05,0.9999318261434382,0.00028069120075631995,0.9996304512023926,0.9999656677246094,2.838111186065362e-07,3.384158117114566e-05,1.360724155574644e-07
403,data/dataset/Non_Demented/non_569.jpg,non_569.jpg,Non_Demented,0,Non_Demented,0,True,0.9959098100662231,0.004083157517015934,0.9918266525492072,0.019210372079206915,0.9856851100921631,0.9959098100662231,0.004083157517015934,4.114579496672377e-06,2.9370257834671065e-06
404,data/dataset/Non_Demented/non_848.jpg,non_848.jpg,Non_Demented,0,Non_Demented,0,True,0.9999889135360718,1.0481756362423766e-05,0.9999784317797094,0.00010019639539267126,0.9998403787612915,0.9999889135360718,1.0481756362423766e-05,4.3981776798318606e-07,7.27161477698246e-08
405,data/dataset/Non_Demented/non_174.jpg,non_174.jpg,Non_Demented,0,Non_Demented,0,True,0.7036944627761841,0.2962987720966339,0.40739569067955017,0.43842436495490283,0.6608318090438843,0.7036944627761841,0.2962987720966339,1.937158458531485e-06,4.8854690248845145e-06
406,data/dataset/Non_Demented/non_1363.jpg,non_1363.jpg,Non_Demented,0,Very_Mild_Demented,1,False,0.8286449313163757,0.14382733404636383,0.6848175972700119,0.3868184338194169,0.7497806549072266,0.14382733404636383,0.8286449313163757,0.026978667825460434,0.0005489932373166084
407,data/dataset/Non_Demented/non_2346.jpg,non_2346.jpg,Non_Demented,0,Non_Demented,0,True,0.9999997615814209,2.8399327334227564e-07,0.9999994775881476,3.283463412821644e-06,0.9999909400939941,0.9999997615814209,2.8399327334227564e-07,1.0172551689890952e-09,5.320038853895426e-10
408,data/dataset/Non_Demented/non_444.jpg,non_444.jpg,Non_Demented,0,Non_Demented,0,True,0.9494702816009521,0.0504288375377655,0.8990414440631866,0.1448963937499901,0.9050724506378174,0.9494702816009521,0.0504288375377655,4.703002923633903e-05,5.3788760851603e-05
409,data/dataset/Non_Demented/non_2269.jpg,non_2269.jpg,Non_Demented,0,Non_Demented,0,True,0.9999889135360718,8.73309818416601e-06,0.9999801804378876,0.00010470718205612755,0.9998238682746887,0.9999889135360718,2.1912426291237352e-06,8.73309818416601e-06,2.4911423679441214e-07
410,data/dataset/Non_Demented/non_2003.jpg,non_2003.jpg,Non_Demented,0,Non_Demented,0,True,0.9999996423721313,1.8711538984916842e-07,0.9999994552567415,3.843204799211317e-06,0.9999884366989136,0.9999996423721313,1.8711538984916842e-07,1.219520413542341e-07,6.921589523756211e-09
411,data/dataset/Non_Demented/non_1063.jpg,non_1063.jpg,Non_Demented,0,Very_Mild_Demented,1,False,0.9033634066581726,0.07088732719421387,0.8324760794639587,0.2698959856346737,0.8297351002693176,0.07088732719421387,0.9033634066581726,0.02567548118531704,7.378037116723135e-05
412,data/dataset/Non_Demented/non_2467.jpg,non_2467.jpg,Non_Demented,0,Non_Demented,0,True,0.9999271631240845,6.897972343722358e-05,0.9998581834006472,0.0005651708484460869,0.9993102550506592,0.9999271631240845,6.897972343722358e-05,3.2923171602305956e-06,5.669223241966392e-07
413,data/dataset/Non_Demented/non_1993.jpg,non_1993.jpg,Non_Demented,0,Non_Demented,0,True,1.0,3.3140004518372734e-08,0.9999999668599955,4.791673268267875e-07,0.9999978542327881,1.0,3.3140004518372734e-08,2.806927357212885e-09,1.904511215400362e-09
414,data/dataset/Non_Demented/non_1325.jpg,non_1325.jpg,Non_Demented,0,Non_Demented,0,True,0.9984318614006042,0.0015328461304306984,0.9968990152701735,0.00856944672526416,0.9928873181343079,0.9984318614006042,0.0015328461304306984,2.8411321181920357e-05,6.866097464808263e-06
415,data/dataset/Non_Demented/non_68.jpg,non_68.jpg,Non_Demented,0,Non_Demented,0,True,0.9932645559310913,0.006036870647221804,0.9872276852838695,0.030862224891065857,0.9770986437797546,0.9932645559310913,0.0006608221447095275,0.006036870647221804,3.7834590330021456e-05
416,data/dataset/Non_Demented/non_2539.jpg,non_2539.jpg,Non_Demented,0,Non_Demented,0,True,0.9997908473014832,0.00012662065273616463,0.999664226648747,0.0015492319794541264,0.9982477426528931,0.9997908473014832,7.466835813829675e-05,0.00012662065273616463,7.888847903814167e-06
417,data/dataset/Non_Demented/non_29.jpg,non_29.jpg,Non_Demented,0,Non_Demented,0,True,0.9949029684066772,0.005096181761473417,0.9898067866452038,0.023083127125070654,0.9831684827804565,0.9949029684066772,0.005096181761473417,1.969611673757754e-07,6.19939328316832e-07
418,data/dataset/Non_Demented/non_2753.jpg,non_2753.jpg,Non_Demented,0,Non_Demented,0,True,0.9920439720153809,0.007955992594361305,0.9840879794210196,0.03345821970174344,0.9764069318771362,0.9920439720153809,0.007955992594361305,7.053197137452116e-09,3.4720432751100816e-08
419,data/dataset/Non_Demented/non_52.jpg,non_52.jpg,Non_Demented,0,Non_Demented,0,True,0.9999998807907104,1.1476435446411415e-07,0.999999766026356,1.4213102125247473e-06,0.9999954700469971,0.9999998807907104,5.007924630540117e-10,1.1476435446411415e-07,2.935058585062933e-10
420,data/dataset/Non_Demented/non_973.jpg,non_973.jpg,Non_Demented,0,Non_Demented,0,True,0.9999953508377075,3.046872507184162e-06,0.9999923039652003,4.637094820274039e-05,0.999910831451416,0.9999953508377075,3.046872507184162e-06,1.5522357443842338e-06,9.340093143350714e-09
421,data/dataset/Non_Demented/non_2839.jpg,non_2839.jpg,Non_Demented,0,Non_Demented,0,True,0.9964118599891663,0.0035774142015725374,0.9928344457875937,0.0172131348675082,0.9870041012763977,0.9964118599891663,6.7285923250892665e-06,0.0035774142015725374,3.907655354851158e-06
422,data/dataset/Non_Demented/non_153.jpg,non_153.jpg,Non_Demented,0,Non_Demented,0,True,0.9999998807907104,7.820757730314654e-08,0.9999998025831331,1.0569718153004745e-06,0.9999963045120239,0.9999998807907104,7.820757730314654e-08,2.054261427630877e-09,1.2277862060372513e-09
423,data/dataset/Non_Demented/non_2347.jpg,non_2347.jpg,Non_Demented,0,Non_Demented,0,True,0.8296079635620117,0.1703660637140274,0.6592418998479843,0.3294868132757436,0.77207350730896,0.8296079635620117,0.1703660637140274,9.499080988462083e-07,2.503408722986933e-05
424,data/dataset/Non_Demented/non_2428.jpg,non_2428.jpg,Non_Demented,0,Non_Demented,0,True,0.7070541977882385,0.29214906692504883,0.4149051308631897,0.44050402216479867,0.6615139842033386,0.7070541977882385,0.29214906692504883,0.0006379994447343051,0.00015873271331656724
425,data/dataset/Non_Demented/non_2275.jpg,non_2275.jpg,Non_Demented,0,Non_Demented,0,True,0.9999997615814209,1.6008905845410482e-07,0.9999996014923624,2.35633318810274e-06,0.9999924898147583,0.9999997615814209,1.6008905845410482e-07,7.65831753568591e-09,2.1527128524212458e-08
426,data/dataset/Non_Demented/non_488.jpg,non_488.jpg,Non_Demented,0,Very_Mild_Demented,1,False,0.8153590559959412,0.18379324674606323,0.6315658092498779,0.34929328125368436,0.7561267018318176,0.18379324674606323,0.8153590559959412,0.0006537746521644294,0.00019388417422305793
427,data/dataset/Non_Demented/non_2858.jpg,non_2858.jpg,Non_Demented,0,Non_Demented,0,True,0.999957799911499,4.2176241549896076e-05,0.9999156236699491,0.0003373315832215973,0.9995766282081604,0.999957799911499,4.2176241549896076e-05,7.764835885382126e-09,2.4408929988339878e-08
428,data/dataset/Non_Demented/non_2143.jpg,non_2143.jpg,Non_Demented,0,Non_Demented,0,True,0.8732481598854065,0.12661859393119812,0.7466295659542084,0.2750229174438822,0.8152063488960266,0.8732481598854065,0.12661859393119812,0.00011673921108013019,1.6577729184064083e-05
429,data/dataset/Non_Demented/non_1764.jpg,non_1764.jpg,Non_Demented,0,Non_Demented,0,True,0.9999035596847534,9.603229409549385e-05,0.9998075273906579,0.0007145263599975273,0.9991926550865173,0.9999035596847534,9.603229409549385e-05,2.6551765586191323e-07,1.0649241488636108e-07
430,data/dataset/Non_Demented/non_2630.jpg,non_2630.jpg,Non_Demented,0,Non_Demented,0,True,0.9990116357803345,0.0009673720924183726,0.9980442636879161,0.005728249665540615,0.9950110912322998,0.9990116357803345,0.0009673720924183726,1.4195044968801085e-05,6.739492619090015e-06
431,data/dataset/Non_Demented/non_2285.jpg,non_2285.jpg,Non_Demented,0,Non_Demented,0,True,0.9979520440101624,0.0019668869208544493,0.9959851570893079,0.01088196441358482,0.9911479949951172,0.9979520440101624,0.0019668869208544493,7.602733239764348e-05,5.122845777805196e-06
432,data/dataset/Non_Demented/non_2721.jpg,non_2721.jpg,Non_Demented,0,Very_Mild_Demented,1,False,0.8425338864326477,0.1574084460735321,0.6851254403591156,0.3144950641022012,0.7844370007514954,0.1574084460735321,0.8425338864326477,9.17591114557581e-06,4.8424932174384594e-05
433,data/dataset/Non_Demented/non_732.jpg,non_732.jpg,Non_Demented,0,Non_Demented,0,True,0.9812399744987488,0.018755929544568062,0.9624840449541807,0.0672392132179515,0.954839289188385,0.9812399744987488,0.018755929544568062,5.092561536912399e-07,3.575366235963884e-06
434,data/dataset/Non_Demented/non_2056.jpg,non_2056.jpg,Non_Demented,0,Non_Demented,0,True,0.9709936380386353,0.02886185422539711,0.9421317838132381,0.09540223758444856,0.9366416931152344,0.9709936380386353,0.02886185422539711,0.0001145694186561741,2.999180469487328e-05
435,data/dataset/Non_Demented/non_2037.jpg,non_2037.jpg,Non_Demented,0,Non_Demented,0,True,0.9998188614845276,0.00017903219850268215,0.9996398292860249,0.0012657821492659189,0.9986685514450073,0.9998188614845276,0.00017903219850268215,2.936810687970137e-07,1.858758992057119e-06
436,data/dataset/Non_Demented/non_82.jpg,non_82.jpg,Non_Demented,0,Non_Demented,0,True,0.9999997615814209,2.2465715687758347e-07,0.999999536924264,3.4866198217324057e-06,0.9999891519546509,0.9999997615814209,2.2465715687758347e-07,4.454653890206828e-08,2.283788447243751e-08
437,data/dataset/Non_Demented/non_1580.jpg,non_1580.jpg,Non_Demented,0,Non_Demented,0,True,1.0,3.042250673601643e-09,0.9999999969577493,7.035145917031341e-08,0.9999995231628418,1.0,1.7732670887227187e-09,3.042250673601643e-09,9.241141185611923e-11
438,data/dataset/Non_Demented/non_1266.jpg,non_1266.jpg,Non_Demented,0,Non_Demented,0,True,0.9999997615814209,2.2160087098654913e-07,0.9999995399805499,2.790203059571033e-06,0.999991774559021,0.9999997615814209,2.2160087098654913e-07,6.490399773184663e-09,5.9006444175224715e-09
439,data/dataset/Non_Demented/non_1162.jpg,non_1162.jpg,Non_Demented,0,Non_Demented,0,True,0.998944103717804,0.0010526569094508886,0.9978914468083531,0.005998621844263238,0.9949132204055786,0.998944103717804,0.0010526569094508886,3.0346006951731397e-06,2.9843425863873563e-07
440,data/dataset/Non_Demented/non_2946.jpg,non_2946.jpg,Non_Demented,0,Non_Demented,0,True,0.9996492862701416,0.00035057723289355636,0.999298709037248,0.002266289289214522,0.9978396892547607,0.9996492862701416,0.00035057723289355636,1.538177918369854e-09,1.1868256422076229e-07
441,data/dataset/Non_Demented/non_2676.jpg,non_2676.jpg,Non_Demented,0,Non_Demented,0,True,0.8635298609733582,0.13639643788337708,0.7271334230899811,0.28794522087742375,0.8053780794143677,0.8635298609733582,0.13639643788337708,5.132488513481803e-05,2.2348916900227778e-05
442,data/dataset/Non_Demented/non_1676.jpg,non_1676.jpg,Non_Demented,0,Non_Demented,0,True,0.9970429539680481,0.0029384801164269447,0.9941044738516212,0.01464046386023942,0.9887131452560425,0.9970429539680481,0.0029384801164269447,1.4912210644979496e-05,3.733417997864308e-06
443,data/dataset/Non_Demented/non_1284.jpg,non_1284.jpg,Non_Demented,0,Non_Demented,0,True,0.9839339852333069,0.015936819836497307,0.9679971653968096,0.05996366453030908,0.9590409994125366,0.9839339852333069,0.015936819836497307,9.959500312106684e-05,2.962176404253114e-05
444,data/dataset/Non_Demented/non_141.jpg,non_141.jpg,Non_Demented,0,Non_Demented,0,True,0.9998283386230469,0.00010874863073695451,0.9997195899923099,0.001291248429906887,0.9985067248344421,0.9998283386230469,0.00010874863073695451,5.777882324764505e-05,5.091545517643681e-06
445,data/dataset/Non_Demented/non_2648.jpg,non_2648.jpg,Non_Demented,0,Non_Demented,0,True,0.9999831914901733,1.6679025065968744e-05,0.9999665124651074,0.0001462943064413838,0.9997876286506653,0.9999831914901733,1.6679025065968744e-05,3.5226467076654444e-08,1.193192673554222e-07
446,data/dataset/Non_Demented/non_3151.jpg,non_3151.jpg,Non_Demented,0,Non_Demented,0,True,0.9999294281005859,5.017642615712248e-05,0.9998792516744288,0.0005704360956227337,0.9992639422416687,0.9999294281005859,5.017642615712248e-05,1.9251241610618308e-05,1.0495519973119372e-06
447,data/dataset/Non_Demented/non_1304.jpg,non_1304.jpg,Non_Demented,0,Non_Demented,0,True,0.99498450756073,0.005011620000004768,0.9899728875607252,0.022790334723663482,0.9833313226699829,0.99498450756073,0.005011620000004768,7.034190616650449e-07,3.1353795293398434e-06
448,data/dataset/Non_Demented/non_102.jpg,non_102.jpg,Non_Demented,0,Non_Demented,0,True,1.0,5.1860435945627614e-08,0.999999948139564,7.539375499696622e-07,0.9999969005584717,1.0,5.1860435945627614e-08,8.886551050579783e-09,4.893335181499481e-10
449,data/dataset/Non_Demented/non_2784.jpg,non_2784.jpg,Non_Demented,0,Non_Demented,0,True,0.7241816520690918,0.27574270963668823,0.44843894243240356,0.42538322150961505,0.6776160001754761,0.7241816520690918,0.27574270963668823,2.7795987989520654e-05,4.787072612089105e-05
450,data/dataset/Non_Demented/non_1339.jpg,non_1339.jpg,Non_Demented,0,Non_Demented,0,True,0.9999656677246094,3.4332930226810277e-05,0.9999313347943826,0.00027946110072433697,0.9996397495269775,0.9999656677246094,6.717420841795274e-09,3.4332930226810277e-05,1.7423389397919209e-09
451,data/dataset/Non_Demented/non_1499.jpg,non_1499.jpg,Non_Demented,0,Non_Demented,0,True,0.9990811347961426,0.0009133750572800636,0.9981677597388625,0.005324443470712344,0.9953943490982056,0.9990811347961426,0.0009133750572800636,2.8702343115583062e-06,2.6513523607718525e-06
452,data/dataset/Non_Demented/non_2750.jpg,non_2750.jpg,Non_Demented,0,Non_Demented,0,True,0.999995231628418,4.78982474305667e-06,0.9999904418036749,4.57765352650934e-05,0.9999212026596069,0.999995231628418,4.78982474305667e-06,5.242839842822811e-11,9.383621657477192e-10
453,data/dataset/Non_Demented/non_39.jpg,non_39.jpg,Non_Demented,0,Non_Demented,0,True,0.9998242259025574,0.00016229040920734406,0.99966193549335,0.0012615245709462195,0.9986149072647095,0.9998242259025574,0.00016229040920734406,1.1522504792083055e-05,1.9711515051312745e-06
454,data/dataset/Non_Demented/non_1318.jpg,non_1318.jpg,Non_Demented,0,Non_Demented,0,True,0.9998307228088379,0.00013179125380702317,0.9996989315550309,0.0012505277583994487,0.9985846281051636,0.9998307228088379,3.625289537012577e-05,0.00013179125380702317,1.1865413398481905e-06
455,data/dataset/Non_Demented/non_258.jpg,non_258.jpg,Non_Demented,0,Non_Demented,0,True,0.9999886751174927,1.1312959941278677e-05,0.9999773621575514,0.00010111562712599078,0.9998472929000854,0.9999886751174927,1.6132192803830492e-11,1.1312959941278677e-05,4.833013503291461e-11
456,data/dataset/Non_Demented/non_1087.jpg,non_1087.jpg,Non_Demented,0,Non_Demented,0,True,0.84244704246521,0.15708008408546448,0.6853669583797455,0.3166382689015908,0.783041775226593,0.84244704246521,0.15708008408546448,0.0004297469276934862,4.321067899581976e-05
457,data/dataset/Non_Demented/non_1659.jpg,non_1659.jpg,Non_Demented,0,Non_Demented,0,True,0.9994996786117554,0.0004772574466187507,0.9990224211651366,0.00317312794263576,0.9969910383224487,0.9994996786117554,2.210486309195403e-05,0.0004772574466187507,8.537992925994331e-07
458,data/dataset/Non_Demented/non_310.jpg,non_310.jpg,Non_Demented,0,Non_Demented,0,True,0.9249367117881775,0.06387416273355484,0.8610625490546227,0.2202865580973914,0.8578193783760071,0.9249367117881775,0.06387416273355484,0.007294910494238138,0.0038942827377468348
459,data/dataset/Non_Demented/non_2044.jpg,non_2044.jpg,Non_Demented,0,Non_Demented,0,True,1.0,2.248219210798652e-08,0.9999999775178079,2.9029047089557185e-07,0.9999986886978149,1.0,2.565919143826534e-10,2.248219210798652e-08,3.479787291649217e-11
460,data/dataset/Non_Demented/non_264.jpg,non_264.jpg,Non_Demented,0,Non_Demented,0,True,0.9971619844436646,0.002815349493175745,0.9943466349504888,0.014156401222398068,0.9890198111534119,0.9971619844436646,0.002815349493175745,8.153587259585038e-06,1.4525002370646689e-05
461,data/dataset/Non_Demented/non_744.jpg,non_744.jpg,Non_Demented,0,Non_Demented,0,True,0.9999994039535522,6.419011242542183e-07,0.999998762052428,7.046721183485708e-06,0.9999831914901733,0.9999994039535522,6.419011242542183e-07,6.367724125766472e-10,2.9818919555779644e-10
462,data/dataset/Non_Demented/non_405.jpg,non_405.jpg,Non_Demented,0,Non_Demented,0,True,0.999994158744812,5.7893735174729954e-06,0.9999883693712945,5.468538668671483e-05,0.9999082088470459,0.999994158744812,5.7893735174729954e-06,5.281245996080486e-10,7.518535127815085e-09
463,data/dataset/Non_Demented/non_2324.jpg,non_2324.jpg,Non_Demented,0,Non_Demented,0,True,0.9999973773956299,1.8875554133046535e-06,0.9999954898402166,2.779264148409892e-05,0.9999409914016724,0.9999973773956299,7.185194590419997e-07,1.8875554133046535e-06,5.145485459934207e-08
464,data/dataset/Non_Demented/non_2566.jpg,non_2566.jpg,Non_Demented,0,Non_Demented,0,True,0.9999995231628418,4.400821751460171e-07,0.9999990830806667,4.99579408794817e-06,0.9999874830245972,0.9999995231628418,4.400821751460171e-07,3.5944323906189624e-11,3.0882002510779216e-10
465,data/dataset/Non_Demented/non_161.jpg,non_161.jpg,Non_Demented,0,Non_Demented,0,True,0.9999958276748657,4.072826868650736e-06,0.9999917548479971,4.062440625503353e-05,0.9999264478683472,0.9999958276748657,4.072826868650736e-06,2.0716248716468044e-09,9.625273378333077e-08
466,data/dataset/Non_Demented/non_1652.jpg,non_1652.jpg,Non_Demented,0,Non_Demented,0,True,0.9996084570884705,0.0003882426244672388,0.9992202144640032,0.0025135004098297883,0.9976004958152771,0.9996084570884705,0.0003882426244672388,2.456962647556793e-06,8.621378810858005e-07
467,data/dataset/Non_Demented/non_2414.jpg,non_2414.jpg,Non_Demented,0,Non_Demented,0,True,0.9976221919059753,0.0023733279667794704,0.9952488639391959,0.012101927378323532,0.9905411601066589,0.9976221919059753,0.0023733279667794704,1.589345288266486e-06,2.9457928576448467e-06
468,data/dataset/Non_Demented/non_654.jpg,non_654.jpg,Non_Demented,0,Non_Demented,0,True,0.9955137372016907,0.004449160769581795,0.9910645764321089,0.020898575277907602,0.9844114184379578,0.9955137372016907,0.004449160769581795,1.3907061656937003e-05,2.3190654246718623e-05
469,data/dataset/Non_Demented/non_1055.jpg,non_1055.jpg,Non_Demented,0,Non_Demented,0,True,0.9999966621398926,2.950158659587032e-06,0.999993711981233,3.3807964057212746e-05,0.9999330043792725,0.9999966621398926,2.950158659587032e-06,3.1825422297515615e-07,7.318367067910003e-08
470,data/dataset/Non_Demented/non_960.jpg,non_960.jpg,Non_Demented,0,Non_Demented,0,True,0.9999998807907104,8.583166533071562e-08,0.9999997949590451,1.1057978987704864e-06,0.9999963045120239,0.9999998807907104,8.583166533071562e-08,7.826837511437645e-10,3.246749397112225e-11
471,data/dataset/Non_Demented/non_899.jpg,non_899.jpg,Non_Demented,0,Non_Demented,0,True,0.8996630907058716,0.10015376657247543,0.7995093241333961,0.2360718782176775,0.8435412645339966,0.8996630907058716,0.10015376657247543,4.760867159347981e-05,0.00013549247523769736
472,data/dataset/Non_Demented/non_1550.jpg,non_1550.jpg,Non_Demented,0,Non_Demented,0,True,0.9995471835136414,0.00044479683856479824,0.9991023866750766,0.002874924133991478,0.9972744584083557,0.9995471835136414,0.00044479683856479824,3.0212765977921663e-06,5.040397809352726e-06
473,data/dataset/Non_Demented/non_935.jpg,non_935.jpg,Non_Demented,0,Non_Demented,0,True,0.9945334196090698,0.0054666223004460335,0.9890667973086238,0.02447373315705569,0.9822672009468079,0.9945334196090698,0.0054666223004460335,1.8139062474276102e-10,1.5453768265061285e-09
474,data/dataset/Non_Demented/non_1560.jpg,non_1560.jpg,Non_Demented,0,Non_Demented,0,True,0.9996777772903442,0.00023600515851285309,0.9994417721318314,0.002246602314244955,0.9976444840431213,0.9996777772903442,0.00023600515851285309,8.308748510899022e-05,3.208724137948593e-06
475,data/dataset/Non_Demented/non_1312.jpg,non_1312.jpg,Non_Demented,0,Non_Demented,0,True,0.9770136475563049,0.022244321182370186,0.9547693263739347,0.08136666895404068,0.9450927972793579,0.9770136475563049,0.0007261826540343463,0.022244321182370186,1.5820012777112424e-05
476,data/dataset/Non_Demented/non_2759.jpg,non_2759.jpg,Non_Demented,0,Non_Demented,0,True,0.6284289956092834,0.3715590834617615,0.256869912147522,0.4760370996855872,0.599897563457489,0.6284289956092834,0.3715590834617615,2.104634859279031e-06,9.828247129917145e-06
477,data/dataset/Non_Demented/non_552.jpg,non_552.jpg,Non_Demented,0,Non_Demented,0,True,1.0,2.5990509657652927e-12,0.999999999997401,8.987557424801912e-11,1.0,1.0,2.5990509657652927e-12,1.9233583909566976e-13,2.465045235736595e-15
478,data/dataset/Non_Demented/non_2114.jpg,non_2114.jpg,Non_Demented,0,Non_Demented,0,True,0.9985707998275757,0.0014248568331822753,0.9971459429943934,0.007806458459048677,0.9935817718505859,0.9985707998275757,0.0014248568331822753,6.433824069063121e-07,3.7313129723770544e-06
479,data/dataset/Non_Demented/non_2122.jpg,non_2122.jpg,Non_Demented,0,Non_Demented,0,True,1.0,1.8631114012679362e-11,0.9999999999813689,4.551967353129502e-10,1.0,1.0,5.5203558738115e-12,1.8631114012679362e-11,5.791992861887973e-13
480,data/dataset/Non_Demented/non_403.jpg,non_403.jpg,Non_Demented,0,Non_Demented,0,True,0.9904272556304932,0.00806902814656496,0.9823582274839282,0.042271607693882975,0.9692990779876709,0.9904272556304932,0.00806902814656496,0.0013870778493583202,0.00011658493167487904
481,data/dataset/Non_Demented/non_232.jpg,non_232.jpg,Non_Demented,0,Non_Demented,0,True,0.9986605644226074,0.0013273038202896714,0.9973332606023178,0.007411429761583095,0.9938192963600159,0.9986605644226074,1.0020925401477143e-05,0.0013273038202896714,2.117998292305856e-06
482,data/dataset/Non_Demented/non_2828.jpg,non_2828.jpg,Non_Demented,0,Non_Demented,0,True,0.8820745944976807,0.11757095903158188,0.7645036354660988,0.2635830184694526,0.8237045407295227,0.8820745944976807,0.11757095903158188,0.0002432806941214949,0.00011115397501271218
483,data/dataset/Non_Demented/non_429.jpg,non_429.jpg,Non_Demented,0,Non_Demented,0,True,0.9999790191650391,2.0925004719174467e-05,0.9999580941603199,0.00017782842346202116,0.9997542500495911,0.9999790191650391,2.0925004719174467e-05,1.4847035822995736e-09,2.733675286137327e-09
484,data/dataset/Non_Demented/non_387.jpg,non_387.jpg,Non_Demented,0,Non_Demented,0,True,0.8880899548530579,0.11190773546695709,0.7761822193861008,0.2528457116194603,0.8317055702209473,0.8880899548530579,0.11190773546695709,2.8681685648734856e-07,2.0442753339011688e-06
485,data/dataset/Non_Demented/non_1608.jpg,non_1608.jpg,Non_Demented,0,Non_Demented,0,True,0.999863862991333,0.00013242379645816982,0.9997314391948748,0.0009856869884803808,0.9989113807678223,0.999863862991333,3.387295464563067e-06,0.00013242379645816982,3.4843549201468704e-07
486,data/dataset/Non_Demented/non_261.jpg,non_261.jpg,Non_Demented,0,Non_Demented,0,True,0.9999994039535522,6.211475920281373e-07,0.9999987828059602,6.86114099683424e-06,0.999983549118042,0.9999994039535522,6.211475920281373e-07,1.3861320424801704e-10,1.7410257679983943e-09
487,data/dataset/Non_Demented/non_943.jpg,non_943.jpg,Non_Demented,0,Non_Demented,0,True,0.9823184013366699,0.017235003411769867,0.9650833979249,0.06576190374487133,0.9549612402915955,0.9823184013366699,7.84966250648722e-05,0.017235003411769867,0.0003681391244754195
488,data/dataset/Non_Demented/non_2134.jpg,non_2134.jpg,Non_Demented,0,Non_Demented,0,True,0.9999960660934448,2.7008411507267738e-06,0.9999933652522941,3.999573377290696e-05,0.9999212026596069,0.9999960660934448,1.2222329814903787e-06,2.7008411507267738e-06,1.3312941860021965e-08
489,data/dataset/Non_Demented/non_1248.jpg,non_1248.jpg,Non_Demented,0,Non_Demented,0,True,0.9990875720977783,0.0009060055599547923,0.9981815665378235,0.005295591701512033,0.9954095482826233,0.9990875720977783,0.0009060055599547923,3.0297442208393477e-06,3.4026243156404234e-06
490,data/dataset/Non_Demented/non_1161.jpg,non_1161.jpg,Non_Demented,0,Very_Mild_Demented,1,False,0.7327529788017273,0.2671864330768585,0.4655665457248688,0.419183977872277,0.6849268078804016,0.2671864330768585,0.7327529788017273,3.379751433385536e-05,2.6828980480786413e-05
491,data/dataset/Non_Demented/non_1933.jpg,non_1933.jpg,Non_Demented,0,Non_Demented,0,True,0.9917367100715637,0.007961368188261986,0.9837753418833017,0.03560650873824918,0.9742368459701538,0.9917367100715637,0.007961368188261986,0.00017405470134690404,0.00012794477515853941
492,data/dataset/Non_Demented/non_2486.jpg,non_2486.jpg,Non_Demented,0,Non_Demented,0,True,0.999937891960144,6.0337646573316306e-05,0.9998775543135707,0.00048526143585521646,0.9994038343429565,0.999937891960144,1.5419149121953524e-06,6.0337646573316306e-05,2.472040137035947e-07
493,data/dataset/Non_Demented/non_2335.jpg,non_2335.jpg,Non_Demented,0,Non_Demented,0,True,0.9999871253967285,1.2875591892225202e-05,0.9999742498048363,0.00011415202542886172,0.9998297691345215,0.9999871253967285,1.2875591892225202e-05,6.321000611819727e-09,1.5163754696345677e-08
494,data/dataset/Non_Demented/non_257.jpg,non_257.jpg,Non_Demented,0,Non_Demented,0,True,0.8130614161491394,0.17940771579742432,0.6336537003517151,0.37300517426308055,0.7450410723686218,0.8130614161491394,0.17940771579742432,0.006018189713358879,0.0015126228099688888
495,data/dataset/Non_Demented/non_2531.jpg,non_2531.jpg,Non_Demented,0,Non_Demented,0,True,0.9979780316352844,0.0020218491554260254,0.9959561824798584,0.010506747311329957,0.9917048215866089,0.9979780316352844,0.0020218491554260254,1.2909767477253808e-08,1.430604328334084e-07
496,data/dataset/Non_Demented/non_3003.jpg,non_3003.jpg,Non_Demented,0,Non_Demented,0,True,0.9999992847442627,6.883329319862241e-07,0.9999985964113307,7.573652921858837e-06,0.9999822378158569,0.9999992847442627,6.883329319862241e-07,1.45379498370235e-11,8.092892467281843e-10
497,data/dataset/Non_Demented/non_1027.jpg,non_1027.jpg,Non_Demented,0,Non_Demented,0,True,0.9888306260108948,0.011160638183355331,0.9776699878275394,0.04427897038415124,0.9693780541419983,0.9888306260108948,0.011160638183355331,1.1769974435082986e-06,7.614868536620634e-06
498,data/dataset/Non_Demented/non_1439.jpg,non_1439.jpg,Non_Demented,0,Non_Demented,0,True,0.9999995231628418,2.7068600161328504e-07,0.9999992524768402,5.416494995964672e-06,0.999984860420227,0.9999995231628418,2.7068600161328504e-07,1.8842223425963311e-07,1.013165329410981e-09
499,data/dataset/Non_Demented/non_3002.jpg,non_3002.jpg,Non_Demented,0,Non_Demented,0,True,0.9483671188354492,0.05162512883543968,0.8967419900000095,0.14670486656622228,0.9041541218757629,0.9483671188354492,0.05162512883543968,4.977644039172446e-06,2.7475139177113306e-06
500,data/dataset/Non_Demented/non_3063.jpg,non_3063.jpg,Non_Demented,0,Non_Demented,0,True,0.7682380676269531,0.2316923439502716,0.5365457236766815,0.39102143183252763,0.715563952922821,0.7682380676269531,0.2316923439502716,5.1406754209892824e-05,1.8207827451988123e-05
501,data/dataset/Non_Demented/non_728.jpg,non_728.jpg,Non_Demented,0,Non_Demented,0,True,0.9998062252998352,0.00018888043996412307,0.9996173448598711,0.0013524827351803247,0.9985742568969727,0.9998062252998352,4.4519615585159045e-06,0.00018888043996412307,4.6569005007768283e-07
502,data/dataset/Non_Demented/non_1110.jpg,non_1110.jpg,Non_Demented,0,Non_Demented,0,True,0.9828238487243652,0.017155885696411133,0.9656679630279541,0.06275950586851817,0.957578718662262,0.9828238487243652,0.017155885696411133,1.58680668391753e-05,4.395448740979191e-06
503,data/dataset/Non_Demented/non_866.jpg,non_866.jpg,Non_Demented,0,Non_Demented,0,True,0.9996386766433716,0.00036047425237484276,0.9992782023909967,0.0023315822338916955,0.9977725148200989,0.9996386766433716,0.00036047425237484276,4.932060164719587e-07,4.053602822295943e-07
504,data/dataset/Non_Demented/non_548.jpg,non_548.jpg,Non_Demented,0,Non_Demented,0,True,0.999970555305481,1.5796378647792153e-05,0.9999547589268332,0.00025777755665536134,0.999622106552124,0.999970555305481,1.5796378647792153e-05,1.3420080904325005e-05,1.744104736189911e-07
505,data/dataset/Non_Demented/non_2263.jpg,non_2263.jpg,Non_Demented,0,Non_Demented,0,True,0.8944423198699951,0.09825927764177322,0.7961830422282219,0.26253923426353487,0.8286032676696777,0.8944423198699951,0.007249516434967518,0.09825927764177322,4.8789268475957215e-05
506,data/dataset/Non_Demented/non_2916.jpg,non_2916.jpg,Non_Demented,0,Non_Demented,0,True,0.9998948574066162,0.00010494737944100052,0.9997899100271752,0.000771604361891178,0.9991415739059448,0.9998948574066162,0.00010494737944100052,5.016542914404454e-08,1.364674488968376e-07
507,data/dataset/Non_Demented/non_1068.jpg,non_1068.jpg,Non_Demented,0,Non_Demented,0,True,0.9751402735710144,0.024858681485056877,0.9502815920859575,0.0839676109531595,0.9442954659461975,0.9751402735710144,0.024858681485056877,2.050345671023024e-07,7.782958846291876e-07
508,data/dataset/Non_Demented/non_367.jpg,non_367.jpg,Non_Demented,0,Non_Demented,0,True,0.99981290102005,0.00018711535085458308,0.9996257856691955,0.0012948800518400964,0.9986660480499268,0.99981290102005,0.00018711535085458308,5.8932126734134727e-08,5.1504660092405175e-08
509,data/dataset/Non_Demented/non_2862.jpg,non_2862.jpg,Non_Demented,0,Non_Demented,0,True,0.948401689529419,0.05090438947081566,0.8974973000586033,0.14947609826198446,0.9016912579536438,0.948401689529419,0.00055784045252949,0.05090438947081566,0.00013613108603749424
510,data/dataset/Non_Demented/non_1011.jpg,non_1011.jpg,Non_Demented,0,Non_Demented,0,True,0.9990884065628052,0.0008957961108535528,0.9981926104519516,0.005325319507340177,0.9953371286392212,0.9990884065628052,1.1622605597949587e-05,0.0008957961108535528,4.262099082552595e-06
511,data/dataset/Non_Demented/non_1667.jpg,non_1667.jpg,Non_Demented,0,Non_Demented,0,True,0.9998810291290283,8.662363688927144e-05,0.999794405492139,0.0009117593894527844,0.9989192485809326,0.9998810291290283,3.210259819752537e-05,8.662363688927144e-05,1.6514964329417126e-07
512,data/dataset/Non_Demented/non_3064.jpg,non_3064.jpg,Non_Demented,0,Non_Demented,0,True,0.9997195601463318,0.0002520918205846101,0.9994674683257472,0.0019281697181001655,0.9979963898658752,0.9997195601463318,0.0002520918205846101,2.6467858333489858e-05,1.8883920347434469e-06
513,data/dataset/Non_Demented/non_1906.jpg,non_1906.jpg,Non_Demented,0,Non_Demented,0,True,0.9999960660934448,3.0055562092456967e-06,0.9999930605372356,3.972867990202068e-05,0.9999219179153442,0.9999960660934448,8.812258442958409e-07,3.0055562092456967e-06,3.742148635410558e-08
514,data/dataset/Non_Demented/non_3058.jpg,non_3058.jpg,Non_Demented,0,Non_Demented,0,True,0.9559308886528015,0.04406310245394707,0.9118677861988544,0.13036971791112778,0.9147204756736755,0.9559308886528015,0.04406310245394707,1.1928913181691314e-06,4.927883310301695e-06
515,data/dataset/Non_Demented/non_1002.jpg,non_1002.jpg,Non_Demented,0,Non_Demented,0,True,0.9999996423721313,3.7217094472907775e-07,0.9999992702011866,4.241823324852516e-06,0.9999889135360718,0.9999996423721313,6.143880959541548e-10,3.7217094472907775e-07,6.624323485582284e-12
516,data/dataset/Non_Demented/non_652.jpg,non_652.jpg,Non_Demented,0,Non_Demented,0,True,0.99962317943573,0.0003268831642344594,0.9992962962714955,0.0025276088655138006,0.9974513649940491,0.99962317943573,0.0003268831642344594,4.7438894398510456e-05,2.4306148134201067e-06
517,data/dataset/Non_Demented/non_1602.jpg,non_1602.jpg,Non_Demented,0,Non_Demented,0,True,0.9691996574401855,0.01609472557902336,0.9531049318611622,0.1160721874567088,0.9227898120880127,0.9691996574401855,0.01609472557902336,0.014236072078347206,0.0004695233947131783
518,data/dataset/Non_Demented/non_253.jpg,non_253.jpg,Non_Demented,0,Non_Demented,0,True,0.9999945163726807,3.1973554541764315e-06,0.9999913190172265,5.4464934193911165e-05,0.9998962879180908,0.9999945163726807,2.150239652110031e-06,3.1973554541764315e-06,9.286018354259795e-08
519,data/dataset/Non_Demented/non_2107.jpg,non_2107.jpg,Non_Demented,0,Non_Demented,0,True,0.992109477519989,0.004063109867274761,0.9880463676527143,0.03785355881201288,0.9717050194740295,0.992109477519989,0.0035697482526302338,0.004063109867274761,0.00025772067601792514
520,data/dataset/Non_Demented/non_2700.jpg,non_2700.jpg,Non_Demented,0,Non_Demented,0,True,0.999864935874939,0.00013500615023076534,0.9997299297247082,0.0009667395892950661,0.9989608526229858,0.999864935874939,0.00013500615023076534,5.153024318360622e-08,8.182685462543304e-08
521,data/dataset/Non_Demented/non_2912.jpg,non_2912.jpg,Non_Demented,0,Non_Demented,0,True,0.9761049747467041,0.023894652724266052,0.952210322022438,0.08139499772131249,0.9459306001663208,0.9761049747467041,0.023894652724266052,1.9071012502536178e-07,1.3916822183546174e-07
522,data/dataset/Non_Demented/non_576.jpg,non_576.jpg,Non_Demented,0,Non_Demented,0,True,0.9999842643737793,1.4812183508183807e-05,0.9999694521902711,0.0001394484543075245,0.9997877478599548,0.9999842643737793,1.4812183508183807e-05,7.212643140519504e-07,1.7127119633641996e-07
523,data/dataset/Non_Demented/non_72.jpg,non_72.jpg,Non_Demented,0,Non_Demented,0,True,0.9999986886978149,1.2372014452921576e-06,0.9999974514963696,1.4325881107910702e-05,0.9999679327011108,0.9999986886978149,1.2372014452921576e-06,1.0515459081261724e-07,1.4624894628667562e-09
524,data/dataset/Non_Demented/non_1563.jpg,non_1563.jpg,Non_Demented,0,Very_Mild_Demented,1,False,0.997407853603363,0.002538020256906748,0.9948698333464563,0.013204224650353967,0.9895883798599243,0.002538020256906748,0.997407853603363,4.9341702833771706e-05,4.79242589790374e-06
525,data/dataset/Non_Demented/non_2150.jpg,non_2150.jpg,Non_Demented,0,Non_Demented,0,True,0.9998881816864014,0.00011115171946585178,0.9997770299669355,0.0008176147595512039,0.9990912675857544,0.9998881816864014,0.00011115171946585178,1.4943830706215522e-07,5.034215178056911e-07
526,data/dataset/Non_Demented/non_1556.jpg,non_1556.jpg,Non_Demented,0,Non_Demented,0,True,0.988365888595581,0.011632414534687996,0.9767334740608931,0.045734712157921645,0.9684992432594299,0.988365888595581,0.011632414534687996,7.486554522984079e-07,1.072376903721306e-06
527,data/dataset/Non_Demented/non_274.jpg,non_274.jpg,Non_Demented,0,Non_Demented,0,True,0.9863815307617188,0.0135895861312747,0.972791944630444,0.05212525424759757,0.9642735123634338,0.9863815307617188,0.0135895861312747,1.6492138456669636e-05,1.237482047145022e-05
528,data/dataset/Non_Demented/non_2838.jpg,non_2838.jpg,Non_Demented,0,Non_Demented,0,True,0.9999997615814209,2.0262935152004502e-07,0.9999995589520694,2.459208262618443e-06,0.999992847442627,0.9999997615814209,1.5309916667760604e-09,2.0262935152004502e-07,8.017612684874109e-10
529,data/dataset/Non_Demented/non_288.jpg,non_288.jpg,Non_Demented,0,Non_Demented,0,True,0.7766345143318176,0.21653513610363007,0.5600993782281876,0.4081879661197243,0.7126186490058899,0.7766345143318176,0.21653513610363007,0.004762176889926195,0.0020682490430772305
530,data/dataset/Non_Demented/non_638.jpg,non_638.jpg,Non_Demented,0,Non_Demented,0,True,0.9835143089294434,0.016188615933060646,0.9673256929963827,0.061761872132067894,0.9576812982559204,0.9835143089294434,0.00026304545463062823,0.016188615933060646,3.400286368560046e-05
531,data/dataset/Non_Demented/non_2673.jpg,non_2673.jpg,Non_Demented,0,Non_Demented,0,True,0.9999970197677612,1.8529748331275187e-06,0.9999951667929281,3.0109358219534374e-05,0.9999366998672485,0.9999970197677612,9.496482107351767e-07,1.8529748331275187e-06,6.878198632875865e-08
532,data/dataset/Non_Demented/non_89.jpg,non_89.jpg,Non_Demented,0,Non_Demented,0,True,0.9999765157699585,1.6543279343750328e-05,0.9999599724906147,0.00020830667995395144,0.999686598777771,0.9999765157699585,6.764291356375907e-06,1.6543279343750328e-05,1.6901610422337399e-07
533,data/dataset/Non_Demented/non_2953.jpg,non_2953.jpg,Non_Demented,0,Non_Demented,0,True,0.9949712753295898,0.0050187562592327595,0.9899525190703571,0.022869452117518212,0.9832442402839661,0.9949712753295898,0.0050187562592327595,9.317283911514096e-06,5.277211130305659e-07
534,data/dataset/Non_Demented/non_583.jpg,non_583.jpg,Non_Demented,0,Non_Demented,0,True,0.9999960660934448,2.814176241372479e-06,0.9999932519172035,4.013081426256931e-05,0.9999196529388428,0.9999960660934448,2.814176241372479e-06,1.00313172879396e-06,1.1757445150806234e-07
535,data/dataset/Non_Demented/non_256.jpg,non_256.jpg,Non_Demented,0,Non_Demented,0,True,0.9998185038566589,0.00018064634059555829,0.9996378575160634,0.0012629700481773237,0.9986830353736877,0.9998185038566589,6.693630325571576e-07,0.00018064634059555829,1.8493454945200938e-07
536,data/dataset/Non_Demented/non_1194.jpg,non_1194.jpg,Non_Demented,0,Non_Demented,0,True,0.9999992847442627,7.67373990129272e-07,0.9999985173702726,8.334120336413875e-06,0.9999806880950928,0.9999992847442627,7.67373990129272e-07,1.590743314849874e-09,5.1111930660097116e-11
537,data/dataset/Non_Demented/non_941.jpg,non_941.jpg,Non_Demented,0,Non_Demented,0,True,0.9611644744873047,0.038834452629089355,0.9223300218582153,0.1184729685225125,0.9223845601081848,0.9611644744873047,0.038834452629089355,2.2412140765482036e-07,8.467349061902496e-07
538,data/dataset/Non_Demented/non_3103.jpg,non_3103.jpg,Non_Demented,0,Non_Demented,0,True,0.9999973773956299,2.5844963147392264e-06,0.9999947928993151,2.592171870641676e-05,0.9999508857727051,0.9999973773956299,2.5844963147392264e-06,1.6762985444174205e-10,2.882250216273974e-09
539,data/dataset/Non_Demented/non_805.jpg,non_805.jpg,Non_Demented,0,Non_Demented,0,True,0.9999790191650391,1.9013028577319346e-05,0.9999600061364617,0.00018341233819939144,0.9997283816337585,0.9999790191650391,1.721896524031763e-06,1.9013028577319346e-05,2.4650177010698826e-07
540,data/dataset/Non_Demented/non_3021.jpg,non_3021.jpg,Non_Demented,0,Non_Demented,0,True,0.9993278980255127,0.0006661775405518711,0.9986617204849608,0.004053116476498271,0.9963610768318176,0.9993278980255127,0.0006661775405518711,4.245075160724809e-06,1.6552528450120008e-06
541,data/dataset/Non_Demented/non_2504.jpg,non_2504.jpg,Non_Demented,0,Non_Demented,0,True,0.9999828338623047,1.651587626838591e-05,0.9999663179860363,0.00015047406009229068,0.9997766613960266,0.9999828338623047,1.651587626838591e-05,5.468432959787606e-07,1.0524281179868922e-07
542,data/dataset/Non_Demented/non_1947.jpg,non_1947.jpg,Non_Demented,0,Non_Demented,0,True,0.9998927116394043,0.0001032401341944933,0.9997894715052098,0.0007986828959080812,0.9990804195404053,0.9998927116394043,0.0001032401341944933,2.7582784696278395e-06,1.2534466122815502e-06
543,data/dataset/Non_Demented/non_632.jpg,non_632.jpg,Non_Demented,0,Non_Demented,0,True,0.9695912599563599,0.030369380488991737,0.9392218794673681,0.09844178371338809,0.9349715709686279,0.9695912599563599,0.030369380488991737,2.015833160839975e-06,3.735904465429485e-05
544,data/dataset/Non_Demented/non_433.jpg,non_433.jpg,Non_Demented,0,Non_Demented,0,True,0.9933037161827087,0.00570110185071826,0.9876026143319905,0.031130641438942147,0.9768043160438538,0.9933037161827087,0.00570110185071826,0.0009620509226806462,3.309877138235606e-05
545,data/dataset/Non_Demented/non_2523.jpg,non_2523.jpg,Non_Demented,0,Non_Demented,0,True,0.9999897480010986,9.902872079692315e-06,0.9999798451290189,9.437491282361599e-05,0.9998490810394287,0.9999897480010986,9.902872079692315e-06,4.150095946897636e-07,2.1118639281780816e-08
546,data/dataset/Non_Demented/non_1488.jpg,non_1488.jpg,Non_Demented,0,Non_Demented,0,True,0.9997619986534119,0.0002261857152916491,0.9995358129381202,0.0016428075046560503,0.998281717300415,0.9997619986534119,0.0002261857152916491,2.983576223414275e-06,8.838257599563804e-06
547,data/dataset/Non_Demented/non_721.jpg,non_721.jpg,Non_Demented,0,Non_Demented,0,True,0.9063060879707336,0.09133036434650421,0.8149757236242294,0.23241477463623667,0.8469809889793396,0.9063060879707336,0.09133036434650421,0.0023331178817898035,3.039730836462695e-05
548,data/dataset/Non_Demented/non_1878.jpg,non_1878.jpg,Non_Demented,0,Non_Demented,0,True,1.0,5.234260314068706e-08,0.9999999476573969,1.0657392604850595e-06,0.9999955892562866,1.0,5.234260314068706e-08,2.8247866268316102e-08,5.737117891868593e-09
549,data/dataset/Non_Demented/non_2708.jpg,non_2708.jpg,Non_Demented,0,Non_Demented,0,True,1.0,3.162594075512004e-10,0.9999999996837405,5.963198938781094e-09,1.0,1.0,5.23353339831889e-11,3.162594075512004e-10,4.190871174397648e-12
550,data/dataset/Non_Demented/non_159.jpg,non_159.jpg,Non_Demented,0,Non_Demented,0,True,0.6425803303718567,0.3574196696281433,0.2851606607437134,0.4702604604170818,0.6112407445907593,0.6425803303718567,0.3574196696281433,2.342581129077814e-10,1.5503891503954037e-08
551,data/dataset/Non_Demented/non_1015.jpg,non_1015.jpg,Non_Demented,0,Non_Demented,0,True,0.9998364448547363,0.00016289667109958827,0.9996735481836367,0.0011497226636685064,0.9987877011299133,0.9998364448547363,0.00016289667109958827,6.221347348400741e-07,3.326459108166091e-08
552,data/dataset/Non_Demented/non_1703.jpg,non_1703.jpg,Non_Demented,0,Non_Demented,0,True,0.9996393918991089,0.0003597823088057339,0.9992796095903032,0.0023265545965346856,0.9977781176567078,0.9996393918991089,0.0003597823088057339,3.068232103942137e-07,4.861599904870673e-07
553,data/dataset/Non_Demented/non_780.jpg,non_780.jpg,Non_Demented,0,Non_Demented,0,True,0.9966044425964355,0.0033608286175876856,0.9932436139788479,0.016515772090548705,0.9873900413513184,0.9966044425964355,0.0033608286175876856,3.2839081541169435e-05,1.9041279983866843e-06
554,data/dataset/Non_Demented/non_1122.jpg,non_1122.jpg,Non_Demented,0,Non_Demented,0,True,0.9999991655349731,7.382614057860337e-07,0.9999984272735674,8.917119111769486e-06,0.9999784231185913,0.9999991655349731,7.382614057860337e-07,6.50159961423924e-08,1.3654547492691904e-09
555,data/dataset/Non_Demented/non_837.jpg,non_837.jpg,Non_Demented,0,Non_Demented,0,True,0.9994865655899048,0.0005124552408233285,0.9989741103490815,0.0031811913089130287,0.9970857501029968,0.9994865655899048,0.0005124552408233285,6.289563998507219e-07,3.549031646343792e-07
556,data/dataset/Non_Demented/non_2762.jpg,non_2762.jpg,Non_Demented,0,Non_Demented,0,True,0.8123948574066162,0.16139183938503265,0.6510030180215836,0.40807961704968077,0.7333115935325623,0.8123948574066162,0.16139183938503265,0.024197828024625778,0.0020155678503215313
557,data/dataset/Non_Demented/non_3139.jpg,non_3139.jpg,Non_Demented,0,Non_Demented,0,True,0.9988619089126587,0.0011332217836752534,0.9977286871289834,0.006410089664645279,0.9945939183235168,0.9988619089126587,0.0011332217836752534,3.6514793464448303e-06,1.2362618235783884e-06
558,data/dataset/Non_Demented/non_626.jpg,non_626.jpg,Non_Demented,0,Non_Demented,0,True,1.0,2.2092347506941223e-08,0.9999999779076525,2.8201646615318726e-07,0.9999986886978149,1.0,2.2092347506941223e-08,5.399475571515877e-12,5.82653578162784e-11
559,data/dataset/Non_Demented/non_2325.jpg,non_2325.jpg,Non_Demented,0,Non_Demented,0,True,0.9999953508377075,4.100018941244343e-06,0.9999912508187663,4.496434131808053e-05,0.9999163150787354,0.9999953508377075,4.100018941244343e-06,4.2608067474247946e-07,3.345606813809354e-08
560,data/dataset/Non_Demented/non_1271.jpg,non_1271.jpg,Non_Demented,0,Non_Demented,0,True,0.9999004602432251,9.932777902577072e-05,0.9998011324641993,0.0007349933031610465,0.9991756081581116,0.9999004602432251,9.932777902577072e-05,2.3157264195106109e-07,1.8634191079058837e-08
561,data/dataset/Non_Demented/non_352.jpg,non_352.jpg,Non_Demented,0,Non_Demented,0,True,0.9999903440475464,9.601365491107572e-06,0.9999807426820553,8.700565987571121e-05,0.9998652935028076,0.9999903440475464,9.535526812598505e-10,9.601365491107572e-06,4.340449943907032e-10
562,data/dataset/Non_Demented/non_2793.jpg,non_2793.jpg,Non_Demented,0,Non_Demented,0,True,1.0,3.54929530210768e-10,0.9999999996450705,5.892130281108659e-09,1.0,1.0,1.6339389910524638e-11,3.54929530210768e-10,1.4471251887776537e-12
563,data/dataset/Non_Demented/non_20.jpg,non_20.jpg,Non_Demented,0,Non_Demented,0,True,0.996124804019928,0.0033540173899382353,0.9927707866299897,0.019496668104700635,0.9847383499145508,0.996124804019928,0.0033540173899382353,0.0004927106201648712,2.8505664886324666e-05
564,data/dataset/Non_Demented/non_956.jpg,non_956.jpg,Non_Demented,0,Non_Demented,0,True,0.796224057674408,0.20311936736106873,0.5931046903133392,0.3679358136462484,0.7391694784164429,0.796224057674408,0.20311936736106873,0.0006464559701271355,1.0088417184306309e-05
565,data/dataset/Non_Demented/non_2988.jpg,non_2988.jpg,Non_Demented,0,Non_Demented,0,True,0.9999252557754517,7.18116934876889e-05,0.999853444081964,0.0005750464147260997,0.9993084669113159,0.9999252557754517,7.18116934876889e-05,2.7073704131908016e-06,1.6291089366404776e-07
566,data/dataset/Non_Demented/non_605.jpg,non_605.jpg,Non_Demented,0,Non_Demented,0,True,0.9999815225601196,1.733972385409288e-05,0.9999641828362655,0.00016228140806197542,0.9997592568397522,0.9999815225601196,1.733972385409288e-05,1.1195351135029341e-06,6.431945109852677e-08
567,data/dataset/Non_Demented/non_77.jpg,non_77.jpg,Non_Demented,0,Non_Demented,0,True,0.9999551773071289,4.0355280361836776e-05,0.9999148220267671,0.0003665875284466166,0.9995142221450806,0.9999551773071289,4.108034318051068e-06,4.0355280361836776e-05,2.7258394652562856e-07
568,data/dataset/Non_Demented/non_2274.jpg,non_2274.jpg,Non_Demented,0,Non_Demented,0,True,0.9999998807907104,1.5961832389166375e-07,0.9999997211723866,1.8994744209388716e-06,0.999994158744812,0.9999998807907104,1.5961832389166375e-07,8.66131888432875e-11,6.579880529322679e-10
569,data/dataset/Non_Demented/non_2796.jpg,non_2796.jpg,Non_Demented,0,Non_Demented,0,True,0.9999890327453613,1.0893224498431664e-05,0.9999781395208629,9.867375480301643e-05,0.9998477697372437,0.9999890327453613,1.0893224498431664e-05,1.704305319094601e-08,6.257343443394348e-08
570,data/dataset/Non_Demented/non_38.jpg,non_38.jpg,Non_Demented,0,Non_Demented,0,True,0.9993348717689514,0.0006050079828128219,0.9987298637861386,0.004160482692564449,0.996086835861206,0.9993348717689514,0.0006050079828128219,4.396278382046148e-05,1.6173977201106027e-05
571,data/dataset/Non_Demented/non_2391.jpg,non_2391.jpg,Non_Demented,0,Non_Demented,0,True,0.9999849796295166,1.3153699910617433e-05,0.999971825929606,0.00013598438529625545,0.9997877478599548,0.9999849796295166,1.8722181494013057e-06,1.3153699910617433e-05,5.827080329368073e-08
572,data/dataset/Non_Demented/non_416.jpg,non_416.jpg,Non_Demented,0,Non_Demented,0,True,0.8137977123260498,0.16438771784305573,0.6494099944829941,0.40064261427408304,0.736228346824646,0.8137977123260498,0.019452614709734917,0.16438771784305573,0.002361904364079237
573,data/dataset/Non_Demented/non_874.jpg,non_874.jpg,Non_Demented,0,Non_Demented,0,True,0.9999760389328003,2.389637302258052e-05,0.9999521425597777,0.00020112634129850138,0.9997262358665466,0.9999760389328003,2.389637302258052e-05,1.142502803475054e-08,1.9760907576937825e-08
574,data/dataset/Non_Demented/non_878.jpg,non_878.jpg,Non_Demented,0,Non_Demented,0,True,0.9995506405830383,0.0004333913093432784,0.999117249273695,0.002879516944118914,0.9972314238548279,0.9995506405830383,0.0004333913093432784,6.081884293962503e-06,9.838414371188264e-06
575,data/dataset/Non_Demented/non_1370.jpg,non_1370.jpg,Non_Demented,0,Non_Demented,0,True,0.9998918771743774,0.00010715698590502143,0.9997847201884724,0.0007952052857823339,0.9991074204444885,0.9998918771743774,0.00010715698590502143,4.0903373133005516e-07,6.085611516937206e-07
576,data/dataset/Non_Demented/non_1715.jpg,non_1715.jpg,Non_Demented,0,Non_Demented,0,True,0.9975783228874207,0.002407969208434224,0.9951703536789864,0.01233486041192923,0.9903182983398438,0.9975783228874207,0.002407969208434224,7.024962997093098e-06,6.722702437400585e-06
577,data/dataset/Non_Demented/non_1568.jpg,non_1568.jpg,Non_Demented,0,Non_Demented,0,True,0.9999966621398926,3.195018052792875e-06,0.9999934671218398,3.288738346093938e-05,0.9999376535415649,0.9999966621398926,3.195018052792875e-06,1.0138670347714651e-07,1.0417772422499638e-08
578,data/dataset/Non_Demented/non_2616.jpg,non_2616.jpg,Non_Demented,0,Non_Demented,0,True,0.9999772310256958,2.154429785150569e-05,0.9999556867278443,0.0001947328148731583,0.999721109867096,0.9999772310256958,2.154429785150569e-05,1.0173791906709084e-06,1.0240427883445591e-07
579,data/dataset/Non_Demented/non_190.jpg,non_190.jpg,Non_Demented,0,Non_Demented,0,True,0.9314869046211243,0.06744615733623505,0.8640407472848892,0.18447286938388877,0.8787848949432373,0.9314869046211243,0.0009025073959492147,0.06744615733623505,0.00016443326603621244
580,data/dataset/Non_Demented/non_2819.jpg,non_2819.jpg,Non_Demented,0,Non_Demented,0,True,0.9999862909317017,1.3607069377030712e-05,0.9999726838623246,0.00012132711559032794,0.9998188614845276,0.9999862909317017,1.1460213045211276e-07,1.3607069377030712e-05,1.0242390935388812e-08
581,data/dataset/Non_Demented/non_1388.jpg,non_1388.jpg,Non_Demented,0,Non_Demented,0,True,0.9998703002929688,0.0001285811886191368,0.9997417191043496,0.0009356438159949719,0.998976469039917,0.9998703002929688,0.0001285811886191368,2.1754205192792142e-07,8.666070812068938e-07
582,data/dataset/Non_Demented/non_1834.jpg,non_1834.jpg,Non_Demented,0,Non_Demented,0,True,0.9373796582221985,0.062384650111198425,0.8749950081110001,0.17011219979877176,0.8884373903274536,0.9373796582221985,0.062384650111198425,0.00014460795500781387,9.107976075029e-05
583,data/dataset/Non_Demented/non_326.jpg,non_326.jpg,Non_Demented,0,Non_Demented,0,True,0.9999983310699463,1.725174570310628e-06,0.999996605895376,1.774794773395049e-05,0.9999639987945557,0.9999983310699463,1.725174570310628e-06,1.516740899543123e-10,1.8992516448435026e-09
584,data/dataset/Non_Demented/non_2238.jpg,non_2238.jpg,Non_Demented,0,Non_Demented,0,True,0.9999808073043823,1.883062577689998e-05,0.9999619766786054,0.00016614849842927636,0.999760091304779,0.9999808073043823,1.757530441182098e-07,1.883062577689998e-05,2.30786952215567e-07
585,data/dataset/Non_Demented/non_829.jpg,non_829.jpg,Non_Demented,0,Non_Demented,0,True,1.0,1.6563042493089597e-08,0.9999999834369575,2.4778804360277386e-07,0.9999988079071045,1.0,1.6563042493089597e-08,2.26714802487038e-09,6.992870171806942e-11
586,data/dataset/Non_Demented/non_143.jpg,non_143.jpg,Non_Demented,0,Non_Demented,0,True,0.9999997615814209,2.809838122175279e-07,0.9999994805976087,3.22957614099683e-06,0.9999911785125732,0.9999997615814209,7.195402585390143e-14,2.809838122175279e-07,2.4323691932143232e-12
587,data/dataset/Non_Demented/non_2561.jpg,non_2561.jpg,Non_Demented,0,Non_Demented,0,True,0.9999967813491821,3.041941226911149e-06,0.9999937394079552,3.149417860566728e-05,0.999940037727356,0.9999967813491821,1.0687167417700039e-07,3.041941226911149e-06,4.378387874481859e-09
588,data/dataset/Non_Demented/non_328.jpg,non_328.jpg,Non_Demented,0,Non_Demented,0,True,0.9840242266654968,0.015964506193995476,0.9680597204715014,0.05917424803947527,0.9598928093910217,0.9840242266654968,0.015964506193995476,2.5836036456894362e-06,8.652070391690359e-06
589,data/dataset/Non_Demented/non_243.jpg,non_243.jpg,Non_Demented,0,Non_Demented,0,True,0.999998927116394,1.0220966260021669e-06,0.999997905019768,1.0943841465177002e-05,0.9999760389328003,0.999998927116394,1.9175167435326636e-14,1.0220966260021669e-06,2.457510377921329e-13
590,data/dataset/Non_Demented/non_2376.jpg,non_2376.jpg,Non_Demented,0,Non_Demented,0,True,0.7618982791900635,0.23667456209659576,0.5252237170934677,0.4028845371150679,0.7067623138427734,0.7618982791900635,0.23667456209659576,0.0004765380290336907,0.0009506174246780574
591,data/dataset/Non_Demented/non_1843.jpg,non_1843.jpg,Non_Demented,0,Non_Demented,0,True,0.9367440938949585,0.05977509915828705,0.8769689947366714,0.18007641238638872,0.8822588324546814,0.9367440938949585,0.003414659993723035,0.05977509915828705,6.616001337533817e-05
592,data/dataset/Non_Demented/non_1430.jpg,non_1430.jpg,Non_Demented,0,Non_Demented,0,True,0.9978877902030945,0.0021118493750691414,0.9957759408280253,0.010910060063747841,0.9914178848266602,0.9978877902030945,0.0021118493750691414,9.343622764390602e-08,2.408048374036298e-07
593,data/dataset/Non_Demented/non_2751.jpg,non_2751.jpg,Non_Demented,0,Non_Demented,0,True,1.0,2.574814850220264e-08,0.9999999742518515,3.280510683913276e-07,0.9999985694885254,1.0,2.574814850220264e-08,8.466152084940504e-11,1.2569233154291481e-10
594,data/dataset/Non_Demented/non_963.jpg,non_963.jpg,Non_Demented,0,Non_Demented,0,True,0.867656946182251,0.07242558151483536,0.7952313646674156,0.3482678776935776,0.7841498255729675,0.867656946182251,0.07242558151483536,0.059800922870635986,0.00011654606350930408
595,data/dataset/Non_Demented/non_341.jpg,non_341.jpg,Non_Demented,0,Non_Demented,0,True,1.0,5.406439740340829e-09,0.9999999945935603,8.622613403139275e-08,0.9999994039535522,1.0,5.406439740340829e-09,7.058817974581189e-10,7.486616881990926e-11
596,data/dataset/Non_Demented/non_1812.jpg,non_1812.jpg,Non_Demented,0,Mild_Demented,2,False,0.4998619854450226,0.44756507873535156,0.05229690670967102,0.6228921393527598,0.47683581709861755,0.44756507873535156,0.052198074758052826,0.4998619854450226,0.0003749166498892009
597,data/dataset/Non_Demented/non_520.jpg,non_520.jpg,Non_Demented,0,Non_Demented,0,True,0.9899619817733765,0.007764863315969706,0.9821971184574068,0.044432978160769965,0.968010663986206,0.9899619817733765,0.002265546005219221,0.007764863315969706,7.6231440289120656e-06
598,data/dataset/Non_Demented/non_896.jpg,non_896.jpg,Non_Demented,0,Non_Demented,0,True,0.9999985694885254,1.1280982334938017e-06,0.9999974413902919,1.5433798824196633e-05,0.9999645948410034,0.9999985694885254,1.1280982334938017e-06,2.9166210424591554e-07,6.759490744912e-09
599,data/dataset/Non_Demented/non_1937.jpg,non_1937.jpg,Non_Demented,0,Non_Demented,0,True,0.9912583231925964,0.008722411468625069,0.9825359117239714,0.03626862044623964,0.9744628667831421,0.9912583231925964,0.008722411468625069,1.979917215066962e-06,1.724830326566007e-05
600,data/dataset/Non_Demented/non_1795.jpg,non_1795.jpg,Non_Demented,0,Non_Demented,0,True,0.9995410442352295,0.0004087399283889681,0.9991323043068405,0.0030141655876962793,0.9970145225524902,0.9995410442352295,0.0004087399283889681,3.124762952211313e-05,1.8980248569278046e-05
601,data/dataset/Non_Demented/non_123.jpg,non_123.jpg,Non_Demented,0,Non_Demented,0,True,0.999998927116394,1.0789593716253876e-06,0.9999978481570224,1.2219539756829924e-05,0.9999719858169556,0.999998927116394,1.0789593716253876e-06,5.022963023293414e-08,1.0818112627930532e-08
602,data/dataset/Non_Demented/non_308.jpg,non_308.jpg,Non_Demented,0,Non_Demented,0,True,0.9839960932731628,0.015830520540475845,0.968165572732687,0.059932519547129394,0.9589935541152954,0.9839960932731628,0.015830520540475845,2.8368936909828335e-05,0.0001449863484594971
603,data/dataset/Non_Demented/non_222.jpg,non_222.jpg,Non_Demented,0,Non_Demented,0,True,0.999997615814209,2.3650814000575338e-06,0.9999952507328089,2.4148661971804463e-05,0.9999526739120483,0.999997615814209,2.3650814000575338e-06,5.408851144750315e-09,1.9793699124193154e-08
604,data/dataset/Non_Demented/non_2402.jpg,non_2402.jpg,Non_Demented,0,Non_Demented,0,True,0.9971784353256226,0.0019279606640338898,0.9952504746615887,0.015282609457356273,0.9875575304031372,0.9971784353256226,0.0019279606640338898,0.0008862463291734457,7.395302418444771e-06
605,data/dataset/Non_Demented/non_2459.jpg,non_2459.jpg,Non_Demented,0,Non_Demented,0,True,0.9964034557342529,0.003569801338016987,0.9928336543962359,0.017313772934166596,0.9868637323379517,0.9964034557342529,0.003569801338016987,2.2026952137821354e-05,4.820021786144935e-06
606,data/dataset/Non_Demented/non_1211.jpg,non_1211.jpg,Non_Demented,0,Non_Demented,0,True,0.9998342990875244,0.00015114909911062568,0.9996831499884138,0.0012001592632629448,0.9986637830734253,0.9998342990875244,0.00015114909911062568,1.1271274161117617e-05,3.156027105433168e-06
607,data/dataset/Non_Demented/non_2354.jpg,non_2354.jpg,Non_Demented,0,Non_Demented,0,True,0.9866369366645813,0.00988258421421051,0.9767543524503708,0.057751747287441944,0.9588203430175781,0.9866369366645813,0.00988258421421051,0.002965811872854829,0.0005146620096638799
608,data/dataset/Non_Demented/non_2082.jpg,non_2082.jpg,Non_Demented,0,Non_Demented,0,True,0.9945026636123657,0.005254202056676149,0.9892484615556896,0.02541938513728268,0.9809622168540955,0.9945026636123657,0.005254202056676149,0.00016112654702737927,8.199902367778122e-05
609,data/dataset/Non_Demented/non_1242.jpg,non_1242.jpg,Non_Demented,0,Non_Demented,0,True,0.999997615814209,1.89078798484843e-06,0.9999957250262241,2.5434642719233494e-05,0.9999457597732544,0.999997615814209,1.89078798484843e-06,5.00850376283779e-07,4.0670546042065325e-08
610,data/dataset/Non_Demented/non_604.jpg,non_604.jpg,Non_Demented,0,Mild_Demented,2,False,0.766056478023529,0.2027524709701538,0.5633040070533752,0.47166173206064926,0.6869531869888306,0.2027524709701538,0.022956766188144684,0.766056478023529,0.00823429599404335
611,data/dataset/Non_Demented/non_902.jpg,non_902.jpg,Non_Demented,0,Non_Demented,0,True,0.9999377727508545,6.223913078429177e-05,0.9998755336200702,0.0004796832104853247,0.9994310736656189,0.9999377727508545,3.59252276364852e-12,6.223913078429177e-05,9.629027609980856e-12
612,data/dataset/Non_Demented/non_1697.jpg,non_1697.jpg,Non_Demented,0,Non_Demented,0,True,0.9931803941726685,0.006790609564632177,0.9863897846080363,0.029589816623115207,0.9787267446517944,0.9931803941726685,0.006790609564632177,1.4471173017227557e-05,1.4589820239052642e-05
613,data/dataset/Non_Demented/non_3146.jpg,non_3146.jpg,Non_Demented,0,Non_Demented,0,True,0.9997650980949402,0.00019562373927328736,0.9995694743556669,0.0016684806179479339,0.9982002973556519,0.9997650980949402,3.710779856191948e-05,0.00019562373927328736,2.23464917326055e-06
614,data/dataset/Non_Demented/non_41.jpg,non_41.jpg,Non_Demented,0,Non_Demented,0,True,0.999937891960144,3.034760447917506e-05,0.9999075443556649,0.0005153534871658391,0.9993103742599487,0.999937891960144,2.961385871458333e-05,3.034760447917506e-05,2.131455630660639e-06
615,data/dataset/Non_Demented/non_719.jpg,non_719.jpg,Non_Demented,0,Non_Demented,0,True,0.9933297038078308,0.00666909059509635,0.9866606132127345,0.028909719291964987,0.9793415665626526,0.9933297038078308,0.00666909059509635,5.345814315660391e-07,5.333827175491024e-07
616,data/dataset/Non_Demented/non_2092.jpg,non_2092.jpg,Non_Demented,0,Non_Demented,0,True,0.9999616146087646,3.4121469070669264e-05,0.999927493139694,0.0003190337376517238,0.9995676875114441,0.9999616146087646,4.1201528802048415e-06,3.4121469070669264e-05,1.1533246180306378e-07
617,data/dataset/Non_Demented/non_2111.jpg,non_2111.jpg,Non_Demented,0,Non_Demented,0,True,0.8941510915756226,0.07443328946828842,0.8197178021073341,0.29285642194895617,0.8159953355789185,0.8941510915756226,0.07443328946828842,0.03057628683745861,0.000839299289509654
618,data/dataset/Non_Demented/non_379.jpg,non_379.jpg,Non_Demented,0,Non_Demented,0,True,0.9999896287918091,1.03137690530275e-05,0.999979315022756,9.337556807812697e-05,0.999855637550354,0.9999896287918091,1.03137690530275e-05,9.911727438804974e-09,2.6917648554558582e-08
619,data/dataset/Non_Demented/non_1000.jpg,non_1000.jpg,Non_Demented,0,Non_Demented,0,True,0.9975505471229553,0.002449363237246871,0.9951011838857085,0.012387548909358403,0.9903954863548279,0.9975505471229553,0.002449363237246871,6.017647713463248e-09,4.938602415904825e-08
620,data/dataset/Non_Demented/non_2970.jpg,non_2970.jpg,Non_Demented,0,Non_Demented,0,True,0.9461164474487305,0.045702628791332245,0.9004138186573982,0.16845697427337403,0.8904749751091003,0.9461164474487305,0.045702628791332245,0.008020760491490364,0.0001601960539119318
621,data/dataset/Non_Demented/non_2412.jpg,non_2412.jpg,Non_Demented,0,Non_Demented,0,True,0.9976553916931152,0.0023017763160169125,0.9953536153770983,0.012098651646270381,0.9903767704963684,0.9976553916931152,0.0023017763160169125,3.6323290260042995e-05,6.527884579554666e-06
622,data/dataset/Non_Demented/non_435.jpg,non_435.jpg,Non_Demented,0,Non_Demented,0,True,1.0,5.377578937704186e-10,0.9999999994622422,8.636054724475162e-09,0.9999998807907104,1.0,5.377578937704186e-10,1.8904667761776572e-11,8.501403248907524e-13
623,data/dataset/Non_Demented/non_2211.jpg,non_2211.jpg,Non_Demented,0,Non_Demented,0,True,0.9799752831459045,0.011383669450879097,0.9685916136950254,0.08124437854036154,0.9443052411079407,0.9799752831459045,0.008480019867420197,0.011383669450879097,0.0001611338957445696
624,data/dataset/Very_Mild_Demented/verymild_1072.jpg,verymild_1072.jpg,Very_Mild_Demented,1,Very_Mild_Demented,1,True,0.9956751465797424,0.0042877597734332085,0.9913873868063092,0.02025965166826551,0.9848536252975464,0.0042877597734332085,0.9956751465797424,3.211809234926477e-05,5.01767453897628e-06
625,data/dataset/Very_Mild_Demented/verymild_396.jpg,verymild_396.jpg,Very_Mild_Demented,1,Very_Mild_Demented,1,True,0.999022364616394,0.0009134358842857182,0.9981089287321083,0.005773004119584282,0.994880199432373,0.0009134358842857182,0.999022364616394,6.0357473557814956e-05,3.7666584375983803e-06
626,data/dataset/Very_Mild_Demented/verymild_1539.jpg,verymild_1539.jpg,Very_Mild_Demented,1,Very_Mild_Demented,1,True,0.9994630217552185,0.0004968235152773559,0.9989661982399411,0.003408757610462406,0.9967682361602783,3.9812952309148386e-05,0.9994630217552185,0.0004968235152773559,3.988302239577024e-07
627,data/dataset/Very_Mild_Demented/verymild_898.jpg,verymild_898.jpg,Very_Mild_Demented,1,Very_Mild_Demented,1,True,0.9958403706550598,0.00415260624140501,0.9916877644136548,0.01948303176154746,0.985511064529419,0.00415260624140501,0.9958403706550598,6.542059963976499e-06,4.946782041770348e-07
628,data/dataset/Very_Mild_Demented/verymild_2240.jpg,verymild_2240.jpg,Very_Mild_Demented,1,Very_Mild_Demented,1,True,0.9982275366783142,0.001745045417919755,0.9964824912603945,0.009487938882799427,0.9922640323638916,0.001745045417919755,0.9982275366783142,2.3427046471624635e-05,3.9964365896594245e-06
629,data/dataset/Very_Mild_Demented/verymild_1225.jpg,verymild_1225.jpg,Very_Mild_Demented,1,Very_Mild_Demented,1,True,0.9999704360961914,2.950628550024703e-05,0.9999409298106912,0.00024418534283960063,0.9996769428253174,2.950628550024703e-05,0.9999704360961914,6.961839460473129e-08,1.200048282967714e-09
630,data/dataset/Very_Mild_Demented/verymild_1147.jpg,verymild_1147.jpg,Very_Mild_Demented,1,Very_Mild_Demented,1,True,0.9912410974502563,0.008653620257973671,0.9825874771922827,0.03665501440537889,0.973974883556366,0.008653620257973671,0.9912410974502563,9.746111754793674e-05,7.757323146506678e-06
631,data/dataset/Very_Mild_Demented/verymild_2175.jpg,verymild_2175.jpg,Very_Mild_Demented,1,Very_Mild_Demented,1,True,0.999357283115387,0.0005151700461283326,0.9988421130692586,0.004134046742162977,0.9960220456123352,0.00011342336074449122,0.999357283115387,0.0005151700461283326,1.4126222595223226e-05
632,data/dataset/Very_Mild_Demented/verymild_2110.jpg,verymild_2110.jpg,Very_Mild_Demented,1,Very_Mild_Demented,1,True,0.9996522665023804,0.0003416665131226182,0.9993105999892578,0.0022713056738004308,0.9977864027023315,0.0003416665131226182,0.9996522665023804,5.6555077208031435e-06,3.8011000924598193e-07
633,data/dataset/Very_Mild_Demented/verymild_1205.jpg,verymild_1205.jpg,Very_Mild_Demented,1,Very_Mild_Demented,1,True,0.9988923668861389,0.00084501295350492,0.998047353932634,0.006709990458352371,0.9939445853233337,0.00084501295350492,0.9988923668861389,0.0002499876427464187,1.2598426110344008e-05
634,data/dataset/Very_Mild_Demented/verymild_603.jpg,verymild_603.jpg,Very_Mild_Demented,1,Very_Mild_Demented,1,True,0.9802532196044922,0.01974530704319477,0.9605079125612974,0.0700200490698728,0.9531031847000122,0.01974530704319477,0.9802532196044922,4.699149371845124e-07,1.004586806629959e-06
635,data/dataset/Very_Mild_Demented/verymild_1469.jpg,verymild_1469.jpg,Very_Mild_Demented,1,Very_Mild_Demented,1,True,0.6749314069747925,0.3136766850948334,0.3612547218799591,0.491852796241582,0.6254743933677673,0.010954193770885468,0.6749314069747925,0.3136766850948334,0.0004377283330541104
636,data/dataset/Very_Mild_Demented/verymild_2145.jpg,verymild_2145.jpg,Very_Mild_Demented,1,Very_Mild_Demented,1,True,0.9994866847991943,0.000501776288729161,0.9989849085104652,0.0032196200260796474,0.9969825148582458,0.000501776288729161,0.9994866847991943,8.815236469672527e-06,2.764631062746048e-06
637,data/dataset/Very_Mild_Demented/verymild_1591.jpg,verymild_1591.jpg,Very_Mild_Demented,1,Very_Mild_Demented,1,True,0.998372495174408,0.0010589674348011613,0.9973135277396068,0.009520469804294465,0.9917295575141907,0.0010589674348011613,0.998372495174408,0.0005535521195270121,1.4979605111875571e-05
638,data/dataset/Very_Mild_Demented/verymild_1664.jpg,verymild_1664.jpg,Very_Mild_Demented,1,Very_Mild_Demented,1,True,0.9998594522476196,0.00014046014985069633,0.9997189920977689,0.0010003726945267129,0.9989333748817444,0.00014046014985069633,0.9998594522476196,8.493483250049394e-09,8.132147399919631e-09
639,data/dataset/Very_Mild_Demented/verymild_657.jpg,verymild_657.jpg,Very_Mild_Demented,1,Very_Mild_Demented,1,True,0.9994968175888062,0.0005030834581702948,0.9989937341306359,0.0031204485146041905,0.9971480965614319,0.0005030834581702948,0.9994968175888062,7.602888274504949e-08,4.510003748237068e-08
640,data/dataset/Very_Mild_Demented/verymild_8.jpg,verymild_8.jpg,Very_Mild_Demented,1,Very_Mild_Demented,1,True,0.8077319264411926,0.1643642634153366,0.643367663025856,0.4140075580552827,0.7292189002037048,0.026748305186629295,0.8077319264411926,0.1643642634153366,0.0011554373195394874
641,data/dataset/Very_Mild_Demented/verymild_1096.jpg,verymild_1096.jpg,Very_Mild_Demented,1,Very_Mild_Demented,1,True,0.9149320721626282,0.08489823341369629,0.8300338387489319,0.21085354617371127,0.8611154556274414,0.08489823341369629,0.9149320721626282,5.271865302347578e-05,0.00011692541738739237
642,data/dataset/Very_Mild_Demented/verymild_239.jpg,verymild_239.jpg,Very_Mild_Demented,1,Very_Mild_Demented,1,True,0.999495267868042,0.0005036964430473745,0.9989915714249946,0.0031334043170334453,0.9971235394477844,0.0005036964430473745,0.999495267868042,4.89301385186991e-07,5.010941208638542e-07
643,data/dataset/Very_Mild_Demented/verymild_1728.jpg,verymild_1728.jpg,Very_Mild_Demented,1,Very_Mild_Demented,1,True,0.9994458556175232,0.0005139777204021811,0.998931877897121,0.003502304751808865,0.9966945648193359,3.981917689088732e-05,0.9994458556175232,0.0005139777204021811,3.567887461031205e-07
644,data/dataset/Very_Mild_Demented/verymild_1361.jpg,verymild_1361.jpg,Very_Mild_Demented,1,Very_Mild_Demented,1,True,0.9995892643928528,0.00038104967097751796,0.9992082147218753,0.00269770558553038,0.9973280429840088,0.00038104967097751796,0.9995892643928528,1.1812610864581075e-05,1.7862606910057366e-05
645,data/dataset/Very_Mild_Demented/verymild_1186.jpg,verymild_1186.jpg,Very_Mild_Demented,1,Very_Mild_Demented,1,True,0.9997734427452087,0.00022579412325285375,0.9995476486219559,0.0015382385259435055,0.9984446167945862,0.00022579412325285375,0.9997734427452087,6.33914112313505e-07,6.855863432519982e-08
646,data/dataset/Very_Mild_Demented/verymild_1421.jpg,verymild_1421.jpg,Very_Mild_Demented,1,Very_Mild_Demented,1,True,0.9989570379257202,0.0010265703313052654,0.997930467594415,0.005979836098692627,0.9948622584342957,0.0010265703313052654,0.9989570379257202,1.582881304784678e-05,5.593437322204409e-07
647,data/dataset/Very_Mild_Demented/verymild_199.jpg,verymild_199.jpg,Very_Mild_Demented,1,Very_Mild_Demented,1,True,0.9964917302131653,0.002368959365412593,0.9941227708477527,0.018738274328130664,0.9848436713218689,0.0009954844135791063,0.9964917302131653,0.002368959365412593,0.00014383773668669164
648,data/dataset/Very_Mild_Demented/verymild_1777.jpg,verymild_1777.jpg,Very_Mild_Demented,1,Very_Mild_Demented,1,True,0.999932050704956,6.788045720895752e-05,0.9998641702477471,0.0005194767460275038,0.9993896484375,6.788045720895752e-05,0.999932050704956,3.510434254394568e-08,5.115730949967201e-09
649,data/dataset/Very_Mild_Demented/verymild_1125.jpg,verymild_1125.jpg,Very_Mild_Demented,1,Very_Mild_Demented,1,True,0.9999120235443115,8.723798964638263e-05,0.9998247855546651,0.0006599323233486014,0.9992407560348511,8.723798964638263e-05,0.9999120235443115,7.535783765888482e-07,5.1320402150167865e-08
650,data/dataset/Very_Mild_Demented/verymild_1095.jpg,verymild_1095.jpg,Very_Mild_Demented,1,Very_Mild_Demented,1,True,0.9993544220924377,0.0006235073087736964,0.998730914783664,0.003959537088404776,0.9963688850402832,0.0006235073087736964,0.9993544220924377,2.039984792645555e-05,1.6377759948227322e-06
651,data/dataset/Very_Mild_Demented/verymild_1144.jpg,verymild_1144.jpg,Very_Mild_Demented,1,Very_Mild_Demented,1,True,0.999701201915741,0.0002954021911136806,0.9994057997246273,0.0019790562605868514,0.9980448484420776,0.0002954021911136806,0.999701201915741,3.06192782772996e-06,3.455378703165479e-07
652,data/dataset/Very_Mild_Demented/verymild_968.jpg,verymild_968.jpg,Very_Mild_Demented,1,Very_Mild_Demented,1,True,0.9987022876739502,0.0012975374702364206,0.9974047502037138,0.007159811081684046,0.9940934777259827,0.0012975374702364206,0.9987022876739502,1.8105357924014243e-07,4.8780780304014115e-08
653,data/dataset/Very_Mild_Demented/verymild_2158.jpg,verymild_2158.jpg,Very_Mild_Demented,1,Very_Mild_Demented,1,True,0.9983344674110413,0.0016651239711791277,0.9966693434398621,0.008890183620207619,0.9928431510925293,0.0016651239711791277,0.9983344674110413,4.302352749618876e-07,4.343527848504891e-08
654,data/dataset/Very_Mild_Demented/verymild_2059.jpg,verymild_2059.jpg,Very_Mild_Demented,1,Very_Mild_Demented,1,True,0.8579760193824768,0.14202038943767548,0.7159556299448013,0.2947881525812786,0.8001585602760315,0.14202038943767548,0.8579760193824768,4.103687700762748e-08,3.610095291151083e-06
655,data/dataset/Very_Mild_Demented/verymild_190.jpg,verymild_190.jpg,Very_Mild_Demented,1,Very_Mild_Demented,1,True,0.9999895095825195,9.18726345844334e-06,0.9999803223190611,9.732047261723248e-05,0.999840259552002,9.18726345844334e-06,0.9999895095825195,1.298499341828574e-06,1.5172295420029513e-08
656,data/dataset/Very_Mild_Demented/verymild_1858.jpg,verymild_1858.jpg,Very_Mild_Demented,1,Very_Mild_Demented,1,True,0.9994144439697266,0.0005108070909045637,0.998903636878822,0.0037448143974772538,0.9964087605476379,0.0005108070909045637,0.9994144439697266,6.72704991302453e-05,7.463024303433485e-06
657,data/dataset/Very_Mild_Demented/verymild_1377.jpg,verymild_1377.jpg,Very_Mild_Demented,1,Very_Mild_Demented,1,True,0.9994962215423584,0.000499590823892504,0.9989966307184659,0.0031405943339118014,0.9970932006835938,0.000499590823892504,0.9994962215423584,3.800211516136187e-06,3.323565920254623e-07
658,data/dataset/Very_Mild_Demented/verymild_1474.jpg,verymild_1474.jpg,Very_Mild_Demented,1,Very_Mild_Demented,1,True,0.9537153840065002,0.045193158090114594,0.9085222259163857,0.13911001596387954,0.908368706703186,0.045193158090114594,0.9537153840065002,0.0010243876604363322,6.709201261401176e-05
659,data/dataset/Very_Mild_Demented/verymild_830.jpg,verymild_830.jpg,Very_Mild_Demented,1,Very_Mild_Demented,1,True,0.9582421779632568,0.0379282645881176,0.9203139133751392,0.13494739087805885,0.9109219312667847,0.0379282645881176,0.9582421779632568,0.003628377802670002,0.00020113878417760134
660,data/dataset/Very_Mild_Demented/verymild_987.jpg,verymild_987.jpg,Very_Mild_Demented,1,Very_Mild_Demented,1,True,0.9929336309432983,0.007019140757620335,0.985914490185678,0.030549641048664863,0.9780370593070984,0.007019140757620335,0.9929336309432983,3.197789192199707e-05,1.531056477688253e-05
661,data/dataset/Very_Mild_Demented/verymild_1494.jpg,verymild_1494.jpg,Very_Mild_Demented,1,Very_Mild_Demented,1,True,0.9999657869338989,3.2767278753453866e-05,0.9999330196551455,0.0002833691503386879,0.9996175765991211,3.2767278753453866e-05,0.9999657869338989,1.1213971902179765e-06,3.2812209838084527e-07
662,data/dataset/Very_Mild_Demented/verymild_343.jpg,verymild_343.jpg,Very_Mild_Demented,1,Very_Mild_Demented,1,True,0.9857612252235413,0.01311036292463541,0.9726508622989058,0.056838374300998765,0.9603033661842346,0.001088131801225245,0.9857612252235413,0.01311036292463541,4.0345435991184786e-05
663,data/dataset/Very_Mild_Demented/verymild_1802.jpg,verymild_1802.jpg,Very_Mild_Demented,1,Very_Mild_Demented,1,True,0.9999632835388184,2.9336268198676407e-05,0.9999339472706197,0.0003107611454102826,0.9995703101158142,2.9336268198676407e-05,0.9999632835388184,7.418741915898863e-06,1.6208851150167902e-08
664,data/dataset/Very_Mild_Demented/verymild_1886.jpg,verymild_1886.jpg,Very_Mild_Demented,1,Very_Mild_Demented,1,True,0.9998950958251953,0.00010463001672178507,0.9997904658084735,0.0007697396769485957,0.9991437196731567,0.00010463001672178507,0.9998950958251953,2.042963558324118e-07,5.115835310931516e-09
665,data/dataset/Very_Mild_Demented/verymild_18.jpg,verymild_18.jpg,Very_Mild_Demented,1,Very_Mild_Demented,1,True,0.9999256134033203,7.391489634755999e-05,0.9998516985069728,0.0005651995262172146,0.9993374943733215,7.391489634755999e-05,0.9999256134033203,3.247419044782873e-07,7.139581725823518e-08
666,data/dataset/Very_Mild_Demented/verymild_429.jpg,verymild_429.jpg,Very_Mild_Demented,1,Very_Mild_Demented,1,True,0.6876301765441895,0.3050435185432434,0.38258665800094604,0.47666255759111253,0.6371833682060242,0.3050435185432434,0.6876301765441895,0.003605491481721401,0.0037208932917565107
667,data/dataset/Very_Mild_Demented/verymild_1248.jpg,verymild_1248.jpg,Very_Mild_Demented,1,Very_Mild_Demented,1,True,0.868430495262146,0.13156600296497345,0.7368644922971725,0.28089294329180614,0.8108586072921753,3.273445372542483e-06,0.868430495262146,0.13156600296497345,2.046715081860384e-07
668,data/dataset/Very_Mild_Demented/verymild_135.jpg,verymild_135.jpg,Very_Mild_Demented,1,Very_Mild_Demented,1,True,0.9974045157432556,0.0014947496820241213,0.9959097660612315,0.014508007659556942,0.9878843426704407,0.0014947496820241213,0.9974045157432556,0.0010162944672629237,8.441966201644391e-05
669,data/dataset/Very_Mild_Demented/verymild_1963.jpg,verymild_1963.jpg,Very_Mild_Demented,1,Very_Mild_Demented,1,True,0.9922027587890625,0.007764183450490236,0.9844385753385723,0.0330633152886154,0.9764824509620667,0.007764183450490236,0.9922027587890625,3.063735130126588e-05,2.3184156816569157e-06
670,data/dataset/Very_Mild_Demented/verymild_1229.jpg,verymild_1229.jpg,Very_Mild_Demented,1,Very_Mild_Demented,1,True,0.9998669624328613,0.00012437126133590937,0.9997425911715254,0.000976074350754983,0.998902440071106,0.00012437126133590937,0.9998669624328613,8.546553544874769e-06,1.2476643007630628e-07
671,data/dataset/Very_Mild_Demented/verymild_624.jpg,verymild_624.jpg,Very_Mild_Demented,1,Very_Mild_Demented,1,True,0.99937903881073,0.0006086616194806993,0.9987703771912493,0.003799893185030528,0.9965366125106812,0.0006086616194806993,0.99937903881073,1.2071715900674462e-05,2.3680509286805318e-07
672,data/dataset/Very_Mild_Demented/verymild_1561.jpg,verymild_1561.jpg,Very_Mild_Demented,1,Very_Mild_Demented,1,True,0.9992522597312927,0.0007353805121965706,0.9985168792190962,0.004468413933994543,0.9960196614265442,1.2146860171924345e-05,0.9992522597312927,0.0007353805121965706,2.4520932129235007e-07
673,data/dataset/Very_Mild_Demented/verymild_51.jpg,verymild_51.jpg,Very_Mild_Demented,1,Very_Mild_Demented,1,True,0.6889513731002808,0.296006441116333,0.39294493198394775,0.49594164077018255,0.6328445672988892,0.012160900048911572,0.6889513731002808,0.296006441116333,0.002881273627281189
674,data/dataset/Very_Mild_Demented/verymild_110.jpg,verymild_110.jpg,Very_Mild_Demented,1,Very_Mild_Demented,1,True,0.9999998807907104,1.3413729504918592e-07,0.9999997466534154,1.664598246590399e-06,0.9999947547912598,1.3413729504918592e-07,0.9999998807907104,3.114258850800411e-09,2.1432511321251013e-10
675,data/dataset/Very_Mild_Demented/verymild_214.jpg,verymild_214.jpg,Very_Mild_Demented,1,Very_Mild_Demented,1,True,0.9999866485595703,1.2335313840594608e-05,0.9999743132457297,0.00011989066576887591,0.9998136162757874,9.634061370888958e-07,0.9999866485595703,1.2335313840594608e-05,4.140867648771973e-09
676,data/dataset/Very_Mild_Demented/verymild_1990.jpg,verymild_1990.jpg,Very_Mild_Demented,1,Very_Mild_Demented,1,True,0.9978645443916321,0.00210765958763659,0.9957568848039955,0.011125318520941235,0.9911124110221863,0.00210765958763659,0.9978645443916321,2.5019158783834428e-05,2.8951781132491305e-06
677,data/dataset/Very_Mild_Demented/verymild_696.jpg,verymild_696.jpg,Very_Mild_Demented,1,Very_Mild_Demented,1,True,0.999482274055481,0.0002703429199755192,0.9992119311355054,0.0034583846823447754,0.9965865612030029,0.00024705828400328755,0.999482274055481,0.0002703429199755192,2.3736407683827565e-07
678,data/dataset/Very_Mild_Demented/verymild_1295.jpg,verymild_1295.jpg,Very_Mild_Demented,1,Very_Mild_Demented,1,True,0.9999921321868896,7.875236406107433e-06,0.9999842569504835,7.253208221072446e-05,0.9998840093612671,7.875236406107433e-06,0.9999921321868896,6.973628785544861e-09,1.7620152559238988e-10
679,data/dataset/Very_Mild_Demented/verymild_1420.jpg,verymild_1420.jpg,Very_Mild_Demented,1,Very_Mild_Demented,1,True,0.9940512776374817,0.005498639773577452,0.9885526378639042,0.027469985340869425,0.9795247912406921,0.005498639773577452,0.9940512776374817,0.00043348822509869933,1.6618678273516707e-05
680,data/dataset/Very_Mild_Demented/verymild_1794.jpg,verymild_1794.jpg,Very_Mild_Demented,1,Very_Mild_Demented,1,True,0.9999839067459106,1.5781877664267085e-05,0.9999681248682464,0.00014100070690023622,0.9997922778129578,1.5781877664267085e-05,0.9999839067459106,3.135980364277202e-07,1.0017819462859734e-08
681,data/dataset/Very_Mild_Demented/verymild_1548.jpg,verymild_1548.jpg,Very_Mild_Demented,1,Very_Mild_Demented,1,True,0.9990780353546143,0.0007791995885781944,0.9982988357660361,0.005603458449448054,0.9949270486831665,0.0007791995885781944,0.9990780353546143,0.0001419559121131897,8.478489235130837e-07
682,data/dataset/Very_Mild_Demented/verymild_1599.jpg,verymild_1599.jpg,Very_Mild_Demented,1,Very_Mild_Demented,1,True,0.9999901056289673,5.700980636902386e-06,0.9999844046483304,9.521651933091436e-05,0.9998362064361572,5.700980636902386e-06,0.9999901056289673,4.2501415009610355e-06,4.097960371041154e-08
683,data/dataset/Very_Mild_Demented/verymild_416.jpg,verymild_416.jpg,Very_Mild_Demented,1,Very_Mild_Demented,1,True,0.9991770386695862,0.000818935630377382,0.9983581030392088,0.004829859659843013,0.9957793951034546,0.000818935630377382,0.9991770386695862,2.2158365027280524e-06,1.7784060446501826e-06
684,data/dataset/Very_Mild_Demented/verymild_1654.jpg,verymild_1654.jpg,Very_Mild_Demented,1,Very_Mild_Demented,1,True,0.999984622001648,1.5313105905079283e-05,0.9999693088957429,0.0001337550244946872,0.9998061060905457,1.5313105905079283e-05,0.999984622001648,1.1761319029801598e-08,2.94442981108034e-09
685,data/dataset/Very_Mild_Demented/verymild_2094.jpg,verymild_2094.jpg,Very_Mild_Demented,1,Very_Mild_Demented,1,True,0.999717652797699,0.00028185517294332385,0.9994357976247557,0.0018706195196997756,0.9981630444526672,0.00028185517294332385,0.999717652797699,3.4030514939331624e-07,1.216233727063809e-07
686,data/dataset/Very_Mild_Demented/verymild_1029.jpg,verymild_1029.jpg,Very_Mild_Demented,1,Very_Mild_Demented,1,True,0.9998260140419006,9.268172289012e-05,0.9997333323190105,0.0012995803511243217,0.9985242486000061,9.268172289012e-05,0.9998260140419006,8.118153346003965e-05,1.4760304622996046e-07
687,data/dataset/Very_Mild_Demented/verymild_923.jpg,verymild_923.jpg,Very_Mild_Demented,1,Very_Mild_Demented,1,True,0.9999397993087769,5.8944031479768455e-05,0.9998808552772971,0.000470382501254375,0.9994219541549683,5.8944031479768455e-05,0.9999397993087769,6.58083763482864e-07,5.90657975862996e-07
688,data/dataset/Very_Mild_Demented/verymild_935.jpg,verymild_935.jpg,Very_Mild_Demented,1,Very_Mild_Demented,1,True,0.9999985694885254,9.033215633280633e-07,0.9999976661669621,1.6056121940726244e-05,0.9999628067016602,5.718287638956099e-07,0.9999985694885254,9.033215633280633e-07,1.8183381467196114e-09
689,data/dataset/Very_Mild_Demented/verymild_2200.jpg,verymild_2200.jpg,Very_Mild_Demented,1,Very_Mild_Demented,1,True,0.9890344142913818,0.010685667395591736,0.9783487468957901,0.044643471489281446,0.9684756994247437,0.010685667395591736,0.9890344142913818,0.00013171331374906003,0.0001481457584304735
690,data/dataset/Very_Mild_Demented/verymild_1641.jpg,verymild_1641.jpg,Very_Mild_Demented,1,Very_Mild_Demented,1,True,0.9987357258796692,0.0012628603726625443,0.9974728655070066,0.0070063582178372455,0.9941879510879517,0.0012628603726625443,0.9987357258796692,2.6745692593976855e-07,1.2148902897024527e-06
691,data/dataset/Very_Mild_Demented/verymild_536.jpg,verymild_536.jpg,Very_Mild_Demented,1,Very_Mild_Demented,1,True,0.9870356917381287,0.01254383847117424,0.9744918532669544,0.051294841392364336,0.9642733335494995,0.0004131945315748453,0.9870356917381287,0.01254383847117424,7.350097348535201e-06
692,data/dataset/Very_Mild_Demented/verymild_1607.jpg,verymild_1607.jpg,Very_Mild_Demented,1,Very_Mild_Demented,1,True,0.9960522055625916,0.003947152756154537,0.992105052806437,0.01860815467299389,0.9861500859260559,0.003947152756154537,0.9960522055625916,4.9549051084341045e-08,6.309026616690971e-07
693,data/dataset/Very_Mild_Demented/verymild_1126.jpg,verymild_1126.jpg,Very_Mild_Demented,1,Very_Mild_Demented,1,True,0.9992067217826843,0.000731092703063041,0.9984756290796213,0.004830330932614811,0.9955847859382629,0.000731092703063041,0.9992067217826843,5.490479088621214e-05,7.2211423685075715e-06
694,data/dataset/Very_Mild_Demented/verymild_2018.jpg,verymild_2018.jpg,Very_Mild_Demented,1,Very_Mild_Demented,1,True,0.9999781847000122,2.1680043573724106e-05,0.9999565046564385,0.00018496144169571284,0.9997434020042419,2.1680043573724106e-05,0.9999781847000122,1.0614161993771631e-07,3.4336762322340064e-09
695,data/dataset/Very_Mild_Demented/verymild_221.jpg,verymild_221.jpg,Very_Mild_Demented,1,Very_Mild_Demented,1,True,0.9982823133468628,0.0016938095213845372,0.9965885038254783,0.009223890425532162,0.9924673438072205,2.08921901503345e-05,0.9982823133468628,0.0016938095213845372,2.9753527996945195e-06
696,data/dataset/Very_Mild_Demented/verymild_1910.jpg,verymild_1910.jpg,Very_Mild_Demented,1,Very_Mild_Demented,1,True,0.9618854522705078,0.037614110857248306,0.9242713414132595,0.11879068497215019,0.9215384721755981,0.037614110857248306,0.9618854522705078,0.0004723647143691778,2.8091249987483025e-05
697,data/dataset/Very_Mild_Demented/verymild_2126.jpg,verymild_2126.jpg,Very_Mild_Demented,1,Very_Mild_Demented,1,True,0.9997186064720154,0.00020187704649288207,0.9995167294255225,0.0020235248606541812,0.997787594795227,0.00020187704649288207,0.9997186064720154,4.152553447056562e-05,3.806391396210529e-05
698,data/dataset/Very_Mild_Demented/verymild_2218.jpg,verymild_2218.jpg,Very_Mild_Demented,1,Very_Mild_Demented,1,True,0.9998728036880493,0.0001238048862433061,0.999748998801806,0.0009254935645338203,0.9989720582962036,3.2019886475609383e-06,0.9998728036880493,0.0001238048862433061,8.994932443329162e-08
699,data/dataset/Very_Mild_Demented/verymild_537.jpg,verymild_537.jpg,Very_Mild_Demented,1,Very_Mild_Demented,1,True,0.9990496039390564,0.0006729964516125619,0.9983766074874438,0.005880109002638015,0.9946159720420837,0.00027504234458319843,0.9990496039390564,0.0006729964516125619,2.4160760858649155e-06
700,data/dataset/Very_Mild_Demented/verymild_1576.jpg,verymild_1576.jpg,Very_Mild_Demented,1,Very_Mild_Demented,1,True,0.9999796152114868,1.95677002921002e-05,0.9999600475111947,0.00017580957975414516,0.9997472167015076,7.965562076606147e-07,0.9999796152114868,1.95677002921002e-05,3.425411065904882e-10
701,data/dataset/Very_Mild_Demented/verymild_143.jpg,verymild_143.jpg,Very_Mild_Demented,1,Very_Mild_Demented,1,True,0.999962568283081,3.214765092707239e-05,0.999930420632154,0.00031444550421104184,0.999567449092865,3.214765092707239e-05,0.999962568283081,5.07113327330444e-06,2.699569847663952e-07
702,data/dataset/Very_Mild_Demented/verymild_521.jpg,verymild_521.jpg,Very_Mild_Demented,1,Very_Mild_Demented,1,True,0.9936501383781433,0.006340417545288801,0.9873097208328545,0.02779407052304687,0.9800031185150146,0.006340417545288801,0.9936501383781433,7.520049166487297e-06,1.875306224974338e-06
703,data/dataset/Very_Mild_Demented/verymild_240.jpg,verymild_240.jpg,Very_Mild_Demented,1,Very_Mild_Demented,1,True,0.9999955892562866,3.1692773063696222e-06,0.9999924199789803,4.3942215484454614e-05,0.999915599822998,1.196170387629536e-06,0.9999955892562866,3.1692773063696222e-06,3.3436924340435326e-09
704,data/dataset/Very_Mild_Demented/verymild_584.jpg,verymild_584.jpg,Very_Mild_Demented,1,Very_Mild_Demented,1,True,0.9917398691177368,0.00603177584707737,0.9857080932706594,0.038023120269619015,0.9721364378929138,0.0022205275017768145,0.9917398691177368,0.00603177584707737,7.748683856334537e-06
705,data/dataset/Very_Mild_Demented/verymild_188.jpg,verymild_188.jpg,Very_Mild_Demented,1,Very_Mild_Demented,1,True,0.9999911785125732,5.372114173951559e-06,0.9999858063983993,8.503277722965178e-05,0.9998512268066406,5.372114173951559e-06,0.9999911785125732,3.4388383483019425e-06,3.558581340712408e-08
706,data/dataset/Very_Mild_Demented/verymild_907.jpg,verymild_907.jpg,Very_Mild_Demented,1,Very_Mild_Demented,1,True,0.997331976890564,0.0024552256800234318,0.9948767512105405,0.013876491396432088,0.9888941645622253,0.0024552256800234318,0.997331976890564,0.0002092816139338538,3.560923687473405e-06
707,data/dataset/Very_Mild_Demented/verymild_2014.jpg,verymild_2014.jpg,Very_Mild_Demented,1,Very_Mild_Demented,1,True,0.9999821186065674,1.784597225196194e-05,0.9999642726343154,0.0001536506061061364,0.9997829794883728,1.784597225196194e-05,0.9999821186065674,6.96449668768917e-12,1.9065575507237753e-11
708,data/dataset/Very_Mild_Demented/verymild_509.jpg,verymild_509.jpg,Very_Mild_Demented,1,Very_Mild_Demented,1,True,0.9859121441841125,0.009057808667421341,0.9768543355166912,0.060235305752889046,0.9576371908187866,0.0049789599142968655,0.9859121441841125,0.009057808667421341,5.1162591262254864e-05
709,data/dataset/Very_Mild_Demented/verymild_1903.jpg,verymild_1903.jpg,Very_Mild_Demented,1,Very_Mild_Demented,1,True,0.9999772310256958,2.2768186681787483e-05,0.999954462839014,0.00019202551571243266,0.9997379183769226,2.2768186681787483e-05,0.9999772310256958,3.195178011061728e-10,1.6283873138789318e-09
710,data/dataset/Very_Mild_Demented/verymild_1888.jpg,verymild_1888.jpg,Very_Mild_Demented,1,Very_Mild_Demented,1,True,0.9997374415397644,0.00014003603428136557,0.999597405505483,0.0018900302139460328,0.9979498982429504,0.00012036637781420723,0.9997374415397644,0.00014003603428136557,2.2022124994691694e-06
711,data/dataset/Very_Mild_Demented/verymild_975.jpg,verymild_975.jpg,Very_Mild_Demented,1,Very_Mild_Demented,1,True,0.9999964237213135,3.437075974943582e-06,0.9999929866453385,3.4730567947916894e-05,0.9999356269836426,8.073774182548732e-08,0.9999964237213135,3.437075974943582e-06,4.86350515416234e-10
712,data/dataset/Very_Mild_Demented/verymild_1966.jpg,verymild_1966.jpg,Very_Mild_Demented,1,Very_Mild_Demented,1,True,0.9999933242797852,3.3440917377447477e-06,0.9999899801880474,6.53856435779161e-05,0.9998810291290283,3.310444299131632e-06,0.9999933242797852,3.3440917377447477e-06,1.583408182348478e-09
713,data/dataset/Very_Mild_Demented/verymild_1629.jpg,verymild_1629.jpg,Very_Mild_Demented,1,Very_Mild_Demented,1,True,0.9999978542327881,1.554620212118607e-06,0.999996299612576,2.318234337470883e-05,0.9999499320983887,6.384366884049086e-07,0.9999978542327881,1.554620212118607e-06,4.860955193919381e-09
714,data/dataset/Very_Mild_Demented/verymild_1737.jpg,verymild_1737.jpg,Very_Mild_Demented,1,Very_Mild_Demented,1,True,0.9999924898147583,7.396169166895561e-06,0.9999850936455914,6.950079351637576e-05,0.9998862743377686,7.396169166895561e-06,0.9999924898147583,8.797376693792103e-08,1.307999375477209e-09
715,data/dataset/Very_Mild_Demented/verymild_1677.jpg,verymild_1677.jpg,Very_Mild_Demented,1,Very_Mild_Demented,1,True,0.9981979727745056,0.0018012727377936244,0.996396700036712,0.009518437587423918,0.9923898577690125,0.0018012727377936244,0.9981979727745056,3.32925395696293e-07,5.013574764234363e-07
716,data/dataset/Very_Mild_Demented/verymild_1976.jpg,verymild_1976.jpg,Very_Mild_Demented,1,Very_Mild_Demented,1,True,0.9983282685279846,0.0016714204102754593,0.9966568481177092,0.008917186240007539,0.9928268790245056,0.0016714204102754593,0.9983282685279846,5.4769451196534646e-08,2.2172365277128847e-07
717,data/dataset/Very_Mild_Demented/verymild_245.jpg,verymild_245.jpg,Very_Mild_Demented,1,Very_Mild_Demented,1,True,0.9178454279899597,0.0813671350479126,0.8364782929420471,0.20837979071936336,0.862706184387207,0.0813671350479126,0.9178454279899597,0.000599661550950259,0.00018771388567984104
718,data/dataset/Very_Mild_Demented/verymild_1682.jpg,verymild_1682.jpg,Very_Mild_Demented,1,Very_Mild_Demented,1,True,0.9954219460487366,0.004577037412673235,0.9908449086360633,0.02109019485410135,0.9844865202903748,0.004577037412673235,0.9954219460487366,5.555016855396389e-07,4.455551732007734e-07
719,data/dataset/Very_Mild_Demented/verymild_274.jpg,verymild_274.jpg,Very_Mild_Demented,1,Very_Mild_Demented,1,True,0.9989751577377319,0.0010123997926712036,0.9979627579450607,0.005878493978057257,0.994948148727417,0.0010123997926712036,0.9989751577377319,1.1123023796244524e-05,1.2665000213019084e-06
720,data/dataset/Very_Mild_Demented/verymild_499.jpg,verymild_499.jpg,Very_Mild_Demented,1,Very_Mild_Demented,1,True,0.8560013771057129,0.14399147033691406,0.7120099067687988,0.29736718291578595,0.7981257438659668,0.14399147033691406,0.8560013771057129,5.35968001713627e-06,1.7996649148699362e-06
721,data/dataset/Very_Mild_Demented/verymild_1129.jpg,verymild_1129.jpg,Very_Mild_Demented,1,Very_Mild_Demented,1,True,0.9983382225036621,0.0016616815701127052,0.9966765409335494,0.00886964916041749,0.9928659200668335,0.0016616815701127052,0.9983382225036621,3.806491477575946e-08,1.4419235583318368e-08
722,data/dataset/Very_Mild_Demented/verymild_320.jpg,verymild_320.jpg,Very_Mild_Demented,1,Very_Mild_Demented,1,True,0.9999966621398926,3.3026256005541654e-06,0.999993359514292,3.2802357858401e-05,0.9999394416809082,2.5007148352074182e-08,0.9999966621398926,3.3026256005541654e-06,7.814968117081378e-10
723,data/dataset/Very_Mild_Demented/verymild_24.jpg,verymild_24.jpg,Very_Mild_Demented,1,Very_Mild_Demented,1,True,0.9998059868812561,0.00012134741700720042,0.9996846394642489,0.0014318944645776706,0.9983946681022644,7.196456863312051e-05,0.9998059868812561,0.00012134741700720042,7.339373837567109e-07
724,data/dataset/Very_Mild_Demented/verymild_43.jpg,verymild_43.jpg,Very_Mild_Demented,1,Very_Mild_Demented,1,True,0.9999877214431763,1.2323217561061028e-05,0.9999753982256152,0.00010968858018113977,0.9998351335525513,1.2323217561061028e-05,0.9999877214431763,1.1597160565202103e-08,1.4887128862994814e-08
725,data/dataset/Very_Mild_Demented/verymild_1674.jpg,verymild_1674.jpg,Very_Mild_Demented,1,Very_Mild_Demented,1,True,0.9996421337127686,0.00035782804479822516,0.9992843056679703,0.002308077714338035,0.9978041052818298,0.00035782804479822516,0.9996421337127686,8.763719705484618e-08,5.49914247471861e-08
726,data/dataset/Very_Mild_Demented/verymild_2177.jpg,verymild_2177.jpg,Very_Mild_Demented,1,Very_Mild_Demented,1,True,0.9999879598617554,9.147400305664632e-06,0.9999788124614497,0.00011237848583280292,0.9998137354850769,9.147400305664632e-06,0.9999879598617554,2.763346628853469e-06,1.429373952532842e-07
727,data/dataset/Very_Mild_Demented/verymild_1845.jpg,verymild_1845.jpg,Very_Mild_Demented,1,Very_Mild_Demented,1,True,0.9999974966049194,1.5113714653125498e-06,0.9999959852334541,2.6013462381254463e-05,0.999944806098938,1.5113714653125498e-06,0.9999974966049194,9.57636416387686e-07,1.5316862223002659e-09
728,data/dataset/Very_Mild_Demented/verymild_633.jpg,verymild_633.jpg,Very_Mild_Demented,1,Very_Mild_Demented,1,True,0.9826827049255371,0.017316067591309547,0.9653666373342276,0.06306060986897408,0.9575076699256897,0.017316067591309547,0.9826827049255371,9.86517889600691e-08,1.2060108929290436e-06
729,data/dataset/Very_Mild_Demented/verymild_1352.jpg,verymild_1352.jpg,Very_Mild_Demented,1,Very_Mild_Demented,1,True,0.9772182703018188,0.02276231162250042,0.9544559586793184,0.07851542232996457,0.9476215839385986,0.02276231162250042,0.9772182703018188,1.229393183166394e-05,7.122581791918492e-06
730,data/dataset/Very_Mild_Demented/verymild_734.jpg,verymild_734.jpg,Very_Mild_Demented,1,Very_Mild_Demented,1,True,0.998217761516571,0.001781779108569026,0.996435982408002,0.009425062428728322,0.9924628734588623,0.001781779108569026,0.998217761516571,2.1098587410506298e-07,2.0122026000990445e-07
731,data/dataset/Very_Mild_Demented/verymild_408.jpg,verymild_408.jpg,Very_Mild_Demented,1,Very_Mild_Demented,1,True,0.9866848587989807,0.013275617733597755,0.973409241065383,0.05123455072432124,0.9648016691207886,2.7479949494590983e-05,0.9866848587989807,0.013275617733597755,1.205753596877912e-05
732,data/dataset/Very_Mild_Demented/verymild_970.jpg,verymild_970.jpg,Very_Mild_Demented,1,Very_Mild_Demented,1,True,0.8667604327201843,0.0817742869257927,0.7849861457943916,0.34825259273548215,0.783501923084259,0.0512479729950428,0.8667604327201843,0.0817742869257927,0.00021728264982812107
733,data/dataset/Very_Mild_Demented/verymild_1773.jpg,verymild_1773.jpg,Very_Mild_Demented,1,Very_Mild_Demented,1,True,0.955306351184845,0.044299520552158356,0.9110068306326866,0.13350391899153594,0.9121006727218628,0.044299520552158356,0.955306351184845,0.0002824091352522373,0.0001116771309170872
734,data/dataset/Very_Mild_Demented/verymild_2118.jpg,verymild_2118.jpg,Very_Mild_Demented,1,Very_Mild_Demented,1,True,0.9996145963668823,0.00035699826548807323,0.9992575981013943,0.0025488302481965343,0.9974576830863953,0.00035699826548807323,0.9996145963668823,2.0198111087665893e-05,8.195622285711579e-06
735,data/dataset/Very_Mild_Demented/verymild_345.jpg,verymild_345.jpg,Very_Mild_Demented,1,Very_Mild_Demented,1,True,0.9998886585235596,0.00010388354712631553,0.9997847749764333,0.0008317562177653866,0.9990425705909729,0.00010388354712631553,0.9998886585235596,7.450319571944419e-06,5.446140605158689e-08
736,data/dataset/Very_Mild_Demented/verymild_623.jpg,verymild_623.jpg,Very_Mild_Demented,1,Very_Mild_Demented,1,True,0.9990171194076538,0.0007221732521429658,0.9982949461555108,0.006035332078535689,0.9945113658905029,0.0007221732521429658,0.9990171194076538,0.0002592041564639658,1.507834781477868e-06
737,data/dataset/Very_Mild_Demented/verymild_1493.jpg,verymild_1493.jpg,Very_Mild_Demented,1,Very_Mild_Demented,1,True,0.978306770324707,0.020993592217564583,0.9573131781071424,0.0777614073929193,0.9473159909248352,0.020993592217564583,0.978306770324707,0.0006599153857678175,3.962317714467645e-05
738,data/dataset/Very_Mild_Demented/verymild_1597.jpg,verymild_1597.jpg,Very_Mild_Demented,1,Very_Mild_Demented,1,True,0.9999823570251465,1.556302777316887e-05,0.9999667939973733,0.00015661426270700924,0.9997629523277283,2.0643130937969545e-06,0.9999823570251465,1.556302777316887e-05,8.3353617341686e-09
739,data/dataset/Very_Mild_Demented/verymild_1642.jpg,verymild_1642.jpg,Very_Mild_Demented,1,Very_Mild_Demented,1,True,0.9999991655349731,4.606459071965219e-07,0.999998704889066,9.158322181600052e-06,0.9999765157699585,4.606459071965219e-07,0.9999991655349731,3.4173260132774885e-07,2.6541491227050074e-09
740,data/dataset/Very_Mild_Demented/verymild_1354.jpg,verymild_1354.jpg,Very_Mild_Demented,1,Very_Mild_Demented,1,True,0.9997120499610901,0.00028790620854124427,0.9994241437525488,0.0019024280804708286,0.9981421232223511,0.00028790620854124427,0.9997120499610901,7.21664861202953e-08,5.800299618385907e-08
741,data/dataset/Very_Mild_Demented/verymild_1648.jpg,verymild_1648.jpg,Very_Mild_Demented,1,Very_Mild_Demented,1,True,0.7714917063713074,0.22592122852802277,0.5455704778432846,0.3990542255063768,0.7132946252822876,0.22592122852802277,0.7714917063713074,0.0018184538930654526,0.0007686124881729484
742,data/dataset/Very_Mild_Demented/verymild_1999.jpg,verymild_1999.jpg,Very_Mild_Demented,1,Very_Mild_Demented,1,True,0.9971446394920349,0.00281239440664649,0.9943322450853884,0.014305101721900325,0.9888379573822021,0.00281239440664649,0.9971446394920349,1.5408362742164172e-05,2.761233554338105e-05
743,data/dataset/Very_Mild_Demented/verymild_1560.jpg,verymild_1560.jpg,Very_Mild_Demented,1,Very_Mild_Demented,1,True,0.9450390338897705,0.030753863975405693,0.9142851699143648,0.18186148481318787,0.8835926055908203,0.030753863975405693,0.9450390338897705,0.02392476610839367,0.00028229638701304793
744,data/dataset/Very_Mild_Demented/verymild_1961.jpg,verymild_1961.jpg,Very_Mild_Demented,1,Very_Mild_Demented,1,True,0.9998173117637634,0.0001803304476197809,0.9996369813161436,0.0012768004596440475,0.9986554384231567,0.0001803304476197809,0.9998173117637634,1.919232090585865e-06,5.187695251152036e-07
745,data/dataset/Very_Mild_Demented/verymild_964.jpg,verymild_964.jpg,Very_Mild_Demented,1,Very_Mild_Demented,1,True,0.9998855590820312,7.445825758622959e-05,0.999811100824445,0.0008883578243571111,0.9989280104637146,7.445825758622959e-05,0.9998855590820312,3.9056834793882445e-05,9.286827094001637e-07
746,data/dataset/Very_Mild_Demented/verymild_890.jpg,verymild_890.jpg,Very_Mild_Demented,1,Very_Mild_Demented,1,True,0.9992431402206421,0.0007551168091595173,0.9984880234114826,0.004478819556178973,0.9960681200027466,0.0007551168091595173,0.9992431402206421,1.2822325743400143e-06,4.614069553099398e-07
747,data/dataset/Very_Mild_Demented/verymild_1679.jpg,verymild_1679.jpg,Very_Mild_Demented,1,Very_Mild_Demented,1,True,0.9979165196418762,0.0020503986161202192,0.995866121025756,0.010905402424222718,0.9912624359130859,3.211438161088154e-05,0.9979165196418762,0.0020503986161202192,9.467248673900031e-07
748,data/dataset/Very_Mild_Demented/verymild_227.jpg,verymild_227.jpg,Very_Mild_Demented,1,Very_Mild_Demented,1,True,0.9998601675033569,0.00010773713438538834,0.9997524303689715,0.0010533669482214094,0.9987768530845642,0.00010773713438538834,0.9998601675033569,3.123323040199466e-05,8.724744020582875e-07
749,data/dataset/Very_Mild_Demented/verymild_1937.jpg,verymild_1937.jpg,Very_Mild_Demented,1,Very_Mild_Demented,1,True,0.9999939203262329,5.795802280772477e-06,0.9999881245239521,5.879836374866518e-05,0.9998968839645386,5.795802280772477e-06,0.9999939203262329,3.1442291970051883e-07,4.974427980641849e-08
750,data/dataset/Very_Mild_Demented/verymild_283.jpg,verymild_283.jpg,Very_Mild_Demented,1,Very_Mild_Demented,1,True,0.9970918893814087,0.0015270699514076114,0.9955648194300011,0.01622341098938315,0.986501157283783,0.0015270699514076114,0.9970918893814087,0.0011702149640768766,0.0002108605985995382
751,data/dataset/Very_Mild_Demented/verymild_508.jpg,verymild_508.jpg,Very_Mild_Demented,1,Very_Mild_Demented,1,True,0.9996371269226074,0.0002694467839319259,0.9993676801386755,0.002488289331960291,0.9974478483200073,0.0002694467839319259,0.9996371269226074,9.244336979463696e-05,9.656665724833147e-07
752,data/dataset/Very_Mild_Demented/verymild_1164.jpg,verymild_1164.jpg,Very_Mild_Demented,1,Very_Mild_Demented,1,True,0.9734410643577576,0.026454677805304527,0.946986386552453,0.08892288257897552,0.9408501982688904,9.816878446144983e-05,0.9734410643577576,0.026454677805304527,6.015075541654369e-06
753,data/dataset/Very_Mild_Demented/verymild_1696.jpg,verymild_1696.jpg,Very_Mild_Demented,1,Very_Mild_Demented,1,True,0.9873872399330139,0.012608680874109268,0.9747785590589046,0.04885642299831088,0.96648770570755,0.012608680874109268,0.9873872399330139,1.9980780052719638e-06,2.133594307451858e-06
754,data/dataset/Very_Mild_Demented/verymild_1698.jpg,verymild_1698.jpg,Very_Mild_Demented,1,Very_Mild_Demented,1,True,0.9998086094856262,0.00012559820606838912,0.9996830112795578,0.0014099075575564283,0.9984229803085327,0.00012559820606838912,0.9998086094856262,6.542848859680817e-05,3.084530817432096e-07
755,data/dataset/Very_Mild_Demented/verymild_44.jpg,verymild_44.jpg,Very_Mild_Demented,1,Very_Mild_Demented,1,True,1.0,3.7664374730184136e-08,0.9999999623356253,4.7372984605565935e-07,0.9999980926513672,3.7664374730184136e-08,1.0,5.99502780751493e-10,5.519629458355935e-12
756,data/dataset/Very_Mild_Demented/verymild_1739.jpg,verymild_1739.jpg,Very_Mild_Demented,1,Very_Mild_Demented,1,True,0.9860367178916931,0.013322957791388035,0.9727137601003051,0.05506044452866825,0.9615908265113831,0.00056869798572734,0.9860367178916931,0.013322957791388035,7.157523941714317e-05
757,data/dataset/Very_Mild_Demented/verymild_1939.jpg,verymild_1939.jpg,Very_Mild_Demented,1,Very_Mild_Demented,1,True,0.9999858140945435,1.3957296687294729e-05,0.9999718567978562,0.00012583621223872144,0.9998108744621277,2.2968544044488226e-07,0.9999858140945435,1.3957296687294729e-05,4.2000706912403984e-08
758,data/dataset/Very_Mild_Demented/verymild_15.jpg,verymild_15.jpg,Very_Mild_Demented,1,Very_Mild_Demented,1,True,0.8868236541748047,0.11031399667263031,0.7765096575021744,0.26474465378687406,0.8244219422340393,0.11031399667263031,0.8868236541748047,0.0027230153791606426,0.0001393683924106881
759,data/dataset/Very_Mild_Demented/verymild_361.jpg,verymild_361.jpg,Very_Mild_Demented,1,Very_Mild_Demented,1,True,0.9568545818328857,0.04260009154677391,0.9142544902861118,0.13055594287526517,0.913927435874939,0.04260009154677391,0.9568545818328857,0.00045272352872416377,9.263897663913667e-05
760,data/dataset/Very_Mild_Demented/verymild_277.jpg,verymild_277.jpg,Very_Mild_Demented,1,Very_Mild_Demented,1,True,0.9998821020126343,9.714470070321113e-05,0.9997849573119311,0.0008996682869043568,0.9989297986030579,1.8294196706847288e-05,0.9998821020126343,9.714470070321113e-05,2.4954567834356567e-06
761,data/dataset/Very_Mild_Demented/verymild_776.jpg,verymild_776.jpg,Very_Mild_Demented,1,Very_Mild_Demented,1,True,0.9999850988388062,1.4582373296434525e-05,0.9999705164655097,0.00013146037242795986,0.9998038411140442,1.4582373296434525e-05,0.9999850988388062,3.1927501709105854e-07,9.837832770642763e-09
762,data/dataset/Very_Mild_Demented/verymild_266.jpg,verymild_266.jpg,Very_Mild_Demented,1,Very_Mild_Demented,1,True,0.999750554561615,0.00018360048125032336,0.9995669540803647,0.0017910604125913633,0.9980462789535522,5.977484761388041e-05,0.999750554561615,0.00018360048125032336,6.054925506759901e-06
763,data/dataset/Very_Mild_Demented/verymild_1438.jpg,verymild_1438.jpg,Very_Mild_Demented,1,Very_Mild_Demented,1,True,0.9996942281723022,0.0003028492210432887,0.999391378951259,0.002018120003537564,0.9980136156082153,0.0003028492210432887,0.9996942281723022,7.679948339500697e-07,2.095691343129147e-06
764,data/dataset/Very_Mild_Demented/verymild_1013.jpg,verymild_1013.jpg,Very_Mild_Demented,1,Very_Mild_Demented,1,True,0.9998773336410522,0.0001218209508806467,0.9997555126901716,0.0008887814827914875,0.9990235567092896,0.0001218209508806467,0.9998773336410522,6.930498557267128e-07,1.0305237196917005e-07
765,data/dataset/Very_Mild_Demented/verymild_1385.jpg,verymild_1385.jpg,Very_Mild_Demented,1,Very_Mild_Demented,1,True,0.9891752600669861,0.010812980122864246,0.9783622799441218,0.04317788639597806,0.9700571298599243,0.010812980122864246,0.9891752600669861,5.909183983021649e-06,5.78160916120396e-06
766,data/dataset/Very_Mild_Demented/verymild_114.jpg,verymild_114.jpg,Very_Mild_Demented,1,Very_Mild_Demented,1,True,1.0,4.518527418895246e-08,0.9999999548147258,5.559928135771452e-07,0.9999978542327881,4.518527418895246e-08,1.0,2.877642013565662e-10,9.954841638515344e-12
767,data/dataset/Very_Mild_Demented/verymild_418.jpg,verymild_418.jpg,Very_Mild_Demented,1,Non_Demented,0,False,0.6092520952224731,0.270278662443161,0.33897343277931213,0.6699038119444222,0.5451621413230896,0.6092520952224731,0.270278662443161,0.11626911163330078,0.004200133960694075
768,data/dataset/Very_Mild_Demented/verymild_779.jpg,verymild_779.jpg,Very_Mild_Demented,1,Very_Mild_Demented,1,True,0.9998939037322998,0.00010588656004983932,0.99978801717225,0.0007778486421415963,0.9991361498832703,0.00010588656004983932,0.9998939037322998,1.8594562334328657e-07,8.618405544780217e-09
769,data/dataset/Very_Mild_Demented/verymild_752.jpg,verymild_752.jpg,Very_Mild_Demented,1,Very_Mild_Demented,1,True,0.9999397993087769,5.214283737586811e-05,0.999887656471401,0.00048342538669581,0.9993834495544434,8.08730510470923e-06,0.9999397993087769,5.214283737586811e-05,5.617121345835585e-08
770,data/dataset/Very_Mild_Demented/verymild_590.jpg,verymild_590.jpg,Very_Mild_Demented,1,Very_Mild_Demented,1,True,0.9936528205871582,0.006347183138132095,0.9873056374490261,0.02773073522463772,0.980129063129425,0.006347183138132095,0.9936528205871582,2.5125114433421913e-08,2.3142542104892527e-08
771,data/dataset/Very_Mild_Demented/verymild_564.jpg,verymild_564.jpg,Very_Mild_Demented,1,Very_Mild_Demented,1,True,0.9998095631599426,0.00018450811330694705,0.9996250550466357,0.0013332042190065568,0.998590886592865,0.00018450811330694705,0.9998095631599426,5.83410337640089e-06,6.76248390618639e-08
772,data/dataset/Very_Mild_Demented/verymild_1647.jpg,verymild_1647.jpg,Very_Mild_Demented,1,Very_Mild_Demented,1,True,0.9995729327201843,0.00041563145350664854,0.9991573012666777,0.0027363818636612293,0.9973874688148499,1.1397416528780013e-05,0.9995729327201843,0.00041563145350664854,4.3742147681768984e-08
773,data/dataset/Very_Mild_Demented/verymild_920.jpg,verymild_920.jpg,Very_Mild_Demented,1,Very_Mild_Demented,1,True,0.9999961853027344,3.4205943393317284e-06,0.999992764708395,3.785426425159227e-05,0.9999282360076904,3.4205943393317284e-06,0.9999961853027344,3.7903407701378455e-07,3.509584289851375e-10
774,data/dataset/Very_Mild_Demented/verymild_2133.jpg,verymild_2133.jpg,Very_Mild_Demented,1,Very_Mild_Demented,1,True,0.9999834299087524,1.051013714459259e-05,0.9999729197716078,0.00015173997584721943,0.9997602105140686,1.051013714459259e-05,0.9999834299087524,6.0816050790890586e-06,1.4709500284482147e-08
775,data/dataset/Very_Mild_Demented/verymild_913.jpg,verymild_913.jpg,Very_Mild_Demented,1,Non_Demented,0,False,0.9630569219589233,0.027897924184799194,0.9351589977741241,0.1293265248955724,0.9148790240287781,0.9630569219589233,0.027897924184799194,0.008929834701120853,0.000115361122880131
776,data/dataset/Very_Mild_Demented/verymild_2087.jpg,verymild_2087.jpg,Very_Mild_Demented,1,Very_Mild_Demented,1,True,0.9999198913574219,8.004814299056306e-05,0.9998398432144313,0.0006027007295270072,0.9993081092834473,8.004814299056306e-05,0.9999198913574219,9.090004304823651e-09,8.736138035203567e-09
777,data/dataset/Very_Mild_Demented/verymild_1027.jpg,verymild_1027.jpg,Very_Mild_Demented,1,Very_Mild_Demented,1,True,0.988649845123291,0.00965852290391922,0.9789913222193718,0.04835656617249381,0.9655449390411377,0.0016641339752823114,0.988649845123291,0.00965852290391922,2.7452895665192045e-05
778,data/dataset/Very_Mild_Demented/verymild_1350.jpg,verymild_1350.jpg,Very_Mild_Demented,1,Very_Mild_Demented,1,True,0.9926027655601501,0.005194340366870165,0.98740842519328,0.03498727176767304,0.973919689655304,0.002126443199813366,0.9926027655601501,0.005194340366870165,7.649025792488828e-05
779,data/dataset/Very_Mild_Demented/verymild_425.jpg,verymild_425.jpg,Very_Mild_Demented,1,Very_Mild_Demented,1,True,0.8801257610321045,0.11978001892566681,0.7603457421064377,0.2650951544293325,0.8225901126861572,0.11978001892566681,0.8801257610321045,6.601763743674383e-05,2.8236754587851465e-05
780,data/dataset/Very_Mild_Demented/verymild_293.jpg,verymild_293.jpg,Very_Mild_Demented,1,Very_Mild_Demented,1,True,0.9900627732276917,0.009920356795191765,0.9801424164324999,0.040281832916894356,0.9718950390815735,0.009920356795191765,0.9900627732276917,1.7676541119726608e-06,1.5050300135044381e-05
781,data/dataset/Very_Mild_Demented/verymild_1788.jpg,verymild_1788.jpg,Very_Mild_Demented,1,Very_Mild_Demented,1,True,0.9968326687812805,0.0031632494647055864,0.9936694193165749,0.015453760410868425,0.9882442951202393,0.0031632494647055864,0.9968326687812805,3.210755039617652e-06,8.886954674380831e-07
782,data/dataset/Very_Mild_Demented/verymild_164.jpg,verymild_164.jpg,Very_Mild_Demented,1,Very_Mild_Demented,1,True,0.9947726130485535,0.0052213468588888645,0.9895512661896646,0.02360646764441726,0.9827805757522583,5.760428848589072e-06,0.9947726130485535,0.0052213468588888645,2.738020157266874e-07
783,data/dataset/Very_Mild_Demented/verymild_301.jpg,verymild_301.jpg,Very_Mild_Demented,1,Very_Mild_Demented,1,True,0.9999901056289673,9.534888704365585e-06,0.9999805707402629,9.103840321013044e-05,0.999853253364563,9.534888704365585e-06,0.9999901056289673,3.5122505437357177e-07,5.143799342022248e-08
784,data/dataset/Very_Mild_Demented/verymild_874.jpg,verymild_874.jpg,Very_Mild_Demented,1,Very_Mild_Demented,1,True,0.9966417551040649,0.0033488685730844736,0.9932928865309805,0.016269076414030605,0.9876500964164734,0.0033488685730844736,0.9966417551040649,6.109741661930457e-06,3.3413618893973762e-06
785,data/dataset/Very_Mild_Demented/verymild_1198.jpg,verymild_1198.jpg,Very_Mild_Demented,1,Very_Mild_Demented,1,True,0.9997988343238831,0.00020120665431022644,0.9995976276695728,0.0013808679342594474,0.9985924363136292,0.00020120665431022644,0.9997988343238831,1.7995771983692066e-08,1.7784147487986957e-08
786,data/dataset/Very_Mild_Demented/verymild_619.jpg,verymild_619.jpg,Very_Mild_Demented,1,Very_Mild_Demented,1,True,0.9912644624710083,0.008678004145622253,0.982586458325386,0.03640534934090449,0.9742480516433716,0.008678004145622253,0.9912644624710083,5.3058556659379974e-05,4.444521437108051e-06
787,data/dataset/Very_Mild_Demented/verymild_471.jpg,verymild_471.jpg,Very_Mild_Demented,1,Very_Mild_Demented,1,True,0.9787411093711853,0.02125738188624382,0.9574837274849415,0.07423801494806646,0.9504387974739075,1.407282297805068e-06,0.9787411093711853,0.02125738188624382,1.4015144245149713e-07
788,data/dataset/Very_Mild_Demented/verymild_116.jpg,verymild_116.jpg,Very_Mild_Demented,1,Very_Mild_Demented,1,True,0.9999650716781616,3.474593177088536e-05,0.9999303257463907,0.00028471272281060174,0.9996298551559448,3.474593177088536e-05,0.9999650716781616,1.5969955313721584e-07,2.98104190221693e-08
789,data/dataset/Very_Mild_Demented/verymild_1703.jpg,verymild_1703.jpg,Very_Mild_Demented,1,Very_Mild_Demented,1,True,0.9869081974029541,0.011960982345044613,0.9749472150579095,0.05343366600861478,0.9622809290885925,0.011960982345044613,0.9869081974029541,0.0009736987412907183,0.0001571633474668488
790,data/dataset/Very_Mild_Demented/verymild_876.jpg,verymild_876.jpg,Very_Mild_Demented,1,Very_Mild_Demented,1,True,0.9999867677688599,1.3172402759664692e-05,0.9999735953661002,0.00011762068162387265,0.9998238682746887,1.1033730373810613e-07,0.9999867677688599,1.3172402759664692e-05,1.6718337825238905e-09
791,data/dataset/Very_Mild_Demented/verymild_1285.jpg,verymild_1285.jpg,Very_Mild_Demented,1,Very_Mild_Demented,1,True,0.9999977350234985,2.2201240881258855e-06,0.9999955148994104,2.2867801130256677e-05,0.9999549388885498,3.0442425469345835e-08,0.9999977350234985,2.2201240881258855e-06,3.775603163447272e-10
792,data/dataset/Very_Mild_Demented/verymild_208.jpg,verymild_208.jpg,Very_Mild_Demented,1,Very_Mild_Demented,1,True,0.9999579191207886,3.9530335925519466e-05,0.999918388784863,0.0003444393247082627,0.9995425939559937,3.9530335925519466e-05,0.9999579191207886,1.4808849755354458e-06,1.0739506706158863e-06
793,data/dataset/Very_Mild_Demented/verymild_1723.jpg,verymild_1723.jpg,Very_Mild_Demented,1,Very_Mild_Demented,1,True,0.9990715980529785,0.0009260986116714776,0.998145499441307,0.005357123869316043,0.9954009652137756,0.0009260986116714776,0.9990715980529785,1.62167850703554e-07,2.1187347556406166e-06
794,data/dataset/Very_Mild_Demented/verymild_2203.jpg,verymild_2203.jpg,Very_Mild_Demented,1,Very_Mild_Demented,1,True,0.9999756813049316,2.0792907889699563e-05,0.9999548883970419,0.00021206214535120387,0.9996893405914307,2.0792907889699563e-05,0.9999756813049316,3.399350589461392e-06,1.7285847775383445e-07
795,data/dataset/Very_Mild_Demented/verymild_1941.jpg,verymild_1941.jpg,Very_Mild_Demented,1,Very_Mild_Demented,1,True,0.999737560749054,0.00025152723537757993,0.9994860335136764,0.0017879813521047736,0.9981581568717957,0.00025152723537757993,0.999737560749054,5.261048499960452e-06,5.59529098609346e-06
796,data/dataset/Very_Mild_Demented/verymild_1280.jpg,verymild_1280.jpg,Very_Mild_Demented,1,Very_Mild_Demented,1,True,0.996415376663208,0.003312732558697462,0.9931026441045105,0.017879638851167955,0.9860506653785706,0.000256022292887792,0.996415376663208,0.003312732558697462,1.5856065147090703e-05
797,data/dataset/Very_Mild_Demented/verymild_2007.jpg,verymild_2007.jpg,Very_Mild_Demented,1,Very_Mild_Demented,1,True,0.9998345375061035,0.0001498116325819865,0.9996847258735215,0.0011979090449462846,0.9986728429794312,0.0001498116325819865,0.9998345375061035,1.4782099242438562e-05,8.234937922679819e-07
798,data/dataset/Very_Mild_Demented/verymild_1443.jpg,verymild_1443.jpg,Very_Mild_Demented,1,Very_Mild_Demented,1,True,0.9980667233467102,0.0019320708233863115,0.9961346525233239,0.010115081009050187,0.9919636249542236,0.0019320708233863115,0.9980667233467102,3.053415014164784e-07,9.107862410928647e-07
799,data/dataset/Very_Mild_Demented/verymild_1359.jpg,verymild_1359.jpg,Very_Mild_Demented,1,Very_Mild_Demented,1,True,0.952568531036377,0.04727654159069061,0.9052919894456863,0.13851492374514718,0.9091165065765381,0.04727654159069061,0.952568531036377,5.225710992817767e-05,0.00010269040649291128
800,data/dataset/Very_Mild_Demented/verymild_387.jpg,verymild_387.jpg,Very_Mild_Demented,1,Very_Mild_Demented,1,True,0.9802054166793823,0.019731035456061363,0.960474381223321,0.07046785427151468,0.9525750279426575,0.019731035456061363,0.9802054166793823,7.178256510087522e-06,5.635726483887993e-05
801,data/dataset/Very_Mild_Demented/verymild_3.jpg,verymild_3.jpg,Very_Mild_Demented,1,Very_Mild_Demented,1,True,0.9998499155044556,0.00014991569332778454,0.9996999998111278,0.0010632128710074014,0.9988707900047302,0.00014991569332778454,0.9998499155044556,1.8439409643633553e-07,5.506268863086916e-08
802,data/dataset/Very_Mild_Demented/verymild_61.jpg,verymild_61.jpg,Very_Mild_Demented,1,Very_Mild_Demented,1,True,0.9998675584793091,0.00013067670806776732,0.9997368817712413,0.0009552165837354504,0.9989534616470337,0.00013067670806776732,0.9998675584793091,1.5134626210056012e-06,1.86020898240713e-07
803,data/dataset/Very_Mild_Demented/verymild_768.jpg,verymild_768.jpg,Very_Mild_Demented,1,Very_Mild_Demented,1,True,0.9998878240585327,0.00011213224934181198,0.9997756918091909,0.0008167641676222052,0.9991037249565125,0.00011213224934181198,0.9998878240585327,7.572031002212043e-09,1.386517456403169e-09
804,data/dataset/Very_Mild_Demented/verymild_309.jpg,verymild_309.jpg,Very_Mild_Demented,1,Very_Mild_Demented,1,True,0.9999521970748901,4.7776637075003237e-05,0.9999044204378151,0.000378201941777455,0.9995326995849609,4.7776637075003237e-05,0.9999521970748901,5.0447724220248347e-08,1.801880067375805e-08
805,data/dataset/Very_Mild_Demented/verymild_342.jpg,verymild_342.jpg,Very_Mild_Demented,1,Very_Mild_Demented,1,True,0.9965521097183228,0.0033074747771024704,0.9932446349412203,0.017050412407502782,0.9867563247680664,0.0033074747771024704,0.9965521097183228,0.00011969052138738334,2.069403308269102e-05
806,data/dataset/Very_Mild_Demented/verymild_1541.jpg,verymild_1541.jpg,Very_Mild_Demented,1,Very_Mild_Demented,1,True,0.9998953342437744,0.00010344252950744703,0.999791891714267,0.0007728414949050993,0.9991270899772644,0.00010344252950744703,0.9998953342437744,1.010010919344495e-06,2.3184790620689455e-07
807,data/dataset/Very_Mild_Demented/verymild_326.jpg,verymild_326.jpg,Very_Mild_Demented,1,Very_Mild_Demented,1,True,0.9967008233070374,0.0032158251851797104,0.9934849981218576,0.01629406092491181,0.9873619079589844,0.0032158251851797104,0.9967008233070374,5.3254032536642626e-05,3.0040819183341227e-05
808,data/dataset/Very_Mild_Demented/verymild_2210.jpg,verymild_2210.jpg,Very_Mild_Demented,1,Very_Mild_Demented,1,True,0.9999915361404419,7.70332189858891e-06,0.9999838328185433,7.978657158917837e-05,0.9998655319213867,7.70332189858891e-06,0.9999915361404419,7.72374619373295e-07,3.344987931086507e-08
809,data/dataset/Very_Mild_Demented/verymild_1893.jpg,verymild_1893.jpg,Very_Mild_Demented,1,Very_Mild_Demented,1,True,0.9960035681724548,0.003501409897580743,0.9925021582748741,0.019911206755930697,0.984535276889801,0.003501409897580743,0.9960035681724548,0.0004854001454077661,9.651308573666029e-06
810,data/dataset/Very_Mild_Demented/verymild_494.jpg,verymild_494.jpg,Very_Mild_Demented,1,Very_Mild_Demented,1,True,0.9974478483200073,0.002063377294689417,0.9953844710253179,0.013738629834777569,0.988806962966919,0.002063377294689417,0.9974478483200073,0.00048697541933506727,1.8054589645544183e-06
811,data/dataset/Very_Mild_Demented/verymild_1201.jpg,verymild_1201.jpg,Very_Mild_Demented,1,Very_Mild_Demented,1,True,0.9999902248382568,8.95232460607076e-06,0.9999812725136508,9.014274771178637e-05,0.9998525381088257,7.792350515956059e-07,0.9999902248382568,8.95232460607076e-06,9.252064891995815e-09
812,data/dataset/Very_Mild_Demented/verymild_563.jpg,verymild_563.jpg,Very_Mild_Demented,1,Very_Mild_Demented,1,True,0.9897007942199707,0.010248303413391113,0.9794524908065796,0.04162480244181931,0.9709203243255615,0.010248303413391113,0.9897007942199707,3.0892140330252005e-06,4.7765232011443004e-05
813,data/dataset/Very_Mild_Demented/verymild_1620.jpg,verymild_1620.jpg,Very_Mild_Demented,1,Very_Mild_Demented,1,True,0.9998170733451843,0.00017811429279390723,0.9996389590523904,0.0012844686353183084,0.9986400008201599,4.8946894821710885e-06,0.9998170733451843,0.00017811429279390723,1.1878803718445852e-08
814,data/dataset/Very_Mild_Demented/verymild_1483.jpg,verymild_1483.jpg,Very_Mild_Demented,1,Very_Mild_Demented,1,True,0.9998171925544739,0.0001711053919279948,0.9996460871625459,0.0012991902830514419,0.9985950589179993,0.0001711053919279948,0.9998171925544739,1.1083817298640497e-05,5.379957883633324e-07
815,data/dataset/Very_Mild_Demented/verymild_568.jpg,verymild_568.jpg,Very_Mild_Demented,1,Very_Mild_Demented,1,True,0.9999605417251587,2.3244623662321828e-05,0.9999372971014964,0.00033698432186564977,0.9995288848876953,2.3244623662321828e-05,0.9999605417251587,1.611525658518076e-05,1.1590680060180603e-07
816,data/dataset/Very_Mild_Demented/verymild_196.jpg,verymild_196.jpg,Very_Mild_Demented,1,Very_Mild_Demented,1,True,0.9998376369476318,0.00014965615991968662,0.9996879807877121,0.001175991502021533,0.9986907839775085,0.00014965615991968662,0.9998376369476318,9.321782272309065e-06,3.3212106700375443e-06
817,data/dataset/Very_Mild_Demented/verymild_1555.jpg,verymild_1555.jpg,Very_Mild_Demented,1,Very_Mild_Demented,1,True,0.9999821186065674,1.749622606439516e-05,0.999964622380503,0.00015507513134925714,0.9997751116752625,3.612959744714317e-07,0.9999821186065674,1.749622606439516e-05,4.9062776064090485e-09
818,data/dataset/Very_Mild_Demented/verymild_1231.jpg,verymild_1231.jpg,Very_Mild_Demented,1,Very_Mild_Demented,1,True,0.982910692691803,0.017043642699718475,0.9658670499920845,0.06261978071360781,0.9575966596603394,0.017043642699718475,0.982910692691803,4.349269511294551e-05,2.21765890273673e-06
819,data/dataset/Very_Mild_Demented/verymild_1362.jpg,verymild_1362.jpg,Very_Mild_Demented,1,Very_Mild_Demented,1,True,0.999942421913147,5.0344075134489685e-05,0.9998920778380125,0.0004648747736556743,0.9993983507156372,5.0344075134489685e-05,0.999942421913147,6.570172899955651e-06,7.241744128805294e-07
820,data/dataset/Very_Mild_Demented/verymild_514.jpg,verymild_514.jpg,Very_Mild_Demented,1,Very_Mild_Demented,1,True,0.9908846020698547,0.00514137651771307,0.9857432255521417,0.04198331371368744,0.9694387912750244,0.003965313080698252,0.9908846020698547,0.00514137651771307,8.698873898538295e-06
821,data/dataset/Very_Mild_Demented/verymild_210.jpg,verymild_210.jpg,Very_Mild_Demented,1,Very_Mild_Demented,1,True,0.9221864342689514,0.05560917407274246,0.866577260196209,0.2323305891286393,0.852617621421814,0.021766245365142822,0.9221864342689514,0.05560917407274246,0.00043821774306707084
822,data/dataset/Very_Mild_Demented/verymild_2209.jpg,verymild_2209.jpg,Very_Mild_Demented,1,Very_Mild_Demented,1,True,0.9983410835266113,0.0016523501835763454,0.996688733343035,0.008889603178760957,0.9927869439125061,0.0016523501835763454,0.9983410835266113,1.3629171462525846e-06,5.215097644395428e-06
823,data/dataset/Very_Mild_Demented/verymild_422.jpg,verymild_422.jpg,Very_Mild_Demented,1,Very_Mild_Demented,1,True,0.8747599124908447,0.11031605303287506,0.7644438594579697,0.3119530745311235,0.7983561158180237,0.11031605303287506,0.8747599124908447,0.004942742176353931,0.009981319308280945
824,data/dataset/Very_Mild_Demented/verymild_1214.jpg,verymild_1214.jpg,Very_Mild_Demented,1,Very_Mild_Demented,1,True,0.9999511241912842,4.885554881184362e-05,0.9999022686424723,0.00038522778576399643,0.9995272159576416,4.885554881184362e-05,0.9999511241912842,6.612184577647895e-09,3.514069923937768e-09
825,data/dataset/Very_Mild_Demented/verymild_300.jpg,verymild_300.jpg,Very_Mild_Demented,1,Very_Mild_Demented,1,True,0.9971126317977905,0.002864076755940914,0.9942485550418496,0.014365513315244806,0.9888784289360046,0.002864076755940914,0.9971126317977905,5.561950729315868e-06,1.7703712728689425e-05
826,data/dataset/Very_Mild_Demented/verymild_1047.jpg,verymild_1047.jpg,Very_Mild_Demented,1,Very_Mild_Demented,1,True,0.9612916707992554,0.038145653903484344,0.923146016895771,0.12033394979183623,0.9205717444419861,0.0005494667566381395,0.9612916707992554,0.038145653903484344,1.3127968486514874e-05
827,data/dataset/Very_Mild_Demented/verymild_1817.jpg,verymild_1817.jpg,Very_Mild_Demented,1,Very_Mild_Demented,1,True,0.9980378746986389,0.0019129696302115917,0.9961249050684273,0.010413219652393167,0.9915487170219421,0.0019129696302115917,0.9980378746986389,4.502818046603352e-05,4.153761892666807e-06
828,data/dataset/Very_Mild_Demented/verymild_193.jpg,verymild_193.jpg,Very_Mild_Demented,1,Very_Mild_Demented,1,True,0.9973129630088806,0.0026718266308307648,0.9946411363780499,0.013481831521135738,0.9895241856575012,0.0026718266308307648,0.9973129630088806,1.1853772775793914e-05,3.2744569580245297e-06
829,data/dataset/Very_Mild_Demented/verymild_804.jpg,verymild_804.jpg,Very_Mild_Demented,1,Very_Mild_Demented,1,True,0.9941009879112244,0.005898712202906609,0.9882022757083178,0.026087236766245685,0.981198787689209,0.005898712202906609,0.9941009879112244,1.4813336690622236e-07,1.5743680137347837e-07
830,data/dataset/Very_Mild_Demented/verymild_888.jpg,verymild_888.jpg,Very_Mild_Demented,1,Very_Mild_Demented,1,True,0.9998282194137573,0.00016244342259597033,0.9996657759911614,0.0012246043129385113,0.9986760020256042,9.362891432829201e-06,0.9998282194137573,0.00016244342259597033,7.333295748424007e-09
831,data/dataset/Very_Mild_Demented/verymild_182.jpg,verymild_182.jpg,Very_Mild_Demented,1,Very_Mild_Demented,1,True,0.9766831994056702,0.019109409302473068,0.9575737901031971,0.08846805296093746,0.9398104548454285,0.019109409302473068,0.9766831994056702,0.003954957704991102,0.00025241205003112555
832,data/dataset/Very_Mild_Demented/verymild_1639.jpg,verymild_1639.jpg,Very_Mild_Demented,1,Very_Mild_Demented,1,True,0.9358409643173218,0.0641326904296875,0.8717082738876343,0.17204886418339083,0.8874642252922058,0.0641326904296875,0.9358409643173218,9.480446351517458e-06,1.6890489860088564e-05
833,data/dataset/Very_Mild_Demented/verymild_748.jpg,verymild_748.jpg,Very_Mild_Demented,1,Very_Mild_Demented,1,True,0.9995436072349548,0.00045010977191850543,0.9990934974630363,0.002885449001959221,0.9972902536392212,6.274995939747896e-06,0.9995436072349548,0.00045010977191850543,3.644826662707601e-09
834,data/dataset/Very_Mild_Demented/verymild_2002.jpg,verymild_2002.jpg,Very_Mild_Demented,1,Very_Mild_Demented,1,True,0.9998278617858887,0.0001036046669469215,0.9997242571189418,0.0012879207167693183,0.9985260367393494,0.0001036046669469215,0.9998278617858887,6.701811798848212e-05,1.3837325241183862e-06
835,data/dataset/Very_Mild_Demented/verymild_699.jpg,verymild_699.jpg,Very_Mild_Demented,1,Very_Mild_Demented,1,True,0.9989743232727051,0.0010092000011354685,0.9979651232715696,0.005893283142416998,0.9949289560317993,1.6122732631629333e-05,0.9989743232727051,0.0010092000011354685,3.132201982225524e-07
836,data/dataset/Very_Mild_Demented/verymild_226.jpg,verymild_226.jpg,Very_Mild_Demented,1,Very_Mild_Demented,1,True,0.9808636903762817,0.011295891366899014,0.9695677990093827,0.07867160944923719,0.9457037448883057,0.007483117748051882,0.9808636903762817,0.011295891366899014,0.00035735758137889206
837,data/dataset/Very_Mild_Demented/verymild_1261.jpg,verymild_1261.jpg,Very_Mild_Demented,1,Very_Mild_Demented,1,True,0.9938532114028931,0.006144477985799313,0.9877087334170938,0.027012618978731143,0.9805669188499451,0.006144477985799313,0.9938532114028931,1.3369597127166344e-06,9.040603572429973e-07
838,data/dataset/Very_Mild_Demented/verymild_512.jpg,verymild_512.jpg,Very_Mild_Demented,1,Very_Mild_Demented,1,True,0.9950996041297913,0.004405667539685965,0.9906939365901053,0.02350585241920468,0.9821529984474182,0.004405667539685965,0.9950996041297913,0.0004890905693173409,5.733434591093101e-06
839,data/dataset/Very_Mild_Demented/verymild_1979.jpg,verymild_1979.jpg,Very_Mild_Demented,1,Very_Mild_Demented,1,True,0.9999819993972778,1.704614442132879e-05,0.9999649532528565,0.00015757314156388276,0.999767005443573,1.704614442132879e-05,0.9999819993972778,9.245859473594464e-07,2.4937381937206737e-08
840,data/dataset/Very_Mild_Demented/verymild_171.jpg,verymild_171.jpg,Very_Mild_Demented,1,Very_Mild_Demented,1,True,0.9999988079071045,1.1296477850919473e-06,0.9999976782593194,1.293637119240323e-05,0.999970555305481,1.1296477850919473e-06,0.9999988079071045,6.856492973383865e-08,7.57070495183143e-09
841,data/dataset/Very_Mild_Demented/verymild_1453.jpg,verymild_1453.jpg,Very_Mild_Demented,1,Very_Mild_Demented,1,True,0.999953031539917,3.7907593650743365e-05,0.9999151239462662,0.00038860294528717904,0.9994811415672302,9.031818990479223e-06,0.999953031539917,3.7907593650743365e-05,5.6020233785147866e-08
842,data/dataset/Very_Mild_Demented/verymild_243.jpg,verymild_243.jpg,Very_Mild_Demented,1,Very_Mild_Demented,1,True,0.9213610291481018,0.0786375105381012,0.8427235186100006,0.19869647954518377,0.8697026968002319,0.0786375105381012,0.9213610291481018,8.462619121019088e-07,6.768862021999666e-07
843,data/dataset/Very_Mild_Demented/verymild_409.jpg,verymild_409.jpg,Very_Mild_Demented,1,Very_Mild_Demented,1,True,0.9861694574356079,0.008184302598237991,0.9779851548373699,0.05941809256610953,0.9582607746124268,0.005635526496917009,0.9861694574356079,0.008184302598237991,1.0659245162969455e-05
844,data/dataset/Very_Mild_Demented/verymild_495.jpg,verymild_495.jpg,Very_Mild_Demented,1,Very_Mild_Demented,1,True,0.999984860420227,1.4901441318215802e-05,0.9999699589789088,0.0001330402425960146,0.9998027682304382,1.4901441318215802e-05,0.999984860420227,2.2001320587605733e-07,1.7072718350163996e-08
845,data/dataset/Very_Mild_Demented/verymild_80.jpg,verymild_80.jpg,Very_Mild_Demented,1,Very_Mild_Demented,1,True,0.9999500513076782,4.91674873046577e-05,0.9999008838203736,0.00039646539921474626,0.9995043277740479,4.91674873046577e-05,0.9999500513076782,8.245161779996124e-07,2.0621646612539735e-08
846,data/dataset/Very_Mild_Demented/verymild_501.jpg,verymild_501.jpg,Very_Mild_Demented,1,Very_Mild_Demented,1,True,0.9999597072601318,3.152522549498826e-05,0.9999281820346368,0.0003389181609649634,0.9995337724685669,3.152522549498826e-05,0.9999597072601318,8.549009180569556e-06,1.964589841918496e-07
847,data/dataset/Very_Mild_Demented/verymild_1795.jpg,verymild_1795.jpg,Very_Mild_Demented,1,Very_Mild_Demented,1,True,0.9996739625930786,0.00021937784913461655,0.999454584743944,0.002275889246578455,0.9976224303245544,0.00010583460243651643,0.9996739625930786,0.00021937784913461655,8.669543376527145e-07
848,data/dataset/Very_Mild_Demented/verymild_1918.jpg,verymild_1918.jpg,Very_Mild_Demented,1,Very_Mild_Demented,1,True,0.9841496348381042,0.01208916399627924,0.972060470841825,0.06582698305484938,0.9538392424583435,0.0034159431234002113,0.9841496348381042,0.01208916399627924,0.0003452794044278562
849,data/dataset/Very_Mild_Demented/verymild_1353.jpg,verymild_1353.jpg,Very_Mild_Demented,1,Very_Mild_Demented,1,True,0.86790531873703,0.12912870943546295,0.7387766093015671,0.2920864986167061,0.8045145273208618,0.12912870943546295,0.86790531873703,0.0028836203273385763,8.235464338213205e-05
850,data/dataset/Very_Mild_Demented/verymild_868.jpg,verymild_868.jpg,Very_Mild_Demented,1,Very_Mild_Demented,1,True,0.9951527118682861,0.003386282129213214,0.9917664297390729,0.024863311482464828,0.9804497957229614,0.003386282129213214,0.9951527118682861,0.0010858098976314068,0.0003752558841370046
851,data/dataset/Very_Mild_Demented/verymild_2091.jpg,verymild_2091.jpg,Very_Mild_Demented,1,Very_Mild_Demented,1,True,0.9999970197677612,3.0345909181050956e-06,0.9999939851768431,3.0060982850485226e-05,0.9999440908432007,3.0345909181050956e-06,0.9999970197677612,4.227232341946774e-09,2.83721246496782e-09
852,data/dataset/Very_Mild_Demented/verymild_433.jpg,verymild_433.jpg,Very_Mild_Demented,1,Very_Mild_Demented,1,True,0.9961876273155212,0.0037339383270591497,0.9924536889884621,0.01837197277962424,0.9859753251075745,0.0037339383270591497,0.9961876273155212,5.494779543369077e-05,2.3561640773550607e-05
853,data/dataset/Very_Mild_Demented/verymild_1506.jpg,verymild_1506.jpg,Very_Mild_Demented,1,Very_Mild_Demented,1,True,0.99996018409729,3.0731240258319303e-05,0.9999294528570317,0.0003351874474653388,0.9995402097702026,3.0731240258319303e-05,0.99996018409729,9.061337550519966e-06,1.871302401923458e-08
854,data/dataset/Very_Mild_Demented/verymild_463.jpg,verymild_463.jpg,Very_Mild_Demented,1,Very_Mild_Demented,1,True,0.9942601919174194,0.005646789446473122,0.9886134024709463,0.025853042078662174,0.981020450592041,0.005646789446473122,0.9942601919174194,8.734090806683525e-05,5.698178028978873e-06
855,data/dataset/Very_Mild_Demented/verymild_858.jpg,verymild_858.jpg,Very_Mild_Demented,1,Very_Mild_Demented,1,True,0.9998619556427002,0.0001380082976538688,0.9997239473450463,0.000985246870768871,0.9989457726478577,0.0001380082976538688,0.9998619556427002,6.788945228208831e-08,2.0959560753652795e-09
856,data/dataset/Very_Mild_Demented/verymild_1586.jpg,verymild_1586.jpg,Very_Mild_Demented,1,Very_Mild_Demented,1,True,0.9995753169059753,0.000221215610508807,0.9993541012954665,0.0029086102280183857,0.9970347881317139,0.00020038889488205314,0.9995753169059753,0.000221215610508807,3.1069737360667204e-06
857,data/dataset/Very_Mild_Demented/verymild_2053.jpg,verymild_2053.jpg,Very_Mild_Demented,1,Very_Mild_Demented,1,True,0.9979002475738525,0.002087918808683753,0.9958123287651688,0.010908397340853759,0.9913320541381836,0.002087918808683753,0.9979002475738525,1.0424063475511502e-05,1.438609274373448e-06
858,data/dataset/Very_Mild_Demented/verymild_957.jpg,verymild_957.jpg,Very_Mild_Demented,1,Very_Mild_Demented,1,True,0.9885796904563904,0.010756791569292545,0.9778228988870978,0.04695471408747969,0.966789722442627,0.0006307017174549401,0.9885796904563904,0.010756791569292545,3.2798227039165795e-05
859,data/dataset/Very_Mild_Demented/verymild_1967.jpg,verymild_1967.jpg,Very_Mild_Demented,1,Very_Mild_Demented,1,True,0.999996542930603,1.7746849607647164e-06,0.9999947682456423,3.555535303199702e-05,0.9999281167984009,1.6727059346521855e-06,0.999996542930603,1.7746849607647164e-06,4.372661788210053e-09
860,data/dataset/Very_Mild_Demented/verymild_1765.jpg,verymild_1765.jpg,Very_Mild_Demented,1,Very_Mild_Demented,1,True,0.993405818939209,0.006486260332167149,0.9869195586070418,0.029029738997206952,0.9789395928382874,0.00010650940384948626,0.993405818939209,0.006486260332167149,1.4002746411279077e-06
861,data/dataset/Very_Mild_Demented/verymild_381.jpg,verymild_381.jpg,Very_Mild_Demented,1,Very_Mild_Demented,1,True,0.9999997615814209,2.6293605515093077e-07,0.9999994986453657,3.1408040978466073e-06,0.9999911785125732,2.6293605515093077e-07,0.9999997615814209,6.6789129782307555e-09,2.7706120730996986e-10
862,data/dataset/Very_Mild_Demented/verymild_1880.jpg,verymild_1880.jpg,Very_Mild_Demented,1,Very_Mild_Demented,1,True,0.7204868793487549,0.27831730246543884,0.44216957688331604,0.43336884894146516,0.6719774603843689,0.27831730246543884,0.7204868793487549,0.000977761228568852,0.00021810916950926185
863,data/dataset/Very_Mild_Demented/verymild_220.jpg,verymild_220.jpg,Very_Mild_Demented,1,Very_Mild_Demented,1,True,0.999790370464325,0.00020428735297173262,0.9995860831113532,0.0014502971120754135,0.9984896183013916,0.00020428735297173262,0.999790370464325,5.20463891007239e-06,1.251905814569909e-07
864,data/dataset/Very_Mild_Demented/verymild_2159.jpg,verymild_2159.jpg,Very_Mild_Demented,1,Very_Mild_Demented,1,True,0.9773243069648743,0.02243821509182453,0.9548860918730497,0.07916449560323649,0.9467238783836365,0.00016103305097203702,0.9773243069648743,0.02243821509182453,7.64355281717144e-05
865,data/dataset/Very_Mild_Demented/verymild_2170.jpg,verymild_2170.jpg,Very_Mild_Demented,1,Very_Mild_Demented,1,True,0.9999127388000488,8.723589417058975e-05,0.9998255029058782,0.0006520898976740766,0.9992581009864807,8.723589417058975e-05,0.9999127388000488,3.04096019476674e-08,4.8708450606227416e-08
866,data/dataset/Very_Mild_Demented/verymild_1221.jpg,verymild_1221.jpg,Very_Mild_Demented,1,Very_Mild_Demented,1,True,0.9941746592521667,0.0057179625146090984,0.9884566967375576,0.02625053966769776,0.9806684851646423,0.0057179625146090984,0.9941746592521667,6.29215210210532e-05,4.4465883547673e-05
867,data/dataset/Very_Mild_Demented/verymild_258.jpg,verymild_258.jpg,Very_Mild_Demented,1,Very_Mild_Demented,1,True,0.999685525894165,0.00031062171910889447,0.9993749041750561,0.0020719284036190356,0.9979658126831055,3.705556537170196e-06,0.999685525894165,0.00031062171910889447,1.7110870942360634e-07
868,data/dataset/Very_Mild_Demented/verymild_1766.jpg,verymild_1766.jpg,Very_Mild_Demented,1,Very_Mild_Demented,1,True,0.916801393032074,0.08319047093391418,0.8336109220981598,0.20673911922579488,0.8641765117645264,0.08319047093391418,0.916801393032074,2.528669483581325e-06,5.6220633268821985e-06
869,data/dataset/Very_Mild_Demented/verymild_1092.jpg,verymild_1092.jpg,Very_Mild_Demented,1,Very_Mild_Demented,1,True,0.9856875538825989,0.014268245548009872,0.971419308334589,0.05432673966779831,0.9628269672393799,0.014268245548009872,0.9856875538825989,3.382666545803659e-05,1.0375722013122868e-05
870,data/dataset/Very_Mild_Demented/verymild_648.jpg,verymild_648.jpg,Very_Mild_Demented,1,Very_Mild_Demented,1,True,0.9988388419151306,0.0011356741888448596,0.9977031677262858,0.006590920016726303,0.9943722486495972,0.0011356741888448596,0.9988388419151306,2.3845945179346018e-05,1.667668357185903e-06
871,data/dataset/Very_Mild_Demented/verymild_808.jpg,verymild_808.jpg,Very_Mild_Demented,1,Very_Mild_Demented,1,True,0.9987347722053528,0.0012129766400903463,0.9975217955652624,0.007174424904356776,0.9938526153564453,0.0012129766400903463,0.9987347722053528,4.473899389267899e-05,7.5129096330783796e-06
872,data/dataset/Very_Mild_Demented/verymild_1772.jpg,verymild_1772.jpg,Very_Mild_Demented,1,Very_Mild_Demented,1,True,0.9995419979095459,0.00045707973185926676,0.9990849181776866,0.0028756567397757197,0.9973316192626953,0.00045707973185926676,0.9995419979095459,8.61750947933615e-07,8.178216859278109e-08
873,data/dataset/Very_Mild_Demented/verymild_1237.jpg,verymild_1237.jpg,Very_Mild_Demented,1,Very_Mild_Demented,1,True,0.9962537288665771,0.003202491905540228,0.9930512369610369,0.01893218879782186,0.9851963520050049,0.003202491905540228,0.9962537288665771,0.0005396076012402773,4.148887910560006e-06
874,data/dataset/Very_Mild_Demented/verymild_697.jpg,verymild_697.jpg,Very_Mild_Demented,1,Very_Mild_Demented,1,True,0.9999926090240479,3.954726253141416e-06,0.9999886542977947,7.212825783511304e-05,0.9998705387115479,3.954726253141416e-06,0.9999926090240479,3.4365089049970265e-06,8.957036889967185e-09
875,data/dataset/Very_Mild_Demented/verymild_1262.jpg,verymild_1262.jpg,Very_Mild_Demented,1,Very_Mild_Demented,1,True,0.9991135001182556,0.0008742354111745954,0.998239264707081,0.005186443180864844,0.9954566955566406,0.0008742354111745954,0.9991135001182556,7.248121164593613e-06,5.045827037974959e-06
876,data/dataset/Very_Mild_Demented/verymild_496.jpg,verymild_496.jpg,Very_Mild_Demented,1,Very_Mild_Demented,1,True,0.9960379600524902,0.0030663381330668926,0.9929716219194233,0.020253480447051345,0.9840927124023438,0.0030663381330668926,0.9960379600524902,0.000876831472851336,1.886217614810448e-05
877,data/dataset/Very_Mild_Demented/verymild_777.jpg,verymild_777.jpg,Very_Mild_Demented,1,Very_Mild_Demented,1,True,0.9999889135360718,9.304982086177915e-06,0.9999796085539856,0.00010350664154226161,0.9998294115066528,9.304982086177915e-06,0.9999889135360718,1.8016800140685518e-06,4.59251374707037e-08
878,data/dataset/Very_Mild_Demented/verymild_478.jpg,verymild_478.jpg,Very_Mild_Demented,1,Very_Mild_Demented,1,True,0.5867971777915955,0.4108584225177765,0.17593875527381897,0.4998530421987554,0.5635156631469727,0.4108584225177765,0.5867971777915955,0.0022231796756386757,0.00012128318485338241
879,data/dataset/Very_Mild_Demented/verymild_1747.jpg,verymild_1747.jpg,Very_Mild_Demented,1,Very_Mild_Demented,1,True,0.998638927936554,0.0013547840062528849,0.9972841439303011,0.0074914950754392615,0.9937955141067505,0.0013547840062528849,0.998638927936554,5.230731858318904e-06,1.0546750672801863e-06
880,data/dataset/Very_Mild_Demented/verymild_234.jpg,verymild_234.jpg,Very_Mild_Demented,1,Very_Mild_Demented,1,True,0.999825656414032,0.00017426210979465395,0.9996513943042373,0.0012156039435272934,0.9987358450889587,1.602539470013653e-07,0.999825656414032,0.00017426210979465395,6.3126792682055566e-09
881,data/dataset/Very_Mild_Demented/verymild_1521.jpg,verymild_1521.jpg,Very_Mild_Demented,1,Very_Mild_Demented,1,True,0.9987797141075134,0.001167468959465623,0.9976122451480478,0.006956823183545377,0.9940126538276672,0.001167468959465623,0.9987797141075134,4.594488927978091e-05,6.894648322486319e-06
882,data/dataset/Very_Mild_Demented/verymild_1407.jpg,verymild_1407.jpg,Very_Mild_Demented,1,Very_Mild_Demented,1,True,0.9992828965187073,0.0006192645523697138,0.9986636319663376,0.004470764923395693,0.9958488941192627,9.75064467638731e-05,0.9992828965187073,0.0006192645523697138,4.025022235509823e-07
883,data/dataset/Very_Mild_Demented/verymild_1801.jpg,verymild_1801.jpg,Very_Mild_Demented,1,Very_Mild_Demented,1,True,0.9999488592147827,4.5221786422189325e-05,0.9999036374283605,0.0004149941785199091,0.9994598031044006,4.5221786422189325e-05,0.9999488592147827,5.8029791034641676e-06,1.1260198817808487e-07
884,data/dataset/Very_Mild_Demented/verymild_1534.jpg,verymild_1534.jpg,Very_Mild_Demented,1,Very_Mild_Demented,1,True,0.9351986050605774,0.06477927416563034,0.870419330894947,0.17326158909703424,0.8866747617721558,0.06477927416563034,0.9351986050605774,7.3668638833623845e-06,1.4706389265484177e-05
885,data/dataset/Very_Mild_Demented/verymild_1513.jpg,verymild_1513.jpg,Very_Mild_Demented,1,Very_Mild_Demented,1,True,0.9797977209091187,0.020201971754431725,0.9595957491546869,0.07128888332336021,0.9523202180862427,0.020201971754431725,0.9797977209091187,4.95940888356472e-09,1.8506368348880642e-07
886,data/dataset/Very_Mild_Demented/verymild_1037.jpg,verymild_1037.jpg,Very_Mild_Demented,1,Very_Mild_Demented,1,True,0.9992734789848328,0.0007048725383356214,0.9985686064464971,0.0043817057902488,0.9960590600967407,0.0007048725383356214,0.9992734789848328,2.1611071133520454e-05,1.773227431556279e-08
887,data/dataset/Very_Mild_Demented/verymild_1605.jpg,verymild_1605.jpg,Very_Mild_Demented,1,Very_Mild_Demented,1,True,0.9995817542076111,0.00035300824674777687,0.9992287459608633,0.0027844350591556735,0.997222900390625,0.00035300824674777687,0.9995817542076111,6.35154647170566e-05,1.6517653875780525e-06
888,data/dataset/Very_Mild_Demented/verymild_763.jpg,verymild_763.jpg,Very_Mild_Demented,1,Very_Mild_Demented,1,True,0.9996886253356934,0.0003094359126407653,0.9993791894230526,0.0020465088975564513,0.998001754283905,0.0003094359126407653,0.9996886253356934,1.8319085484108655e-06,6.402195396049137e-08
889,data/dataset/Very_Mild_Demented/verymild_1640.jpg,verymild_1640.jpg,Very_Mild_Demented,1,Very_Mild_Demented,1,True,0.9945854544639587,0.002748662605881691,0.991836791858077,0.027005683240889315,0.9793846607208252,0.002662064740434289,0.9945854544639587,0.002748662605881691,3.818038294411963e-06
890,data/dataset/Very_Mild_Demented/verymild_900.jpg,verymild_900.jpg,Very_Mild_Demented,1,Very_Mild_Demented,1,True,0.9694124460220337,0.017672285437583923,0.9517401605844498,0.11400426806273439,0.9244251251220703,0.017672285437583923,0.9694124460220337,0.012845354154706001,6.990683323238045e-05
891,data/dataset/Very_Mild_Demented/verymild_302.jpg,verymild_302.jpg,Very_Mild_Demented,1,Very_Mild_Demented,1,True,0.9939863681793213,0.005832732655107975,0.9881536355242133,0.027158543570759315,0.9799514412879944,0.005832732655107975,0.9939863681793213,0.0001448833936592564,3.600151467253454e-05
892,data/dataset/Very_Mild_Demented/verymild_1321.jpg,verymild_1321.jpg,Very_Mild_Demented,1,Very_Mild_Demented,1,True,0.9999210834503174,7.889375410741195e-05,0.99984218969621,0.0005945769005990443,0.9993170499801636,7.889375410741195e-05,0.9999210834503174,7.327663475997781e-11,8.561826941866357e-11
893,data/dataset/Very_Mild_Demented/verymild_1984.jpg,verymild_1984.jpg,Very_Mild_Demented,1,Very_Mild_Demented,1,True,0.9999966621398926,3.1504046091868076e-06,0.9999935117352834,3.339457167706876e-05,0.9999361038208008,3.1504046091868076e-06,0.9999966621398926,1.941203038313688e-07,2.3930752934830934e-09
894,data/dataset/Very_Mild_Demented/verymild_1708.jpg,verymild_1708.jpg,Very_Mild_Demented,1,Very_Mild_Demented,1,True,0.9995392560958862,0.00044682572479359806,0.9990924303710926,0.0029361670887830013,0.9971985816955566,0.00044682572479359806,0.9995392560958862,1.0773794201668352e-05,3.158187382723554e-06
895,data/dataset/Very_Mild_Demented/verymild_271.jpg,verymild_271.jpg,Very_Mild_Demented,1,Very_Mild_Demented,1,True,0.9986684322357178,0.0008739330223761499,0.9977944992133416,0.007967360993268204,0.9929393529891968,0.0004496886394917965,0.9986684322357178,0.0008739330223761499,8.012002581381239e-06
896,data/dataset/Very_Mild_Demented/verymild_592.jpg,verymild_592.jpg,Very_Mild_Demented,1,Very_Mild_Demented,1,True,0.99941086769104,0.0005825174157507718,0.9988283502752893,0.0036126245683614426,0.9967074394226074,6.431015663110884e-06,0.99941086769104,0.0005825174157507718,2.391306281879224e-07
897,data/dataset/Very_Mild_Demented/verymild_1675.jpg,verymild_1675.jpg,Very_Mild_Demented,1,Very_Mild_Demented,1,True,0.9991784691810608,0.0006788466707803309,0.9984996225102805,0.005089377113247997,0.9952982068061829,0.0001385327341267839,0.9991784691810608,0.0006788466707803309,4.124322003917769e-06
898,data/dataset/Very_Mild_Demented/verymild_66.jpg,verymild_66.jpg,Very_Mild_Demented,1,Very_Mild_Demented,1,True,0.9982660412788391,0.0016586427809670568,0.996607398497872,0.00944828814828156,0.9921521544456482,0.0016586427809670568,0.9982660412788391,6.326903530862182e-05,1.1977619578829035e-05
899,data/dataset/Very_Mild_Demented/verymild_893.jpg,verymild_893.jpg,Very_Mild_Demented,1,Very_Mild_Demented,1,True,0.999270498752594,0.0007260257843881845,0.9985444729682058,0.004344140345372645,0.9961569905281067,0.0007260257843881845,0.999270498752594,2.9922998692200053e-06,5.03528156059474e-07
900,data/dataset/Very_Mild_Demented/verymild_1528.jpg,verymild_1528.jpg,Very_Mild_Demented,1,Very_Mild_Demented,1,True,0.9820937514305115,0.01354909222573042,0.968544659204781,0.07197787269500583,0.9504483938217163,0.004346782341599464,0.9820937514305115,0.01354909222573042,1.025594519887818e-05
901,data/dataset/Very_Mild_Demented/verymild_882.jpg,verymild_882.jpg,Very_Mild_Demented,1,Very_Mild_Demented,1,True,0.9995779395103455,0.0003456213162280619,0.9992323181941174,0.002817451025470723,0.997188150882721,0.0003456213162280619,0.9995779395103455,7.543159154010937e-05,9.495336144027533e-07
902,data/dataset/Very_Mild_Demented/verymild_170.jpg,verymild_170.jpg,Very_Mild_Demented,1,Very_Mild_Demented,1,True,0.9999743700027466,2.3842430891818367e-05,0.9999505275718548,0.00021881026003009587,0.9996912479400635,1.7982636109081795e-06,0.9999743700027466,2.3842430891818367e-05,7.32534966019216e-09
903,data/dataset/Very_Mild_Demented/verymild_1063.jpg,verymild_1063.jpg,Very_Mild_Demented,1,Very_Mild_Demented,1,True,0.9980685114860535,0.0019302124856039882,0.9961382990004495,0.01010685472951966,0.9919700026512146,0.0019302124856039882,0.9980685114860535,1.8070535645620112e-07,1.0595575758998166e-06
904,data/dataset/Very_Mild_Demented/verymild_1754.jpg,verymild_1754.jpg,Very_Mild_Demented,1,Very_Mild_Demented,1,True,0.8050100207328796,0.13414035737514496,0.6708696633577347,0.44687993498023554,0.7187342047691345,0.13414035737514496,0.8050100207328796,0.05985191464424133,0.0009976208675652742
905,data/dataset/Very_Mild_Demented/verymild_998.jpg,verymild_998.jpg,Very_Mild_Demented,1,Very_Mild_Demented,1,True,0.9852896332740784,0.013898699544370174,0.9713909337297082,0.057636384549917874,0.9599824547767639,0.013898699544370174,0.9852896332740784,0.0007919609779492021,1.9724233425222337e-05
906,data/dataset/Very_Mild_Demented/verymild_2150.jpg,verymild_2150.jpg,Very_Mild_Demented,1,Very_Mild_Demented,1,True,0.9999998807907104,9.298953074221572e-08,0.9999997878011797,1.574877374137158e-06,0.9999945163726807,9.298953074221572e-08,0.9999998807907104,3.232338841030469e-08,4.031245476321388e-11
907,data/dataset/Very_Mild_Demented/verymild_862.jpg,verymild_862.jpg,Very_Mild_Demented,1,Non_Demented,0,False,0.724446177482605,0.2751605808734894,0.4492855966091156,0.4269435341095679,0.6769171953201294,0.724446177482605,0.2751605808734894,0.0003158975741825998,7.734764221822843e-05
908,data/dataset/Very_Mild_Demented/verymild_397.jpg,verymild_397.jpg,Very_Mild_Demented,1,Very_Mild_Demented,1,True,0.999976396560669,2.3222721210913733e-05,0.999953173839458,0.00019991536677859556,0.9997218251228333,2.3222721210913733e-05,0.999976396560669,3.295003239145444e-07,4.902491923530761e-08
909,data/dataset/Very_Mild_Demented/verymild_1899.jpg,verymild_1899.jpg,Very_Mild_Demented,1,Very_Mild_Demented,1,True,0.9997574687004089,0.0002173714165110141,0.9995400972838979,0.0016926727322014307,0.9982130527496338,0.0002173714165110141,0.9997574687004089,2.4492794182151556e-05,7.599741707053909e-07
910,data/dataset/Very_Mild_Demented/verymild_842.jpg,verymild_842.jpg,Very_Mild_Demented,1,Very_Mild_Demented,1,True,0.9968348145484924,0.0031218372751027346,0.9937129772733897,0.015595218828432005,0.9879825115203857,0.0031218372751027346,0.9968348145484924,3.998013198724948e-05,3.4669533306441735e-06
911,data/dataset/Very_Mild_Demented/verymild_1157.jpg,verymild_1157.jpg,Very_Mild_Demented,1,Very_Mild_Demented,1,True,0.9999438524246216,3.586559614632279e-05,0.9999079868284753,0.00046359225166578064,0.9993870258331299,2.023183333221823e-05,0.9999438524246216,3.586559614632279e-05,4.416285648289886e-08
912,data/dataset/Very_Mild_Demented/verymild_523.jpg,verymild_523.jpg,Very_Mild_Demented,1,Very_Mild_Demented,1,True,0.999988317489624,1.1654182344500441e-05,0.9999766633072795,0.00010396076223572029,0.9998434782028198,1.1654182344500441e-05,0.999988317489624,2.037684021516384e-09,3.3456948322907465e-10
913,data/dataset/Very_Mild_Demented/verymild_2238.jpg,verymild_2238.jpg,Very_Mild_Demented,1,Very_Mild_Demented,1,True,0.9999994039535522,5.695226832358458e-07,0.999998834430869,6.3609673929142755e-06,0.999984622001648,5.695226832358458e-07,0.9999994039535522,1.5975787359678861e-09,3.7654390022678896e-11
914,data/dataset/Very_Mild_Demented/verymild_880.jpg,verymild_880.jpg,Very_Mild_Demented,1,Very_Mild_Demented,1,True,0.9827098846435547,0.017273135483264923,0.9654367491602898,0.06307651288972103,0.9573888778686523,0.017273135483264923,0.9827098846435547,6.1448772612493485e-06,1.0877267413889058e-05
915,data/dataset/Very_Mild_Demented/verymild_1465.jpg,verymild_1465.jpg,Very_Mild_Demented,1,Very_Mild_Demented,1,True,0.9998438358306885,0.00015010734205134213,0.9996937284886371,0.0011186374713322838,0.9987817406654358,5.909677838644711e-06,0.9998438358306885,0.00015010734205134213,1.1875096106450655e-07
916,data/dataset/Very_Mild_Demented/verymild_612.jpg,verymild_612.jpg,Very_Mild_Demented,1,Very_Mild_Demented,1,True,0.9999949932098389,3.0121125291771023e-06,0.9999919810973097,5.0040815911610195e-05,0.999904990196228,1.983255287996144e-06,0.9999949932098389,3.0121125291771023e-06,1.4889132149420448e-09
917,data/dataset/Very_Mild_Demented/verymild_2157.jpg,verymild_2157.jpg,Very_Mild_Demented,1,Very_Mild_Demented,1,True,0.9999243021011353,4.833676212001592e-05,0.9998759653390152,0.0006091813179705545,0.999226450920105,4.833676212001592e-05,0.9999243021011353,2.725804915826302e-05,1.2489394407566579e-07
918,data/dataset/Very_Mild_Demented/verymild_1499.jpg,verymild_1499.jpg,Very_Mild_Demented,1,Very_Mild_Demented,1,True,0.9265512824058533,0.07334078103303909,0.8532105013728142,0.18996029832713704,0.8753713369369507,0.07334078103303909,0.9265512824058533,2.534369377826806e-05,8.26471732580103e-05
919,data/dataset/Very_Mild_Demented/verymild_2192.jpg,verymild_2192.jpg,Very_Mild_Demented,1,Very_Mild_Demented,1,True,0.750969409942627,0.24890749156475067,0.5020619183778763,0.4056930138036575,0.700283408164978,0.24890749156475067,0.750969409942627,4.8224610509350896e-05,7.484412344638258e-05
920,data/dataset/Very_Mild_Demented/verymild_98.jpg,verymild_98.jpg,Very_Mild_Demented,1,Very_Mild_Demented,1,True,0.997287392616272,0.0026600162964314222,0.9946273763198406,0.013716868654985583,0.9892385005950928,0.0026600162964314222,0.997287392616272,4.769814768224023e-05,4.8818683353601955e-06
921,data/dataset/Very_Mild_Demented/verymild_2214.jpg,verymild_2214.jpg,Very_Mild_Demented,1,Very_Mild_Demented,1,True,0.9982386827468872,0.0011433085892349482,0.9970953741576523,0.010196546369173535,0.9912272095680237,0.00060453568585217,0.9982386827468872,0.0011433085892349482,1.3446731827571057e-05
922,data/dataset/Very_Mild_Demented/verymild_971.jpg,verymild_971.jpg,Very_Mild_Demented,1,Very_Mild_Demented,1,True,0.9999796152114868,2.0342318748589605e-05,0.9999592728927382,0.0001732260190875828,0.9997598528862,2.0342318748589605e-05,0.9999796152114868,1.0397793737126904e-10,4.790742802462944e-11
923,data/dataset/Very_Mild_Demented/verymild_554.jpg,verymild_554.jpg,Very_Mild_Demented,1,Very_Mild_Demented,1,True,0.9977407455444336,0.0021123166661709547,0.9956284288782626,0.011960682595459071,0.9903016686439514,0.0021123166661709547,0.9977407455444336,0.00014359026681631804,3.32608442477067e-06
924,data/dataset/Very_Mild_Demented/verymild_658.jpg,verymild_658.jpg,Very_Mild_Demented,1,Non_Demented,0,False,0.7852392196655273,0.20106466114521027,0.5841745585203171,0.41676775061464266,0.7147121429443359,0.7852392196655273,0.20106466114521027,0.01112137921154499,0.0025747246108949184
925,data/dataset/Very_Mild_Demented/verymild_68.jpg,verymild_68.jpg,Very_Mild_Demented,1,Very_Mild_Demented,1,True,0.999705970287323,0.0002725325175561011,0.9994334377697669,0.0019965420591675433,0.9979559183120728,0.0002725325175561011,0.999705970287323,2.0075933207408525e-05,1.4736600633113994e-06
926,data/dataset/Very_Mild_Demented/verymild_629.jpg,verymild_629.jpg,Very_Mild_Demented,1,Very_Mild_Demented,1,True,0.9955663084983826,0.004399565979838371,0.9911667425185442,0.02066698720237623,0.9846155047416687,3.3609798265388235e-05,0.9955663084983826,0.004399565979838371,5.058243459643563e-07
927,data/dataset/Very_Mild_Demented/verymild_118.jpg,verymild_118.jpg,Very_Mild_Demented,1,Very_Mild_Demented,1,True,0.9999957084655762,2.5950280360120814e-06,0.9999931134375402,4.367708256236643e-05,0.9999145269393921,1.702529857539048e-06,0.9999957084655762,2.5950280360120814e-06,1.4714395035753114e-08
928,data/dataset/Very_Mild_Demented/verymild_929.jpg,verymild_929.jpg,Very_Mild_Demented,1,Very_Mild_Demented,1,True,0.999555766582489,0.00040822295704856515,0.9991475436254404,0.002886350231358176,0.997192919254303,0.00040822295704856515,0.999555766582489,3.524132989696227e-05,7.218972086775466e-07
929,data/dataset/Very_Mild_Demented/verymild_75.jpg,verymild_75.jpg,Very_Mild_Demented,1,Very_Mild_Demented,1,True,0.99968421459198,0.0003117776068393141,0.9993724369851407,0.0020808416060421695,0.9979535341262817,0.0003117776068393141,0.99968421459198,3.301224978713435e-06,7.218969813038711e-07
930,data/dataset/Very_Mild_Demented/verymild_2191.jpg,verymild_2191.jpg,Very_Mild_Demented,1,Very_Mild_Demented,1,True,0.9997749924659729,0.00020516257791314274,0.9995698298880598,0.001575718315397844,0.9983276724815369,1.908307422127109e-05,0.9997749924659729,0.00020516257791314274,6.966591854506987e-07
931,data/dataset/Very_Mild_Demented/verymild_2055.jpg,verymild_2055.jpg,Very_Mild_Demented,1,Very_Mild_Demented,1,True,0.9999997615814209,2.419309055312624e-07,0.9999995196505154,3.0758982689644475e-06,0.9999910593032837,1.9062632361510623e-08,0.9999997615814209,2.419309055312624e-07,4.664042416169245e-11
932,data/dataset/Very_Mild_Demented/verymild_1230.jpg,verymild_1230.jpg,Very_Mild_Demented,1,Very_Mild_Demented,1,True,0.9961354732513428,0.003863465739414096,0.9922720075119287,0.01827785124309619,0.9863654375076294,0.003863465739414096,0.9961354732513428,2.9138894319657993e-07,7.744093863948365e-07
933,data/dataset/Very_Mild_Demented/verymild_252.jpg,verymild_252.jpg,Very_Mild_Demented,1,Very_Mild_Demented,1,True,0.8203870058059692,0.17897526919841766,0.6414117366075516,0.3429278378821187,0.7613175511360168,0.17897526919841766,0.8203870058059692,0.00047823478234931827,0.0001595343928784132
934,data/dataset/Very_Mild_Demented/verymild_1900.jpg,verymild_1900.jpg,Very_Mild_Demented,1,Very_Mild_Demented,1,True,0.9998631477355957,0.00013670235057361424,0.9997264453850221,0.0009774141862991803,0.9989519119262695,0.00013670235057361424,0.9998631477355957,9.849178894683064e-08,1.1764961449500788e-08
935,data/dataset/Very_Mild_Demented/verymild_1003.jpg,verymild_1003.jpg,Very_Mild_Demented,1,Very_Mild_Demented,1,True,0.9940019249916077,0.005854549817740917,0.9881473751738667,0.026949082138153013,0.9802327156066895,0.005854549817740917,0.9940019249916077,0.00014082592679187655,2.7269866222923156e-06
936,data/dataset/Very_Mild_Demented/verymild_887.jpg,verymild_887.jpg,Very_Mild_Demented,1,Very_Mild_Demented,1,True,0.9995775818824768,0.00041891218279488385,0.9991586696996819,0.0026872772898519403,0.997459352016449,0.00041891218279488385,0.9995775818824768,2.7571463760978077e-06,6.679577495560807e-07
937,data/dataset/Very_Mild_Demented/verymild_656.jpg,verymild_656.jpg,Very_Mild_Demented,1,Very_Mild_Demented,1,True,0.624570906162262,0.37421900033950806,0.2503519058227539,0.48381118845687604,0.5941998362541199,0.37421900033950806,0.624570906162262,0.0008047716110013425,0.00040534825529903173
938,data/dataset/Very_Mild_Demented/verymild_378.jpg,verymild_378.jpg,Very_Mild_Demented,1,Very_Mild_Demented,1,True,0.9648199677467346,0.019504735246300697,0.9453152325004339,0.1275431937931132,0.9163066744804382,0.0156273040920496,0.9648199677467346,0.019504735246300697,4.7930738219292834e-05
939,data/dataset/Very_Mild_Demented/verymild_659.jpg,verymild_659.jpg,Very_Mild_Demented,1,Very_Mild_Demented,1,True,0.9999347925186157,3.389734774827957e-05,0.9999008951708674,0.0005349698384003595,0.9992996454238892,3.087148434133269e-05,0.9999347925186157,3.389734774827957e-05,4.754182043598121e-07
940,data/dataset/Very_Mild_Demented/verymild_491.jpg,verymild_491.jpg,Very_Mild_Demented,1,Very_Mild_Demented,1,True,0.7156120538711548,0.28433772921562195,0.43127432465553284,0.4310541344435026,0.6705261468887329,0.28433772921562195,0.7156120538711548,2.3705793864792213e-05,2.6409354177303612e-05
941,data/dataset/Very_Mild_Demented/verymild_373.jpg,verymild_373.jpg,Very_Mild_Demented,1,Very_Mild_Demented,1,True,0.8854167461395264,0.1145048588514328,0.7709118872880936,0.25729847143728657,0.8283271193504333,0.1145048588514328,0.8854167461395264,2.6250207156408578e-05,5.214904376771301e-05
942,data/dataset/Very_Mild_Demented/verymild_859.jpg,verymild_859.jpg,Very_Mild_Demented,1,Very_Mild_Demented,1,True,0.9969205856323242,0.0030173445120453835,0.9939032411202788,0.01528534908723994,0.9881681799888611,0.0030173445120453835,0.9969205856323242,6.146852683741599e-05,5.909819833505026e-07
943,data/dataset/Very_Mild_Demented/verymild_1064.jpg,verymild_1064.jpg,Very_Mild_Demented,1,Very_Mild_Demented,1,True,0.9997442364692688,0.00025556693435646594,0.9994886695349123,0.00171111232909682,0.9983047246932983,0.00025556693435646594,0.9997442364692688,1.4107735069046612e-07,4.858127677920265e-09
944,data/dataset/Very_Mild_Demented/verymild_1681.jpg,verymild_1681.jpg,Very_Mild_Demented,1,Very_Mild_Demented,1,True,0.9999920129776001,7.870054105296731e-06,0.9999841429234948,7.344587650427672e-05,0.9998807907104492,7.870054105296731e-06,0.9999920129776001,6.58637731021372e-08,1.3762914363724121e-08
945,data/dataset/Very_Mild_Demented/verymild_2227.jpg,verymild_2227.jpg,Very_Mild_Demented,1,Very_Mild_Demented,1,True,0.9950791597366333,0.004897635895758867,0.9901815238408744,0.022513175276496846,0.9834246039390564,2.277064777445048e-05,0.9950791597366333,0.004897635895758867,4.972873739461647e-07
946,data/dataset/Very_Mild_Demented/verymild_1527.jpg,verymild_1527.jpg,Very_Mild_Demented,1,Very_Mild_Demented,1,True,0.9999773502349854,1.9291606804472394e-05,0.9999580586281809,0.00019799912063111585,0.9997089505195618,3.340958983244491e-06,0.9999773502349854,1.9291606804472394e-05,1.5690435617443654e-08
947,data/dataset/Very_Mild_Demented/verymild_620.jpg,verymild_620.jpg,Very_Mild_Demented,1,Very_Mild_Demented,1,True,0.9979854822158813,0.0020046259742230177,0.9959808562416583,0.010519396097855132,0.9916188716888428,0.0020046259742230177,0.9979854822158813,9.340734322904609e-06,6.291597856034059e-07
948,data/dataset/Very_Mild_Demented/verymild_2006.jpg,verymild_2006.jpg,Very_Mild_Demented,1,Very_Mild_Demented,1,True,0.9999572038650513,4.076619370607659e-05,0.9999164376713452,0.00034785766883994445,0.9995468258857727,4.076619370607659e-05,0.9999572038650513,2.0359689187898766e-06,4.1582701726383675e-08
949,data/dataset/Very_Mild_Demented/verymild_22.jpg,verymild_22.jpg,Very_Mild_Demented,1,Very_Mild_Demented,1,True,0.9999291896820068,6.252296589082107e-05,0.999866666716116,0.0005584247701828606,0.9993053674697876,6.252296589082107e-05,0.9999291896820068,8.21162848296808e-06,1.228368233796573e-07
950,data/dataset/Very_Mild_Demented/verymild_1731.jpg,verymild_1731.jpg,Very_Mild_Demented,1,Very_Mild_Demented,1,True,0.9994431138038635,0.0005557968397624791,0.998887316964101,0.0034174649039695657,0.9968994855880737,0.0005557968397624791,0.9994431138038635,9.645882528275251e-07,1.1004451039298146e-07
951,data/dataset/Very_Mild_Demented/verymild_861.jpg,verymild_861.jpg,Very_Mild_Demented,1,Very_Mild_Demented,1,True,0.9999655485153198,3.449531868682243e-05,0.999931053196633,0.00028062756801525975,0.9996384382247925,3.449531868682243e-05,0.9999655485153198,7.31687865851427e-09,7.543064506343455e-10
952,data/dataset/Very_Mild_Demented/verymild_308.jpg,verymild_308.jpg,Very_Mild_Demented,1,Very_Mild_Demented,1,True,0.9944260120391846,0.0053356727585196495,0.9890903392806649,0.0256167002951718,0.9809504747390747,0.0053356727585196495,0.9944260120391846,0.00022773318050894886,1.0502404620638117e-05
953,data/dataset/Very_Mild_Demented/verymild_574.jpg,verymild_574.jpg,Very_Mild_Demented,1,Very_Mild_Demented,1,True,0.9705544710159302,0.029433762654662132,0.941120708361268,0.09587871551866398,0.9366888403892517,0.029433762654662132,0.9705544710159302,1.0697637662815396e-05,1.0091339390783105e-06
954,data/dataset/Very_Mild_Demented/verymild_1741.jpg,verymild_1741.jpg,Very_Mild_Demented,1,Very_Mild_Demented,1,True,0.9999198913574219,7.988799188751727e-05,0.9998400033655344,0.0006035127765161885,0.9993038177490234,7.988799188751727e-05,0.9999198913574219,1.7288047615693358e-07,6.078576753054676e-09
955,data/dataset/Very_Mild_Demented/verymild_174.jpg,verymild_174.jpg,Very_Mild_Demented,1,Very_Mild_Demented,1,True,0.9999895095825195,9.642890290706418e-06,0.9999798666922288,9.610358829310084e-05,0.9998446702957153,9.642890290706418e-06,0.9999895095825195,8.048529593907006e-07,3.860460395799237e-09
956,data/dataset/Very_Mild_Demented/verymild_273.jpg,verymild_273.jpg,Very_Mild_Demented,1,Very_Mild_Demented,1,True,0.9937345385551453,0.003774532349780202,0.9899600062053651,0.030727796264356295,0.9766778349876404,0.002409594366326928,0.9937345385551453,0.003774532349780202,8.138005068758503e-05
957,data/dataset/Very_Mild_Demented/verymild_203.jpg,verymild_203.jpg,Very_Mild_Demented,1,Very_Mild_Demented,1,True,0.9979739785194397,0.0020098371896892786,0.9959641413297504,0.010594603573631655,0.991534411907196,1.4829766769253183e-05,0.9979739785194397,0.0020098371896892786,1.3217007790444768e-06
958,data/dataset/Very_Mild_Demented/verymild_1486.jpg,verymild_1486.jpg,Very_Mild_Demented,1,Very_Mild_Demented,1,True,0.962605893611908,0.03738095611333847,0.9252249374985695,0.11519892404912153,0.9243926405906677,0.03738095611333847,0.962605893611908,6.286508778430289e-06,6.9227221501932945e-06
959,data/dataset/Very_Mild_Demented/verymild_2207.jpg,verymild_2207.jpg,Very_Mild_Demented,1,Very_Mild_Demented,1,True,0.9995802044868469,0.000262552552158013,0.9993176519346889,0.002880797744602781,0.9970447421073914,0.00014911280595697463,0.9995802044868469,0.000262552552158013,8.137257282214705e-06
