sample_idx,image_path,filename,true_class,true_idx,predicted_class,predicted_idx,is_correct,confidence,second_highest_prob,prediction_margin,entropy_uncertainty,calibrated_confidence,prob_non_demented,prob_very_mild,prob_mild,prob_moderate
0,data/dataset/Mild_Demented/mild_724.jpg,mild_724.jpg,Mild_Demented,2,Mild_Demented,2,True,0.9727587103843689,0.026309560984373093,0.9464491493999958,0.09330631726513056,0.9243682026863098,0.026309560984373093,0.0008522012503817677,0.9727587103843689,7.951335282996297e-05
1,data/dataset/Mild_Demented/mild_363.jpg,mild_363.jpg,Mild_Demented,2,Mild_Demented,2,True,0.9999468326568604,4.2088391637662426e-05,0.9999047442652227,0.00043663359325146853,0.999010443687439,1.1015658856194932e-05,4.2088391637662426e-05,0.9999468326568604,1.466949299810949e-07
2,data/dataset/Mild_Demented/mild_163.jpg,mild_163.jpg,Mild_Demented,2,Mild_Demented,2,True,0.4232042729854584,0.36307939887046814,0.060124874114990234,0.7883454258798992,0.39287513494491577,0.20656365156173706,0.36307939887046814,0.4232042729854584,0.0071527063846588135
3,data/dataset/Mild_Demented/mild_668.jpg,mild_668.jpg,Mild_Demented,2,Mild_Demented,2,True,0.9681223630905151,0.029011964797973633,0.9391103982925415,0.10900724764842142,0.9125140309333801,0.029011964797973633,0.002811121754348278,0.9681223630905151,5.453296034829691e-05
4,data/dataset/Mild_Demented/mild_793.jpg,mild_793.jpg,Mild_Demented,2,Mild_Demented,2,True,0.9999842643737793,1.4601091606891714e-05,0.9999696632821724,0.00013998799948906432,0.9996160268783569,1.4601091606891714e-05,1.1507956969580846e-06,0.9999842643737793,8.254306682609069e-10
5,data/dataset/Mild_Demented/mild_891.jpg,mild_891.jpg,Mild_Demented,2,Mild_Demented,2,True,0.9974143505096436,0.0016839273739606142,0.9957304231356829,0.01418679915593807,0.9836839437484741,0.0016839273739606142,0.0009007746120914817,0.9974143505096436,9.907656703944667e-07
6,data/dataset/Mild_Demented/mild_672.jpg,mild_672.jpg,Mild_Demented,2,Mild_Demented,2,True,0.998508870601654,0.001432541524991393,0.9970763290766627,0.008253724871292148,0.9902082085609436,5.854076152900234e-05,0.001432541524991393,0.998508870601654,4.938003428378579e-08
7,data/dataset/Mild_Demented/mild_609.jpg,mild_609.jpg,Mild_Demented,2,Mild_Demented,2,True,0.9999727010726929,2.5148887289105915e-05,0.9999475521854038,0.00023169159682670794,0.9994285702705383,2.103817678289488e-06,2.5148887289105915e-05,0.9999727010726929,2.491427286699377e-09
8,data/dataset/Mild_Demented/mild_112.jpg,mild_112.jpg,Mild_Demented,2,Mild_Demented,2,True,0.9990221261978149,0.0007599981618113816,0.9982621280360036,0.005970886282775461,0.9920245409011841,0.0007599981618113816,0.00021697695774491876,0.9990221261978149,7.975515927682864e-07
9,data/dataset/Mild_Demented/mild_312.jpg,mild_312.jpg,Mild_Demented,2,Mild_Demented,2,True,0.8050644993782043,0.19262480735778809,0.6124396920204163,0.3649175611192688,0.7287720441818237,0.0023054510820657015,0.19262480735778809,0.8050644993782043,5.238151516095968e-06
10,data/dataset/Mild_Demented/mild_412.jpg,mild_412.jpg,Mild_Demented,2,Mild_Demented,2,True,0.9972188472747803,0.0022226187866181135,0.9949962284881622,0.014819395685088655,0.9833496809005737,0.0005578991258516908,0.0022226187866181135,0.9972188472747803,6.470825724136375e-07
11,data/dataset/Mild_Demented/mild_491.jpg,mild_491.jpg,Mild_Demented,2,Mild_Demented,2,True,0.998308539390564,0.0013055820018053055,0.9970029573887587,0.009706942665299695,0.988007664680481,0.00037105067167431116,0.0013055820018053055,0.998308539390564,1.485526627220679e-05
12,data/dataset/Mild_Demented/mild_2.jpg,mild_2.jpg,Mild_Demented,2,Mild_Demented,2,True,0.9978153705596924,0.0018082469468936324,0.9960071236127988,0.011962356739076065,0.9860628247261047,0.0018082469468936324,0.00037413276731967926,0.9978153705596924,2.2337885638989974e-06
13,data/dataset/Mild_Demented/mild_386.jpg,mild_386.jpg,Mild_Demented,2,Mild_Demented,2,True,0.810528039932251,0.18932600319385529,0.6212020367383957,0.35104685935754426,0.7390185594558716,0.00014497892698273063,0.18932600319385529,0.810528039932251,9.631070270188502e-07
14,data/dataset/Mild_Demented/mild_519.jpg,mild_519.jpg,Mild_Demented,2,Mild_Demented,2,True,0.9929274916648865,0.0043258024379611015,0.9886016892269254,0.03428587277287611,0.9653875827789307,0.0043258024379611015,0.0025378935970366,0.9929274916648865,0.00020879099611192942
15,data/dataset/Mild_Demented/mild_365.jpg,mild_365.jpg,Mild_Demented,2,Mild_Demented,2,True,0.9703283309936523,0.026338854804635048,0.9439894761890173,0.10389718088791318,0.9162073135375977,0.0033317680936306715,0.026338854804635048,0.9703283309936523,9.37519985200197e-07
16,data/dataset/Mild_Demented/mild_798.jpg,mild_798.jpg,Mild_Demented,2,Mild_Demented,2,True,0.9938124418258667,0.005702150519937277,0.9881102913059294,0.028397452842996596,0.9721564650535583,0.00047919098869897425,0.005702150519937277,0.9938124418258667,6.140145615063375e-06
17,data/dataset/Mild_Demented/mild_273.jpg,mild_273.jpg,Mild_Demented,2,Mild_Demented,2,True,0.9986140727996826,0.0008494494832120836,0.9977646233164705,0.008247946657307496,0.9894943833351135,0.0005361003568395972,0.0008494494832120836,0.9986140727996826,3.536244435053959e-07
18,data/dataset/Mild_Demented/mild_351.jpg,mild_351.jpg,Mild_Demented,2,Mild_Demented,2,True,0.9996379613876343,0.00033702322980389,0.9993009381578304,0.0024017891125522124,0.9963020086288452,2.2550819267053157e-05,0.00033702322980389,0.9996379613876343,2.4542998744436773e-06
19,data/dataset/Mild_Demented/mild_256.jpg,mild_256.jpg,Mild_Demented,2,Mild_Demented,2,True,0.9633035063743591,0.03616897016763687,0.9271345362067223,0.11546276693337644,0.9101613759994507,0.03616897016763687,0.0005270720575936139,0.9633035063743591,5.053901759310975e-07
20,data/dataset/Mild_Demented/mild_584.jpg,mild_584.jpg,Mild_Demented,2,Mild_Demented,2,True,0.9983986020088196,0.0015813079662621021,0.9968172940425575,0.008669552048789223,0.9900159239768982,1.9637633158708923e-05,0.0015813079662621021,0.9983986020088196,4.776727564603789e-07
21,data/dataset/Mild_Demented/mild_330.jpg,mild_330.jpg,Mild_Demented,2,Mild_Demented,2,True,0.5747851729393005,0.42470723390579224,0.1500779390335083,0.4947634306247842,0.5522173047065735,0.0004986933199688792,0.42470723390579224,0.5747851729393005,8.882215297489893e-06
22,data/dataset/Mild_Demented/mild_54.jpg,mild_54.jpg,Mild_Demented,2,Mild_Demented,2,True,0.9820663928985596,0.01792653277516365,0.9641398601233959,0.06488480297438669,0.9467217326164246,5.445363512990298e-06,0.01792653277516365,0.9820663928985596,1.5330128917412367e-06
23,data/dataset/Mild_Demented/mild_284.jpg,mild_284.jpg,Mild_Demented,2,Mild_Demented,2,True,0.844266951084137,0.13061492145061493,0.713652029633522,0.3617003676609037,0.7457547187805176,0.025107398629188538,0.13061492145061493,0.844266951084137,1.0723641935328487e-05
24,data/dataset/Mild_Demented/mild_270.jpg,mild_270.jpg,Mild_Demented,2,Mild_Demented,2,True,0.9912018775939941,0.00875861942768097,0.9824432581663132,0.03654408290834346,0.9671510457992554,3.854194801533595e-05,0.00875861942768097,0.9912018775939941,1.0108467449754244e-06
25,data/dataset/Mild_Demented/mild_434.jpg,mild_434.jpg,Mild_Demented,2,Mild_Demented,2,True,0.9951360821723938,0.004688569810241461,0.9904475123621523,0.022733067188155084,0.9773763418197632,0.0001751552044879645,0.004688569810241461,0.9951360821723938,3.0185654509296e-07
26,data/dataset/Mild_Demented/mild_165.jpg,mild_165.jpg,Mild_Demented,2,Mild_Demented,2,True,0.9490988254547119,0.04406625032424927,0.9050325751304626,0.1597044762013267,0.878075122833252,0.04406625032424927,0.006810963619500399,0.9490988254547119,2.4001550627872348e-05
27,data/dataset/Mild_Demented/mild_424.jpg,mild_424.jpg,Mild_Demented,2,Mild_Demented,2,True,0.999729573726654,0.0002254965074826032,0.9995040772191714,0.0018857108293611796,0.9968889355659485,4.485493991523981e-05,0.0002254965074826032,0.999729573726654,6.842538624596273e-08
28,data/dataset/Mild_Demented/mild_819.jpg,mild_819.jpg,Mild_Demented,2,Mild_Demented,2,True,0.9998856782913208,0.00011389685823814943,0.9997717814330827,0.0008330331553576814,0.9985210299491882,1.806141085580748e-07,0.00011389685823814943,0.9998856782913208,2.2900499629940896e-07
29,data/dataset/Mild_Demented/mild_507.jpg,mild_507.jpg,Mild_Demented,2,Mild_Demented,2,True,0.9993662238121033,0.0006252224557101727,0.9987410013563931,0.0038564559947547243,0.9948528409004211,8.476160473946948e-06,0.0006252224557101727,0.9993662238121033,6.678276065485989e-08
30,data/dataset/Mild_Demented/mild_254.jpg,mild_254.jpg,Mild_Demented,2,Mild_Demented,2,True,0.958340048789978,0.04153168201446533,0.9168083667755127,0.12555425743154752,0.9041039347648621,0.00012823502765968442,0.04153168201446533,0.958340048789978,8.599179324164652e-08
31,data/dataset/Mild_Demented/mild_300.jpg,mild_300.jpg,Mild_Demented,2,Mild_Demented,2,True,0.9710979461669922,0.023370618000626564,0.9477273281663656,0.10472092404096763,0.9148820042610168,0.023370618000626564,0.005506688728928566,0.9710979461669922,2.47570060309954e-05
32,data/dataset/Mild_Demented/mild_436.jpg,mild_436.jpg,Mild_Demented,2,Mild_Demented,2,True,0.9978475570678711,0.001650616992264986,0.9961969400756061,0.011951469431107772,0.9858933687210083,0.001650616992264986,0.0004964475519955158,0.9978475570678711,5.471051736094523e-06
33,data/dataset/Mild_Demented/mild_287.jpg,mild_287.jpg,Mild_Demented,2,Mild_Demented,2,True,0.999492883682251,0.000490598555188626,0.9990022851270624,0.0031991389749642996,0.9954492449760437,1.3230127478891518e-05,0.000490598555188626,0.999492883682251,3.247615950385807e-06
34,data/dataset/Mild_Demented/mild_502.jpg,mild_502.jpg,Mild_Demented,2,Mild_Demented,2,True,0.9995563626289368,0.00021971130627207458,0.9993366513226647,0.0030292513549480364,0.9952220320701599,0.00021911933436058462,0.00021971130627207458,0.9995563626289368,4.814462045032997e-06
35,data/dataset/Mild_Demented/mild_325.jpg,mild_325.jpg,Mild_Demented,2,Mild_Demented,2,True,0.970535397529602,0.024086954072117805,0.9464484434574842,0.10608998118424534,0.9139382839202881,0.024086954072117805,0.005345940124243498,0.970535397529602,3.175164238200523e-05
36,data/dataset/Mild_Demented/mild_58.jpg,mild_58.jpg,Mild_Demented,2,Mild_Demented,2,True,0.9991508722305298,0.0008307708776555955,0.9983201013528742,0.005009273842283338,0.9935590624809265,1.759642873366829e-05,0.0008307708776555955,0.9991508722305298,7.159557640079584e-07
37,data/dataset/Mild_Demented/mild_33.jpg,mild_33.jpg,Mild_Demented,2,Very_Mild_Demented,1,False,0.5184638500213623,0.2919491231441498,0.22651472687721252,0.7336149569392004,0.4652169644832611,0.18936380743980408,0.5184638500213623,0.2919491231441498,0.00022325298050418496
38,data/dataset/Mild_Demented/mild_352.jpg,mild_352.jpg,Mild_Demented,2,Mild_Demented,2,True,0.9994851350784302,0.00046815400128252804,0.9990169810771476,0.0032992402676459832,0.995214581489563,0.00046815400128252804,4.5945344027131796e-05,0.9994851350784302,7.730444622211508e-07
39,data/dataset/Mild_Demented/mild_835.jpg,mild_835.jpg,Mild_Demented,2,Mild_Demented,2,True,0.997010350227356,0.0016486219828948379,0.9953617282444611,0.016212946919969717,0.9816173315048218,0.0016486219828948379,0.0013314660172909498,0.997010350227356,9.551807124807965e-06
40,data/dataset/Mild_Demented/mild_523.jpg,mild_523.jpg,Mild_Demented,2,Mild_Demented,2,True,0.9991138577461243,0.0007196429069153965,0.9983942148392089,0.0054407356535390245,0.9926727414131165,0.0007196429069153965,0.0001664785377215594,0.9991138577461243,2.0402412204134635e-08
41,data/dataset/Mild_Demented/mild_241.jpg,mild_241.jpg,Mild_Demented,2,Very_Mild_Demented,1,False,0.66166752576828,0.3364800214767456,0.3251875042915344,0.4700291437516713,0.6135634183883667,0.0018154310528188944,0.66166752576828,0.3364800214767456,3.701540481415577e-05
42,data/dataset/Mild_Demented/mild_81.jpg,mild_81.jpg,Mild_Demented,2,Mild_Demented,2,True,0.9380666017532349,0.046013299375772476,0.8920533023774624,0.1931043346653914,0.8563694357872009,0.046013299375772476,0.01590138114988804,0.9380666017532349,1.8812839698512107e-05
43,data/dataset/Mild_Demented/mild_75.jpg,mild_75.jpg,Mild_Demented,2,Mild_Demented,2,True,0.9999825954437256,1.6013547792681493e-05,0.9999665818959329,0.00015316086913250333,0.9995847344398499,1.2869671763837687e-06,1.6013547792681493e-05,0.9999825954437256,3.763909006693211e-08
44,data/dataset/Mild_Demented/mild_345.jpg,mild_345.jpg,Mild_Demented,2,Mild_Demented,2,True,0.9990338087081909,0.0009333022753708065,0.9981005064328201,0.005638614457694055,0.9928528666496277,3.270515662734397e-05,0.0009333022753708065,0.9990338087081909,1.1454800841192991e-07
45,data/dataset/Mild_Demented/mild_761.jpg,mild_761.jpg,Mild_Demented,2,Mild_Demented,2,True,0.9914942979812622,0.007894677110016346,0.9835996208712459,0.036961917445843574,0.965390682220459,0.007894677110016346,0.000606742047239095,0.9914942979812622,4.34842240792932e-06
46,data/dataset/Mild_Demented/mild_787.jpg,mild_787.jpg,Mild_Demented,2,Mild_Demented,2,True,0.995121419429779,0.00485546188428998,0.9902659575454891,0.022350224402033256,0.978318452835083,0.00485546188428998,2.283957837789785e-05,0.995121419429779,3.3783308595047856e-07
47,data/dataset/Mild_Demented/mild_872.jpg,mild_872.jpg,Mild_Demented,2,Mild_Demented,2,True,0.9998868703842163,0.00011141870345454663,0.9997754516807618,0.0008297481859551172,0.9985008239746094,1.6971201830529026e-06,0.00011141870345454663,0.9998868703842163,2.550720168414955e-08
48,data/dataset/Mild_Demented/mild_194.jpg,mild_194.jpg,Mild_Demented,2,Non_Demented,0,False,0.8660452961921692,0.06788285076618195,0.7981624454259872,0.35480508873769245,0.7559391856193542,0.8660452961921692,0.06788285076618195,0.06507023423910141,0.001001693424768746
49,data/dataset/Mild_Demented/mild_251.jpg,mild_251.jpg,Mild_Demented,2,Mild_Demented,2,True,0.9971298575401306,0.002563322428613901,0.9945665351115167,0.014905333265941664,0.983535647392273,0.002563322428613901,0.0003026955237146467,0.9971298575401306,4.07255674872431e-06
50,data/dataset/Mild_Demented/mild_55.jpg,mild_55.jpg,Mild_Demented,2,Mild_Demented,2,True,0.9317716956138611,0.058759137988090515,0.8730125576257706,0.19989519862169755,0.8512437343597412,0.009358637034893036,0.058759137988090515,0.9317716956138611,0.0001106202180380933
51,data/dataset/Mild_Demented/mild_324.jpg,mild_324.jpg,Mild_Demented,2,Mild_Demented,2,True,0.9944087862968445,0.005540754646062851,0.9888680316507816,0.02514967871952492,0.9759033918380737,0.005540754646062851,4.977886055712588e-05,0.9944087862968445,5.86838780236576e-07
52,data/dataset/Mild_Demented/mild_785.jpg,mild_785.jpg,Mild_Demented,2,Mild_Demented,2,True,0.8798394203186035,0.08254651725292206,0.7972929030656815,0.3195324144481415,0.7768686413764954,0.03745269030332565,0.08254651725292206,0.8798394203186035,0.00016137765487655997
53,data/dataset/Mild_Demented/mild_855.jpg,mild_855.jpg,Mild_Demented,2,Non_Demented,0,False,0.5025221705436707,0.3080613315105438,0.19446083903312683,0.752991038333357,0.4499194025993347,0.5025221705436707,0.18520529568195343,0.3080613315105438,0.004211179446429014
54,data/dataset/Mild_Demented/mild_374.jpg,mild_374.jpg,Mild_Demented,2,Mild_Demented,2,True,0.493621289730072,0.4692131578922272,0.02440813183784485,0.5958285624520238,0.47170987725257874,0.03715599328279495,0.4692131578922272,0.493621289730072,9.515454621578101e-06
55,data/dataset/Mild_Demented/mild_780.jpg,mild_780.jpg,Mild_Demented,2,Mild_Demented,2,True,0.5658898949623108,0.43333595991134644,0.13255393505096436,0.4979488932840651,0.5450405478477478,0.0007218825630843639,0.43333595991134644,0.5658898949623108,5.229269663686864e-05
56,data/dataset/Mild_Demented/mild_869.jpg,mild_869.jpg,Mild_Demented,2,Mild_Demented,2,True,0.7623838186264038,0.2318764477968216,0.5305073708295822,0.41679479488649085,0.6856396794319153,0.004868883173912764,0.2318764477968216,0.7623838186264038,0.0008708733948878944
57,data/dataset/Mild_Demented/mild_558.jpg,mild_558.jpg,Mild_Demented,2,Mild_Demented,2,True,0.9990301132202148,0.0007004713406786323,0.9983296418795362,0.0059878319483432875,0.9918699264526367,0.0002631536335684359,0.0007004713406786323,0.9990301132202148,6.197096354298992e-06
58,data/dataset/Mild_Demented/mild_8.jpg,mild_8.jpg,Mild_Demented,2,Mild_Demented,2,True,0.9556554555892944,0.04392974451184273,0.9117257110774517,0.13273627442940977,0.8982829451560974,0.0003673023311421275,0.04392974451184273,0.9556554555892944,4.744260149891488e-05
59,data/dataset/Mild_Demented/mild_532.jpg,mild_532.jpg,Mild_Demented,2,Mild_Demented,2,True,0.9847433567047119,0.015253034420311451,0.9694903222844005,0.05698021699229787,0.9524288773536682,2.284908759975224e-06,0.015253034420311451,0.9847433567047119,1.4045107263882528e-06
60,data/dataset/Mild_Demented/mild_3.jpg,mild_3.jpg,Mild_Demented,2,Mild_Demented,2,True,0.9996907711029053,0.00027888640761375427,0.9994118846952915,0.0021072735256002623,0.9966006875038147,2.5014274797285907e-05,0.00027888640761375427,0.9996907711029053,5.307259016262833e-06
61,data/dataset/Mild_Demented/mild_813.jpg,mild_813.jpg,Mild_Demented,2,Very_Mild_Demented,1,False,0.4516110420227051,0.4228769838809967,0.028734058141708374,0.7118180907471616,0.42407092452049255,0.12499639391899109,0.4516110420227051,0.4228769838809967,0.0005155715043656528
62,data/dataset/Mild_Demented/mild_280.jpg,mild_280.jpg,Mild_Demented,2,Mild_Demented,2,True,0.9972692131996155,0.002698287134990096,0.9945709260646254,0.013726499683433901,0.9854034781455994,3.125368311884813e-05,0.002698287134990096,0.9972692131996155,1.247935188075644e-06
63,data/dataset/Mild_Demented/mild_219.jpg,mild_219.jpg,Mild_Demented,2,Mild_Demented,2,True,0.9964991807937622,0.002917694393545389,0.9935814864002168,0.0179928329949538,0.9803999662399292,0.0005662483163177967,0.002917694393545389,0.9964991807937622,1.6796480849734508e-05
64,data/dataset/Mild_Demented/mild_866.jpg,mild_866.jpg,Mild_Demented,2,Mild_Demented,2,True,0.9157578945159912,0.08167141675949097,0.8340864777565002,0.2169813095217845,0.8397276401519775,0.002509762765839696,0.08167141675949097,0.9157578945159912,6.0984475567238405e-05
65,data/dataset/Mild_Demented/mild_623.jpg,mild_623.jpg,Mild_Demented,2,Mild_Demented,2,True,0.9961721301078796,0.0038243280723690987,0.9923478020355105,0.0181440863619298,0.9819628596305847,3.532975824782625e-06,0.0038243280723690987,0.9961721301078796,3.020842243017796e-08
66,data/dataset/Mild_Demented/mild_526.jpg,mild_526.jpg,Mild_Demented,2,Mild_Demented,2,True,0.9577752947807312,0.03044578619301319,0.927329508587718,0.14435102601518845,0.8879877328872681,0.011755865067243576,0.03044578619301319,0.9577752947807312,2.3007221898296848e-05
67,data/dataset/Mild_Demented/mild_333.jpg,mild_333.jpg,Mild_Demented,2,Non_Demented,0,False,0.6720139384269714,0.2478819191455841,0.42413201928138733,0.5889326170960405,0.5859690308570862,0.6720139384269714,0.07991037517786026,0.2478819191455841,0.00019377055286895484
68,data/dataset/Mild_Demented/mild_486.jpg,mild_486.jpg,Mild_Demented,2,Mild_Demented,2,True,0.9983589053153992,0.0014177934499457479,0.9969411118654534,0.009248470508460943,0.9888148903846741,0.00022241381520871073,0.0014177934499457479,0.9983589053153992,8.455807005702809e-07
69,data/dataset/Mild_Demented/mild_89.jpg,mild_89.jpg,Mild_Demented,2,Very_Mild_Demented,1,False,0.556835949420929,0.4319323003292084,0.12490364909172058,0.5335895029573057,0.5277090072631836,0.011109743267297745,0.556835949420929,0.4319323003292084,0.00012192399299237877
70,data/dataset/Mild_Demented/mild_465.jpg,mild_465.jpg,Mild_Demented,2,Mild_Demented,2,True,0.9610923528671265,0.03648808225989342,0.924604270607233,0.1253244026186694,0.9017322659492493,0.00237637828104198,0.03648808225989342,0.9610923528671265,4.3146243115188554e-05
71,data/dataset/Mild_Demented/mild_815.jpg,mild_815.jpg,Mild_Demented,2,Mild_Demented,2,True,0.9987258315086365,0.0012015992542728782,0.9975242322543636,0.007247747960853336,0.9910901784896851,0.0012015992542728782,7.193503552116454e-05,0.9987258315086365,5.731366172767594e-07
72,data/dataset/Mild_Demented/mild_190.jpg,mild_190.jpg,Mild_Demented,2,Mild_Demented,2,True,0.9914926886558533,0.007245742250233889,0.9842469464056194,0.038017315855152396,0.9637847542762756,0.0012402045540511608,0.007245742250233889,0.9914926886558533,2.1377803932409734e-05
73,data/dataset/Mild_Demented/mild_422.jpg,mild_422.jpg,Mild_Demented,2,Mild_Demented,2,True,0.9962145686149597,0.0032786428928375244,0.9929359257221222,0.019030910870260494,0.9797970652580261,0.0005060963449068367,0.0032786428928375244,0.9962145686149597,6.023245191499882e-07
74,data/dataset/Mild_Demented/mild_168.jpg,mild_168.jpg,Mild_Demented,2,Very_Mild_Demented,1,False,0.799967885017395,0.19650021195411682,0.6034676730632782,0.3743136182708448,0.7215959429740906,0.0033541577868163586,0.799967885017395,0.19650021195411682,0.0001777234865585342
75,data/dataset/Mild_Demented/mild_83.jpg,mild_83.jpg,Mild_Demented,2,Mild_Demented,2,True,0.9882616400718689,0.011105560697615147,0.9771560793742537,0.04785263013317658,0.957231342792511,0.000627781730145216,0.011105560697615147,0.9882616400718689,5.027812221669592e-06
76,data/dataset/Mild_Demented/mild_527.jpg,mild_527.jpg,Mild_Demented,2,Mild_Demented,2,True,0.9994301199913025,0.0005069617764092982,0.9989231582148932,0.003624384889825032,0.9948238134384155,6.273784674704075e-05,0.0005069617764092982,0.9994301199913025,7.979316762884991e-08
77,data/dataset/Mild_Demented/mild_582.jpg,mild_582.jpg,Mild_Demented,2,Mild_Demented,2,True,0.9989811778068542,0.0007121997768990695,0.9982689780299552,0.0062514101405496,0.991641640663147,0.0007121997768990695,0.0003057786088902503,0.9989811778068542,8.601215313319699e-07
78,data/dataset/Mild_Demented/mild_423.jpg,mild_423.jpg,Mild_Demented,2,Mild_Demented,2,True,0.9999231100082397,5.043536293669604e-05,0.999872674645303,0.0006171363973199487,0.9986847043037415,2.6513596822042018e-05,5.043536293669604e-05,0.9999231100082397,1.0939398720211102e-08
79,data/dataset/Mild_Demented/mild_159.jpg,mild_159.jpg,Mild_Demented,2,Mild_Demented,2,True,0.9892206788063049,0.009738879278302193,0.9794817995280027,0.0455750907600896,0.9581365585327148,0.0009885660838335752,0.009738879278302193,0.9892206788063049,5.1945829909527674e-05
80,data/dataset/Mild_Demented/mild_548.jpg,mild_548.jpg,Mild_Demented,2,Mild_Demented,2,True,0.9978970289230347,0.0018800270045176148,0.996017001918517,0.011427952898266924,0.986634373664856,0.0018800270045176148,0.00020303486962802708,0.9978970289230347,1.9917630197596736e-05
81,data/dataset/Mild_Demented/mild_15.jpg,mild_15.jpg,Mild_Demented,2,Mild_Demented,2,True,0.9996143579483032,0.00038554499042220414,0.999228812957881,0.0024652216550578943,0.9965143799781799,0.00038554499042220414,7.111702871043235e-08,0.9996143579483032,3.7146035136714772e-09
82,data/dataset/Mild_Demented/mild_172.jpg,mild_172.jpg,Mild_Demented,2,Mild_Demented,2,True,0.6987989544868469,0.2972228229045868,0.40157613158226013,0.45680642962273516,0.6388152837753296,0.003938038367778063,0.2972228229045868,0.6987989544868469,4.0146867831936106e-05
83,data/dataset/Mild_Demented/mild_160.jpg,mild_160.jpg,Mild_Demented,2,Mild_Demented,2,True,0.9845499992370605,0.009903626516461372,0.9746463727205992,0.06543624384654692,0.9415072202682495,0.005343848839402199,0.009903626516461372,0.9845499992370605,0.00020248154760338366
84,data/dataset/Mild_Demented/mild_763.jpg,mild_763.jpg,Mild_Demented,2,Mild_Demented,2,True,0.9999788999557495,2.1100002413732e-05,0.9999577999533358,0.00017912921021097865,0.9995684027671814,2.7686377634950077e-09,2.1100002413732e-05,0.9999788999557495,1.6893084153757343e-10
85,data/dataset/Mild_Demented/mild_728.jpg,mild_728.jpg,Mild_Demented,2,Mild_Demented,2,True,0.9998400211334229,0.00012059933942509815,0.9997194217939978,0.0011887430750528885,0.9978139400482178,3.936745270038955e-05,0.00012059933942509815,0.9998400211334229,3.015602700884301e-08
86,data/dataset/Mild_Demented/mild_77.jpg,mild_77.jpg,Mild_Demented,2,Mild_Demented,2,True,0.9998725652694702,8.734392758924514e-05,0.999785221341881,0.0009747110019577381,0.9981064796447754,3.98629745177459e-05,8.734392758924514e-05,0.9998725652694702,2.435585031435039e-07
87,data/dataset/Mild_Demented/mild_157.jpg,mild_157.jpg,Mild_Demented,2,Mild_Demented,2,True,0.9949514865875244,0.005042178090661764,0.9899093084968626,0.02292870282796937,0.9780128598213196,5.893652087252121e-06,0.005042178090661764,0.9949514865875244,4.452851669611846e-07
88,data/dataset/Mild_Demented/mild_842.jpg,mild_842.jpg,Mild_Demented,2,Mild_Demented,2,True,0.9997285008430481,0.00021990448294673115,0.9995085963601014,0.001900737981432125,0.9968434572219849,0.00021990448294673115,5.133930244483054e-05,0.9997285008430481,2.8772080895578256e-07
89,data/dataset/Mild_Demented/mild_230.jpg,mild_230.jpg,Mild_Demented,2,Mild_Demented,2,True,0.5333670377731323,0.4643717110157013,0.06899532675743103,0.5087969569612131,0.5194181799888611,0.4643717110157013,0.0022408089134842157,0.5333670377731323,2.0403573216754012e-05
90,data/dataset/Mild_Demented/mild_593.jpg,mild_593.jpg,Mild_Demented,2,Mild_Demented,2,True,0.9794812202453613,0.01329110935330391,0.9661901108920574,0.08186137704924755,0.9304066896438599,0.007210837211459875,0.01329110935330391,0.9794812202453613,1.690156750555616e-05
91,data/dataset/Mild_Demented/mild_749.jpg,mild_749.jpg,Mild_Demented,2,Mild_Demented,2,True,0.9482406377792358,0.05172855406999588,0.89651208370924,0.14711493769937328,0.8897116184234619,1.650182093726471e-05,0.05172855406999588,0.9482406377792358,1.4344662304210942e-05
92,data/dataset/Mild_Demented/mild_455.jpg,mild_455.jpg,Mild_Demented,2,Mild_Demented,2,True,0.9549340009689331,0.04227850213646889,0.9126554988324642,0.1400766659508853,0.8920044898986816,0.0027866552118211985,0.04227850213646889,0.9549340009689331,8.509295525982452e-07
93,data/dataset/Mild_Demented/mild_269.jpg,mild_269.jpg,Mild_Demented,2,Mild_Demented,2,True,0.8172404766082764,0.1393248289823532,0.6779156476259232,0.4166818882761994,0.7124046087265015,0.1393248289823532,0.043118495494127274,0.8172404766082764,0.0003162687935400754
94,data/dataset/Mild_Demented/mild_663.jpg,mild_663.jpg,Mild_Demented,2,Mild_Demented,2,True,0.9999650716781616,3.018871029780712e-05,0.9999348829678638,0.0002942410277346671,0.9992928504943848,3.018871029780712e-05,4.782596079166979e-06,0.9999650716781616,9.88712667293612e-09
95,data/dataset/Mild_Demented/mild_108.jpg,mild_108.jpg,Mild_Demented,2,Mild_Demented,2,True,0.999843955039978,0.00015333549526985735,0.9996906195447082,0.0011091922815589465,0.9981046915054321,2.6635866561264265e-06,0.00015333549526985735,0.999843955039978,4.224065364155649e-08
96,data/dataset/Mild_Demented/mild_659.jpg,mild_659.jpg,Mild_Demented,2,Mild_Demented,2,True,0.9981551766395569,0.001579795847646892,0.99657538079191,0.010293494870525144,0.9876297116279602,0.00025128579000011086,0.001579795847646892,0.9981551766395569,1.3698250768356957e-05
97,data/dataset/Mild_Demented/mild_512.jpg,mild_512.jpg,Mild_Demented,2,Mild_Demented,2,True,0.9997027516365051,0.0002908666792791337,0.999411884957226,0.001978253618898889,0.9969726800918579,6.337722879834473e-06,0.0002908666792791337,0.9997027516365051,5.7408776399370254e-08
98,data/dataset/Mild_Demented/mild_664.jpg,mild_664.jpg,Mild_Demented,2,Mild_Demented,2,True,0.998430073261261,0.001497967983596027,0.996932105277665,0.008654050768765752,0.9897804260253906,0.001497967983596027,7.183209527283907e-05,0.998430073261261,4.439787915089255e-08
99,data/dataset/Mild_Demented/mild_585.jpg,mild_585.jpg,Mild_Demented,2,Mild_Demented,2,True,0.9627712965011597,0.020668622106313705,0.942102674394846,0.13320583006192796,0.8953831195831299,0.020668622106313705,0.016554489731788635,0.9627712965011597,5.580321612796979e-06
100,data/dataset/Mild_Demented/mild_597.jpg,mild_597.jpg,Mild_Demented,2,Mild_Demented,2,True,0.999984860420227,1.0513359484320972e-05,0.9999743470607427,0.00013933348079831428,0.9995923638343811,1.0513359484320972e-05,4.679105586546939e-06,0.999984860420227,4.181950785664412e-09
101,data/dataset/Mild_Demented/mild_207.jpg,mild_207.jpg,Mild_Demented,2,Very_Mild_Demented,1,False,0.6693447232246399,0.31653711199760437,0.3528076112270355,0.5008765969453655,0.6066724061965942,0.013835581950843334,0.6693447232246399,0.31653711199760437,0.00028259571990929544
102,data/dataset/Mild_Demented/mild_71.jpg,mild_71.jpg,Mild_Demented,2,Mild_Demented,2,True,0.9999995231628418,2.9657877576028113e-07,0.999999226584066,5.84641357154031e-06,0.9999644756317139,2.9657877576028113e-07,2.0535908618057874e-07,0.9999995231628418,3.6482122878211953e-10
103,data/dataset/Mild_Demented/mild_759.jpg,mild_759.jpg,Mild_Demented,2,Mild_Demented,2,True,0.9997197985649109,0.0002786549739539623,0.9994411435909569,0.001862984430531589,0.9971754550933838,0.0002786549739539623,1.5788601785970968e-06,0.9997197985649109,2.5786931701077265e-08
104,data/dataset/Mild_Demented/mild_306.jpg,mild_306.jpg,Mild_Demented,2,Mild_Demented,2,True,0.8642008304595947,0.11875119805335999,0.7454496324062347,0.323949143900612,0.7692492604255676,0.11875119805335999,0.016966285184025764,0.8642008304595947,8.17059408291243e-05
105,data/dataset/Mild_Demented/mild_680.jpg,mild_680.jpg,Mild_Demented,2,Mild_Demented,2,True,0.9999163150787354,6.730498716933653e-05,0.999849010091566,0.0006568468387053754,0.9986457228660583,6.730498716933653e-05,1.6292668078676797e-05,0.9999163150787354,4.290968291797981e-08
106,data/dataset/Mild_Demented/mild_827.jpg,mild_827.jpg,Mild_Demented,2,Mild_Demented,2,True,0.9336942434310913,0.05864373967051506,0.8750505037605762,0.1959382432884774,0.8523452281951904,0.006069409195333719,0.05864373967051506,0.9336942434310913,0.0015925377374514937
107,data/dataset/Mild_Demented/mild_317.jpg,mild_317.jpg,Mild_Demented,2,Mild_Demented,2,True,0.9998606443405151,0.0001227205211762339,0.9997379238193389,0.001030009302523393,0.9981052875518799,1.6595258784946054e-05,0.0001227205211762339,0.9998606443405151,4.2665899258054196e-08
108,data/dataset/Mild_Demented/mild_337.jpg,mild_337.jpg,Mild_Demented,2,Mild_Demented,2,True,0.9678261280059814,0.031060975044965744,0.9367651529610157,0.10608361782616342,0.9158974885940552,0.0011120885610580444,0.031060975044965744,0.9678261280059814,7.804248980392003e-07
109,data/dataset/Mild_Demented/mild_678.jpg,mild_678.jpg,Mild_Demented,2,Mild_Demented,2,True,0.9952547550201416,0.004453535657376051,0.9908012193627656,0.022565327671756532,0.9770614504814148,0.0002757868205662817,0.004453535657376051,0.9952547550201416,1.5952178728184663e-05
110,data/dataset/Mild_Demented/mild_283.jpg,mild_283.jpg,Mild_Demented,2,Mild_Demented,2,True,0.9978725910186768,0.0013114010216668248,0.9965611899970099,0.012000191578651422,0.9857494831085205,0.0008154949173331261,0.0013114010216668248,0.9978725910186768,5.379869207899901e-07
111,data/dataset/Mild_Demented/mild_113.jpg,mild_113.jpg,Mild_Demented,2,Mild_Demented,2,True,0.9891701340675354,0.01068502850830555,0.9784851055592299,0.04369133791290006,0.961299479007721,0.00014032726176083088,0.01068502850830555,0.9891701340675354,4.440053089638241e-06
112,data/dataset/Mild_Demented/mild_634.jpg,mild_634.jpg,Mild_Demented,2,Mild_Demented,2,True,0.9557015299797058,0.044131889939308167,0.9115696400403976,0.13164138987835441,0.8997595906257629,0.000160987488925457,0.044131889939308167,0.9557015299797058,5.660288934450364e-06
113,data/dataset/Mild_Demented/mild_445.jpg,mild_445.jpg,Mild_Demented,2,Mild_Demented,2,True,0.9364128112792969,0.05054965615272522,0.8858631551265717,0.19408672106495112,0.85567706823349,0.05054965615272522,0.013027973473072052,0.9364128112792969,9.470709301240277e-06
114,data/dataset/Mild_Demented/mild_233.jpg,mild_233.jpg,Mild_Demented,2,Mild_Demented,2,True,0.9999129772186279,7.598003139719367e-05,0.9998369971872307,0.0006738220637913186,0.9986434578895569,1.1019005796697456e-05,7.598003139719367e-05,0.9999129772186279,3.689007499474428e-08
115,data/dataset/Mild_Demented/mild_888.jpg,mild_888.jpg,Mild_Demented,2,Mild_Demented,2,True,0.9999388456344604,5.476385558722541e-05,0.9998840817788732,0.0004872919312197366,0.9989595413208008,5.476385558722541e-05,6.420474619517336e-06,0.9999388456344604,1.3521403552374522e-08
116,data/dataset/Mild_Demented/mild_181.jpg,mild_181.jpg,Mild_Demented,2,Mild_Demented,2,True,0.999796450138092,0.00010317822307115421,0.9996932719150209,0.0015468529421011267,0.9970490336418152,4.974733747076243e-05,0.00010317822307115421,0.999796450138092,5.063924254500307e-05
117,data/dataset/Mild_Demented/mild_356.jpg,mild_356.jpg,Mild_Demented,2,Mild_Demented,2,True,0.4216289818286896,0.37758880853652954,0.044040173292160034,0.7610634740082302,0.3980799913406372,0.20068861544132233,0.37758880853652954,0.4216289818286896,9.358359966427088e-05
118,data/dataset/Mild_Demented/mild_201.jpg,mild_201.jpg,Mild_Demented,2,Mild_Demented,2,True,0.8744779229164124,0.12198475003242493,0.7524931728839874,0.2842566659687064,0.7925975322723389,0.12198475003242493,0.003508620662614703,0.8744779229164124,2.867497823899612e-05
119,data/dataset/Mild_Demented/mild_661.jpg,mild_661.jpg,Mild_Demented,2,Mild_Demented,2,True,0.9995625615119934,0.0004305826441850513,0.9991319788678084,0.0027814616403559907,0.9960399866104126,0.0004305826441850513,6.736222985637141e-06,0.9995625615119934,7.24738882240672e-08
120,data/dataset/Mild_Demented/mild_250.jpg,mild_250.jpg,Mild_Demented,2,Mild_Demented,2,True,0.8931784629821777,0.10643046349287033,0.7867479994893074,0.24700917939279188,0.819521963596344,0.10643046349287033,0.00038636469980701804,0.8931784629821777,4.6819150156807154e-06
121,data/dataset/Mild_Demented/mild_517.jpg,mild_517.jpg,Mild_Demented,2,Mild_Demented,2,True,0.8527275323867798,0.14653654396533966,0.7061909884214401,0.304941900799062,0.7762508392333984,0.000695261696819216,0.14653654396533966,0.8527275323867798,4.0627241105539724e-05
122,data/dataset/Mild_Demented/mild_430.jpg,mild_430.jpg,Mild_Demented,2,Mild_Demented,2,True,0.9370854496955872,0.06196304038167,0.8751224093139172,0.1730853391266469,0.8704030513763428,0.000930462556425482,0.06196304038167,0.9370854496955872,2.1137118892511353e-05
123,data/dataset/Mild_Demented/mild_676.jpg,mild_676.jpg,Mild_Demented,2,Mild_Demented,2,True,0.9937199354171753,0.00613381527364254,0.9875861201435328,0.028012953380245748,0.9731482267379761,0.00013616857177112252,0.00613381527364254,0.9937199354171753,1.0130345799552742e-05
124,data/dataset/Mild_Demented/mild_141.jpg,mild_141.jpg,Mild_Demented,2,Mild_Demented,2,True,0.9990823268890381,0.0009024196187965572,0.9981799072702415,0.005349956693883504,0.9932350516319275,1.4405585716303904e-05,0.0009024196187965572,0.9990823268890381,8.91645242973027e-07
125,data/dataset/Mild_Demented/mild_611.jpg,mild_611.jpg,Mild_Demented,2,Mild_Demented,2,True,0.9863725304603577,0.013417108915746212,0.9729554215446115,0.05279284252812644,0.9544186592102051,0.00020448678696993738,0.013417108915746212,0.9863725304603577,5.8911205087497365e-06
126,data/dataset/Mild_Demented/mild_821.jpg,mild_821.jpg,Mild_Demented,2,Mild_Demented,2,True,0.9999933242797852,3.4364950352028245e-06,0.99998988778475,6.489945983471008e-05,0.9997732043266296,3.4364950352028245e-06,3.162531356792897e-06,0.9999933242797852,3.961205807812007e-10
127,data/dataset/Mild_Demented/mild_70.jpg,mild_70.jpg,Mild_Demented,2,Mild_Demented,2,True,0.9999558925628662,4.111139423912391e-05,0.9999147811686271,0.00035895537843506074,0.9991963505744934,2.996291868839762e-06,4.111139423912391e-05,0.9999558925628662,1.1539291300266541e-08
128,data/dataset/Mild_Demented/mild_5.jpg,mild_5.jpg,Mild_Demented,2,Very_Mild_Demented,1,False,0.8289734125137329,0.16537213325500488,0.663601279258728,0.3482509374024676,0.745148777961731,0.005572054069489241,0.8289734125137329,0.16537213325500488,8.236957364715636e-05
129,data/dataset/Mild_Demented/mild_195.jpg,mild_195.jpg,Mild_Demented,2,Mild_Demented,2,True,0.8617523908615112,0.135792538523674,0.7259598523378372,0.298900838204855,0.7813076972961426,0.002399464836344123,0.135792538523674,0.8617523908615112,5.561641592066735e-05
130,data/dataset/Mild_Demented/mild_119.jpg,mild_119.jpg,Mild_Demented,2,Mild_Demented,2,True,0.9999649524688721,3.3663200156297535e-05,0.9999312892687158,0.00028854416540676436,0.9993357062339783,1.3272887144921697e-06,3.3663200156297535e-05,0.9999649524688721,1.6636676036796416e-08
131,data/dataset/Mild_Demented/mild_20.jpg,mild_20.jpg,Mild_Demented,2,Mild_Demented,2,True,0.9998565912246704,0.00011956287926295772,0.9997370283454075,0.0010665347898076117,0.9980137348175049,0.00011956287926295772,2.3449663785868324e-05,0.9998565912246704,3.5640815099213796e-07
132,data/dataset/Mild_Demented/mild_16.jpg,mild_16.jpg,Mild_Demented,2,Mild_Demented,2,True,0.9993190765380859,0.0006796392262913287,0.9986394373117946,0.00407943586834535,0.9947168231010437,1.1767343721658108e-06,0.0006796392262913287,0.9993190765380859,7.874312046851628e-08
133,data/dataset/Mild_Demented/mild_733.jpg,mild_733.jpg,Mild_Demented,2,Mild_Demented,2,True,0.9932367205619812,0.00586743326857686,0.9873692872934043,0.03117619534358943,0.9694803357124329,0.00586743326857686,0.0008883740520104766,0.9932367205619812,7.485551122954348e-06
134,data/dataset/Mild_Demented/mild_420.jpg,mild_420.jpg,Mild_Demented,2,Mild_Demented,2,True,0.860874593257904,0.1387767195701599,0.7220978736877441,0.2927929818486192,0.7856742739677429,0.000324731576256454,0.1387767195701599,0.860874593257904,2.4041379219852388e-05
135,data/dataset/Moderate_Demented/moderate_16.jpg,moderate_16.jpg,Moderate_Demented,3,Moderate_Demented,3,True,0.9726017117500305,0.016440851613879204,0.9561608601361513,0.10520886031929677,0.9129266142845154,0.00043603384983725846,0.016440851613879204,0.010521446354687214,0.9726017117500305
136,data/dataset/Moderate_Demented/moderate_31.jpg,moderate_31.jpg,Moderate_Demented,3,Moderate_Demented,3,True,0.9946459531784058,0.005129286553710699,0.9895166666246951,0.02480026640477901,0.9753095507621765,4.079546852153726e-05,0.0001840414188336581,0.005129286553710699,0.9946459531784058
137,data/dataset/Moderate_Demented/moderate_13.jpg,moderate_13.jpg,Moderate_Demented,3,Moderate_Demented,3,True,0.8325549364089966,0.1399490237236023,0.6926059126853943,0.38999486738952754,0.7260066866874695,0.00571830989792943,0.1399490237236023,0.021777775138616562,0.8325549364089966
138,data/dataset/Moderate_Demented/moderate_21.jpg,moderate_21.jpg,Moderate_Demented,3,Moderate_Demented,3,True,0.9931607246398926,0.002981842728331685,0.9901788819115609,0.034380578781694204,0.9644113183021545,0.0008765924721956253,0.002981842728331685,0.0029807877726852894,0.9931607246398926
139,data/dataset/Moderate_Demented/moderate_53.jpg,moderate_53.jpg,Moderate_Demented,3,Moderate_Demented,3,True,0.9999681711196899,2.2511483621201478e-05,0.9999456596360687,0.00027711378526897566,0.9992784857749939,1.1242331083849422e-06,8.19935758045176e-06,2.2511483621201478e-05,0.9999681711196899
140,data/dataset/Moderate_Demented/moderate_9.jpg,moderate_9.jpg,Moderate_Demented,3,Moderate_Demented,3,True,0.9973946809768677,0.0023465713020414114,0.9950481096748263,0.013796605455106314,0.9842423796653748,0.00011928453022846952,0.0001395247963955626,0.0023465713020414114,0.9973946809768677
141,data/dataset/Moderate_Demented/moderate_48.jpg,moderate_48.jpg,Moderate_Demented,3,Moderate_Demented,3,True,0.9983831644058228,0.0014111169148236513,0.9969720474909991,0.009197170636576043,0.9885880947113037,6.285485869739205e-05,0.00014283934433478862,0.0014111169148236513,0.9983831644058228
142,data/dataset/Moderate_Demented/moderate_58.jpg,moderate_58.jpg,Moderate_Demented,3,Moderate_Demented,3,True,0.6342785358428955,0.34363698959350586,0.29064154624938965,0.5430123034110909,0.5717442631721497,0.0058241840451955795,0.34363698959350586,0.016260262578725815,0.6342785358428955
143,data/dataset/Moderate_Demented/moderate_27.jpg,moderate_27.jpg,Moderate_Demented,3,Moderate_Demented,3,True,0.9999738931655884,2.1205763914622366e-05,0.9999526874016738,0.00022988281884204158,0.9993829727172852,1.9660581074276706e-06,3.0337162115756655e-06,2.1205763914622366e-05,0.9999738931655884
144,data/dataset/Non_Demented/non_1193.jpg,non_1193.jpg,Non_Demented,0,Non_Demented,0,True,0.9999921321868896,7.811662726453505e-06,0.9999843205241632,7.196292502612777e-05,0.9997888207435608,0.9999921321868896,7.811662726453505e-06,3.010082183507734e-10,1.1207621497533182e-09
145,data/dataset/Non_Demented/non_3030.jpg,non_3030.jpg,Non_Demented,0,Non_Demented,0,True,0.9990715980529785,0.0009283583494834602,0.998143239703495,0.00534614653917894,0.9934611320495605,0.9990715980529785,0.0009283583494834602,4.065947578624218e-08,4.655003849052264e-08
146,data/dataset/Non_Demented/non_1149.jpg,non_1149.jpg,Non_Demented,0,Non_Demented,0,True,0.9993302822113037,0.00037253330810926855,0.9989577489031944,0.004347223604654422,0.9937257170677185,0.9993302822113037,0.00029708314104937017,0.00037253330810926855,1.9819927388198266e-07
147,data/dataset/Non_Demented/non_1119.jpg,non_1119.jpg,Non_Demented,0,Non_Demented,0,True,0.9995529055595398,0.00044688809430226684,0.9991060174652375,0.0028102519391947625,0.9961220622062683,0.9995529055595398,0.00044688809430226684,1.015034456486319e-07,1.491717327439801e-08
148,data/dataset/Non_Demented/non_2209.jpg,non_2209.jpg,Non_Demented,0,Non_Demented,0,True,0.9880717992782593,0.011439887806773186,0.9766319114714861,0.048201190596354936,0.957038164138794,0.9880717992782593,0.011439887806773186,0.00046361846034415066,2.4654462322359905e-05
149,data/dataset/Non_Demented/non_1222.jpg,non_1222.jpg,Non_Demented,0,Non_Demented,0,True,0.9971515536308289,0.002836900530382991,0.9943146531004459,0.014153907473960557,0.9851831793785095,0.9971515536308289,0.002836900530382991,8.158278433256783e-06,3.4134575344069162e-06
150,data/dataset/Non_Demented/non_234.jpg,non_234.jpg,Non_Demented,0,Non_Demented,0,True,0.9910435676574707,0.00895520206540823,0.9820883655920625,0.03690574361250551,0.9672554731369019,0.9910435676574707,0.00895520206540823,8.97989082204731e-07,3.4094389889105514e-07
151,data/dataset/Non_Demented/non_2344.jpg,non_2344.jpg,Non_Demented,0,Non_Demented,0,True,0.9994232654571533,0.0005765508976764977,0.9988467145594768,0.0035205893291859473,0.9953393936157227,0.9994232654571533,2.265280869551134e-07,0.0005765508976764977,2.0614988827105662e-08
152,data/dataset/Non_Demented/non_2426.jpg,non_2426.jpg,Non_Demented,0,Non_Demented,0,True,0.999976396560669,1.6716716345399618e-05,0.9999596798443235,0.00021013124540852126,0.999427080154419,0.999976396560669,1.6716716345399618e-05,6.614039648411563e-06,3.3184082326442876e-07
153,data/dataset/Non_Demented/non_2295.jpg,non_2295.jpg,Non_Demented,0,Non_Demented,0,True,0.9988681077957153,0.0010065087117254734,0.9978615990839899,0.0066713118288962165,0.9913575649261475,0.9988681077957153,0.0010065087117254734,0.00011123099830001593,1.4182762242853642e-05
154,data/dataset/Non_Demented/non_1778.jpg,non_1778.jpg,Non_Demented,0,Non_Demented,0,True,0.9999233484268188,7.162305701058358e-05,0.9998517253698083,0.0005939010625257319,0.9987971782684326,0.9999233484268188,7.162305701058358e-05,4.931797775498126e-06,1.8239934718167206e-07
155,data/dataset/Non_Demented/non_2687.jpg,non_2687.jpg,Non_Demented,0,Non_Demented,0,True,0.9985741376876831,0.0014223940670490265,0.9971517436206341,0.007785710364559432,0.9910157918930054,0.9985741376876831,0.0014223940670490265,3.1930514978739666e-06,2.3966435946931597e-07
156,data/dataset/Non_Demented/non_730.jpg,non_730.jpg,Non_Demented,0,Non_Demented,0,True,0.9990069270133972,0.0009456038824282587,0.998061323130969,0.005811991108558974,0.9925748109817505,0.9990069270133972,0.0009456038824282587,4.5942630094941705e-05,1.553776087348524e-06
157,data/dataset/Non_Demented/non_13.jpg,non_13.jpg,Non_Demented,0,Non_Demented,0,True,0.9957230091094971,0.002810673089697957,0.9929123360197991,0.022005665222716377,0.976344108581543,0.9957230091094971,0.0014327940298244357,0.002810673089697957,3.3539708965690807e-05
158,data/dataset/Non_Demented/non_337.jpg,non_337.jpg,Non_Demented,0,Non_Demented,0,True,0.9994367957115173,0.0002912394411396235,0.9991455562703777,0.0037701079396842254,0.9942331910133362,0.9994367957115173,0.0002565188624430448,0.0002912394411396235,1.5471496226382442e-05
159,data/dataset/Non_Demented/non_1979.jpg,non_1979.jpg,Non_Demented,0,Non_Demented,0,True,0.9978663325309753,0.0021011056378483772,0.995765226893127,0.011130036623117054,0.9876685738563538,0.9978663325309753,3.0454626539722085e-05,0.0021011056378483772,2.1023390672780806e-06
160,data/dataset/Non_Demented/non_311.jpg,non_311.jpg,Non_Demented,0,Non_Demented,0,True,0.736994206905365,0.2629995048046112,0.4739947021007538,0.415680476295888,0.6772401332855225,0.736994206905365,0.2629995048046112,3.692248583320179e-06,2.6443160550115863e-06
161,data/dataset/Non_Demented/non_203.jpg,non_203.jpg,Non_Demented,0,Non_Demented,0,True,0.9705782532691956,0.028493884950876236,0.9420843683183193,0.09879876595200089,0.9208257794380188,0.9705782532691956,0.028493884950876236,0.0009021646692417562,2.5699619072838686e-05
162,data/dataset/Non_Demented/non_1004.jpg,non_1004.jpg,Non_Demented,0,Non_Demented,0,True,0.9999884366989136,1.0831467079697177e-05,0.9999776052318339,0.00010540295390959066,0.9996902942657471,0.9999884366989136,1.0831467079697177e-05,6.771564926566498e-07,6.658413553850551e-08
163,data/dataset/Non_Demented/non_1587.jpg,non_1587.jpg,Non_Demented,0,Non_Demented,0,True,0.9796785116195679,0.02030273713171482,0.959375774487853,0.07173817724982362,0.941714882850647,0.9796785116195679,0.02030273713171482,7.441959041898372e-06,1.132758643507259e-05
164,data/dataset/Non_Demented/non_24.jpg,non_24.jpg,Non_Demented,0,Non_Demented,0,True,0.9983636736869812,0.0016291443025693297,0.9967345293844119,0.008788311443667832,0.9900087118148804,0.9983636736869812,0.0016291443025693297,5.391253125708317e-06,1.8303217075299472e-06
165,data/dataset/Non_Demented/non_1865.jpg,non_1865.jpg,Non_Demented,0,Non_Demented,0,True,0.9883376955986023,0.011660878546535969,0.9766768170520663,0.04582170850696903,0.9606103897094727,0.9883376955986023,0.011660878546535969,1.4081914514463278e-06,4.685232468659706e-08
166,data/dataset/Non_Demented/non_1263.jpg,non_1263.jpg,Non_Demented,0,Mild_Demented,2,False,0.5379317402839661,0.2627784311771393,0.2751533091068268,0.7258986113429388,0.47918620705604553,0.2627784311771393,0.19927698373794556,0.5379317402839661,1.2831751519115642e-05
167,data/dataset/Non_Demented/non_2397.jpg,non_2397.jpg,Non_Demented,0,Non_Demented,0,True,0.9977086782455444,0.0020858333446085453,0.9956228449009359,0.012200110661363759,0.9861624240875244,0.9977086782455444,0.00020494074851740152,0.0020858333446085453,6.110175263529527e-07
168,data/dataset/Non_Demented/non_1868.jpg,non_1868.jpg,Non_Demented,0,Non_Demented,0,True,0.9999964237213135,3.4859021980082616e-06,0.9999929378191155,3.574771296075213e-05,0.9998699426651001,0.9999964237213135,3.4859021980082616e-06,1.310413040300773e-07,5.095152744161169e-09
169,data/dataset/Non_Demented/non_2787.jpg,non_2787.jpg,Non_Demented,0,Non_Demented,0,True,0.9934519529342651,0.006545627024024725,0.9869063259102404,0.0284758312488984,0.9736886620521545,0.9934519529342651,0.006545627024024725,1.1395228511901223e-06,1.1747929420380387e-06
170,data/dataset/Non_Demented/non_1006.jpg,non_1006.jpg,Non_Demented,0,Non_Demented,0,True,0.9795845746994019,0.020412055775523186,0.9591725189238787,0.07190760703321268,0.9418151378631592,0.9795845746994019,0.020412055775523186,2.941157617897261e-06,3.9982631960810977e-07
171,data/dataset/Non_Demented/non_2422.jpg,non_2422.jpg,Non_Demented,0,Non_Demented,0,True,0.9992895126342773,0.0004138622898608446,0.9988756503444165,0.0045788331780171505,0.9934491515159607,0.9992895126342773,0.0004138622898608446,0.0002958527475129813,6.607677960346336e-07
172,data/dataset/Non_Demented/non_1086.jpg,non_1086.jpg,Non_Demented,0,Non_Demented,0,True,0.9999762773513794,1.3319302524905652e-05,0.9999629580488545,0.0002115162389949556,0.9994242191314697,0.9999762773513794,1.0302994269295596e-05,1.3319302524905652e-05,1.0351568846544978e-07
173,data/dataset/Non_Demented/non_1885.jpg,non_1885.jpg,Non_Demented,0,Non_Demented,0,True,0.9769369959831238,0.014825349673628807,0.962111646309495,0.09030840168661551,0.92412930727005,0.9769369959831238,0.008162025362253189,0.014825349673628807,7.568371802335605e-05
174,data/dataset/Non_Demented/non_1680.jpg,non_1680.jpg,Non_Demented,0,Non_Demented,0,True,0.9999892711639404,1.0404267413832713e-05,0.9999788668965266,9.744616355115774e-05,0.9997153878211975,0.9999892711639404,1.0404267413832713e-05,1.4778915158331074e-07,1.7101842786360066e-07
175,data/dataset/Non_Demented/non_306.jpg,non_306.jpg,Non_Demented,0,Non_Demented,0,True,0.9998012185096741,0.00017523526912555099,0.9996259832405485,0.0014185695040755675,0.9975512623786926,0.9998012185096741,2.3443692043656483e-05,0.00017523526912555099,1.383883727612556e-07
176,data/dataset/Non_Demented/non_3041.jpg,non_3041.jpg,Non_Demented,0,Non_Demented,0,True,0.9999674558639526,3.005356848007068e-05,0.9999374022954726,0.0002727315867081237,0.9993446469306946,0.9999674558639526,3.005356848007068e-05,2.365657564951107e-06,1.2341101296442503e-07
177,data/dataset/Non_Demented/non_3085.jpg,non_3085.jpg,Non_Demented,0,Mild_Demented,2,False,0.8261540532112122,0.17375914752483368,0.6523949056863785,0.3337658706161984,0.7535578012466431,0.17375914752483368,8.181667362805456e-05,0.8261540532112122,4.953728875989327e-06
178,data/dataset/Non_Demented/non_819.jpg,non_819.jpg,Non_Demented,0,Non_Demented,0,True,0.9999426603317261,5.630419764202088e-05,0.999886356134084,0.0004489559234508487,0.9990718364715576,0.9999426603317261,5.630419764202088e-05,7.901781486907566e-07,1.9565240449992416e-07
179,data/dataset/Non_Demented/non_37.jpg,non_37.jpg,Non_Demented,0,Non_Demented,0,True,0.951586902141571,0.030235985293984413,0.9213509168475866,0.1639638092815107,0.8743852376937866,0.951586902141571,0.017896907404065132,0.030235985293984413,0.00028011747053824365
180,data/dataset/Non_Demented/non_1228.jpg,non_1228.jpg,Non_Demented,0,Non_Demented,0,True,0.9995357990264893,0.0004409535904414952,0.9990948454360478,0.0029730845755858858,0.9956925511360168,0.9995357990264893,2.2886222723172978e-05,0.0004409535904414952,3.9900191950437147e-07
181,data/dataset/Non_Demented/non_56.jpg,non_56.jpg,Non_Demented,0,Non_Demented,0,True,0.9988480806350708,0.0011147487675771117,0.9977333318674937,0.006583415258160722,0.9918193817138672,0.9988480806350708,0.0011147487675771117,3.0358620279002935e-05,6.732575911883032e-06
182,data/dataset/Non_Demented/non_636.jpg,non_636.jpg,Non_Demented,0,Non_Demented,0,True,0.9999947547912598,5.105522177473176e-06,0.9999896492690823,4.966011115199762e-05,0.9998358488082886,0.9999947547912598,5.105522177473176e-06,7.3321565707829e-08,9.875075868137628e-09
183,data/dataset/Non_Demented/non_2891.jpg,non_2891.jpg,Non_Demented,0,Non_Demented,0,True,0.9926528930664062,0.007226935122162104,0.9854259579442441,0.03179843932332675,0.9702610373497009,0.9926528930664062,0.007226935122162104,1.7342386854579672e-05,0.00010273755469825119
184,data/dataset/Non_Demented/non_2859.jpg,non_2859.jpg,Non_Demented,0,Non_Demented,0,True,0.9999942779541016,3.805130518230726e-06,0.9999904728235833,5.622542078543214e-05,0.9997984766960144,0.9999942779541016,1.873364340099215e-06,3.805130518230726e-06,1.6108131495329303e-09
185,data/dataset/Non_Demented/non_252.jpg,non_252.jpg,Non_Demented,0,Non_Demented,0,True,0.999811589717865,0.0001882437791209668,0.999623345938744,0.0013025184160685291,0.9979065656661987,0.999811589717865,0.0001882437791209668,1.178991198003132e-07,4.0413848267917274e-08
186,data/dataset/Non_Demented/non_1076.jpg,non_1076.jpg,Non_Demented,0,Non_Demented,0,True,0.9963956475257874,0.002328544855117798,0.9940671026706696,0.01895259023978046,0.9791994690895081,0.9963956475257874,0.0012662422377616167,0.002328544855117798,9.626834980736021e-06
187,data/dataset/Non_Demented/non_1935.jpg,non_1935.jpg,Non_Demented,0,Non_Demented,0,True,0.9995256662368774,0.00034150760620832443,0.9991841586306691,0.0031663483999748924,0.9951773881912231,0.9995256662368774,0.00013226052396930754,0.00034150760620832443,5.647092962135503e-07
188,data/dataset/Non_Demented/non_2481.jpg,non_2481.jpg,Non_Demented,0,Non_Demented,0,True,0.9933324456214905,0.006664823275059462,0.986667622346431,0.028911057531967016,0.9733415842056274,0.9933324456214905,0.006664823275059462,2.0688196400442393e-06,7.08738980392809e-07
189,data/dataset/Non_Demented/non_1957.jpg,non_1957.jpg,Non_Demented,0,Very_Mild_Demented,1,False,0.8816754221916199,0.11830626428127289,0.763369157910347,0.2623960587066916,0.8090289831161499,0.11830626428127289,0.8816754221916199,1.8345311900702654e-06,1.6452089766971767e-05
190,data/dataset/Non_Demented/non_2262.jpg,non_2262.jpg,Non_Demented,0,Non_Demented,0,True,0.9845196008682251,0.014449463225901127,0.970070137642324,0.06041654859460925,0.9475635886192322,0.9845196008682251,0.014449463225901127,0.0010152383474633098,1.570321728650015e-05
191,data/dataset/Non_Demented/non_279.jpg,non_279.jpg,Non_Demented,0,Non_Demented,0,True,0.9999974966049194,2.539194383643917e-06,0.9999949574105358,2.6025447317266587e-05,0.999900221824646,0.9999974966049194,2.539194383643917e-06,4.9719321992824916e-08,1.2326426546138691e-09
192,data/dataset/Non_Demented/non_1829.jpg,non_1829.jpg,Non_Demented,0,Non_Demented,0,True,0.9928805828094482,0.00645323796197772,0.9864273448474705,0.03224773593701908,0.9686076045036316,0.9928805828094482,0.00645323796197772,0.0006098334561102092,5.6410681281704456e-05
193,data/dataset/Non_Demented/non_1056.jpg,non_1056.jpg,Non_Demented,0,Very_Mild_Demented,1,False,0.5186246633529663,0.4812025725841522,0.03742209076881409,0.5006881039600197,0.5124876499176025,0.4812025725841522,0.5186246633529663,0.00012168811372248456,5.104744923301041e-05
194,data/dataset/Non_Demented/non_2244.jpg,non_2244.jpg,Non_Demented,0,Non_Demented,0,True,0.9999526739120483,4.7236801037797704e-05,0.9999054371110105,0.00037541814056842076,0.9992164373397827,0.9999526739120483,1.552033950247278e-07,4.7236801037797704e-05,1.0174056264133924e-08
195,data/dataset/Non_Demented/non_1589.jpg,non_1589.jpg,Non_Demented,0,Non_Demented,0,True,0.999954342842102,2.9078439183649607e-05,0.9999252644029184,0.00038451621594364193,0.9990854263305664,0.999954342842102,2.9078439183649607e-05,1.6468442481709644e-05,1.4429258499149e-07
196,data/dataset/Non_Demented/non_503.jpg,non_503.jpg,Non_Demented,0,Non_Demented,0,True,0.9460191130638123,0.05383465439081192,0.8921844586730003,0.15226907501416512,0.8858228921890259,0.9460191130638123,0.05383465439081192,0.00014551618369296193,7.824804697520449e-07
197,data/dataset/Non_Demented/non_2204.jpg,non_2204.jpg,Non_Demented,0,Non_Demented,0,True,0.9979718327522278,0.0019728264305740595,0.9959990063216537,0.010717622898155268,0.9879471659660339,0.9979718327522278,0.0019728264305740595,5.4841853852849454e-05,4.2848731141020835e-07
198,data/dataset/Non_Demented/non_1227.jpg,non_1227.jpg,Non_Demented,0,Non_Demented,0,True,0.9999170303344727,8.283256465801969e-05,0.9998341977698146,0.0006238053857035401,0.9988300204277039,0.9999170303344727,8.283256465801969e-05,1.6937183033860492e-07,3.826060535061515e-08
199,data/dataset/Non_Demented/non_1733.jpg,non_1733.jpg,Non_Demented,0,Non_Demented,0,True,0.911953330039978,0.08804628998041153,0.8239070400595665,0.21496193223101612,0.8432362079620361,0.911953330039978,0.08804628998041153,8.249427452255986e-08,3.0842312526147e-07
200,data/dataset/Non_Demented/non_1396.jpg,non_1396.jpg,Non_Demented,0,Non_Demented,0,True,0.9834227561950684,0.016146868467330933,0.9672758877277374,0.062354271747422675,0.9470301866531372,0.9834227561950684,0.00042131563532166183,0.016146868467330933,9.071795830095652e-06
201,data/dataset/Non_Demented/non_1121.jpg,non_1121.jpg,Non_Demented,0,Non_Demented,0,True,0.9996134638786316,0.00036234629806131124,0.9992511175805703,0.0025357419317911752,0.9961947202682495,0.9996134638786316,0.00036234629806131124,2.4155280698323622e-05,7.245919420029168e-08
202,data/dataset/Non_Demented/non_645.jpg,non_645.jpg,Non_Demented,0,Non_Demented,0,True,0.9999861717224121,1.3690359082829673e-05,0.9999724813633293,0.00012186551660017927,0.9996728897094727,0.9999861717224121,1.3690359082829673e-05,7.117822065083601e-08,3.6555857008124804e-08
203,data/dataset/Non_Demented/non_1426.jpg,non_1426.jpg,Non_Demented,0,Non_Demented,0,True,0.9999881982803345,1.174019962491002e-05,0.9999764580807096,0.00010485367802020478,0.9997146725654602,0.9999881982803345,1.174019962491002e-05,9.13390252321733e-09,5.623715271241281e-09
204,data/dataset/Non_Demented/non_1195.jpg,non_1195.jpg,Non_Demented,0,Non_Demented,0,True,0.9829760193824768,0.01593678817152977,0.967039231210947,0.06511615726100203,0.9443265795707703,0.9829760193824768,0.0010861221235245466,0.01593678817152977,1.0628593827277655e-06
205,data/dataset/Non_Demented/non_17.jpg,non_17.jpg,Non_Demented,0,Non_Demented,0,True,0.9999179840087891,7.736367115285248e-05,0.9998406203376362,0.0006293197473986364,0.9987484216690063,0.9999179840087891,7.736367115285248e-05,4.494738732319092e-06,1.7113903538756858e-07
206,data/dataset/Non_Demented/non_2326.jpg,non_2326.jpg,Non_Demented,0,Non_Demented,0,True,0.999897837638855,8.635734411654994e-05,0.9998114802947384,0.0007837963194999994,0.9984486103057861,0.999897837638855,1.554634582134895e-05,8.635734411654994e-05,2.813579271787603e-07
207,data/dataset/Non_Demented/non_3162.jpg,non_3162.jpg,Non_Demented,0,Non_Demented,0,True,0.9992005228996277,0.0007633410859853029,0.9984371818136424,0.004799889331604864,0.9936538934707642,0.9992005228996277,0.0007633410859853029,3.477002974250354e-05,1.3953499546914827e-06
208,data/dataset/Non_Demented/non_3055.jpg,non_3055.jpg,Non_Demented,0,Non_Demented,0,True,0.9907613396644592,0.00923742912709713,0.9815239105373621,0.037860642347445295,0.9665348529815674,0.9907613396644592,0.00923742912709713,5.234570039647224e-07,6.995028911660484e-07
209,data/dataset/Non_Demented/non_420.jpg,non_420.jpg,Non_Demented,0,Non_Demented,0,True,0.9994533658027649,0.0003675829211715609,0.9990857828815933,0.0036201776970475777,0.9945461750030518,0.9994533658027649,0.0003675829211715609,0.00017484066484030336,4.23862184106838e-06
210,data/dataset/Non_Demented/non_622.jpg,non_622.jpg,Non_Demented,0,Non_Demented,0,True,0.9999793767929077,1.289702322537778e-05,0.9999664797696823,0.00018550167967845853,0.9994785189628601,0.9999793767929077,1.289702322537778e-05,7.474111043848097e-06,2.0178541149107332e-07
211,data/dataset/Non_Demented/non_84.jpg,non_84.jpg,Non_Demented,0,Non_Demented,0,True,0.9970922470092773,0.0022514951415359974,0.9948407518677413,0.01547001277137496,0.9826827049255371,0.9970922470092773,0.0006551620899699628,0.0022514951415359974,1.0335015758755617e-06
212,data/dataset/Non_Demented/non_2337.jpg,non_2337.jpg,Non_Demented,0,Non_Demented,0,True,0.9985448122024536,0.0014549919869750738,0.9970898202154785,0.007908711550287837,0.9909736514091492,0.9985448122024536,0.0014549919869750738,1.7577619360054086e-07,1.146592367717858e-07
213,data/dataset/Non_Demented/non_2869.jpg,non_2869.jpg,Non_Demented,0,Non_Demented,0,True,0.7304409742355347,0.26950985193252563,0.46093112230300903,0.42076243464189583,0.6716121435165405,0.7304409742355347,0.26950985193252563,4.7208955948008224e-05,1.9722015167644713e-06
214,data/dataset/Non_Demented/non_452.jpg,non_452.jpg,Non_Demented,0,Non_Demented,0,True,0.9999970197677612,1.8864822095565614e-06,0.9999951332855517,3.104088979850505e-05,0.9998692274093628,0.9999970197677612,1.8864822095565614e-06,1.042961571329215e-06,4.876823922472795e-08
215,data/dataset/Non_Demented/non_2791.jpg,non_2791.jpg,Non_Demented,0,Non_Demented,0,True,0.9968022108078003,0.003196211764588952,0.9936059990432113,0.015566875281401138,0.9841480255126953,0.9968022108078003,0.003196211764588952,2.7940183144892217e-07,1.380359776703699e-06
216,data/dataset/Non_Demented/non_1046.jpg,non_1046.jpg,Non_Demented,0,Non_Demented,0,True,0.999997615814209,2.0267330000933725e-06,0.9999955890812089,2.5117308275981934e-05,0.9998924732208252,0.999997615814209,2.0267330000933725e-06,3.269976502906502e-07,5.9123284046336266e-08
217,data/dataset/Non_Demented/non_2098.jpg,non_2098.jpg,Non_Demented,0,Non_Demented,0,True,0.9393222332000732,0.060594189912080765,0.8787280432879925,0.16554553372149594,0.8768633604049683,0.9393222332000732,0.060594189912080765,7.291209476534277e-05,1.07121577457292e-05
218,data/dataset/Non_Demented/non_3013.jpg,non_3013.jpg,Non_Demented,0,Non_Demented,0,True,0.9883586168289185,0.01158274244517088,0.9767758743837476,0.04601316819304205,0.9599842429161072,0.9883586168289185,0.01158274244517088,5.7475761423120275e-05,1.0614697885102942e-06
219,data/dataset/Non_Demented/non_1683.jpg,non_1683.jpg,Non_Demented,0,Non_Demented,0,True,0.938555896282196,0.06144390627741814,0.8771119900047779,0.16657841852691524,0.8767646551132202,0.938555896282196,0.06144390627741814,2.623159218728688e-07,2.3480847488599466e-08
220,data/dataset/Non_Demented/non_2726.jpg,non_2726.jpg,Non_Demented,0,Non_Demented,0,True,0.9978844523429871,0.002102245343849063,0.995782206999138,0.010982776478315774,0.9879629015922546,0.9978844523429871,0.002102245343849063,1.2384767615003511e-05,8.823690791359695e-07
221,data/dataset/Non_Demented/non_469.jpg,non_469.jpg,Non_Demented,0,Non_Demented,0,True,0.9995220899581909,0.00047789374366402626,0.9990441962145269,0.002980875859935032,0.9959385395050049,0.9995220899581909,0.00047789374366402626,2.3171107699226923e-08,7.147185510092413e-09
222,data/dataset/Non_Demented/non_835.jpg,non_835.jpg,Non_Demented,0,Non_Demented,0,True,0.9996203184127808,0.0003786564921028912,0.9992416619206779,0.002436269954532131,0.9965108036994934,0.9996203184127808,0.0003786564921028912,7.824050953786355e-07,2.2102447871930053e-07
223,data/dataset/Non_Demented/non_565.jpg,non_565.jpg,Non_Demented,0,Non_Demented,0,True,0.8663763999938965,0.06929107755422592,0.7970853224396706,0.3514214375711235,0.7585262656211853,0.8663763999938965,0.06929107755422592,0.06411980837583542,0.0002127121842931956
224,data/dataset/Non_Demented/non_519.jpg,non_519.jpg,Non_Demented,0,Non_Demented,0,True,0.9998804330825806,0.00011512218043208122,0.9997653109021485,0.0008783585615708869,0.9984002709388733,0.9998804330825806,4.356822500994895e-06,0.00011512218043208122,1.2164055540608842e-08
225,data/dataset/Non_Demented/non_2558.jpg,non_2558.jpg,Non_Demented,0,Non_Demented,0,True,0.999606192111969,0.0003937463043257594,0.9992124458076432,0.0025117080281403274,0.9964602589607239,0.999606192111969,0.0003937463043257594,6.28337062380524e-08,1.6791414481076572e-08
226,data/dataset/Non_Demented/non_473.jpg,non_473.jpg,Non_Demented,0,Non_Demented,0,True,0.9999701976776123,1.763919681252446e-05,0.9999525584807998,0.0002606371041295705,0.999323844909668,0.9999701976776123,1.763919681252446e-05,1.2081344721082132e-05,1.0204674794067614e-07
227,data/dataset/Non_Demented/non_2817.jpg,non_2817.jpg,Non_Demented,0,Non_Demented,0,True,0.999954104423523,4.502523006522097e-05,0.9999090791934577,0.00036777129477371013,0.9992040991783142,0.999954104423523,4.502523006522097e-05,7.43607415643055e-07,1.8208031349331577e-07
228,data/dataset/Non_Demented/non_2169.jpg,non_2169.jpg,Non_Demented,0,Non_Demented,0,True,0.9883054494857788,0.011694295331835747,0.9766111541539431,0.045916809538438325,0.9605743288993835,0.9883054494857788,0.011694295331835747,2.8481844083216856e-07,8.002623452796342e-09
229,data/dataset/Non_Demented/non_1554.jpg,non_1554.jpg,Non_Demented,0,Non_Demented,0,True,0.9992654919624329,0.0006874268874526024,0.9985780650749803,0.004481885348472771,0.9939479827880859,0.9992654919624329,0.0006874268874526024,4.647742389352061e-05,6.35311607766198e-07
230,data/dataset/Non_Demented/non_415.jpg,non_415.jpg,Non_Demented,0,Non_Demented,0,True,0.9999721050262451,2.770473474811297e-05,0.999944400291497,0.00023214716610450617,0.9994584918022156,0.9999721050262451,2.770473474811297e-05,1.6568371563607798e-07,3.56853213645536e-08
231,data/dataset/Non_Demented/non_2666.jpg,non_2666.jpg,Non_Demented,0,Non_Demented,0,True,0.9999721050262451,1.4438903235713951e-05,0.9999576661230094,0.00024617019730043726,0.9993442893028259,0.9999721050262451,1.4438903235713951e-05,1.3105149264447391e-05,3.429502442031662e-07
232,data/dataset/Non_Demented/non_276.jpg,non_276.jpg,Non_Demented,0,Non_Demented,0,True,0.8646624088287354,0.13533665239810944,0.7293257564306259,0.2859572519182692,0.7916129231452942,0.8646624088287354,0.13533665239810944,5.290561944093497e-07,3.7128205576664186e-07
233,data/dataset/Non_Demented/non_2130.jpg,non_2130.jpg,Non_Demented,0,Non_Demented,0,True,0.9998881816864014,0.0001117629071814008,0.99977641877922,0.0008144874968958665,0.9985675811767578,0.9998881816864014,0.0001117629071814008,1.3410177857053895e-08,6.303256139261748e-09
234,data/dataset/Non_Demented/non_2054.jpg,non_2054.jpg,Non_Demented,0,Non_Demented,0,True,0.9999992847442627,7.005802444837173e-07,0.9999985841640182,7.687411404711802e-06,0.999962568283081,0.9999992847442627,7.005802444837173e-07,2.9266827850094046e-10,3.27921773068951e-10
235,data/dataset/Non_Demented/non_2923.jpg,non_2923.jpg,Non_Demented,0,Non_Demented,0,True,0.9999661445617676,3.071199535042979e-05,0.9999354325664171,0.00028454101308142605,0.9993116855621338,0.9999661445617676,3.071199535042979e-05,2.8570966605911963e-06,3.358162814492971e-07
236,data/dataset/Non_Demented/non_2405.jpg,non_2405.jpg,Non_Demented,0,Non_Demented,0,True,0.9998846054077148,8.272843842860311e-05,0.9998018769692862,0.0008888042402614015,0.9982472658157349,0.9998846054077148,3.252030728617683e-05,8.272843842860311e-05,1.9827177766273962e-07
237,data/dataset/Non_Demented/non_1299.jpg,non_1299.jpg,Non_Demented,0,Non_Demented,0,True,0.9999444484710693,4.9817659601103514e-05,0.9998946308114682,0.00044718739091805047,0.9990204572677612,0.9999444484710693,4.9817659601103514e-05,5.624990080832504e-06,1.8281262725849956e-07
238,data/dataset/Non_Demented/non_36.jpg,non_36.jpg,Non_Demented,0,Non_Demented,0,True,0.9958160519599915,0.004183912184089422,0.991632139775902,0.019541199518743963,0.9808933734893799,0.9958160519599915,0.004183912184089422,1.4717315366397088e-08,7.140286584217392e-08
239,data/dataset/Non_Demented/non_1597.jpg,non_1597.jpg,Non_Demented,0,Non_Demented,0,True,0.9908229112625122,0.009159127250313759,0.9816637840121984,0.03774181845907262,0.9663913249969482,0.9908229112625122,0.009159127250313759,1.6061529095168225e-05,1.9214489839214366e-06
240,data/dataset/Non_Demented/non_1100.jpg,non_1100.jpg,Non_Demented,0,Non_Demented,0,True,0.9988454580307007,0.0011325549567118287,0.9977129030739889,0.006551591077871574,0.9919672608375549,0.9988454580307007,0.0011325549567118287,1.8155005818698555e-05,3.844046659651212e-06
241,data/dataset/Non_Demented/non_2482.jpg,non_2482.jpg,Non_Demented,0,Non_Demented,0,True,0.9929630160331726,0.005999032873660326,0.9869639831595123,0.03234378287306812,0.9685643315315247,0.9929630160331726,0.001037777285091579,0.005999032873660326,2.3695787376709632e-07
242,data/dataset/Non_Demented/non_2763.jpg,non_2763.jpg,Non_Demented,0,Mild_Demented,2,False,0.536788284778595,0.41681578755378723,0.11997249722480774,0.6068877778287686,0.498583048582077,0.41681578755378723,0.046380266547203064,0.536788284778595,1.564667036291212e-05
243,data/dataset/Non_Demented/non_822.jpg,non_822.jpg,Non_Demented,0,Non_Demented,0,True,0.9988898634910583,0.0011087539605796337,0.9977811095304787,0.006257465810920215,0.9925124645233154,0.9988898634910583,0.0011087539605796337,3.8294257365123485e-07,1.0907697287620977e-06
244,data/dataset/Non_Demented/non_2672.jpg,non_2672.jpg,Non_Demented,0,Non_Demented,0,True,0.9999510049819946,4.882861685473472e-05,0.9999021763651399,0.0003869797330558057,0.9991975426673889,0.9999510049819946,4.882861685473472e-05,1.6614856690466695e-07,8.004695573049503e-09
245,data/dataset/Non_Demented/non_820.jpg,non_820.jpg,Non_Demented,0,Non_Demented,0,True,0.999925971031189,7.33798005967401e-05,0.9998525912305922,0.0005647252723008339,0.9989001750946045,0.999925971031189,7.33798005967401e-05,5.022617983740929e-07,1.9403256601435714e-07
246,data/dataset/Non_Demented/non_1643.jpg,non_1643.jpg,Non_Demented,0,Non_Demented,0,True,0.7101181149482727,0.28973183035850525,0.42038628458976746,0.4352423849443019,0.6548702120780945,0.7101181149482727,0.28973183035850525,0.00013800698798149824,1.2134306416555773e-05
247,data/dataset/Non_Demented/non_1478.jpg,non_1478.jpg,Non_Demented,0,Non_Demented,0,True,0.999441921710968,0.00044915583566762507,0.9989927658753004,0.003623461826691104,0.9946711659431458,0.999441921710968,0.00044915583566762507,0.00010715474491007626,1.7811046291171806e-06
248,data/dataset/Non_Demented/non_2355.jpg,non_2355.jpg,Non_Demented,0,Non_Demented,0,True,0.9998607635498047,0.0001283919991692528,0.9997323715506354,0.001021652776366162,0.9981300234794617,0.9998607635498047,0.0001283919991692528,1.0114204997080378e-05,7.295301429621759e-07
249,data/dataset/Non_Demented/non_794.jpg,non_794.jpg,Non_Demented,0,Non_Demented,0,True,0.9977750182151794,0.0022228755988180637,0.9955521426163614,0.011419003082349758,0.9877248406410217,0.9977750182151794,0.0022228755988180637,1.5287539554265095e-06,5.313990527611168e-07
250,data/dataset/Non_Demented/non_1188.jpg,non_1188.jpg,Non_Demented,0,Non_Demented,0,True,0.9998730421066284,0.00012671427975874394,0.9997463278268697,0.000914119616203346,0.9984197616577148,0.9998730421066284,0.00012671427975874394,2.0076126361345814e-07,5.960522742043395e-09
251,data/dataset/Non_Demented/non_891.jpg,non_891.jpg,Non_Demented,0,Non_Demented,0,True,0.8599647879600525,0.1400182545185089,0.7199465334415436,0.2922958230006375,0.7866215705871582,0.8599647879600525,0.1400182545185089,6.2157832871889696e-06,1.0706407920224592e-05
252,data/dataset/Non_Demented/non_2205.jpg,non_2205.jpg,Non_Demented,0,Non_Demented,0,True,0.9977284073829651,0.0017251039389520884,0.996003303444013,0.01257195865036051,0.9851794838905334,0.9977284073829651,0.000528666190803051,0.0017251039389520884,1.779733065632172e-05
253,data/dataset/Non_Demented/non_2401.jpg,non_2401.jpg,Non_Demented,0,Non_Demented,0,True,0.8494595289230347,0.08972626179456711,0.7597332671284676,0.37971051984624515,0.7406948208808899,0.8494595289230347,0.06064049154520035,0.08972626179456711,0.00017384058446623385
254,data/dataset/Non_Demented/non_2192.jpg,non_2192.jpg,Non_Demented,0,Non_Demented,0,True,0.9981855750083923,0.0013622203841805458,0.9968233546242118,0.010315600015618855,0.9874935746192932,0.9981855750083923,0.0013622203841805458,0.00044959725346416235,2.6273439743818017e-06
255,data/dataset/Non_Demented/non_2218.jpg,non_2218.jpg,Non_Demented,0,Non_Demented,0,True,0.9999898672103882,8.57470240589464e-06,0.9999812925079823,9.451643321539653e-05,0.9997081160545349,0.9999898672103882,1.556992060613993e-06,8.57470240589464e-06,1.7431788235100498e-09
256,data/dataset/Non_Demented/non_637.jpg,non_637.jpg,Non_Demented,0,Very_Mild_Demented,1,False,0.9483904242515564,0.04959370195865631,0.8987967222929001,0.15325233207589484,0.8826364874839783,0.04959370195865631,0.9483904242515564,0.001787347486242652,0.00022851944959256798
257,data/dataset/Non_Demented/non_198.jpg,non_198.jpg,Non_Demented,0,Non_Demented,0,True,0.9992074370384216,0.0007852534181438386,0.9984221836202778,0.004687293768060889,0.9939672946929932,0.9992074370384216,0.0007852534181438386,4.001199613412609e-06,3.3142587199108675e-06
258,data/dataset/Non_Demented/non_1721.jpg,non_1721.jpg,Non_Demented,0,Non_Demented,0,True,0.7055822610855103,0.2936898469924927,0.4118924140930176,0.44094907026956887,0.6494707465171814,0.7055822610855103,0.2936898469924927,0.0006967034423723817,3.121306872344576e-05
259,data/dataset/Non_Demented/non_1464.jpg,non_1464.jpg,Non_Demented,0,Non_Demented,0,True,0.9964756369590759,0.003524364670738578,0.9929512722883373,0.016897142275222526,0.9830874800682068,0.9964756369590759,0.003524364670738578,2.3522877867776515e-08,2.4082482674714356e-09
260,data/dataset/Non_Demented/non_722.jpg,non_722.jpg,Non_Demented,0,Non_Demented,0,True,0.9997944235801697,0.00019177522335667163,0.999602648356813,0.001445910882671182,0.9975501894950867,0.9997944235801697,0.00019177522335667163,1.300251460634172e-05,7.960805987750064e-07
261,data/dataset/Non_Demented/non_738.jpg,non_738.jpg,Non_Demented,0,Very_Mild_Demented,1,False,0.9221262335777283,0.06609014421701431,0.856036089360714,0.2225961346136594,0.8358877301216125,0.06609014421701431,0.9221262335777283,0.011323453858494759,0.00046012745588086545
262,data/dataset/Non_Demented/non_1147.jpg,non_1147.jpg,Non_Demented,0,Non_Demented,0,True,0.9996541738510132,0.00031930257682688534,0.9993348712741863,0.0023058562157804545,0.9964466691017151,0.9996541738510132,0.00031930257682688534,2.6388150217826478e-05,1.5596647529037e-07
263,data/dataset/Non_Demented/non_2722.jpg,non_2722.jpg,Non_Demented,0,Non_Demented,0,True,0.9999164342880249,8.151861402438954e-05,0.9998349156740005,0.0006335234971640375,0.9987756609916687,0.9999164342880249,1.988028543564724e-06,8.151861402438954e-05,6.764057758346098e-08
264,data/dataset/Non_Demented/non_1873.jpg,non_1873.jpg,Non_Demented,0,Mild_Demented,2,False,0.6264723539352417,0.36761733889579773,0.25885501503944397,0.49861545504314664,0.5826055407524109,0.36761733889579773,0.005903695710003376,0.6264723539352417,6.665427008556435e-06
265,data/dataset/Non_Demented/non_2296.jpg,non_2296.jpg,Non_Demented,0,Non_Demented,0,True,0.9974133372306824,0.0023840568028390408,0.9950292804278433,0.013506382044546404,0.9849570393562317,0.9974133372306824,0.0023840568028390408,0.00019861673354171216,4.048139089718461e-06
266,data/dataset/Non_Demented/non_1458.jpg,non_1458.jpg,Non_Demented,0,Non_Demented,0,True,0.9992044568061829,0.0007944212993606925,0.9984100355068222,0.004675138423946099,0.9941008687019348,0.9992044568061829,0.0007944212993606925,7.750792292426922e-07,2.9877605811634567e-07
267,data/dataset/Non_Demented/non_1109.jpg,non_1109.jpg,Non_Demented,0,Very_Mild_Demented,1,False,0.6015990376472473,0.38622018694877625,0.21537885069847107,0.5277021498573073,0.5569713711738586,0.38622018694877625,0.6015990376472473,0.01059107668697834,0.0015896882396191359
268,data/dataset/Non_Demented/non_3140.jpg,non_3140.jpg,Non_Demented,0,Non_Demented,0,True,0.9997757077217102,0.00022405970958061516,0.9995516480121296,0.0015232553772461207,0.9976223111152649,0.9997757077217102,0.00022405970958061516,2.584580158782046e-07,3.40295507328392e-08
269,data/dataset/Non_Demented/non_1232.jpg,non_1232.jpg,Non_Demented,0,Non_Demented,0,True,0.999607503414154,0.0003919492883142084,0.9992155541258398,0.0025062354864452945,0.9964485168457031,0.999607503414154,0.0003919492883142084,4.420970469709573e-07,5.336765696029033e-08
270,data/dataset/Non_Demented/non_2272.jpg,non_2272.jpg,Non_Demented,0,Non_Demented,0,True,0.9950005412101746,0.004994905088096857,0.9900056361220777,0.022733889480204522,0.9781818985939026,0.9950005412101746,0.004994905088096857,2.5409631234651897e-06,2.021110276473337e-06
271,data/dataset/Non_Demented/non_1704.jpg,non_1704.jpg,Non_Demented,0,Non_Demented,0,True,0.8927560448646545,0.1067892387509346,0.7859668061137199,0.24792670683514495,0.8187726736068726,0.8927560448646545,0.1067892387509346,0.00044482984230853617,9.861745638772845e-06
272,data/dataset/Non_Demented/non_3190.jpg,non_3190.jpg,Non_Demented,0,Non_Demented,0,True,0.9969862103462219,0.0029945988208055496,0.9939916115254164,0.014882045740123273,0.9844708442687988,0.9969862103462219,0.0029945988208055496,6.190259227878414e-06,1.297165817959467e-05
273,data/dataset/Non_Demented/non_914.jpg,non_914.jpg,Non_Demented,0,Non_Demented,0,True,0.999439537525177,0.0005354912136681378,0.9989040463115089,0.0035066909812130967,0.995092511177063,0.999439537525177,0.0005354912136681378,2.4462531655444764e-05,5.370761186895834e-07
274,data/dataset/Non_Demented/non_1879.jpg,non_1879.jpg,Non_Demented,0,Non_Demented,0,True,0.9990901947021484,0.000880360952578485,0.99820983374957,0.005347362174361503,0.9931463003158569,0.9990901947021484,2.8687099984381348e-05,0.000880360952578485,7.128484753593511e-07
275,data/dataset/Non_Demented/non_2598.jpg,non_2598.jpg,Non_Demented,0,Non_Demented,0,True,0.9645451903343201,0.035448599606752396,0.9290965907275677,0.11057098915247582,0.9149425029754639,0.9645451903343201,0.035448599606752396,1.5072525911818957e-06,4.760301180795068e-06
276,data/dataset/Non_Demented/non_3033.jpg,non_3033.jpg,Non_Demented,0,Non_Demented,0,True,0.9994334578514099,0.0005663866177201271,0.9988670712336898,0.0034651924409092997,0.9954010248184204,0.9994334578514099,0.0005663866177201271,3.796274583578452e-08,1.4665961600712762e-07
277,data/dataset/Non_Demented/non_2761.jpg,non_2761.jpg,Non_Demented,0,Non_Demented,0,True,0.9990344047546387,0.0009626980754546821,0.998071706679184,0.005547159659965222,0.9931851029396057,0.9990344047546387,0.0009626980754546821,2.664149633346824e-06,2.63482576201568e-07
278,data/dataset/Non_Demented/non_1404.jpg,non_1404.jpg,Non_Demented,0,Non_Demented,0,True,0.9985697269439697,0.0012589027173817158,0.997310824226588,0.008183395387812169,0.9898549318313599,0.9985697269439697,0.0001660190464463085,0.0012589027173817158,5.272040198178729e-06
279,data/dataset/Non_Demented/non_1823.jpg,non_1823.jpg,Non_Demented,0,Non_Demented,0,True,0.9998831748962402,0.0001009312181849964,0.9997822436780552,0.0008832593113373432,0.9982925057411194,0.9998831748962402,0.0001009312181849964,1.5045930013002362e-05,8.504863444613875e-07
280,data/dataset/Non_Demented/non_1681.jpg,non_1681.jpg,Non_Demented,0,Non_Demented,0,True,0.8083444237709045,0.19164003431797028,0.6167043894529343,0.3525811595815541,0.7378413677215576,0.8083444237709045,0.19164003431797028,1.4044773706700653e-05,1.4745246517122723e-06
281,data/dataset/Non_Demented/non_317.jpg,non_317.jpg,Non_Demented,0,Non_Demented,0,True,0.9991976618766785,0.0007991042220965028,0.998398557654582,0.00471974709582087,0.9940152764320374,0.9991976618766785,0.0007991042220965028,3.050478426303016e-06,1.9234346382290823e-07
282,data/dataset/Non_Demented/non_594.jpg,non_594.jpg,Non_Demented,0,Very_Mild_Demented,1,False,0.8270354866981506,0.10686919093132019,0.7201662957668304,0.4258811542795256,0.711392343044281,0.10686919093132019,0.8270354866981506,0.062201716005802155,0.0038936096243560314
283,data/dataset/Non_Demented/non_1479.jpg,non_1479.jpg,Non_Demented,0,Non_Demented,0,True,0.999966025352478,2.0676121494034305e-05,0.999945349230984,0.00029372911062545824,0.9992583394050598,0.999966025352478,1.321633408224443e-05,2.0676121494034305e-05,1.0745315393023702e-07
284,data/dataset/Non_Demented/non_1529.jpg,non_1529.jpg,Non_Demented,0,Non_Demented,0,True,0.992028534412384,0.007969132624566555,0.9840594017878175,0.033527800120162043,0.9697971940040588,0.992028534412384,2.122732666975935e-06,0.007969132624566555,2.4856683467078255e-07
285,data/dataset/Non_Demented/non_246.jpg,non_246.jpg,Non_Demented,0,Non_Demented,0,True,0.9996800422668457,0.00024128719815053046,0.9994387550686952,0.0022185523469735687,0.9963880777359009,0.9996800422668457,0.00024128719815053046,7.811902469256893e-05,4.855936026615382e-07
286,data/dataset/Non_Demented/non_2373.jpg,non_2373.jpg,Non_Demented,0,Non_Demented,0,True,0.974702000617981,0.02511921338737011,0.9495827872306108,0.08588643213775153,0.9311813712120056,0.974702000617981,0.00017845242109615356,0.02511921338737011,4.1445213128099567e-07
287,data/dataset/Non_Demented/non_1073.jpg,non_1073.jpg,Non_Demented,0,Non_Demented,0,True,0.9999377727508545,5.2079714805586264e-05,0.9998856930360489,0.0005002499170224888,0.9989100694656372,0.9999377727508545,9.969444363377988e-06,5.2079714805586264e-05,1.811306731269724e-07
288,data/dataset/Non_Demented/non_296.jpg,non_296.jpg,Non_Demented,0,Non_Demented,0,True,0.9990994930267334,0.0005438638618215919,0.9985556291649118,0.005668332522317365,0.992128849029541,0.9990994930267334,0.0005438638618215919,0.0003487623471301049,7.937286682135891e-06
289,data/dataset/Non_Demented/non_2439.jpg,non_2439.jpg,Non_Demented,0,Non_Demented,0,True,0.9999628067016602,3.1870360544417053e-05,0.9999309363411157,0.00031139083872448904,0.999257504940033,0.9999628067016602,3.1870360544417053e-05,5.250634330877801e-06,3.95111321438435e-08
290,data/dataset/Non_Demented/non_784.jpg,non_784.jpg,Non_Demented,0,Non_Demented,0,True,0.9412725567817688,0.05872252956032753,0.8825500272214413,0.16122425464025428,0.8803395628929138,0.9412725567817688,0.05872252956032753,9.832375553742168e-07,3.8572998164454475e-06
291,data/dataset/Non_Demented/non_1031.jpg,non_1031.jpg,Non_Demented,0,Non_Demented,0,True,0.9997865557670593,0.00021125309285707772,0.9995753026742022,0.0014653335014957706,0.9976456761360168,0.9997865557670593,0.00021125309285707772,2.0456709535210393e-06,2.2504174523874099e-07
292,data/dataset/Non_Demented/non_615.jpg,non_615.jpg,Non_Demented,0,Non_Demented,0,True,0.9995792508125305,0.0003478065482340753,0.9992314442642964,0.002807199918949178,0.9956822395324707,0.9995792508125305,0.0003478065482340753,7.16926297172904e-05,1.2419585573297809e-06
293,data/dataset/Non_Demented/non_703.jpg,non_703.jpg,Non_Demented,0,Non_Demented,0,True,0.9999672174453735,3.282553007011302e-05,0.9999343919153034,0.00026830815597853465,0.9994051456451416,0.9999672174453735,3.282553007011302e-05,8.211364921351105e-09,6.270322039370058e-09
294,data/dataset/Non_Demented/non_2792.jpg,non_2792.jpg,Non_Demented,0,Non_Demented,0,True,0.9874964952468872,0.01249505952000618,0.975001435726881,0.048537524167948515,0.9584763646125793,0.9874964952468872,0.01249505952000618,3.847548669000389e-06,4.52605536338524e-06
295,data/dataset/Non_Demented/non_2621.jpg,non_2621.jpg,Non_Demented,0,Very_Mild_Demented,1,False,0.4594513773918152,0.3176569640636444,0.14179441332817078,0.7619892566178246,0.42347878217697144,0.22287698090076447,0.4594513773918152,0.3176569640636444,1.471042833145475e-05
296,data/dataset/Non_Demented/non_1685.jpg,non_1685.jpg,Non_Demented,0,Non_Demented,0,True,0.9471853971481323,0.0527646504342556,0.8944207467138767,0.14942210645852924,0.8880310654640198,0.9471853971481323,0.0527646504342556,4.029327828902751e-05,9.659068382461555e-06
297,data/dataset/Non_Demented/non_2713.jpg,non_2713.jpg,Non_Demented,0,Non_Demented,0,True,0.9999310970306396,3.876581831718795e-05,0.9998923312123225,0.000560348574161677,0.9987723231315613,0.9999310970306396,3.0110857551335357e-05,3.876581831718795e-05,3.8207399910561435e-08
298,data/dataset/Non_Demented/non_588.jpg,non_588.jpg,Non_Demented,0,Very_Mild_Demented,1,False,0.934805691242218,0.06038672849535942,0.8744189627468586,0.18697306717080683,0.8594120144844055,0.004547045566141605,0.934805691242218,0.06038672849535942,0.00026053539477288723
299,data/dataset/Non_Demented/non_971.jpg,non_971.jpg,Non_Demented,0,Non_Demented,0,True,0.9999973773956299,1.4490440207737265e-06,0.9999959283516091,2.754924257559786e-05,0.9998810291290283,0.9999973773956299,1.4490440207737265e-06,1.1426874380049412e-06,2.5905320555352773e-08
300,data/dataset/Non_Demented/non_3154.jpg,non_3154.jpg,Non_Demented,0,Non_Demented,0,True,0.9098289012908936,0.09016501903533936,0.8196638822555542,0.21856808595213884,0.8406090140342712,0.9098289012908936,0.09016501903533936,6.394294018718938e-07,5.4086599448055495e-06
301,data/dataset/Non_Demented/non_482.jpg,non_482.jpg,Non_Demented,0,Non_Demented,0,True,0.9999325275421143,4.500987779465504e-05,0.9998875176643196,0.00054749484444342,0.9987926483154297,0.9999325275421143,2.205480996053666e-05,4.500987779465504e-05,3.0389634275707067e-07
302,data/dataset/Non_Demented/non_1784.jpg,non_1784.jpg,Non_Demented,0,Non_Demented,0,True,0.9235587120056152,0.07634652405977249,0.8472121879458427,0.19528565511977847,0.8564566373825073,0.9235587120056152,0.07634652405977249,9.422880248166621e-05,5.804520242236322e-07
303,data/dataset/Non_Demented/non_3007.jpg,non_3007.jpg,Non_Demented,0,Non_Demented,0,True,0.9999368190765381,3.858969284920022e-05,0.9998982293836889,0.0005197750704255458,0.9988179802894592,0.9999368190765381,3.858969284920022e-05,2.3365017113974318e-05,1.1749222039725282e-06
304,data/dataset/Non_Demented/non_2573.jpg,non_2573.jpg,Non_Demented,0,Non_Demented,0,True,0.9997432827949524,0.00016621653048787266,0.9995770662644645,0.0018375331815773904,0.9968576431274414,0.9997432827949524,0.00016621653048787266,9.007051266962662e-05,3.5164001133125566e-07
305,data/dataset/Non_Demented/non_1521.jpg,non_1521.jpg,Non_Demented,0,Non_Demented,0,True,0.9985697269439697,0.0013921712525188923,0.9971775556914508,0.007918861885724892,0.9905931353569031,0.9985697269439697,0.0013921712525188923,3.713670957949944e-05,9.861681746770046e-07
306,data/dataset/Non_Demented/non_2268.jpg,non_2268.jpg,Non_Demented,0,Non_Demented,0,True,0.9976205229759216,0.002379144774749875,0.9952413782011718,0.012086479842878457,0.9871841073036194,0.9976205229759216,0.002379144774749875,1.770181938809401e-07,2.3407328342273104e-07
307,data/dataset/Non_Demented/non_2421.jpg,non_2421.jpg,Non_Demented,0,Non_Demented,0,True,0.9960242509841919,0.0026558302342891693,0.9933684207499027,0.020546830448459362,0.9779158234596252,0.9960242509841919,0.0026558302342891693,0.0013182058464735746,1.7125142903751112e-06
308,data/dataset/Non_Demented/non_209.jpg,non_209.jpg,Non_Demented,0,Non_Demented,0,True,0.9880004525184631,0.011409008875489235,0.9765914436429739,0.04864872707510484,0.9565779566764832,0.9880004525184631,0.011409008875489235,0.0005706528900191188,1.9921748389606364e-05
309,data/dataset/Non_Demented/non_2730.jpg,non_2730.jpg,Non_Demented,0,Non_Demented,0,True,0.9984337687492371,0.0015661518555134535,0.9968676168937236,0.008426605728421377,0.990505039691925,0.9984337687492371,0.0015661518555134535,2.9652797550738796e-08,1.4067714104726292e-08
310,data/dataset/Non_Demented/non_1811.jpg,non_1811.jpg,Non_Demented,0,Non_Demented,0,True,0.9998544454574585,0.0001023606164380908,0.9997520848410204,0.0010967237073232004,0.9979325532913208,0.9998544454574585,4.3090727558592334e-05,0.0001023606164380908,7.908732158057319e-08
311,data/dataset/Non_Demented/non_2492.jpg,non_2492.jpg,Non_Demented,0,Non_Demented,0,True,0.9580329060554504,0.04124723747372627,0.9167856685817242,0.12830508768535112,0.901008129119873,0.9580329060554504,0.04124723747372627,0.0007024107035249472,1.7457925423514098e-05
312,data/dataset/Non_Demented/non_2357.jpg,non_2357.jpg,Non_Demented,0,Non_Demented,0,True,0.9099793434143066,0.08379125595092773,0.8261880874633789,0.23480821419263165,0.827819287776947,0.9099793434143066,0.08379125595092773,0.0061814445070922375,4.8021640395745635e-05
313,data/dataset/Non_Demented/non_1798.jpg,non_1798.jpg,Non_Demented,0,Non_Demented,0,True,0.9959656000137329,0.003971772268414497,0.9919938277453184,0.0192117116628234,0.9804902672767639,0.9959656000137329,0.003971772268414497,3.511987597448751e-05,2.7470536224427633e-05
314,data/dataset/Non_Demented/non_336.jpg,non_336.jpg,Non_Demented,0,Non_Demented,0,True,0.9999918937683105,8.060559594014194e-06,0.9999838332087165,7.410739143750723e-05,0.9997832179069519,0.9999918937683105,8.060559594014194e-06,1.626514589680994e-09,2.901694662327259e-09
315,data/dataset/Non_Demented/non_3200.jpg,non_3200.jpg,Non_Demented,0,Non_Demented,0,True,0.9999028444290161,9.321842662757263e-05,0.9998096260023885,0.0007293113255620819,0.9986094236373901,0.9999028444290161,9.321842662757263e-05,3.6631786315410864e-06,1.8837616266864643e-07
316,data/dataset/Non_Demented/non_421.jpg,non_421.jpg,Non_Demented,0,Non_Demented,0,True,0.9788867235183716,0.013005420565605164,0.9658813029527664,0.08407945342079871,0.9287444949150085,0.9788867235183716,0.008085115812718868,0.013005420565605164,2.2786085537518375e-05
317,data/dataset/Non_Demented/non_826.jpg,non_826.jpg,Non_Demented,0,Non_Demented,0,True,0.9966939687728882,0.0033057662658393383,0.9933882025070488,0.016005656768330555,0.9838185906410217,0.9966939687728882,0.0033057662658393383,5.6569060546962646e-08,2.7979012884316035e-07
318,data/dataset/Non_Demented/non_1519.jpg,non_1519.jpg,Non_Demented,0,Non_Demented,0,True,0.9998965263366699,0.00010255107190459967,0.9997939752647653,0.0007627544772994652,0.9986107349395752,0.9998965263366699,0.00010255107190459967,7.964353017086978e-07,4.7598778252222473e-08
319,data/dataset/Non_Demented/non_2470.jpg,non_2470.jpg,Non_Demented,0,Non_Demented,0,True,0.999591052532196,0.00036151634412817657,0.9992295361880679,0.002705829078554728,0.99587482213974,0.999591052532196,4.629717659554444e-05,0.00036151634412817657,1.097110498449183e-06
320,data/dataset/Non_Demented/non_782.jpg,non_782.jpg,Non_Demented,0,Non_Demented,0,True,0.9845646619796753,0.014567465521395206,0.9699971964582801,0.05993499717219339,0.9481424689292908,0.9845646619796753,0.014567465521395206,0.0008591256337240338,8.718745448277332e-06
321,data/dataset/Non_Demented/non_2990.jpg,non_2990.jpg,Non_Demented,0,Non_Demented,0,True,0.999980092048645,1.6249405234702863e-05,0.9999638426434103,0.00017676184550859903,0.9995146989822388,0.999980092048645,1.6249405234702863e-05,3.523909299474326e-06,1.0588502874497863e-07
322,data/dataset/Non_Demented/non_2429.jpg,non_2429.jpg,Non_Demented,0,Non_Demented,0,True,0.9942560791969299,0.005631734617054462,0.9886243445798755,0.025916941695144465,0.9749923348426819,0.9942560791969299,0.005631734617054462,0.00010988902067765594,2.370923994021723e-06
323,data/dataset/Non_Demented/non_761.jpg,non_761.jpg,Non_Demented,0,Non_Demented,0,True,0.714744508266449,0.28513336181640625,0.4296111464500427,0.4320578681896007,0.6586436033248901,0.714744508266449,0.28513336181640625,0.00010949724673992023,1.2703809261438437e-05
324,data/dataset/Non_Demented/non_2181.jpg,non_2181.jpg,Non_Demented,0,Non_Demented,0,True,0.9981305003166199,0.001868866616860032,0.9962616336997598,0.009823959392223858,0.9891949892044067,0.9981305003166199,0.001868866616860032,6.379401042977406e-07,6.259022455878949e-08
325,data/dataset/Non_Demented/non_3044.jpg,non_3044.jpg,Non_Demented,0,Non_Demented,0,True,0.9999985694885254,1.1227136837987928e-06,0.9999974467748416,1.5462198425143248e-05,0.9999263286590576,0.9999985694885254,1.1227136837987928e-06,2.993850216626015e-07,6.723230416838533e-09
326,data/dataset/Non_Demented/non_345.jpg,non_345.jpg,Non_Demented,0,Non_Demented,0,True,0.9999806880950928,1.088898989110021e-05,0.9999697991052017,0.00017640001433335238,0.9994922876358032,0.9999806880950928,1.088898989110021e-05,8.147429980454035e-06,3.587352068734617e-07
327,data/dataset/Non_Demented/non_1850.jpg,non_1850.jpg,Non_Demented,0,Non_Demented,0,True,0.9999890327453613,1.0535363799135666e-05,0.9999784973815622,0.0001004089908899811,0.9997075200080872,0.9999890327453613,1.0535363799135666e-05,4.999603220312565e-07,1.276421812690387e-08
328,data/dataset/Non_Demented/non_1973.jpg,non_1973.jpg,Non_Demented,0,Non_Demented,0,True,0.9123230576515198,0.08713304251432419,0.8251900151371956,0.2167261302635668,0.8408553004264832,0.9123230576515198,0.0005424092523753643,0.08713304251432419,1.4401624639504007e-06
329,data/dataset/Non_Demented/non_1690.jpg,non_1690.jpg,Non_Demented,0,Non_Demented,0,True,0.992679238319397,0.007318677846342325,0.9853605604730546,0.031241992143689053,0.9715585112571716,0.992679238319397,2.0117352050874615e-06,0.007318677846342325,1.2552115435937594e-07
330,data/dataset/Non_Demented/non_2157.jpg,non_2157.jpg,Non_Demented,0,Non_Demented,0,True,0.8639236688613892,0.13605721294879913,0.72786645591259,0.2870804276153915,0.7905795574188232,0.8639236688613892,0.13605721294879913,8.919320862332825e-06,1.0162546459469013e-05
331,data/dataset/Non_Demented/non_2856.jpg,non_2856.jpg,Non_Demented,0,Non_Demented,0,True,0.5485404133796692,0.44138607382774353,0.10715433955192566,0.5317075398045766,0.5228084325790405,0.5485404133796692,0.44138607382774353,0.010004984214901924,6.851544458186254e-05
332,data/dataset/Non_Demented/non_1541.jpg,non_1541.jpg,Non_Demented,0,Non_Demented,0,True,0.9956782460212708,0.004282923880964518,0.9913953221403062,0.020248061649934708,0.979889452457428,0.9956782460212708,0.004282923880964518,3.714695412782021e-05,1.7466397821408464e-06
333,data/dataset/Non_Demented/non_713.jpg,non_713.jpg,Non_Demented,0,Very_Mild_Demented,1,False,0.9139969944953918,0.08582641929388046,0.8281705752015114,0.2124512864980581,0.8441843390464783,0.08582641929388046,0.9139969944953918,0.00015819101827219129,1.8441802239976823e-05
334,data/dataset/Non_Demented/non_666.jpg,non_666.jpg,Non_Demented,0,Non_Demented,0,True,0.9999200105667114,7.985387492226437e-05,0.9998401566917892,0.0006027642572981877,0.9988648891448975,0.9999200105667114,7.985387492226437e-05,2.4011729493622624e-08,1.0949514717140119e-07
335,data/dataset/Non_Demented/non_355.jpg,non_355.jpg,Non_Demented,0,Non_Demented,0,True,0.9997029900550842,0.0002929937618318945,0.9994099962932523,0.001969609811174958,0.9970058798789978,0.9997029900550842,0.0002929937618318945,3.7548807085840963e-06,1.9245726434746757e-07
336,data/dataset/Non_Demented/non_930.jpg,non_930.jpg,Non_Demented,0,Non_Demented,0,True,0.9854851365089417,0.011813635937869549,0.9736715005710721,0.05977897666111378,0.9470545053482056,0.9854851365089417,0.0026935446076095104,0.011813635937869549,7.637241651536897e-06
337,data/dataset/Non_Demented/non_882.jpg,non_882.jpg,Non_Demented,0,Non_Demented,0,True,0.9825893640518188,0.01740630902349949,0.9651830550283194,0.06335340495761016,0.9478502869606018,0.9825893640518188,0.01740630902349949,2.4805995053611696e-06,1.869878019533644e-06
338,data/dataset/Non_Demented/non_1398.jpg,non_1398.jpg,Non_Demented,0,Non_Demented,0,True,0.930372416973114,0.0694582462310791,0.8609141707420349,0.18316827348793757,0.8644782900810242,0.930372416973114,0.0694582462310791,0.00014882016694173217,2.0485103959799744e-05
339,data/dataset/Non_Demented/non_1631.jpg,non_1631.jpg,Non_Demented,0,Non_Demented,0,True,0.9979372024536133,0.001955061685293913,0.9959821407683194,0.011001439283163307,0.9874547719955444,0.9979372024536133,0.001955061685293913,0.00010556210327195004,2.2819338028057246e-06
340,data/dataset/Non_Demented/non_1497.jpg,non_1497.jpg,Non_Demented,0,Non_Demented,0,True,0.999092698097229,0.0008899547392502427,0.9982027433579788,0.005301270823930271,0.9932823181152344,0.999092698097229,0.0008899547392502427,1.7001189917209558e-05,2.765200690646452e-07
341,data/dataset/Non_Demented/non_3102.jpg,non_3102.jpg,Non_Demented,0,Non_Demented,0,True,0.9999860525131226,1.0714965355873574e-05,0.9999753375477667,0.00012819850689591264,0.999620795249939,0.9999860525131226,1.0714965355873574e-05,3.2210100471274927e-06,2.396627785117289e-08
342,data/dataset/Non_Demented/non_1504.jpg,non_1504.jpg,Non_Demented,0,Non_Demented,0,True,0.999550998210907,0.0003787298919633031,0.9991722683189437,0.002964872739910802,0.995508074760437,0.999550998210907,0.0003787298919633031,6.895667320350185e-05,1.2226622629896156e-06
343,data/dataset/Non_Demented/non_1512.jpg,non_1512.jpg,Non_Demented,0,Non_Demented,0,True,0.8871426582336426,0.10945608466863632,0.7776865735650063,0.26531537821376233,0.806256115436554,0.8871426582336426,0.10945608466863632,0.003386290743947029,1.501880706200609e-05
344,data/dataset/Non_Demented/non_2745.jpg,non_2745.jpg,Non_Demented,0,Non_Demented,0,True,0.9999641180038452,3.3382220863131806e-05,0.9999307357829821,0.00029852480653633386,0.9992947578430176,0.9999641180038452,3.3382220863131806e-05,2.2855635961605003e-06,2.773988683202333e-07
345,data/dataset/Non_Demented/non_1279.jpg,non_1279.jpg,Non_Demented,0,Non_Demented,0,True,0.9988419413566589,0.0011501605622470379,0.9976917807944119,0.006520709443126021,0.9921358823776245,0.9988419413566589,0.0011501605622470379,4.473011813388439e-06,3.417969082875061e-06
346,data/dataset/Non_Demented/non_757.jpg,non_757.jpg,Non_Demented,0,Non_Demented,0,True,0.7101356983184814,0.28900349140167236,0.4211322069168091,0.4387793371462837,0.6524407267570496,0.7101356983184814,0.28900349140167236,0.0007233925862237811,0.00013746475451625884
347,data/dataset/Non_Demented/non_3198.jpg,non_3198.jpg,Non_Demented,0,Non_Demented,0,True,0.9979871511459351,0.001075906096957624,0.9969112450489774,0.011642823722688645,0.985623836517334,0.9979871511459351,0.0008689051028341055,0.001075906096957624,6.792653584852815e-05
348,data/dataset/Non_Demented/non_2886.jpg,non_2886.jpg,Non_Demented,0,Non_Demented,0,True,0.9966365098953247,0.003293992020189762,0.993342517875135,0.01648793642978367,0.9828546047210693,0.9966365098953247,0.003293992020189762,6.819635018473491e-05,1.3119154118612641e-06
349,data/dataset/Non_Demented/non_282.jpg,non_282.jpg,Non_Demented,0,Non_Demented,0,True,0.9999923706054688,4.826162694371305e-06,0.9999875444427744,7.460292274849849e-05,0.9997453093528748,0.9999923706054688,2.8257054509595037e-06,4.826162694371305e-06,3.55420368691739e-08
350,data/dataset/Non_Demented/non_2185.jpg,non_2185.jpg,Non_Demented,0,Non_Demented,0,True,0.9728626012802124,0.023340102285146713,0.9495224989950657,0.09796063000085235,0.9198406338691711,0.9728626012802124,0.0037684598937630653,0.023340102285146713,2.889455390686635e-05
351,data/dataset/Non_Demented/non_2815.jpg,non_2815.jpg,Non_Demented,0,Non_Demented,0,True,0.9992541670799255,0.0007435141014866531,0.9985106529784389,0.00442362656139661,0.9943345785140991,0.9992541670799255,0.0007435141014866531,2.077730187011184e-06,2.1782389580948802e-07
352,data/dataset/Non_Demented/non_1451.jpg,non_1451.jpg,Non_Demented,0,Non_Demented,0,True,0.999997615814209,1.3453985729938722e-06,0.999996270415636,2.478624377246862e-05,0.9998883008956909,0.999997615814209,1.3453985729938722e-06,8.949593848228687e-07,8.115455329971155e-08
353,data/dataset/Non_Demented/non_1974.jpg,non_1974.jpg,Non_Demented,0,Non_Demented,0,True,0.9999784231185913,1.8861439457396045e-05,0.9999595616791339,0.0001895385063411972,0.9994937181472778,0.9999784231185913,2.5782881039049244e-06,1.8861439457396045e-05,1.8162080550609971e-07
354,data/dataset/Non_Demented/non_1257.jpg,non_1257.jpg,Non_Demented,0,Non_Demented,0,True,0.9369377493858337,0.06302820891141891,0.8739095404744148,0.1699570284520308,0.8741161823272705,0.9369377493858337,0.06302820891141891,3.1378152925753966e-05,2.6124744181288406e-06
355,data/dataset/Non_Demented/non_1477.jpg,non_1477.jpg,Non_Demented,0,Non_Demented,0,True,0.9999517202377319,4.830891339224763e-05,0.9999034113243397,0.00038174186202377864,0.9992116689682007,0.9999517202377319,4.830891339224763e-05,3.033136763974653e-08,1.7587929335149965e-08
356,data/dataset/Non_Demented/non_2829.jpg,non_2829.jpg,Non_Demented,0,Non_Demented,0,True,0.9995074272155762,0.00036065143649466336,0.9991467757790815,0.003271441556278592,0.9950478672981262,0.9995074272155762,0.00036065143649466336,0.00013090624997857958,9.515442798146978e-07
357,data/dataset/Non_Demented/non_268.jpg,non_268.jpg,Non_Demented,0,Non_Demented,0,True,0.8767745494842529,0.12288673222064972,0.7538878172636032,0.27103330690482946,0.8019677400588989,0.8767745494842529,0.12288673222064972,0.0003118749300483614,2.6844869353226386e-05
358,data/dataset/Non_Demented/non_668.jpg,non_668.jpg,Non_Demented,0,Non_Demented,0,True,0.9999600648880005,3.7561381759587675e-05,0.9999225035062409,0.000328079496038914,0.9992456436157227,0.9999600648880005,3.7561381759587675e-05,2.136417606379837e-06,2.820449083174026e-07
359,data/dataset/Non_Demented/non_1902.jpg,non_1902.jpg,Non_Demented,0,Non_Demented,0,True,0.9999485015869141,5.1354327297303826e-05,0.9998971472596168,0.000404160951033627,0.9991732239723206,0.9999485015869141,5.1354327297303826e-05,8.765151449097175e-08,8.057339684341969e-09
360,data/dataset/Non_Demented/non_1469.jpg,non_1469.jpg,Non_Demented,0,Very_Mild_Demented,1,False,0.8961752653121948,0.10243384540081024,0.7937414199113846,0.24586590322335,0.819933295249939,0.10243384540081024,0.8961752653121948,0.0013815996935591102,9.311564099334646e-06
361,data/dataset/Non_Demented/non_1379.jpg,non_1379.jpg,Non_Demented,0,Non_Demented,0,True,0.997859537601471,0.0020943735726177692,0.9957651640288532,0.011201918653105408,0.9875112771987915,0.997859537601471,0.0020943735726177692,4.2554627725621685e-05,3.462966105871601e-06
362,data/dataset/Non_Demented/non_2603.jpg,non_2603.jpg,Non_Demented,0,Non_Demented,0,True,0.9977618455886841,0.002165871439501643,0.9955959741491824,0.011699927337232937,0.9869709014892578,0.9977618455886841,0.002165871439501643,7.063082739477977e-05,1.5979243244146346e-06
363,data/dataset/Non_Demented/non_1743.jpg,non_1743.jpg,Non_Demented,0,Very_Mild_Demented,1,False,0.5648339986801147,0.43502455949783325,0.1298094391822815,0.4948786160051995,0.545987606048584,0.43502455949783325,0.5648339986801147,0.00012406364839989692,1.7450593077228405e-05
364,data/dataset/Non_Demented/non_601.jpg,non_601.jpg,Non_Demented,0,Non_Demented,0,True,0.9949433207511902,0.004643346183001995,0.9902999745681882,0.024028781792526568,0.9755842685699463,0.9949433207511902,0.004643346183001995,0.0003855880640912801,2.7684942324412987e-05
365,data/dataset/Non_Demented/non_283.jpg,non_283.jpg,Non_Demented,0,Non_Demented,0,True,0.9941504597663879,0.0058072288520634174,0.9883432309143245,0.02608578297540011,0.9752010107040405,0.9941504597663879,4.142342368140817e-05,0.0058072288520634174,9.169475561066065e-07
366,data/dataset/Non_Demented/non_1448.jpg,non_1448.jpg,Non_Demented,0,Non_Demented,0,True,0.9999788999557495,2.085054074996151e-05,0.9999580494149996,0.00018048456030339224,0.9995515942573547,0.9999788999557495,2.085054074996151e-05,2.662864915237151e-07,1.9360463454631827e-08
367,data/dataset/Non_Demented/non_3016.jpg,non_3016.jpg,Non_Demented,0,Non_Demented,0,True,0.9995891451835632,0.0003721008833963424,0.9992170443001669,0.0027050234137342313,0.995897650718689,0.9995891451835632,0.0003721008833963424,3.709093653014861e-05,1.6967409237622633e-06
368,data/dataset/Non_Demented/non_1175.jpg,non_1175.jpg,Non_Demented,0,Non_Demented,0,True,0.9999841451644897,1.532186070107855e-05,0.9999688233037887,0.00013981200698879784,0.9996218681335449,0.9999841451644897,1.532186070107855e-05,4.381252551866055e-07,1.0516348680766896e-07
369,data/dataset/Non_Demented/non_1270.jpg,non_1270.jpg,Non_Demented,0,Non_Demented,0,True,0.9971018433570862,0.0028892490081489086,0.9942125943489373,0.014350147740281781,0.9850619435310364,0.9971018433570862,0.0028892490081489086,7.640652256668545e-06,1.2358170806692215e-06
370,data/dataset/Non_Demented/non_1201.jpg,non_1201.jpg,Non_Demented,0,Non_Demented,0,True,0.8189117312431335,0.18077822029590607,0.6381335109472275,0.34289688100496346,0.7458791136741638,0.8189117312431335,0.18077822029590607,0.000303576496662572,6.48259492663783e-06
371,data/dataset/Non_Demented/non_2018.jpg,non_2018.jpg,Non_Demented,0,Non_Demented,0,True,0.9954040050506592,0.004562842659652233,0.990841162391007,0.02129465535368803,0.9791098833084106,0.9954040050506592,3.301021206425503e-05,0.004562842659652233,1.1016103940164612e-07
372,data/dataset/Non_Demented/non_742.jpg,non_742.jpg,Non_Demented,0,Non_Demented,0,True,0.9827702045440674,0.017216229811310768,0.9655539747327566,0.06288145769135342,0.9480550289154053,0.9827702045440674,0.017216229811310768,9.407804100192152e-06,4.216001798340585e-06
373,data/dataset/Non_Demented/non_1772.jpg,non_1772.jpg,Non_Demented,0,Non_Demented,0,True,0.9999204874038696,6.39187783235684e-05,0.9998565686255461,0.00062778332426378,0.9986888766288757,0.9999204874038696,1.5481389709748328e-05,6.39187783235684e-05,1.253562231795513e-07
374,data/dataset/Non_Demented/non_2410.jpg,non_2410.jpg,Non_Demented,0,Non_Demented,0,True,0.9993521571159363,0.0006458535208366811,0.9987063035950996,0.0039088626690509404,0.9948720335960388,0.9993521571159363,0.0006458535208366811,1.4303143416327657e-06,5.702694920728391e-07
375,data/dataset/Non_Demented/non_2919.jpg,non_2919.jpg,Non_Demented,0,Non_Demented,0,True,0.9995496869087219,0.0003484707558527589,0.9992012161528692,0.0030010724006885032,0.9954322576522827,0.9995496869087219,0.00010165196727029979,0.0003484707558527589,6.435265476056884e-08
376,data/dataset/Non_Demented/non_2177.jpg,non_2177.jpg,Non_Demented,0,Non_Demented,0,True,0.6526069641113281,0.34220653772354126,0.31040042638778687,0.4857184330592819,0.602157711982727,0.6526069641113281,0.005064668133854866,0.34220653772354126,0.00012178879114799201
377,data/dataset/Non_Demented/non_2671.jpg,non_2671.jpg,Non_Demented,0,Non_Demented,0,True,0.9967241883277893,0.0032757881563156843,0.9934484001714736,0.01587936507078994,0.9839369058609009,0.9967241883277893,0.0032757881563156843,4.465098868422501e-08,5.0560309716729535e-08
378,data/dataset/Non_Demented/non_240.jpg,non_240.jpg,Non_Demented,0,Non_Demented,0,True,0.566564679145813,0.432952344417572,0.13361233472824097,0.49654241916530906,0.5460098385810852,0.566564679145813,0.432952344417572,0.0002821353846229613,0.00020087732991669327
379,data/dataset/Non_Demented/non_2281.jpg,non_2281.jpg,Non_Demented,0,Non_Demented,0,True,0.9775481820106506,0.022368257865309715,0.9551799241453409,0.07789967606975516,0.9370540380477905,0.9775481820106506,0.022368257865309715,8.208637882489711e-05,1.4807034176556044e-06
380,data/dataset/Non_Demented/non_1373.jpg,non_1373.jpg,Non_Demented,0,Non_Demented,0,True,0.999788224697113,0.00020080101967323571,0.9995874236774398,0.001476537734524783,0.9975466132164001,0.999788224697113,1.0812797881953884e-05,0.00020080101967323571,1.3009814381348406e-07
381,data/dataset/Non_Demented/non_770.jpg,non_770.jpg,Non_Demented,0,Non_Demented,0,True,0.9959710240364075,0.004025118891149759,0.9919459051452577,0.018949084749654673,0.9812833666801453,0.9959710240364075,0.004025118891149759,3.4224995033582672e-06,3.895813165399886e-07
382,data/dataset/Non_Demented/non_1034.jpg,non_1034.jpg,Non_Demented,0,Non_Demented,0,True,0.9960743188858032,0.0034548183903098106,0.9926195004954934,0.01959236032653227,0.979233980178833,0.9960743188858032,0.0034548183903098106,0.0004595384525600821,1.1353160516591743e-05
383,data/dataset/Non_Demented/non_126.jpg,non_126.jpg,Non_Demented,0,Non_Demented,0,True,0.9975142478942871,0.002485731616616249,0.9950285162776709,0.012544567725981687,0.9868052005767822,0.9975142478942871,0.002485731616616249,4.075527471059104e-09,1.8201534501827155e-08
384,data/dataset/Non_Demented/non_547.jpg,non_547.jpg,Non_Demented,0,Non_Demented,0,True,0.9999954700469971,4.104573235963471e-06,0.9999913654737611,4.451048829781504e-05,0.999840259552002,0.9999954700469971,4.1637454728515877e-07,4.104573235963471e-06,7.864157325343513e-09
385,data/dataset/Non_Demented/non_2489.jpg,non_2489.jpg,Non_Demented,0,Non_Demented,0,True,0.9990573525428772,0.0009310297318734229,0.9981263228110038,0.005463059471886078,0.9931704998016357,0.9990573525428772,1.1529291441547684e-05,0.0009310297318734229,1.4273166470957221e-07
386,data/dataset/Non_Demented/non_199.jpg,non_199.jpg,Non_Demented,0,Non_Demented,0,True,0.9976186156272888,0.0021266296971589327,0.9954919859301299,0.012682532745949616,0.9856137633323669,0.9976186156272888,0.0021266296971589327,0.0002530548663344234,1.635293074286892e-06
387,data/dataset/Non_Demented/non_1049.jpg,non_1049.jpg,Non_Demented,0,Non_Demented,0,True,0.9999589920043945,3.788158210227266e-05,0.9999211104222923,0.00033617718746683736,0.9992338418960571,0.9999589920043945,3.084675881837029e-06,3.788158210227266e-05,1.1927284937485183e-08
388,data/dataset/Non_Demented/non_2885.jpg,non_2885.jpg,Non_Demented,0,Mild_Demented,2,False,0.8915534019470215,0.10805927962064743,0.783494122326374,0.24951606300526225,0.8176292777061462,0.10805927962064743,0.00036745460238307714,0.8915534019470215,1.9873446944984607e-05
389,data/dataset/Non_Demented/non_1523.jpg,non_1523.jpg,Non_Demented,0,Non_Demented,0,True,0.9800103306770325,0.01995014399290085,0.9600601866841316,0.07091741154641222,0.942101240158081,0.9800103306770325,0.01995014399290085,2.1302132154232822e-05,1.8289307263330556e-05
390,data/dataset/Non_Demented/non_1347.jpg,non_1347.jpg,Non_Demented,0,Non_Demented,0,True,0.9998996257781982,9.828965266933665e-05,0.9998013361255289,0.0007461404325755146,0.9986122846603394,0.9998996257781982,9.828965266933665e-05,1.975148506971891e-06,6.534479979336538e-08
391,data/dataset/Non_Demented/non_679.jpg,non_679.jpg,Non_Demented,0,Non_Demented,0,True,0.9994762539863586,0.0005229528760537505,0.9989533011103049,0.003236289578875971,0.9956247210502625,0.9994762539863586,0.0005229528760537505,2.409531987268565e-07,5.351355980565131e-07
392,data/dataset/Non_Demented/non_1037.jpg,non_1037.jpg,Non_Demented,0,Non_Demented,0,True,0.9999927282333374,7.0498267632501666e-06,0.9999856784065742,6.900851102316052e-05,0.9997815489768982,0.9999927282333374,7.0498267632501666e-06,2.9430694326038065e-07,1.9117443628147157e-08
393,data/dataset/Non_Demented/non_1452.jpg,non_1452.jpg,Non_Demented,0,Non_Demented,0,True,0.999991774559021,6.692815077258274e-06,0.9999850817439437,7.856850635390036e-05,0.999739944934845,0.999991774559021,6.692815077258274e-06,1.4382544577529188e-06,9.953451751698594e-08
394,data/dataset/Non_Demented/non_2332.jpg,non_2332.jpg,Non_Demented,0,Non_Demented,0,True,0.9993253946304321,0.0006677017081528902,0.9986576929222792,0.004067558316520137,0.9946483969688416,0.9993253946304321,0.0006677017081528902,6.870584002172109e-06,4.507329975922403e-08
395,data/dataset/Non_Demented/non_1338.jpg,non_1338.jpg,Non_Demented,0,Non_Demented,0,True,0.9999884366989136,1.1422462193877436e-05,0.9999770142367197,0.00010405818478104852,0.9997077584266663,0.9999884366989136,1.1422462193877436e-05,1.4689156557778915e-07,2.2372679708837495e-08
396,data/dataset/Non_Demented/non_2551.jpg,non_2551.jpg,Non_Demented,0,Non_Demented,0,True,0.9999995231628418,5.21591289270873e-07,0.9999990015715525,6.138891147284356e-06,0.9999661445617676,0.9999995231628418,2.7466942498222124e-08,5.21591289270873e-07,4.520761820447916e-10
397,data/dataset/Non_Demented/non_2456.jpg,non_2456.jpg,Non_Demented,0,Non_Demented,0,True,0.9969185590744019,0.003075015265494585,0.9938435438089073,0.015107019201668724,0.984458327293396,0.9969185590744019,0.003075015265494585,6.099479378463002e-06,3.779659323299711e-07
398,data/dataset/Non_Demented/non_1804.jpg,non_1804.jpg,Non_Demented,0,Non_Demented,0,True,0.9173998832702637,0.08146535605192184,0.8359345272183418,0.21000319945435147,0.8450835943222046,0.9173998832702637,0.08146535605192184,0.0011242168257012963,1.0527980521146674e-05
399,data/dataset/Non_Demented/non_1402.jpg,non_1402.jpg,Non_Demented,0,Non_Demented,0,True,0.9245228171348572,0.072495236992836,0.8520275801420212,0.2022055705577258,0.8498958349227905,0.9245228171348572,0.072495236992836,0.0029497717041522264,3.210939757991582e-05
400,data/dataset/Non_Demented/non_2469.jpg,non_2469.jpg,Non_Demented,0,Non_Demented,0,True,0.9938591122627258,0.005454175639897585,0.9884049366228282,0.028534703060071876,0.971855103969574,0.9938591122627258,0.005454175639897585,0.0006852775695733726,1.41366615480365e-06
401,data/dataset/Non_Demented/non_928.jpg,non_928.jpg,Non_Demented,0,Non_Demented,0,True,0.9999828338623047,1.62426022143336e-05,0.9999665912600904,0.00015098429768342465,0.9995947480201721,0.9999828338623047,1.62426022143336e-05,8.933745903050294e-07,3.3597423509945656e-08
402,data/dataset/Non_Demented/non_1138.jpg,non_1138.jpg,Non_Demented,0,Non_Demented,0,True,0.9975795149803162,0.00222385092638433,0.9953556640539318,0.01277883631236049,0.9855630397796631,0.9975795149803162,0.00222385092638433,0.0001879659976111725,8.63123386807274e-06
403,data/dataset/Non_Demented/non_569.jpg,non_569.jpg,Non_Demented,0,Non_Demented,0,True,0.9970598816871643,0.002935483818873763,0.9941243978682905,0.01450662508027774,0.984998881816864,0.9970598816871643,0.002935483818873763,4.440020802576328e-06,2.2726152337781969e-07
404,data/dataset/Non_Demented/non_848.jpg,non_848.jpg,Non_Demented,0,Non_Demented,0,True,0.9980302453041077,0.0019691993948072195,0.9960610459093004,0.010274794444472733,0.9887920022010803,0.9980302453041077,0.0019691993948072195,3.756311741653917e-07,1.3627391126647126e-07
405,data/dataset/Non_Demented/non_174.jpg,non_174.jpg,Non_Demented,0,Non_Demented,0,True,0.9698233008384705,0.030170654878020287,0.9396526459604502,0.09768100770838078,0.9238235354423523,0.9698233008384705,0.030170654878020287,5.609932941297302e-06,4.123446615267312e-07
406,data/dataset/Non_Demented/non_1363.jpg,non_1363.jpg,Non_Demented,0,Non_Demented,0,True,0.7552109360694885,0.18495683372020721,0.5702541023492813,0.49969056158935277,0.6558936238288879,0.7552109360694885,0.059827737510204315,0.18495683372020721,4.498172529565636e-06
407,data/dataset/Non_Demented/non_2346.jpg,non_2346.jpg,Non_Demented,0,Non_Demented,0,True,0.9998679161071777,0.00012659007916226983,0.9997413260280155,0.0009637697814592442,0.9982635378837585,0.9998679161071777,0.00012659007916226983,5.394121217250358e-06,1.5782771356498415e-07
408,data/dataset/Non_Demented/non_444.jpg,non_444.jpg,Non_Demented,0,Mild_Demented,2,False,0.9912228584289551,0.008411877788603306,0.9828109806403518,0.03738490071395389,0.9655311703681946,0.008411877788603306,0.00036463813739828765,0.9912228584289551,5.843764938617824e-07
409,data/dataset/Non_Demented/non_2269.jpg,non_2269.jpg,Non_Demented,0,Non_Demented,0,True,0.9720907807350159,0.027893025428056717,0.9441977553069592,0.09199761528339001,0.9276487231254578,0.9720907807350159,0.027893025428056717,1.5746578355901875e-05,3.9781414784556546e-07
410,data/dataset/Non_Demented/non_2003.jpg,non_2003.jpg,Non_Demented,0,Non_Demented,0,True,0.9998520612716675,0.0001473200973123312,0.9997047411743551,0.001051135960386706,0.9982169270515442,0.9998520612716675,0.0001473200973123312,5.30282022737083e-07,1.1267379562696078e-07
411,data/dataset/Non_Demented/non_1063.jpg,non_1063.jpg,Non_Demented,0,Non_Demented,0,True,0.9952259063720703,0.0038772395346313715,0.9913486668374389,0.02351123762595982,0.9756900072097778,0.9952259063720703,0.0038772395346313715,0.0008956695673987269,1.1856269566123956e-06
412,data/dataset/Non_Demented/non_2467.jpg,non_2467.jpg,Non_Demented,0,Non_Demented,0,True,0.9999992847442627,4.991603077542095e-07,0.9999987855839549,8.371878002133695e-06,0.9999536275863647,0.9999992847442627,4.991603077542095e-07,2.388446489476337e-07,2.664652942740986e-10
413,data/dataset/Non_Demented/non_1993.jpg,non_1993.jpg,Non_Demented,0,Non_Demented,0,True,0.9999181032180786,5.901434997213073e-05,0.9998590888681065,0.0006514028908055665,0.998619556427002,0.9999181032180786,2.2304486265056767e-05,5.901434997213073e-05,5.24132644841302e-07
414,data/dataset/Non_Demented/non_1325.jpg,non_1325.jpg,Non_Demented,0,Non_Demented,0,True,0.9996387958526611,0.00033777279895730317,0.9993010230537038,0.002392327715429453,0.9963357448577881,0.9996387958526611,0.00033777279895730317,2.222323018941097e-05,1.279298885492608e-06
415,data/dataset/Non_Demented/non_68.jpg,non_68.jpg,Non_Demented,0,Non_Demented,0,True,0.7731606960296631,0.22210729122161865,0.5510534048080444,0.4029566408414421,0.697563111782074,0.7731606960296631,0.004699827637523413,0.22210729122161865,3.2206375180976465e-05
416,data/dataset/Non_Demented/non_2539.jpg,non_2539.jpg,Non_Demented,0,Non_Demented,0,True,0.9998459815979004,0.00014083381392993033,0.9997051477839705,0.0011195618780806714,0.9979984164237976,0.9998459815979004,0.00014083381392993033,1.3123293683747761e-05,9.992857030738378e-08
417,data/dataset/Non_Demented/non_29.jpg,non_29.jpg,Non_Demented,0,Non_Demented,0,True,0.9999890327453613,1.095856714528054e-05,0.999978074178216,9.820953600713284e-05,0.9997307658195496,0.9999890327453613,1.095856714528054e-05,3.8363437426802705e-10,4.5333381493151137e-10
418,data/dataset/Non_Demented/non_2753.jpg,non_2753.jpg,Non_Demented,0,Non_Demented,0,True,0.9999408721923828,5.895202048122883e-05,0.9998819201719016,0.0004583608887662936,0.9990850687026978,0.9999408721923828,1.1861204995966546e-07,5.895202048122883e-05,1.5831750133088462e-08
419,data/dataset/Non_Demented/non_52.jpg,non_52.jpg,Non_Demented,0,Non_Demented,0,True,0.9999980926513672,1.7787474462238606e-06,0.999996313903921,1.9895197159264892e-05,0.9999146461486816,0.9999980926513672,1.7787474462238606e-06,1.1277949596433245e-07,1.7888675429844625e-08
420,data/dataset/Non_Demented/non_973.jpg,non_973.jpg,Non_Demented,0,Non_Demented,0,True,0.9999957084655762,3.6523833841783926e-06,0.999992056082192,4.259511077608966e-05,0.9998422861099243,0.9999957084655762,6.188570296217222e-07,3.6523833841783926e-06,9.914056242621427e-09
421,data/dataset/Non_Demented/non_2839.jpg,non_2839.jpg,Non_Demented,0,Non_Demented,0,True,0.9942523837089539,0.005686305463314056,0.9885660782456398,0.025769727233234823,0.9753613471984863,0.9942523837089539,0.005686305463314056,6.0892758483532816e-05,3.967157908846275e-07
422,data/dataset/Non_Demented/non_153.jpg,non_153.jpg,Non_Demented,0,Non_Demented,0,True,0.9998410940170288,9.42118203965947e-05,0.9997468821966322,0.0011976937307290913,0.9977438449859619,0.9998410940170288,6.399628182407469e-05,9.42118203965947e-05,7.159517281252192e-07
423,data/dataset/Non_Demented/non_2347.jpg,non_2347.jpg,Non_Demented,0,Non_Demented,0,True,0.9999024868011475,9.735257481224835e-05,0.9998051342263352,0.0007214903137430112,0.9986874461174011,0.9999024868011475,9.735257481224835e-05,1.67454444977011e-07,4.835324673990726e-08
424,data/dataset/Non_Demented/non_2428.jpg,non_2428.jpg,Non_Demented,0,Non_Demented,0,True,0.9760454297065735,0.023945342749357224,0.9521000869572163,0.08161401225272844,0.9349125027656555,0.9760454297065735,0.023945342749357224,7.4710665103339124e-06,1.8107020878233016e-06
425,data/dataset/Non_Demented/non_2275.jpg,non_2275.jpg,Non_Demented,0,Non_Demented,0,True,0.9999514818191528,4.816257569473237e-05,0.9999033192434581,0.0003842706284131496,0.999193012714386,0.9999514818191528,4.816257569473237e-05,2.456909555803577e-07,1.0420566098900963e-07
426,data/dataset/Non_Demented/non_488.jpg,non_488.jpg,Non_Demented,0,Very_Mild_Demented,1,False,0.9638567566871643,0.0229481253772974,0.9409086313098669,0.13086604909260216,0.8955879807472229,0.0229481253772974,0.9638567566871643,0.012668932788074017,0.0005262624472379684
427,data/dataset/Non_Demented/non_2858.jpg,non_2858.jpg,Non_Demented,0,Non_Demented,0,True,0.9816688895225525,0.018327321857213974,0.9633415676653385,0.0660088117124741,0.9459799528121948,0.9816688895225525,0.018327321857213974,3.1185320494842017e-06,5.882229174858367e-07
428,data/dataset/Non_Demented/non_2143.jpg,non_2143.jpg,Non_Demented,0,Non_Demented,0,True,0.9859764575958252,0.014018337242305279,0.9719581203535199,0.053243942272423905,0.9551118612289429,0.9859764575958252,0.014018337242305279,4.705342234956333e-06,5.264807896310231e-07
429,data/dataset/Non_Demented/non_1764.jpg,non_1764.jpg,Non_Demented,0,Non_Demented,0,True,0.9999853372573853,1.4645497685705777e-05,0.9999706917596995,0.00012861053466762084,0.999664306640625,0.9999853372573853,1.4645497685705777e-05,3.467597053941063e-08,4.2746445272356937e-10
430,data/dataset/Non_Demented/non_2630.jpg,non_2630.jpg,Non_Demented,0,Non_Demented,0,True,0.9326499700546265,0.06734958291053772,0.8653003871440887,0.17798211515333823,0.868924081325531,0.9326499700546265,0.06734958291053772,2.225080635298582e-07,2.1065315536361595e-07
431,data/dataset/Non_Demented/non_2285.jpg,non_2285.jpg,Non_Demented,0,Non_Demented,0,True,0.996065080165863,0.0021789749152958393,0.9938861052505672,0.02060539591553599,0.9775193929672241,0.996065080165863,0.0017283587949350476,0.0021789749152958393,2.761581345112063e-05
432,data/dataset/Non_Demented/non_2721.jpg,non_2721.jpg,Non_Demented,0,Non_Demented,0,True,0.6013674736022949,0.38635584712028503,0.2150116264820099,0.524718035886524,0.5591177344322205,0.6013674736022949,0.38635584712028503,0.012256712652742863,1.9916489691240713e-05
433,data/dataset/Non_Demented/non_732.jpg,non_732.jpg,Non_Demented,0,Very_Mild_Demented,1,False,0.9096840620040894,0.09031315892934799,0.8193709030747414,0.21878557951198624,0.8404960632324219,0.09031315892934799,0.9096840620040894,2.2704011826135684e-06,5.130389695295889e-07
434,data/dataset/Non_Demented/non_2056.jpg,non_2056.jpg,Non_Demented,0,Non_Demented,0,True,0.9820736646652222,0.01140657626092434,0.9706670884042978,0.07337474265760276,0.9364600777626038,0.9820736646652222,0.006503642071038485,0.01140657626092434,1.611506741028279e-05
435,data/dataset/Non_Demented/non_2037.jpg,non_2037.jpg,Non_Demented,0,Non_Demented,0,True,0.9998610019683838,0.00013734119420405477,0.9997236607741797,0.0009980320341617232,0.9982606768608093,0.9998610019683838,0.00013734119420405477,1.2040397905366262e-06,4.65406571947824e-07
436,data/dataset/Non_Demented/non_82.jpg,non_82.jpg,Non_Demented,0,Non_Demented,0,True,0.9999516010284424,4.6320015826495364e-05,0.9999052810126159,0.0003892143738423217,0.9991507530212402,0.9999516010284424,4.6320015826495364e-05,2.0758179744007066e-06,1.0815192297286558e-07
437,data/dataset/Non_Demented/non_1580.jpg,non_1580.jpg,Non_Demented,0,Non_Demented,0,True,0.9999538660049438,2.9120355975464918e-05,0.9999247456489684,0.00039165731685806876,0.9990456700325012,0.9999538660049438,1.5496043488383293e-05,2.9120355975464918e-05,1.5768415551065118e-06
438,data/dataset/Non_Demented/non_1266.jpg,non_1266.jpg,Non_Demented,0,Non_Demented,0,True,0.9999860525131226,1.3786288945993874e-05,0.9999722662241766,0.0001226687251254918,0.9996711015701294,0.9999860525131226,1.3786288945993874e-05,6.09469026358056e-08,4.751232651756254e-08
439,data/dataset/Non_Demented/non_1162.jpg,non_1162.jpg,Non_Demented,0,Non_Demented,0,True,0.8907392621040344,0.10925423353910446,0.78148502856493,0.24889421673540504,0.818961501121521,0.8907392621040344,0.10925423353910446,5.442012479761615e-06,1.146539375440625e-06
440,data/dataset/Non_Demented/non_2946.jpg,non_2946.jpg,Non_Demented,0,Non_Demented,0,True,0.9999988079071045,1.090249270419008e-06,0.9999977176578341,1.3349360750633959e-05,0.9999358654022217,0.9999988079071045,1.090249270419008e-06,1.3971633450182708e-07,7.520291056550832e-09
441,data/dataset/Non_Demented/non_2676.jpg,non_2676.jpg,Non_Demented,0,Non_Demented,0,True,0.9999977350234985,2.293857505719643e-06,0.9999954411659928,2.3163362196216234e-05,0.999911904335022,0.9999977350234985,2.293857505719643e-06,2.7864324181336997e-09,2.2518123476977792e-10
442,data/dataset/Non_Demented/non_1676.jpg,non_1676.jpg,Non_Demented,0,Non_Demented,0,True,0.9987061023712158,0.0012808678438887,0.9974252345273271,0.007194644958363294,0.9914530515670776,0.9987061023712158,0.0012808678438887,1.2248807252035476e-05,8.162471658579307e-07
443,data/dataset/Non_Demented/non_1284.jpg,non_1284.jpg,Non_Demented,0,Non_Demented,0,True,0.7890920639038086,0.21080537140369415,0.5782866925001144,0.37226122031111075,0.7202346324920654,0.7890920639038086,0.21080537140369415,9.697410860098898e-05,5.5741556934663095e-06
444,data/dataset/Non_Demented/non_141.jpg,non_141.jpg,Non_Demented,0,Non_Demented,0,True,0.9965241551399231,0.0030950175132602453,0.9934291376266629,0.017703761061985995,0.9806726574897766,0.9965241551399231,0.0030950175132602453,0.000303120439639315,7.758080755593255e-05
445,data/dataset/Non_Demented/non_2648.jpg,non_2648.jpg,Non_Demented,0,Non_Demented,0,True,0.9999898672103882,1.0187916814174969e-05,0.999979679293574,9.198453872361118e-05,0.9997420907020569,0.9999898672103882,1.0187916814174969e-05,1.2174742103354674e-08,3.059047459785802e-09
446,data/dataset/Non_Demented/non_3151.jpg,non_3151.jpg,Non_Demented,0,Non_Demented,0,True,0.9995423555374146,0.00042619690066203475,0.9991161586367525,0.0029608946333987544,0.9956117272377014,0.9995423555374146,0.00042619690066203475,2.7096870326204225e-05,4.431929937709356e-06
447,data/dataset/Non_Demented/non_1304.jpg,non_1304.jpg,Non_Demented,0,Non_Demented,0,True,0.9503536224365234,0.0495024248957634,0.90085119754076,0.14318530610980898,0.8919193148612976,0.9503536224365234,0.0495024248957634,0.00013251122436486185,1.1387445738364477e-05
448,data/dataset/Non_Demented/non_102.jpg,non_102.jpg,Non_Demented,0,Non_Demented,0,True,0.9887279272079468,0.011270035058259964,0.9774578921496868,0.04457178697061869,0.9615095257759094,0.9887279272079468,0.011270035058259964,6.202968734214664e-07,1.4498859854938928e-06
449,data/dataset/Non_Demented/non_2784.jpg,non_2784.jpg,Non_Demented,0,Non_Demented,0,True,0.9654545783996582,0.03445953503251076,0.9309950433671474,0.10878537927989271,0.9157012104988098,0.9654545783996582,0.03445953503251076,8.528120815753937e-05,6.393794365067151e-07
450,data/dataset/Non_Demented/non_1339.jpg,non_1339.jpg,Non_Demented,0,Non_Demented,0,True,0.9971950054168701,0.0018835068913176656,0.9953114985255525,0.01520570365290248,0.9827204346656799,0.9971950054168701,0.0018835068913176656,0.0009187181713059545,2.8227875645825407e-06
451,data/dataset/Non_Demented/non_1499.jpg,non_1499.jpg,Non_Demented,0,Non_Demented,0,True,0.9999861717224121,1.0770545486593619e-05,0.9999754011769255,0.0001276814567595876,0.9996227025985718,0.9999861717224121,3.127429408777971e-06,1.0770545486593619e-05,1.876168553849311e-08
452,data/dataset/Non_Demented/non_2750.jpg,non_2750.jpg,Non_Demented,0,Non_Demented,0,True,0.9861454963684082,0.013846375048160553,0.9722991213202477,0.05274330077576227,0.955418050289154,0.9861454963684082,0.013846375048160553,5.798109214083524e-06,2.393223667240818e-06
453,data/dataset/Non_Demented/non_39.jpg,non_39.jpg,Non_Demented,0,Non_Demented,0,True,0.999713122844696,0.00028650250169448555,0.9994266203430016,0.001896824704317766,0.9971625208854675,0.999713122844696,0.00028650250169448555,2.4415447796855005e-07,1.1146101996928337e-07
454,data/dataset/Non_Demented/non_1318.jpg,non_1318.jpg,Non_Demented,0,Non_Demented,0,True,0.9999818801879883,1.2848968253820203e-05,0.9999690312197345,0.0001638143356998386,0.9995361566543579,0.9999818801879883,5.232114290265599e-06,1.2848968253820203e-05,3.747666355025103e-08
455,data/dataset/Non_Demented/non_258.jpg,non_258.jpg,Non_Demented,0,Non_Demented,0,True,0.9999550580978394,4.4888933189213276e-05,0.9999101691646501,0.00035727942933613767,0.999251663684845,0.9999550580978394,4.975582257316091e-08,4.4888933189213276e-05,6.325863388667585e-09
456,data/dataset/Non_Demented/non_1087.jpg,non_1087.jpg,Non_Demented,0,Non_Demented,0,True,0.9955314993858337,0.004449519794434309,0.9910819795913994,0.020754014454556192,0.9795871376991272,0.9955314993858337,0.004449519794434309,1.1952820386795793e-05,7.012702099018497e-06
457,data/dataset/Non_Demented/non_1659.jpg,non_1659.jpg,Non_Demented,0,Non_Demented,0,True,0.9999998807907104,7.912312582902814e-08,0.9999998016675846,1.6470818899656094e-06,0.9999865293502808,0.9999998807907104,7.912312582902814e-08,5.180210038702171e-08,5.351442899925729e-11
458,data/dataset/Non_Demented/non_310.jpg,non_310.jpg,Non_Demented,0,Very_Mild_Demented,1,False,0.9976937174797058,0.0014953842619434,0.9961983332177624,0.012845665008365289,0.9849607348442078,0.0008102934807538986,0.9976937174797058,0.0014953842619434,5.897292680856481e-07
459,data/dataset/Non_Demented/non_2044.jpg,non_2044.jpg,Non_Demented,0,Non_Demented,0,True,0.9999388456344604,5.5860171414678916e-05,0.9998829854630458,0.00048488568567392465,0.998967170715332,0.9999388456344604,5.1026572691625915e-06,5.5860171414678916e-05,1.1533334998148348e-07
460,data/dataset/Non_Demented/non_264.jpg,non_264.jpg,Non_Demented,0,Non_Demented,0,True,0.9072366952896118,0.09276313334703445,0.8144735619425774,0.22281466006941195,0.837712287902832,0.9072366952896118,0.09276313334703445,6.830403265212226e-08,5.2758014845721846e-08
461,data/dataset/Non_Demented/non_744.jpg,non_744.jpg,Non_Demented,0,Non_Demented,0,True,0.99770587682724,0.002285580849274993,0.995420295977965,0.011754909384545102,0.9873120784759521,0.99770587682724,0.002285580849274993,2.379264060436981e-06,6.217798727448098e-06
462,data/dataset/Non_Demented/non_405.jpg,non_405.jpg,Non_Demented,0,Non_Demented,0,True,0.9996820688247681,0.00031792285153642297,0.9993641459732316,0.0020774973496515635,0.9969606995582581,0.9996820688247681,0.00031792285153642297,5.724815821395168e-08,4.3153214335234225e-08
463,data/dataset/Non_Demented/non_2324.jpg,non_2324.jpg,Non_Demented,0,Non_Demented,0,True,0.999997615814209,1.3184843510316568e-06,0.999996297329858,2.5195618430467974e-05,0.9998886585235596,0.999997615814209,1.3184843510316568e-06,1.0291552143826266e-06,2.908017826541709e-08
464,data/dataset/Non_Demented/non_2566.jpg,non_2566.jpg,Non_Demented,0,Non_Demented,0,True,0.9993067979812622,0.0006743902340531349,0.9986324077472091,0.004201125686360926,0.994391143321991,0.9993067979812622,1.8179314793087542e-05,0.0006743902340531349,5.858702820660255e-07
465,data/dataset/Non_Demented/non_161.jpg,non_161.jpg,Non_Demented,0,Non_Demented,0,True,0.9964467883110046,0.00355182564817369,0.992894962662831,0.01702351996408857,0.9829272627830505,0.9964467883110046,0.00355182564817369,5.876523800907307e-07,7.783317528264888e-07
466,data/dataset/Non_Demented/non_1652.jpg,non_1652.jpg,Non_Demented,0,Non_Demented,0,True,0.9998959302902222,0.00010276865214109421,0.9997931616380811,0.0007693376842973846,0.998584508895874,0.9998959302902222,0.00010276865214109421,8.895275414033676e-07,4.328944100961962e-07
467,data/dataset/Non_Demented/non_2414.jpg,non_2414.jpg,Non_Demented,0,Non_Demented,0,True,0.9943451881408691,0.005040350370109081,0.9893048377707601,0.02663549058490712,0.9732778668403625,0.9943451881408691,0.005040350370109081,0.0005977415130473673,1.676206011325121e-05
468,data/dataset/Non_Demented/non_654.jpg,non_654.jpg,Non_Demented,0,Non_Demented,0,True,0.9988247752189636,0.0011752010323107243,0.9976495741866529,0.00656703323885881,0.9922640323638916,0.9988247752189636,0.0011752010323107243,3.553115845988941e-08,2.3969878526486355e-08
469,data/dataset/Non_Demented/non_1055.jpg,non_1055.jpg,Non_Demented,0,Non_Demented,0,True,0.9986699819564819,0.001328765181824565,0.9973412167746574,0.007319650145058589,0.9914985299110413,0.9986699819564819,0.001328765181824565,3.3616876748965296e-07,8.563077926737606e-07
470,data/dataset/Non_Demented/non_960.jpg,non_960.jpg,Non_Demented,0,Non_Demented,0,True,0.9806631207466125,0.017606541514396667,0.9630565792322159,0.07312391671023502,0.9379873871803284,0.9806631207466125,0.017606541514396667,0.0017128465697169304,1.7437907445128076e-05
471,data/dataset/Non_Demented/non_899.jpg,non_899.jpg,Non_Demented,0,Non_Demented,0,True,0.991635799407959,0.008269420824944973,0.983366378583014,0.035251560731928616,0.9678455591201782,0.991635799407959,0.008269420824944973,9.29971065488644e-05,1.7484746877016732e-06
472,data/dataset/Non_Demented/non_1550.jpg,non_1550.jpg,Non_Demented,0,Non_Demented,0,True,0.9998005032539368,0.00019819698354694992,0.9996023062703898,0.001375297392684748,0.9977814555168152,0.9998005032539368,0.00019819698354694992,1.1368833838787396e-06,1.0270048989013958e-07
473,data/dataset/Non_Demented/non_935.jpg,non_935.jpg,Non_Demented,0,Non_Demented,0,True,0.9792681932449341,0.02073034457862377,0.9585378486663103,0.0727771996860956,0.941236674785614,0.9792681932449341,0.02073034457862377,5.154786890670948e-07,9.89996124189929e-07
474,data/dataset/Non_Demented/non_1560.jpg,non_1560.jpg,Non_Demented,0,Non_Demented,0,True,0.9981929659843445,0.0017742241034284234,0.9964187418809161,0.009658049206912413,0.9890012741088867,0.9981929659843445,0.0017742241034284234,3.114979699603282e-05,1.6228945014518104e-06
475,data/dataset/Non_Demented/non_1312.jpg,non_1312.jpg,Non_Demented,0,Non_Demented,0,True,0.9567210674285889,0.031590573489665985,0.9251304939389229,0.14701285524717053,0.8860891461372375,0.9567210674285889,0.031590573489665985,0.011637182906270027,5.116945976624265e-05
476,data/dataset/Non_Demented/non_2759.jpg,non_2759.jpg,Non_Demented,0,Non_Demented,0,True,0.9947905540466309,0.005209248512983322,0.9895813055336475,0.023505986780650665,0.9776768088340759,0.9947905540466309,0.005209248512983322,2.0259543020983983e-07,3.23996545148475e-08
477,data/dataset/Non_Demented/non_552.jpg,non_552.jpg,Non_Demented,0,Non_Demented,0,True,0.9999392032623291,6.03488260821905e-05,0.9998788544362469,0.0004723512743296451,0.9990473389625549,0.9999392032623291,6.03488260821905e-05,3.692118752951501e-07,1.422853728172413e-07
478,data/dataset/Non_Demented/non_2114.jpg,non_2114.jpg,Non_Demented,0,Non_Demented,0,True,0.9992552399635315,0.0007385552162304521,0.998516684747301,0.00443267949972357,0.9942675232887268,0.9992552399635315,0.0007385552162304521,5.80091818846995e-06,3.344529488913395e-07
479,data/dataset/Non_Demented/non_2122.jpg,non_2122.jpg,Non_Demented,0,Non_Demented,0,True,0.9998815059661865,8.181281009456143e-05,0.999799693156092,0.0009133964157203233,0.9981890320777893,0.9998815059661865,8.181281009456143e-05,3.584858859539963e-05,7.707614031460253e-07
480,data/dataset/Non_Demented/non_403.jpg,non_403.jpg,Non_Demented,0,Non_Demented,0,True,0.9883278012275696,0.011515437625348568,0.976812363602221,0.04645374474888985,0.9592368602752686,0.9883278012275696,0.011515437625348568,0.00015356618678197265,3.205178700227407e-06
481,data/dataset/Non_Demented/non_232.jpg,non_232.jpg,Non_Demented,0,Non_Demented,0,True,0.9999995231628418,4.1275393414252903e-07,0.9999991104089077,5.79744709085623e-06,0.9999656677246094,0.9999995231628418,4.1275393414252903e-07,8.971345977215606e-08,1.825355644413662e-09
482,data/dataset/Non_Demented/non_2828.jpg,non_2828.jpg,Non_Demented,0,Non_Demented,0,True,0.9988341927528381,0.000679530028719455,0.9981546627241187,0.007098123726409922,0.990664005279541,0.9988341927528381,0.000679530028719455,0.00048525104648433626,1.1337447176629212e-06
483,data/dataset/Non_Demented/non_429.jpg,non_429.jpg,Non_Demented,0,Non_Demented,0,True,0.9999996423721313,3.7276379316608654e-07,0.9999992696083382,4.402991453861601e-06,0.9999743700027466,0.9999996423721313,3.7276379316608654e-07,1.2413425842794368e-08,1.073840669163495e-10
484,data/dataset/Non_Demented/non_387.jpg,non_387.jpg,Non_Demented,0,Non_Demented,0,True,0.8990561962127686,0.10094228386878967,0.7981139123439789,0.23600390207492397,0.8283015489578247,0.8990561962127686,0.10094228386878967,1.1287372672086349e-06,3.759310516215919e-07
485,data/dataset/Non_Demented/non_1608.jpg,non_1608.jpg,Non_Demented,0,Non_Demented,0,True,0.9995529055595398,0.00042014673817902803,0.9991327588213608,0.002890370997629324,0.995725154876709,0.9995529055595398,0.00042014673817902803,2.3722743208054453e-05,3.2168070447369246e-06
486,data/dataset/Non_Demented/non_261.jpg,non_261.jpg,Non_Demented,0,Non_Demented,0,True,0.9999580383300781,4.021263521281071e-05,0.9999178256948653,0.0003401490797620078,0.9992413520812988,0.9999580383300781,4.021263521281071e-05,1.6366785757782054e-06,4.5892459610286096e-08
487,data/dataset/Non_Demented/non_943.jpg,non_943.jpg,Non_Demented,0,Non_Demented,0,True,0.9860677123069763,0.013465818017721176,0.9726018942892551,0.05458058068601397,0.9521791934967041,0.9860677123069763,0.013465818017721176,0.0003630545688793063,0.00010339626896893606
488,data/dataset/Non_Demented/non_2134.jpg,non_2134.jpg,Non_Demented,0,Non_Demented,0,True,0.9576600790023804,0.0423259399831295,0.9153341390192509,0.126552788702457,0.9039381742477417,0.9576600790023804,0.0423259399831295,1.3605686035589315e-05,4.5552113192570687e-07
489,data/dataset/Non_Demented/non_1248.jpg,non_1248.jpg,Non_Demented,0,Non_Demented,0,True,0.9999995231628418,5.237201321506291e-07,0.9999989994427096,5.9947642221790846e-06,0.9999673366546631,0.9999995231628418,5.237201321506291e-07,1.1283531442529693e-08,2.6844837464068405e-09
490,data/dataset/Non_Demented/non_1161.jpg,non_1161.jpg,Non_Demented,0,Non_Demented,0,True,0.973412275314331,0.02187659591436386,0.9515356793999672,0.09775126262125824,0.9194894433021545,0.973412275314331,0.004627499263733625,0.02187659591436386,8.359969797311351e-05
491,data/dataset/Non_Demented/non_1933.jpg,non_1933.jpg,Non_Demented,0,Non_Demented,0,True,0.9997292160987854,0.000270682416157797,0.9994585336826276,0.0018000747220026023,0.9972937703132629,0.9997292160987854,0.000270682416157797,3.031328432712144e-08,3.638669454630872e-08
492,data/dataset/Non_Demented/non_2486.jpg,non_2486.jpg,Non_Demented,0,Non_Demented,0,True,0.9731300473213196,0.026072578504681587,0.947057468816638,0.09182380531686178,0.9259589314460754,0.9731300473213196,0.0007947145495563745,0.026072578504681587,2.606032012408832e-06
493,data/dataset/Non_Demented/non_2335.jpg,non_2335.jpg,Non_Demented,0,Non_Demented,0,True,0.9998637437820435,0.00012967264046892524,0.9997340711415745,0.000992684616563265,0.9982118606567383,0.9998637437820435,0.00012967264046892524,6.2794479163130745e-06,2.679564374830079e-07
494,data/dataset/Non_Demented/non_257.jpg,non_257.jpg,Non_Demented,0,Non_Demented,0,True,0.964664876461029,0.034525077790021896,0.9301397986710072,0.11312179283441028,0.9111368060112,0.964664876461029,0.034525077790021896,0.0007774975383654237,3.257018397562206e-05
495,data/dataset/Non_Demented/non_2531.jpg,non_2531.jpg,Non_Demented,0,Non_Demented,0,True,0.9993809461593628,0.0006178765324875712,0.9987630696268752,0.003752026248090583,0.995058536529541,0.9993809461593628,0.0006178765324875712,8.639282782496593e-07,3.254716602896224e-07
496,data/dataset/Non_Demented/non_3003.jpg,non_3003.jpg,Non_Demented,0,Non_Demented,0,True,0.9998045563697815,0.00019530933059286326,0.9996092470391886,0.0013459236292667793,0.9978518486022949,0.9998045563697815,0.00019530933059286326,8.272672857856378e-08,5.696270477528742e-08
497,data/dataset/Non_Demented/non_1027.jpg,non_1027.jpg,Non_Demented,0,Non_Demented,0,True,0.9999979734420776,1.8171854208048899e-06,0.9999961562566568,2.105994819265495e-05,0.9999102354049683,0.9999979734420776,1.8171854208048899e-06,1.9831561814953602e-07,4.58787763335522e-09
498,data/dataset/Non_Demented/non_1439.jpg,non_1439.jpg,Non_Demented,0,Non_Demented,0,True,0.982023298740387,0.017904911190271378,0.9641183875501156,0.06530238759959726,0.9460026025772095,0.982023298740387,0.017904911190271378,7.123144314391539e-05,5.721719276152726e-07
499,data/dataset/Non_Demented/non_3002.jpg,non_3002.jpg,Non_Demented,0,Non_Demented,0,True,0.9884334206581116,0.011483603157103062,0.9769498175010085,0.04588210128971107,0.959872305393219,0.9884334206581116,0.011483603157103062,7.246471795951948e-05,1.051591334544355e-05
500,data/dataset/Non_Demented/non_3063.jpg,non_3063.jpg,Non_Demented,0,Non_Demented,0,True,0.8945088982582092,0.10159605741500854,0.7929128408432007,0.2552437517117659,0.8133859038352966,0.8945088982582092,0.10159605741500854,0.0038623311556875706,3.26113477058243e-05
501,data/dataset/Non_Demented/non_728.jpg,non_728.jpg,Non_Demented,0,Non_Demented,0,True,0.7843916416168213,0.21511678397655487,0.5692748576402664,0.3786780220017903,0.7144500017166138,0.7843916416168213,0.21511678397655487,0.00043036710121668875,6.118023884482682e-05
502,data/dataset/Non_Demented/non_1110.jpg,non_1110.jpg,Non_Demented,0,Non_Demented,0,True,0.9966204166412354,0.0033774205949157476,0.9932429960463196,0.01631855501651516,0.9834991097450256,0.9966204166412354,0.0033774205949157476,9.068205599760404e-07,1.1827394246211043e-06
503,data/dataset/Non_Demented/non_866.jpg,non_866.jpg,Non_Demented,0,Non_Demented,0,True,0.9972466230392456,0.0026268872898072004,0.9946197357494384,0.0140976530237549,0.9845484495162964,0.9972466230392456,0.0026268872898072004,0.00010962777741951868,1.687343501544092e-05
504,data/dataset/Non_Demented/non_548.jpg,non_548.jpg,Non_Demented,0,Non_Demented,0,True,0.9999425411224365,4.562079266179353e-05,0.9998969203297747,0.00046837245402241596,0.9989503026008606,0.9999425411224365,1.1528551112860441e-05,4.562079266179353e-05,3.189464052866242e-07
505,data/dataset/Non_Demented/non_2263.jpg,non_2263.jpg,Non_Demented,0,Non_Demented,0,True,0.9969593286514282,0.0019394162809476256,0.9950199123704806,0.016343931862818642,0.9816697835922241,0.9969593286514282,0.0011001717066392303,0.0019394162809476256,1.0457102916916483e-06
506,data/dataset/Non_Demented/non_2916.jpg,non_2916.jpg,Non_Demented,0,Non_Demented,0,True,0.9794473648071289,0.020431753247976303,0.9590156115591526,0.07282664469821866,0.9403789639472961,0.9794473648071289,0.020431753247976303,0.00011049482418457046,1.0409345122752711e-05
507,data/dataset/Non_Demented/non_1068.jpg,non_1068.jpg,Non_Demented,0,Non_Demented,0,True,0.9998146891593933,0.00018503962201066315,0.9996296495373826,0.0012841670778479723,0.9979233741760254,0.9998146891593933,0.00018503962201066315,1.1832989343929512e-07,1.6988929019134957e-07
508,data/dataset/Non_Demented/non_367.jpg,non_367.jpg,Non_Demented,0,Non_Demented,0,True,0.999981164932251,1.236643765878398e-05,0.9999687984945922,0.00017043102808937498,0.999519944190979,0.999981164932251,1.236643765878398e-05,6.472419499914395e-06,1.992154352592479e-08
509,data/dataset/Non_Demented/non_2862.jpg,non_2862.jpg,Non_Demented,0,Non_Demented,0,True,0.8430425524711609,0.0949326828122139,0.748109869658947,0.3899390160236598,0.7343754768371582,0.8430425524711609,0.0949326828122139,0.06193729490041733,8.741435158299282e-05
510,data/dataset/Non_Demented/non_1011.jpg,non_1011.jpg,Non_Demented,0,Non_Demented,0,True,0.9950287938117981,0.00455832201987505,0.990470471791923,0.023704559561674214,0.9758240580558777,0.9950287938117981,0.00455832201987505,0.0003807100874837488,3.2102874683914706e-05
511,data/dataset/Non_Demented/non_1667.jpg,non_1667.jpg,Non_Demented,0,Non_Demented,0,True,0.9307249188423157,0.06667662411928177,0.8640482947230339,0.1896189987564998,0.8586844801902771,0.9307249188423157,0.06667662411928177,0.0025948556140065193,3.639052010839805e-06
512,data/dataset/Non_Demented/non_3064.jpg,non_3064.jpg,Non_Demented,0,Non_Demented,0,True,0.9990285634994507,0.0009535250719636679,0.998075038427487,0.005625590466830962,0.9929591417312622,0.9990285634994507,1.76927733264165e-05,0.0009535250719636679,1.301312693158252e-07
513,data/dataset/Non_Demented/non_1906.jpg,non_1906.jpg,Non_Demented,0,Non_Demented,0,True,0.9974516034126282,0.002499954542145133,0.994951648870483,0.012990443497259196,0.9859602451324463,0.9974516034126282,4.7604517021682113e-05,0.002499954542145133,7.982891361280053e-07
514,data/dataset/Non_Demented/non_3058.jpg,non_3058.jpg,Non_Demented,0,Non_Demented,0,True,0.9738272428512573,0.026169292628765106,0.9476579502224922,0.08743538850828957,0.9309524893760681,0.9738272428512573,0.026169292628765106,3.1145409593591467e-06,3.59078342171415e-07
515,data/dataset/Non_Demented/non_1002.jpg,non_1002.jpg,Non_Demented,0,Non_Demented,0,True,0.999982476234436,1.745042573020328e-05,0.9999650258087058,0.0001520394969018898,0.9996128678321838,0.999982476234436,1.745042573020328e-05,1.2740839849811891e-07,1.774535296483748e-09
516,data/dataset/Non_Demented/non_652.jpg,non_652.jpg,Non_Demented,0,Non_Demented,0,True,0.9997888207435608,0.000140546981128864,0.9996482737624319,0.0015428100061913909,0.9972533583641052,0.9997888207435608,0.000140546981128864,6.97408031555824e-05,9.765363984115538e-07
517,data/dataset/Non_Demented/non_1602.jpg,non_1602.jpg,Non_Demented,0,Non_Demented,0,True,0.9980252981185913,0.001963699469342828,0.9960615986492485,0.010343370511082589,0.9885683059692383,0.9980252981185913,0.001963699469342828,1.0531182851991616e-05,4.0161251035897294e-07
518,data/dataset/Non_Demented/non_253.jpg,non_253.jpg,Non_Demented,0,Non_Demented,0,True,0.9998315572738647,0.00014518550597131252,0.9996863717678934,0.0012290924890898851,0.9977784752845764,0.9998315572738647,0.00014518550597131252,2.202744326496031e-05,1.1852689567604102e-06
519,data/dataset/Non_Demented/non_2107.jpg,non_2107.jpg,Non_Demented,0,Non_Demented,0,True,0.9998692274093628,0.00012341873662080616,0.999745808672742,0.0009593882547056222,0.9982545971870422,0.9998692274093628,0.00012341873662080616,7.323536465264624e-06,1.1744590722173598e-07
520,data/dataset/Non_Demented/non_2700.jpg,non_2700.jpg,Non_Demented,0,Non_Demented,0,True,0.9976569414138794,0.001675801002420485,0.9959811404114589,0.012945150253817124,0.9849048852920532,0.9976569414138794,0.001675801002420485,0.0006648274720646441,2.377741111558862e-06
521,data/dataset/Non_Demented/non_2912.jpg,non_2912.jpg,Non_Demented,0,Very_Mild_Demented,1,False,0.6735726594924927,0.3093757927417755,0.36419686675071716,0.5043025343462153,0.6084702014923096,0.3093757927417755,0.6735726594924927,0.016962260007858276,8.93209726200439e-05
522,data/dataset/Non_Demented/non_576.jpg,non_576.jpg,Non_Demented,0,Non_Demented,0,True,0.9980024695396423,0.0019974501337856054,0.9960050194058567,0.010396186651885448,0.9887065887451172,0.9980024695396423,0.0019974501337856054,2.4384631203133722e-08,1.655494763497245e-08
523,data/dataset/Non_Demented/non_72.jpg,non_72.jpg,Non_Demented,0,Non_Demented,0,True,0.9929249286651611,0.007075064815580845,0.9858498638495803,0.030354704088369707,0.9723073840141296,0.9929249286651611,0.007075064815580845,1.558384887800912e-08,2.1495150548389574e-08
524,data/dataset/Non_Demented/non_1563.jpg,non_1563.jpg,Non_Demented,0,Non_Demented,0,True,0.8993867635726929,0.08935956656932831,0.8100271970033646,0.2609515764220948,0.8112314939498901,0.8993867635726929,0.08935956656932831,0.011244360357522964,9.34602849156363e-06
525,data/dataset/Non_Demented/non_2150.jpg,non_2150.jpg,Non_Demented,0,Non_Demented,0,True,0.9999687671661377,3.0800540116615593e-05,0.9999379666260211,0.0002578263256614593,0.9994069337844849,0.9999687671661377,3.0800540116615593e-05,4.039340524286672e-07,1.609219069109713e-08
526,data/dataset/Non_Demented/non_1556.jpg,non_1556.jpg,Non_Demented,0,Mild_Demented,2,False,0.4597614109516144,0.33441489934921265,0.12534651160240173,0.7587509952847288,0.42345747351646423,0.33441489934921265,0.20541781187057495,0.4597614109516144,0.00040592142613604665
527,data/dataset/Non_Demented/non_274.jpg,non_274.jpg,Non_Demented,0,Non_Demented,0,True,0.6771737337112427,0.3227390944957733,0.35443463921546936,0.4542966438030315,0.6296378970146179,0.6771737337112427,0.3227390944957733,8.656789577798918e-05,6.253181936699548e-07
528,data/dataset/Non_Demented/non_2838.jpg,non_2838.jpg,Non_Demented,0,Non_Demented,0,True,0.9958581328392029,0.003127314615994692,0.9927308182232082,0.02123270666540146,0.9770231246948242,0.9958581328392029,0.0009379988769069314,0.003127314615994692,7.648568134754896e-05
529,data/dataset/Non_Demented/non_288.jpg,non_288.jpg,Non_Demented,0,Mild_Demented,2,False,0.9702380299568176,0.027878858149051666,0.942359171807766,0.10173663808753346,0.9181244969367981,0.027878858149051666,0.0018648173427209258,0.9702380299568176,1.8291320884600282e-05
530,data/dataset/Non_Demented/non_638.jpg,non_638.jpg,Non_Demented,0,Non_Demented,0,True,0.9953153133392334,0.004656082019209862,0.9906592313200235,0.021622616863582186,0.9788690209388733,0.9953153133392334,2.831234633049462e-05,0.004656082019209862,2.580118518835661e-07
531,data/dataset/Non_Demented/non_2673.jpg,non_2673.jpg,Non_Demented,0,Non_Demented,0,True,0.9997269511222839,0.00021828066383022815,0.9995086704584537,0.00191319328747508,0.9968197345733643,0.9997269511222839,5.4451382311526686e-05,0.00021828066383022815,3.050061820886185e-07
532,data/dataset/Non_Demented/non_89.jpg,non_89.jpg,Non_Demented,0,Non_Demented,0,True,0.8168984651565552,0.18300074338912964,0.6338977217674255,0.3440552271541872,0.7449195384979248,0.8168984651565552,0.18300074338912964,8.678688027430326e-05,1.400217843183782e-05
533,data/dataset/Non_Demented/non_2953.jpg,non_2953.jpg,Non_Demented,0,Non_Demented,0,True,0.9999988079071045,9.249595791516185e-07,0.9999978829475253,1.328359843313981e-05,0.9999340772628784,0.9999988079071045,2.833137386915041e-07,9.249595791516185e-07,5.272960290625406e-09
534,data/dataset/Non_Demented/non_583.jpg,non_583.jpg,Non_Demented,0,Non_Demented,0,True,0.9954413175582886,0.004492164123803377,0.9909491534344852,0.02126574614496956,0.9789035320281982,0.9954413175582886,6.401225255103782e-05,0.004492164123803377,2.4908883915486513e-06
535,data/dataset/Non_Demented/non_256.jpg,non_256.jpg,Non_Demented,0,Non_Demented,0,True,0.997826874256134,0.0021601940970867872,0.9956666801590472,0.011240637590995358,0.9877073168754578,0.997826874256134,0.0021601940970867872,8.077099664660636e-06,4.822623850486707e-06
536,data/dataset/Non_Demented/non_1194.jpg,non_1194.jpg,Non_Demented,0,Non_Demented,0,True,0.9999338388442993,6.618645420530811e-05,0.999867652390094,0.0005072165999848444,0.9990185499191284,0.9999338388442993,6.618645420530811e-05,3.1494029606449203e-09,7.816534641769124e-10
537,data/dataset/Non_Demented/non_941.jpg,non_941.jpg,Non_Demented,0,Non_Demented,0,True,0.9989905953407288,0.0009801924461498857,0.9980104028945789,0.005850636147653631,0.9926283359527588,0.9989905953407288,0.0009801924461498857,2.7485946702654473e-05,1.7025697616190882e-06
538,data/dataset/Non_Demented/non_3103.jpg,non_3103.jpg,Non_Demented,0,Non_Demented,0,True,0.9999631643295288,3.6557998100761324e-05,0.999926606331428,0.00029872183500048765,0.9993413090705872,0.9999631643295288,3.6557998100761324e-05,2.3097312862319086e-07,1.3993838088310895e-08
539,data/dataset/Non_Demented/non_805.jpg,non_805.jpg,Non_Demented,0,Non_Demented,0,True,0.9998693466186523,6.624576781177893e-05,0.9998031008508406,0.0010049036144130913,0.9980364441871643,0.9998693466186523,6.624576781177893e-05,6.406063039321452e-05,4.423718564794399e-07
540,data/dataset/Non_Demented/non_3021.jpg,non_3021.jpg,Non_Demented,0,Very_Mild_Demented,1,False,0.7895416617393494,0.19895292818546295,0.5905887335538864,0.40374187062961897,0.7044224739074707,0.19895292818546295,0.7895416617393494,0.011417283676564693,8.806302503217012e-05
541,data/dataset/Non_Demented/non_2504.jpg,non_2504.jpg,Non_Demented,0,Non_Demented,0,True,0.999858021736145,0.00011339170305291191,0.9997446300330921,0.0010608420632929683,0.9980180263519287,0.999858021736145,0.00011339170305291191,2.844175833160989e-05,4.917184526220808e-08
542,data/dataset/Non_Demented/non_1947.jpg,non_1947.jpg,Non_Demented,0,Non_Demented,0,True,0.9901414513587952,0.00985780917108059,0.9802836421877146,0.039932984920221584,0.9649947881698608,0.9901414513587952,0.00985780917108059,3.071350818117935e-07,4.375038713533286e-07
543,data/dataset/Non_Demented/non_632.jpg,non_632.jpg,Non_Demented,0,Non_Demented,0,True,0.9931625127792358,0.006789311766624451,0.9863732010126114,0.02971810493174318,0.9722995758056641,0.9931625127792358,0.006789311766624451,4.543716931948438e-05,2.702525989661808e-06
544,data/dataset/Non_Demented/non_433.jpg,non_433.jpg,Non_Demented,0,Non_Demented,0,True,0.8528405427932739,0.13391117751598358,0.7189293652772903,0.33353143676524105,0.7610534429550171,0.8528405427932739,0.013236808590590954,0.13391117751598358,1.1464675480965525e-05
545,data/dataset/Non_Demented/non_2523.jpg,non_2523.jpg,Non_Demented,0,Non_Demented,0,True,0.9995548129081726,0.00034067718661390245,0.9992141357215587,0.002981380387164712,0.9954056739807129,0.9995548129081726,0.00034067718661390245,0.00010263468720950186,1.9130534383293707e-06
546,data/dataset/Non_Demented/non_1488.jpg,non_1488.jpg,Non_Demented,0,Non_Demented,0,True,0.8678396940231323,0.12913677096366882,0.7387029230594635,0.29219628804145065,0.786578893661499,0.8678396940231323,0.12913677096366882,0.002989341737702489,3.4154039894929156e-05
547,data/dataset/Non_Demented/non_721.jpg,non_721.jpg,Non_Demented,0,Non_Demented,0,True,0.9141566157341003,0.08538620918989182,0.8287704065442085,0.21348109711359325,0.8427892327308655,0.9141566157341003,0.08538620918989182,0.00031455286080017686,0.00014269344683270901
548,data/dataset/Non_Demented/non_1878.jpg,non_1878.jpg,Non_Demented,0,Non_Demented,0,True,0.9942513704299927,0.005741709843277931,0.9885096605867147,0.0255678625967846,0.9758982062339783,0.9942513704299927,6.281626156123821e-06,0.005741709843277931,7.100857146724593e-07
549,data/dataset/Non_Demented/non_2708.jpg,non_2708.jpg,Non_Demented,0,Non_Demented,0,True,0.9999338388442993,5.9725058235926554e-05,0.9998741137860634,0.0005227318619962878,0.998894989490509,0.9999338388442993,6.17610385234002e-06,5.9725058235926554e-05,2.3230457202316757e-07
550,data/dataset/Non_Demented/non_159.jpg,non_159.jpg,Non_Demented,0,Non_Demented,0,True,0.9999996423721313,3.3332818816234067e-07,0.9999993090439432,3.864315226106986e-06,0.9999778270721436,0.9999996423721313,3.3332818816234067e-07,1.1704178737304005e-09,1.817923034330704e-10
551,data/dataset/Non_Demented/non_1015.jpg,non_1015.jpg,Non_Demented,0,Non_Demented,0,True,0.9996367692947388,0.00036234455183148384,0.9992744247429073,0.002341287664990728,0.9966272115707397,0.9996367692947388,0.00036234455183148384,7.156716037570732e-07,9.904002240546106e-08
552,data/dataset/Non_Demented/non_1703.jpg,non_1703.jpg,Non_Demented,0,Non_Demented,0,True,0.9998737573623657,0.00012606734526343644,0.9997476900171023,0.0009095943227025184,0.9984254837036133,0.9998737573623657,0.00012606734526343644,9.665194511399022e-08,7.6238379165261e-08
553,data/dataset/Non_Demented/non_780.jpg,non_780.jpg,Non_Demented,0,Non_Demented,0,True,0.9999392032623291,6.075699275243096e-05,0.9998784462695767,0.0004705539380618635,0.9990671277046204,0.9999392032623291,6.075699275243096e-05,5.363245136891237e-08,4.532935093948254e-08
554,data/dataset/Non_Demented/non_1122.jpg,non_1122.jpg,Non_Demented,0,Non_Demented,0,True,0.9999887943267822,7.996441127033904e-06,0.9999807978856552,0.00010583365582289339,0.9996604919433594,0.9999887943267822,7.996441127033904e-06,2.8185229439259274e-06,3.8176619909791043e-07
555,data/dataset/Non_Demented/non_837.jpg,non_837.jpg,Non_Demented,0,Non_Demented,0,True,0.9999960660934448,3.894370365742361e-06,0.9999921717230791,3.785942614542538e-05,0.9998716115951538,0.9999960660934448,3.894370365742361e-06,8.072039703321821e-10,1.2340523047882357e-09
556,data/dataset/Non_Demented/non_2762.jpg,non_2762.jpg,Non_Demented,0,Non_Demented,0,True,0.6854404807090759,0.3117954134941101,0.3736450672149658,0.4608897707065081,0.6300084590911865,0.6854404807090759,0.3117954134941101,0.002676059491932392,8.804838580545038e-05
557,data/dataset/Non_Demented/non_3139.jpg,non_3139.jpg,Non_Demented,0,Non_Demented,0,True,0.9966644644737244,0.0033076126128435135,0.9933568518608809,0.016241802384109792,0.9833085536956787,0.9966644644737244,0.0033076126128435135,2.7573361876420677e-05,3.3148606348731846e-07
558,data/dataset/Non_Demented/non_626.jpg,non_626.jpg,Non_Demented,0,Non_Demented,0,True,0.9999969005584717,3.115959543720237e-06,0.999993784598928,3.096016271253945e-05,0.9998881816864014,0.9999969005584717,3.115959543720237e-06,1.1364389429502353e-08,5.544712688987374e-09
559,data/dataset/Non_Demented/non_2325.jpg,non_2325.jpg,Non_Demented,0,Non_Demented,0,True,0.9999152421951294,4.6184904931578785e-05,0.9998690572901978,0.0006785748060274304,0.9985597729682922,0.9999152421951294,3.831712092505768e-05,4.6184904931578785e-05,3.514201978305209e-07
560,data/dataset/Non_Demented/non_1271.jpg,non_1271.jpg,Non_Demented,0,Non_Demented,0,True,0.9986513257026672,0.0013417243026196957,0.9973096014000475,0.007434608454630238,0.991292417049408,0.9986513257026672,0.0013417243026196957,6.444601694965968e-06,5.455320888358983e-07
561,data/dataset/Non_Demented/non_352.jpg,non_352.jpg,Non_Demented,0,Non_Demented,0,True,0.9999927282333374,4.968349458067678e-06,0.9999877598838793,7.059418602556138e-05,0.999756395816803,0.9999927282333374,4.968349458067678e-06,2.2253379938774742e-06,5.713480888402955e-08
562,data/dataset/Non_Demented/non_2793.jpg,non_2793.jpg,Non_Demented,0,Non_Demented,0,True,0.9999982118606567,1.4059288560019922e-06,0.9999968059318007,1.921575468270904e-05,0.9999125003814697,0.9999982118606567,1.4059288560019922e-06,3.857454089484236e-07,1.1440742575530294e-08
563,data/dataset/Non_Demented/non_20.jpg,non_20.jpg,Non_Demented,0,Non_Demented,0,True,0.9945144653320312,0.0031800977885723114,0.9913343675434589,0.027314835491959812,0.9718119502067566,0.9945144653320312,0.0031800977885723114,0.0022870905231684446,1.8448914488544688e-05
564,data/dataset/Non_Demented/non_956.jpg,non_956.jpg,Non_Demented,0,Very_Mild_Demented,1,False,0.6163179278373718,0.3831809163093567,0.23313701152801514,0.4832414099345676,0.5823304057121277,0.3831809163093567,0.6163179278373718,0.00040298450039699674,9.818824037211016e-05
565,data/dataset/Non_Demented/non_2988.jpg,non_2988.jpg,Non_Demented,0,Non_Demented,0,True,0.9997009038925171,0.00028994359308853745,0.9994109602994286,0.0019977786883260424,0.9969087243080139,0.9997009038925171,0.00028994359308853745,8.602140042057727e-06,5.776165039605985e-07
566,data/dataset/Non_Demented/non_605.jpg,non_605.jpg,Non_Demented,0,Non_Demented,0,True,0.9999865293502808,1.3485237104760017e-05,0.999973044113176,0.0001191469856623282,0.9996836185455322,0.9999865293502808,1.3485237104760017e-05,1.6865509877561635e-08,9.64804414138598e-09
567,data/dataset/Non_Demented/non_77.jpg,non_77.jpg,Non_Demented,0,Non_Demented,0,True,0.998656153678894,0.0009650930878706276,0.9976910605910234,0.008025148507572567,0.989565372467041,0.998656153678894,0.0009650930878706276,0.00035165937151759863,2.706652412598487e-05
568,data/dataset/Non_Demented/non_2274.jpg,non_2274.jpg,Non_Demented,0,Non_Demented,0,True,0.9999938011169434,6.188514817040414e-06,0.9999876126021263,5.8184048521831434e-05,0.9998194575309753,0.9999938011169434,1.2313956965215311e-08,6.188514817040414e-06,9.314667925863773e-10
569,data/dataset/Non_Demented/non_2796.jpg,non_2796.jpg,Non_Demented,0,Non_Demented,0,True,0.9999970197677612,2.79174355455325e-06,0.9999942280242067,2.937088461901866e-05,0.9998873472213745,0.9999970197677612,2.79174355455325e-06,1.1144589251443904e-07,1.375980751561201e-08
570,data/dataset/Non_Demented/non_38.jpg,non_38.jpg,Non_Demented,0,Non_Demented,0,True,0.9002070426940918,0.09953904151916504,0.8006680011749268,0.23546075936566785,0.8279299139976501,0.9002070426940918,0.09953904151916504,0.0002502411662135273,3.711418912644149e-06
571,data/dataset/Non_Demented/non_2391.jpg,non_2391.jpg,Non_Demented,0,Non_Demented,0,True,0.998734176158905,0.00126240449026227,0.9974717716686428,0.007022488309427933,0.99173903465271,0.998734176158905,0.00126240449026227,2.784525747756561e-07,3.140335820717155e-06
572,data/dataset/Non_Demented/non_416.jpg,non_416.jpg,Non_Demented,0,Very_Mild_Demented,1,False,0.8990186452865601,0.09156693518161774,0.8074517101049423,0.25887858353992,0.8119961619377136,0.09156693518161774,0.8990186452865601,0.009357046335935593,5.730631164624356e-05
573,data/dataset/Non_Demented/non_874.jpg,non_874.jpg,Non_Demented,0,Non_Demented,0,True,0.9994107484817505,0.0005889668827876449,0.9988217815989628,0.0035876938020586347,0.9952648878097534,0.9994107484817505,0.0005889668827876449,8.457578104525965e-08,1.882324482949116e-07
574,data/dataset/Non_Demented/non_878.jpg,non_878.jpg,Non_Demented,0,Non_Demented,0,True,0.9926536083221436,0.007341190241277218,0.9853124180808663,0.03135131667783049,0.9714035987854004,0.9926536083221436,0.007341190241277218,3.325421175759402e-06,1.8473241425454034e-06
575,data/dataset/Non_Demented/non_1370.jpg,non_1370.jpg,Non_Demented,0,Non_Demented,0,True,0.9999011754989624,6.296615902101621e-05,0.9998382093399414,0.0007776057838279756,0.9983974099159241,0.9999011754989624,6.296615902101621e-05,3.5166605812264606e-05,6.64850233533798e-07
576,data/dataset/Non_Demented/non_1715.jpg,non_1715.jpg,Non_Demented,0,Non_Demented,0,True,0.9920223951339722,0.006149670109152794,0.9858727250248194,0.03663965689210263,0.9647120237350464,0.9920223951339722,0.006149670109152794,0.0018263005185872316,1.6375831819459563e-06
577,data/dataset/Non_Demented/non_1568.jpg,non_1568.jpg,Non_Demented,0,Non_Demented,0,True,0.9974501729011536,0.0025459476746618748,0.9949042252264917,0.012842409430529035,0.9864409565925598,0.9974501729011536,0.0025459476746618748,3.1937127005221555e-06,6.141262360870314e-07
578,data/dataset/Non_Demented/non_2616.jpg,non_2616.jpg,Non_Demented,0,Non_Demented,0,True,0.9999972581863403,1.7313649323114078e-06,0.999995526821408,2.848953126678059e-05,0.9998799562454224,0.9999972581863403,1.7313649323114078e-06,9.89660520644975e-07,5.288725013485873e-09
579,data/dataset/Non_Demented/non_190.jpg,non_190.jpg,Non_Demented,0,Non_Demented,0,True,0.9291286468505859,0.04091591387987137,0.8882127329707146,0.21992924264239255,0.839410126209259,0.9291286468505859,0.029845543205738068,0.04091591387987137,0.00010993341129506007
580,data/dataset/Non_Demented/non_2819.jpg,non_2819.jpg,Non_Demented,0,Non_Demented,0,True,0.9994223117828369,0.0005734529113397002,0.9988488588714972,0.0035425574256047515,0.9952329993247986,0.9994223117828369,0.0005734529113397002,4.123432518099435e-06,1.4090380773268407e-07
581,data/dataset/Non_Demented/non_1388.jpg,non_1388.jpg,Non_Demented,0,Non_Demented,0,True,0.948445200920105,0.04848919063806534,0.8999560102820396,0.15492842124662537,0.881828784942627,0.948445200920105,0.04848919063806534,0.0030527098570019007,1.2891233382106293e-05
582,data/dataset/Non_Demented/non_1834.jpg,non_1834.jpg,Non_Demented,0,Non_Demented,0,True,0.9918187856674194,0.005252533126622438,0.986566252540797,0.03811960522398197,0.9631534218788147,0.9918187856674194,0.005252533126622438,0.002922730753198266,5.962688192084897e-06
583,data/dataset/Non_Demented/non_326.jpg,non_326.jpg,Non_Demented,0,Non_Demented,0,True,0.9777179956436157,0.022281775251030922,0.9554362203925848,0.07703631241350818,0.9382877945899963,0.9777179956436157,0.022281775251030922,1.0587307919251998e-08,2.1795909788124845e-07
584,data/dataset/Non_Demented/non_2238.jpg,non_2238.jpg,Non_Demented,0,Non_Demented,0,True,0.9992246627807617,0.0005330125568434596,0.9986916502239183,0.004929922995416206,0.9930249452590942,0.9992246627807617,0.00023712520487606525,0.0005330125568434596,5.151418918103445e-06
585,data/dataset/Non_Demented/non_829.jpg,non_829.jpg,Non_Demented,0,Non_Demented,0,True,0.9845518469810486,0.015096244402229786,0.9694556025788188,0.05884129500186271,0.9494879245758057,0.9845518469810486,0.015096244402229786,0.00030302416416816413,4.884834197582677e-05
586,data/dataset/Non_Demented/non_143.jpg,non_143.jpg,Non_Demented,0,Non_Demented,0,True,0.9999970197677612,2.6131433514819946e-06,0.9999944066244097,2.9745742556333222e-05,0.999881386756897,0.9999970197677612,2.7224564291827846e-07,2.6131433514819946e-06,3.179237850758909e-08
587,data/dataset/Non_Demented/non_2561.jpg,non_2561.jpg,Non_Demented,0,Non_Demented,0,True,0.9997385144233704,0.0002608036738820374,0.9994777107494883,0.0017482940040928758,0.9973331689834595,0.9997385144233704,6.709116178171826e-07,0.0002608036738820374,3.3539343746724626e-08
588,data/dataset/Non_Demented/non_328.jpg,non_328.jpg,Non_Demented,0,Non_Demented,0,True,0.9972615242004395,0.002738252282142639,0.9945232719182968,0.013629520278949715,0.9858517050743103,0.9972615242004395,0.002738252282142639,1.0709552356047425e-07,7.331541951316467e-08
589,data/dataset/Non_Demented/non_243.jpg,non_243.jpg,Non_Demented,0,Non_Demented,0,True,0.9999998807907104,1.4591311980893806e-07,0.9999997348775906,2.012218796344894e-06,0.9999847412109375,0.9999998807907104,1.9713230159368322e-08,1.4591311980893806e-07,1.1594993853947244e-09
590,data/dataset/Non_Demented/non_2376.jpg,non_2376.jpg,Non_Demented,0,Very_Mild_Demented,1,False,0.5278615951538086,0.47147294878959656,0.056388646364212036,0.5025846856380721,0.5179680585861206,0.47147294878959656,0.5278615951538086,0.0006416261894628406,2.3857566702645272e-05
591,data/dataset/Non_Demented/non_1843.jpg,non_1843.jpg,Non_Demented,0,Non_Demented,0,True,0.9855330586433411,0.014463812112808228,0.9710692465305328,0.05458766422144638,0.9541672468185425,0.9855330586433411,0.014463812112808228,2.39685914493748e-06,8.23300581487274e-07
592,data/dataset/Non_Demented/non_1430.jpg,non_1430.jpg,Non_Demented,0,Non_Demented,0,True,0.9959663152694702,0.004018500912934542,0.9919478143565357,0.01901821102638584,0.9811020493507385,0.9959663152694702,0.004018500912934542,1.5089763110154308e-05,1.4821966942690779e-07
593,data/dataset/Non_Demented/non_2751.jpg,non_2751.jpg,Non_Demented,0,Non_Demented,0,True,1.0,4.269154629810146e-08,0.9999999573084537,1.058096059113359e-06,0.9999897480010986,1.0,4.269154629810146e-08,4.217984894694382e-08,1.275330396843799e-09
594,data/dataset/Non_Demented/non_963.jpg,non_963.jpg,Non_Demented,0,Non_Demented,0,True,0.9435557723045349,0.05370383337140083,0.8898519389331341,0.1645278586317623,0.875521719455719,0.9435557723045349,0.05370383337140083,0.0027329560834914446,7.467410796380136e-06
595,data/dataset/Non_Demented/non_341.jpg,non_341.jpg,Non_Demented,0,Non_Demented,0,True,0.9933453798294067,0.0044648307375609875,0.9888805490918458,0.0319556234045286,0.9680822491645813,0.9933453798294067,0.0021735788322985172,0.0044648307375609875,1.622009222046472e-05
596,data/dataset/Non_Demented/non_1812.jpg,non_1812.jpg,Non_Demented,0,Non_Demented,0,True,0.9351115226745605,0.0567459873855114,0.8783655352890491,0.19120289447745217,0.8570979833602905,0.9351115226745605,0.0567459873855114,0.00808483175933361,5.7638630096334964e-05
597,data/dataset/Non_Demented/non_520.jpg,non_520.jpg,Non_Demented,0,Non_Demented,0,True,0.9983164072036743,0.0014015301130712032,0.9969148770906031,0.009550666195665487,0.9883203506469727,0.9983164072036743,0.0014015301130712032,0.00027178434538654983,1.0278528861817904e-05
598,data/dataset/Non_Demented/non_896.jpg,non_896.jpg,Non_Demented,0,Non_Demented,0,True,0.9996662139892578,0.0002773719315882772,0.9993888420576695,0.0022795789798370535,0.9963589310646057,0.9996662139892578,0.0002773719315882772,5.5749955208739266e-05,6.054700065760699e-07
599,data/dataset/Non_Demented/non_1937.jpg,non_1937.jpg,Non_Demented,0,Non_Demented,0,True,0.9997530579566956,0.0002467015874572098,0.9995063563692383,0.00165959143263327,0.9974530339241028,0.9997530579566956,0.0002467015874572098,1.4113068402821227e-07,1.334754244908254e-07
600,data/dataset/Non_Demented/non_1795.jpg,non_1795.jpg,Non_Demented,0,Non_Demented,0,True,0.9972171783447266,0.0027820870745927095,0.9944350912701339,0.013822104570325644,0.9856648445129395,0.9972171783447266,0.0027820870745927095,7.365762826339051e-07,4.8586038303710666e-08
601,data/dataset/Non_Demented/non_123.jpg,non_123.jpg,Non_Demented,0,Non_Demented,0,True,0.9304432272911072,0.06950127333402634,0.8609419539570808,0.18247778464255474,0.8653658032417297,0.9304432272911072,0.06950127333402634,4.640833503799513e-05,9.17048873816384e-06
602,data/dataset/Non_Demented/non_308.jpg,non_308.jpg,Non_Demented,0,Non_Demented,0,True,0.9997419714927673,0.00018623210780788213,0.9995557393849595,0.0018350293560314306,0.9968892931938171,0.9997419714927673,0.00018623210780788213,7.160638051573187e-05,1.9434330056355975e-07
603,data/dataset/Non_Demented/non_222.jpg,non_222.jpg,Non_Demented,0,Non_Demented,0,True,0.9998248219490051,0.00017501226102467626,0.9996498096879805,0.0012202640183536263,0.9980125427246094,0.9998248219490051,0.00017501226102467626,8.730665257417058e-08,6.609246838706895e-08
604,data/dataset/Non_Demented/non_2402.jpg,non_2402.jpg,Non_Demented,0,Non_Demented,0,True,0.9970979690551758,0.0028940567281097174,0.9942039123270661,0.014360846942225692,0.9850843548774719,0.9970979690551758,0.0028940567281097174,7.885327249823604e-06,1.1570027425023e-07
605,data/dataset/Non_Demented/non_2459.jpg,non_2459.jpg,Non_Demented,0,Non_Demented,0,True,0.999974250793457,2.571000914031174e-05,0.9999485407843167,0.0002148688929759355,0.9994996786117554,0.999974250793457,2.571000914031174e-05,1.2400827920089341e-08,9.603257744572602e-09
606,data/dataset/Non_Demented/non_1211.jpg,non_1211.jpg,Non_Demented,0,Non_Demented,0,True,0.9637160897254944,0.03581606224179268,0.9279000274837017,0.11433988145697749,0.9108763933181763,0.9637160897254944,0.03581606224179268,0.0004549494478851557,1.2944583431817591e-05
607,data/dataset/Non_Demented/non_2354.jpg,non_2354.jpg,Non_Demented,0,Non_Demented,0,True,0.9999934434890747,6.558043878612807e-06,0.9999868854451961,6.168688815815918e-05,0.999809205532074,0.9999934434890747,3.966184891623925e-08,6.558043878612807e-06,6.963360443812405e-10
608,data/dataset/Non_Demented/non_2082.jpg,non_2082.jpg,Non_Demented,0,Non_Demented,0,True,0.9662867784500122,0.024619368836283684,0.9416674096137285,0.12080884763544684,0.9034438729286194,0.9662867784500122,0.024619368836283684,0.009025978855788708,6.787487654946744e-05
609,data/dataset/Non_Demented/non_1242.jpg,non_1242.jpg,Non_Demented,0,Non_Demented,0,True,0.9999682903289795,2.0788393157999963e-05,0.9999475019358215,0.00027564401800771415,0.9992902278900146,0.9999682903289795,2.0788393157999963e-05,1.0608754564600531e-05,3.197184526015917e-07
610,data/dataset/Non_Demented/non_604.jpg,non_604.jpg,Non_Demented,0,Non_Demented,0,True,0.9859666228294373,0.010428228415548801,0.9755383944138885,0.05916469225343671,0.9469678997993469,0.9859666228294373,0.010428228415548801,0.0035655165556818247,3.9652288251090795e-05
611,data/dataset/Non_Demented/non_902.jpg,non_902.jpg,Non_Demented,0,Non_Demented,0,True,0.9996337890625,0.0003400610585231334,0.9992937280039769,0.0024232271530665998,0.9963108897209167,0.9996337890625,0.0003400610585231334,2.6026171326520853e-05,1.6388736412409344e-07
612,data/dataset/Non_Demented/non_1697.jpg,non_1697.jpg,Non_Demented,0,Non_Demented,0,True,0.9998956918716431,0.00010416036093374714,0.9997915315107093,0.0007656974968219935,0.9986299276351929,0.9998956918716431,0.00010416036093374714,1.2601762477970624e-07,3.6423779548044877e-09
613,data/dataset/Non_Demented/non_3146.jpg,non_3146.jpg,Non_Demented,0,Non_Demented,0,True,0.9961003065109253,0.003741410095244646,0.9923588964156806,0.01891759983201664,0.9804112911224365,0.9961003065109253,0.003741410095244646,0.0001475252356613055,1.0827254300238565e-05
614,data/dataset/Non_Demented/non_41.jpg,non_41.jpg,Non_Demented,0,Non_Demented,0,True,0.9970741271972656,0.0026298067532479763,0.9944443204440176,0.015186973667331953,0.9831132888793945,0.9970741271972656,0.0026298067532479763,0.00026288899243809283,3.311034743092023e-05
615,data/dataset/Non_Demented/non_719.jpg,non_719.jpg,Non_Demented,0,Non_Demented,0,True,0.9955887794494629,0.004407099913805723,0.9911816795356572,0.02045841927338574,0.980032742023468,0.9955887794494629,0.004407099913805723,2.7621581466519274e-06,1.33638161514682e-06
616,data/dataset/Non_Demented/non_2092.jpg,non_2092.jpg,Non_Demented,0,Non_Demented,0,True,0.9917041063308716,0.008112410083413124,0.9835916962474585,0.03529285269150921,0.9674462080001831,0.9917041063308716,0.008112410083413124,0.0001762408937793225,7.2194561653304845e-06
617,data/dataset/Non_Demented/non_2111.jpg,non_2111.jpg,Non_Demented,0,Non_Demented,0,True,0.8155063986778259,0.1844632774591446,0.6310431212186813,0.34512192804833236,0.7441794872283936,0.8155063986778259,0.1844632774591446,2.825292176567018e-05,1.993469368244405e-06
618,data/dataset/Non_Demented/non_379.jpg,non_379.jpg,Non_Demented,0,Non_Demented,0,True,0.9999994039535522,3.7447719591909845e-07,0.9999990294763563,6.901255892414556e-06,0.9999598264694214,0.9999994039535522,2.23455387526883e-07,3.7447719591909845e-07,3.5397201836318004e-10
619,data/dataset/Non_Demented/non_1000.jpg,non_1000.jpg,Non_Demented,0,Non_Demented,0,True,0.9999831914901733,1.622789932298474e-05,0.9999669635908504,0.00014735606627732875,0.9996063113212585,0.9999831914901733,1.622789932298474e-05,4.714444514775096e-07,1.0112808723761191e-07
620,data/dataset/Non_Demented/non_2970.jpg,non_2970.jpg,Non_Demented,0,Non_Demented,0,True,0.9998809099197388,0.00011651948443613946,0.9997643904353026,0.0008712947604758543,0.9984234571456909,0.9998809099197388,0.00011651948443613946,2.2918341073818738e-06,2.3986476094250975e-07
621,data/dataset/Non_Demented/non_2412.jpg,non_2412.jpg,Non_Demented,0,Non_Demented,0,True,0.9903711676597595,0.005007405765354633,0.9853637618944049,0.04412774388946444,0.9580589532852173,0.9903711676597595,0.005007405765354633,0.004583754576742649,3.766663940041326e-05
622,data/dataset/Non_Demented/non_435.jpg,non_435.jpg,Non_Demented,0,Non_Demented,0,True,0.9999809265136719,1.238283766724635e-05,0.9999685436760046,0.00017243961624000657,0.9995098114013672,0.9999809265136719,6.521589057228994e-06,1.238283766724635e-05,1.388405337365839e-07
623,data/dataset/Non_Demented/non_2211.jpg,non_2211.jpg,Non_Demented,0,Non_Demented,0,True,0.5571805834770203,0.44223475456237793,0.11494582891464233,0.4985208215895094,0.5393109917640686,0.5571805834770203,0.44223475456237793,0.0005764374509453773,8.155140676535666e-06
624,data/dataset/Very_Mild_Demented/verymild_1072.jpg,verymild_1072.jpg,Very_Mild_Demented,1,Very_Mild_Demented,1,True,0.6551413536071777,0.34167084097862244,0.3134705126285553,0.4787532216906636,0.6057940125465393,0.34167084097862244,0.6551413536071777,0.002688909647986293,0.0004989219014532864
625,data/dataset/Very_Mild_Demented/verymild_396.jpg,verymild_396.jpg,Very_Mild_Demented,1,Very_Mild_Demented,1,True,0.988976776599884,0.009393436834216118,0.9795833397656679,0.047397967123331546,0.9560697078704834,0.009393436834216118,0.988976776599884,0.0015065057668834925,0.0001233127695741132
626,data/dataset/Very_Mild_Demented/verymild_1539.jpg,verymild_1539.jpg,Very_Mild_Demented,1,Very_Mild_Demented,1,True,0.9993372559547424,0.0005757244653068483,0.9987615314894356,0.004165381846788734,0.9941521286964417,0.0005757244653068483,0.9993372559547424,8.634351252112538e-05,6.419461442419561e-07
627,data/dataset/Very_Mild_Demented/verymild_898.jpg,verymild_898.jpg,Very_Mild_Demented,1,Very_Mild_Demented,1,True,0.9804744720458984,0.013223523274064064,0.9672509487718344,0.07828032742069295,0.9331100583076477,0.006295310333371162,0.9804744720458984,0.013223523274064064,6.702722657792037e-06
628,data/dataset/Very_Mild_Demented/verymild_2240.jpg,verymild_2240.jpg,Very_Mild_Demented,1,Very_Mild_Demented,1,True,0.9996782541275024,0.00032122500124387443,0.9993570291262586,0.002101861782459538,0.996911346912384,0.00032122500124387443,0.9996782541275024,2.574765858298633e-07,2.972745392071374e-07
629,data/dataset/Very_Mild_Demented/verymild_1225.jpg,verymild_1225.jpg,Very_Mild_Demented,1,Very_Mild_Demented,1,True,0.9993700385093689,0.0006071659154258668,0.998762872593943,0.0038796615600910646,0.9946780204772949,0.0006071659154258668,0.9993700385093689,2.0519168174359947e-05,2.3118168428482022e-06
630,data/dataset/Very_Mild_Demented/verymild_1147.jpg,verymild_1147.jpg,Very_Mild_Demented,1,Very_Mild_Demented,1,True,0.9675450921058655,0.030121224001049995,0.9374238681048155,0.10954025413019229,0.9123457074165344,0.030121224001049995,0.9675450921058655,0.0022709667682647705,6.279768422245979e-05
631,data/dataset/Very_Mild_Demented/verymild_2175.jpg,verymild_2175.jpg,Very_Mild_Demented,1,Very_Mild_Demented,1,True,0.9983564019203186,0.0015771674225106835,0.9967792344978079,0.008990533481564377,0.9894558787345886,0.0015771674225106835,0.9983564019203186,6.522793410113081e-05,1.2156212960690027e-06
632,data/dataset/Very_Mild_Demented/verymild_2110.jpg,verymild_2110.jpg,Very_Mild_Demented,1,Very_Mild_Demented,1,True,0.9979506134986877,0.0020332701969891787,0.9959173433016986,0.010702750429699015,0.9881551265716553,0.0020332701969891787,0.9979506134986877,1.1633839676505886e-05,4.48804303232464e-06
633,data/dataset/Very_Mild_Demented/verymild_1205.jpg,verymild_1205.jpg,Very_Mild_Demented,1,Very_Mild_Demented,1,True,0.8742654919624329,0.12448594719171524,0.7497795447707176,0.27798149199101235,0.7966037392616272,0.12448594719171524,0.8742654919624329,0.0012116999132558703,3.6872959753964096e-05
634,data/dataset/Very_Mild_Demented/verymild_603.jpg,verymild_603.jpg,Very_Mild_Demented,1,Very_Mild_Demented,1,True,0.7571298480033875,0.24285894632339478,0.5142709016799927,0.39998327578633774,0.6937165856361389,0.24285894632339478,0.7571298480033875,8.678553058416583e-06,2.5068518425541697e-06
635,data/dataset/Very_Mild_Demented/verymild_1469.jpg,verymild_1469.jpg,Very_Mild_Demented,1,Very_Mild_Demented,1,True,0.9934004545211792,0.006385177839547396,0.9870152766816318,0.029358731059391827,0.9718960523605347,0.006385177839547396,0.9934004545211792,0.00020409161515999585,1.034113756759325e-05
636,data/dataset/Very_Mild_Demented/verymild_2145.jpg,verymild_2145.jpg,Very_Mild_Demented,1,Very_Mild_Demented,1,True,0.995749831199646,0.003449703101068735,0.9923001280985773,0.021305807353704916,0.9775271415710449,0.003449703101068735,0.995749831199646,0.0007957209600135684,4.778814400197007e-06
637,data/dataset/Very_Mild_Demented/verymild_1591.jpg,verymild_1591.jpg,Very_Mild_Demented,1,Very_Mild_Demented,1,True,0.9884058237075806,0.01144648902118206,0.9769593346863985,0.046203037039594594,0.9593372344970703,0.01144648902118206,0.9884058237075806,0.00012969692761544138,1.8019511117017828e-05
638,data/dataset/Very_Mild_Demented/verymild_1664.jpg,verymild_1664.jpg,Very_Mild_Demented,1,Non_Demented,0,False,0.5481614470481873,0.4517758786678314,0.09638556838035583,0.497104114503027,0.534294843673706,0.5481614470481873,0.4517758786678314,5.965963646303862e-05,3.0269848139141686e-06
639,data/dataset/Very_Mild_Demented/verymild_657.jpg,verymild_657.jpg,Very_Mild_Demented,1,Very_Mild_Demented,1,True,0.990475594997406,0.007345914840698242,0.9831296801567078,0.04261715846067123,0.9597343802452087,0.007345914840698242,0.990475594997406,0.002149533946067095,2.895076795539353e-05
640,data/dataset/Very_Mild_Demented/verymild_8.jpg,verymild_8.jpg,Very_Mild_Demented,1,Very_Mild_Demented,1,True,0.6929801106452942,0.3063369393348694,0.3866431713104248,0.44859606386187006,0.6395289897918701,0.3063369393348694,0.6929801106452942,0.000550137716345489,0.00013286684406921268
641,data/dataset/Very_Mild_Demented/verymild_1096.jpg,verymild_1096.jpg,Very_Mild_Demented,1,Very_Mild_Demented,1,True,0.9965950846672058,0.0025149001739919186,0.9940801844932139,0.017833243843868793,0.9804295301437378,0.0025149001739919186,0.9965950846672058,0.0008872157777659595,2.747478220044286e-06
642,data/dataset/Very_Mild_Demented/verymild_239.jpg,verymild_239.jpg,Very_Mild_Demented,1,Very_Mild_Demented,1,True,0.9705706238746643,0.026247663423419,0.9443229604512453,0.1031734133995884,0.9164502024650574,0.026247663423419,0.9705706238746643,0.0031461978796869516,3.547564483596943e-05
643,data/dataset/Very_Mild_Demented/verymild_1728.jpg,verymild_1728.jpg,Very_Mild_Demented,1,Very_Mild_Demented,1,True,0.9994847774505615,0.0004904716042801738,0.9989943058462813,0.003260029566863723,0.9953505992889404,0.0004904716042801738,0.9994847774505615,2.3503978809458204e-05,1.1947864777539507e-06
644,data/dataset/Very_Mild_Demented/verymild_1361.jpg,verymild_1361.jpg,Very_Mild_Demented,1,Very_Mild_Demented,1,True,0.993117094039917,0.006876253988593817,0.9862408400513232,0.029705996278230874,0.972662627696991,0.006876253988593817,0.993117094039917,5.639761639031349e-06,8.882465749593393e-07
645,data/dataset/Very_Mild_Demented/verymild_1186.jpg,verymild_1186.jpg,Very_Mild_Demented,1,Very_Mild_Demented,1,True,0.9993318915367126,0.000561662542168051,0.9987702289945446,0.004217958824217738,0.9940606951713562,0.000561662542168051,0.9993318915367126,0.00010617094812914729,2.718238931720407e-07
646,data/dataset/Very_Mild_Demented/verymild_1421.jpg,verymild_1421.jpg,Very_Mild_Demented,1,Non_Demented,0,False,0.7692990303039551,0.23059417307376862,0.5387048572301865,0.3903092946709675,0.7032408118247986,0.7692990303039551,0.23059417307376862,9.624503582017496e-05,1.0591755199129693e-05
647,data/dataset/Very_Mild_Demented/verymild_199.jpg,verymild_199.jpg,Very_Mild_Demented,1,Very_Mild_Demented,1,True,0.9683445692062378,0.02855287306010723,0.9397916961461306,0.10872897971932538,0.9127954244613647,0.0030809573363512754,0.9683445692062378,0.02855287306010723,2.1566173018072732e-05
648,data/dataset/Very_Mild_Demented/verymild_1777.jpg,verymild_1777.jpg,Very_Mild_Demented,1,Very_Mild_Demented,1,True,0.9985696077346802,0.001131728757172823,0.9974378789775074,0.00835986369554924,0.9893978834152222,0.001131728757172823,0.9985696077346802,0.0002840444212779403,1.460265957575757e-05
649,data/dataset/Very_Mild_Demented/verymild_1125.jpg,verymild_1125.jpg,Very_Mild_Demented,1,Very_Mild_Demented,1,True,0.9999134540557861,6.84229307807982e-05,0.9998450311250053,0.0006794979951252137,0.9985947012901306,6.84229307807982e-05,0.9999134540557861,1.7795291569200344e-05,3.1101345143724757e-07
650,data/dataset/Very_Mild_Demented/verymild_1095.jpg,verymild_1095.jpg,Very_Mild_Demented,1,Very_Mild_Demented,1,True,0.997818112373352,0.002020686399191618,0.9957974259741604,0.01163476203592945,0.9867621064186096,0.002020686399191618,0.997818112373352,0.00016022584168240428,8.991017921289313e-07
651,data/dataset/Very_Mild_Demented/verymild_1144.jpg,verymild_1144.jpg,Very_Mild_Demented,1,Very_Mild_Demented,1,True,0.9740309715270996,0.025918951258063316,0.9481120202690363,0.08714079297627726,0.930801272392273,0.025918951258063316,0.9740309715270996,5.0003342039417475e-05,1.5643308870494366e-07
652,data/dataset/Very_Mild_Demented/verymild_968.jpg,verymild_968.jpg,Very_Mild_Demented,1,Very_Mild_Demented,1,True,0.8641881942749023,0.13563692569732666,0.7285512685775757,0.28757937078337587,0.7898208498954773,0.13563692569732666,0.8641881942749023,0.00016319277347065508,1.1779174201365095e-05
653,data/dataset/Very_Mild_Demented/verymild_2158.jpg,verymild_2158.jpg,Very_Mild_Demented,1,Very_Mild_Demented,1,True,0.9561106562614441,0.04381113499403,0.9122995212674141,0.1303515522436304,0.9009371995925903,0.04381113499403,0.9561106562614441,7.319785800063983e-05,5.031758064433234e-06
654,data/dataset/Very_Mild_Demented/verymild_2059.jpg,verymild_2059.jpg,Very_Mild_Demented,1,Very_Mild_Demented,1,True,0.7209231853485107,0.2790141701698303,0.4419090151786804,0.4275256523870758,0.6639123558998108,0.2790141701698303,0.7209231853485107,6.0816055338364094e-05,1.8193309188063722e-06
655,data/dataset/Very_Mild_Demented/verymild_190.jpg,verymild_190.jpg,Very_Mild_Demented,1,Very_Mild_Demented,1,True,0.999933123588562,4.370642636786215e-05,0.9998894171621941,0.0005438544050403177,0.9988062381744385,4.370642636786215e-05,0.999933123588562,2.318427686986979e-05,5.49668399685288e-08
656,data/dataset/Very_Mild_Demented/verymild_1858.jpg,verymild_1858.jpg,Very_Mild_Demented,1,Very_Mild_Demented,1,True,0.9988535642623901,0.0010694514494389296,0.9977841128129512,0.006633988906430068,0.9916567802429199,0.0010694514494389296,0.9988535642623901,7.586544961668551e-05,1.1306850637993193e-06
657,data/dataset/Very_Mild_Demented/verymild_1377.jpg,verymild_1377.jpg,Very_Mild_Demented,1,Very_Mild_Demented,1,True,0.9974418878555298,0.0025520632043480873,0.9948898246511817,0.012890243448914714,0.9863524436950684,0.0025520632043480873,0.9974418878555298,3.7861486816836987e-06,2.2760123101761565e-06
658,data/dataset/Very_Mild_Demented/verymild_1474.jpg,verymild_1474.jpg,Very_Mild_Demented,1,Very_Mild_Demented,1,True,0.9529966115951538,0.046892616897821426,0.9061039946973324,0.1373716475757053,0.8959274291992188,0.046892616897821426,0.9529966115951538,8.38265914353542e-05,2.691174449864775e-05
659,data/dataset/Very_Mild_Demented/verymild_830.jpg,verymild_830.jpg,Very_Mild_Demented,1,Very_Mild_Demented,1,True,0.8930089473724365,0.09359046071767807,0.7994184866547585,0.2751029538700275,0.8016672134399414,0.09359046071767807,0.8930089473724365,0.013248427771031857,0.00015218910994008183
660,data/dataset/Very_Mild_Demented/verymild_987.jpg,verymild_987.jpg,Very_Mild_Demented,1,Very_Mild_Demented,1,True,0.9136394262313843,0.08634308725595474,0.8272963389754295,0.21222398992711156,0.8449748754501343,0.08634308725595474,0.9136394262313843,1.6864241842995398e-05,6.507919465548184e-07
661,data/dataset/Very_Mild_Demented/verymild_1494.jpg,verymild_1494.jpg,Very_Mild_Demented,1,Very_Mild_Demented,1,True,0.9809771180152893,0.01896899938583374,0.9620081186294556,0.06823113390571843,0.9439952373504639,0.01896899938583374,0.9809771180152893,5.223172775004059e-05,1.6137046259245835e-06
662,data/dataset/Very_Mild_Demented/verymild_343.jpg,verymild_343.jpg,Very_Mild_Demented,1,Very_Mild_Demented,1,True,0.9570536613464355,0.024190790951251984,0.9328628703951836,0.14910362683587836,0.8849130868911743,0.018746010959148407,0.9570536613464355,0.024190790951251984,9.450103789276909e-06
663,data/dataset/Very_Mild_Demented/verymild_1802.jpg,verymild_1802.jpg,Very_Mild_Demented,1,Very_Mild_Demented,1,True,0.9994221925735474,0.0004563048423733562,0.998965887731174,0.0037520500972472457,0.994472324848175,0.0004563048423733562,0.9994221925735474,0.00011720587644958869,4.274984348739963e-06
664,data/dataset/Very_Mild_Demented/verymild_1886.jpg,verymild_1886.jpg,Very_Mild_Demented,1,Very_Mild_Demented,1,True,0.9980481863021851,0.0018038006965070963,0.996244385605678,0.010569410130701944,0.9877763986587524,0.0018038006965070963,0.9980481863021851,0.0001477619807701558,1.9413121776779008e-07
665,data/dataset/Very_Mild_Demented/verymild_18.jpg,verymild_18.jpg,Very_Mild_Demented,1,Very_Mild_Demented,1,True,0.9717313647270203,0.02809019759297371,0.9436411671340466,0.0936803150372631,0.9255068302154541,0.02809019759297371,0.9717313647270203,0.00011586393520701677,6.256336928345263e-05
666,data/dataset/Very_Mild_Demented/verymild_429.jpg,verymild_429.jpg,Very_Mild_Demented,1,Very_Mild_Demented,1,True,0.9798834919929504,0.020108917728066444,0.959774574264884,0.07109881024740977,0.9423098564147949,0.020108917728066444,0.9798834919929504,5.73273655390949e-06,1.860717588897387e-06
667,data/dataset/Very_Mild_Demented/verymild_1248.jpg,verymild_1248.jpg,Very_Mild_Demented,1,Mild_Demented,2,False,0.7310620546340942,0.19535474479198456,0.5357073098421097,0.5345784031997668,0.6328181028366089,0.19535474479198456,0.07343509048223495,0.7310620546340942,0.00014806329272687435
668,data/dataset/Very_Mild_Demented/verymild_135.jpg,verymild_135.jpg,Very_Mild_Demented,1,Very_Mild_Demented,1,True,0.9811893701553345,0.017623314633965492,0.963566055521369,0.07056973249431954,0.9403248429298401,0.0011829303111881018,0.9811893701553345,0.017623314633965492,4.273100785212591e-06
669,data/dataset/Very_Mild_Demented/verymild_1963.jpg,verymild_1963.jpg,Very_Mild_Demented,1,Very_Mild_Demented,1,True,0.9882133603096008,0.011772718280553818,0.976440642029047,0.04629018387346148,0.9600697755813599,0.011772718280553818,0.9882133603096008,1.1783920854213648e-05,2.0730149117298424e-06
670,data/dataset/Very_Mild_Demented/verymild_1229.jpg,verymild_1229.jpg,Very_Mild_Demented,1,Very_Mild_Demented,1,True,0.6634200215339661,0.3306601643562317,0.3327598571777344,0.4824164521540414,0.6097382307052612,0.3306601643562317,0.6634200215339661,0.005879032425582409,4.0783888834994286e-05
671,data/dataset/Very_Mild_Demented/verymild_624.jpg,verymild_624.jpg,Very_Mild_Demented,1,Very_Mild_Demented,1,True,0.9511306285858154,0.04542452469468117,0.9057061038911343,0.15001823057316677,0.88472980260849,0.04542452469468117,0.9511306285858154,0.003375319531187415,6.946724897716194e-05
672,data/dataset/Very_Mild_Demented/verymild_1561.jpg,verymild_1561.jpg,Very_Mild_Demented,1,Very_Mild_Demented,1,True,0.9899829626083374,0.008528536185622215,0.9814544264227152,0.0435306658085604,0.9595674872398376,0.008528536185622215,0.9899829626083374,0.0014792013680562377,9.318871889263391e-06
673,data/dataset/Very_Mild_Demented/verymild_51.jpg,verymild_51.jpg,Very_Mild_Demented,1,Very_Mild_Demented,1,True,0.9788121581077576,0.020773449912667274,0.9580387081950903,0.07550650523625214,0.9378735423088074,0.00041336481808684766,0.9788121581077576,0.020773449912667274,1.0037597348855343e-06
674,data/dataset/Very_Mild_Demented/verymild_110.jpg,verymild_110.jpg,Very_Mild_Demented,1,Very_Mild_Demented,1,True,0.9999467134475708,5.297448660712689e-05,0.9998937389609637,0.0004181085928619741,0.9991421699523926,5.297448660712689e-05,0.9999467134475708,2.983303772907675e-07,1.5755388105276324e-08
675,data/dataset/Very_Mild_Demented/verymild_214.jpg,verymild_214.jpg,Very_Mild_Demented,1,Very_Mild_Demented,1,True,0.9999490976333618,3.592555731302127e-05,0.9999131720760488,0.0004226827603387793,0.9990264177322388,3.592555731302127e-05,0.9999490976333618,1.5003532098489814e-05,4.427501210102491e-08
676,data/dataset/Very_Mild_Demented/verymild_1990.jpg,verymild_1990.jpg,Very_Mild_Demented,1,Non_Demented,0,False,0.5649067759513855,0.4350760579109192,0.1298307180404663,0.4940504335499697,0.546654462814331,0.5649067759513855,0.4350760579109192,1.262654950551223e-05,4.591036486090161e-06
677,data/dataset/Very_Mild_Demented/verymild_696.jpg,verymild_696.jpg,Very_Mild_Demented,1,Very_Mild_Demented,1,True,0.9943755865097046,0.00436011515557766,0.9900154713541269,0.02730405701676277,0.972150981426239,0.00436011515557766,0.9943755865097046,0.0012431787326931953,2.114205744874198e-05
678,data/dataset/Very_Mild_Demented/verymild_1295.jpg,verymild_1295.jpg,Very_Mild_Demented,1,Very_Mild_Demented,1,True,0.9999793767929077,1.985670496651437e-05,0.9999595200879412,0.00017770296346183122,0.9995443224906921,1.985670496651437e-05,0.9999793767929077,6.740853564224381e-07,7.037252203190292e-08
679,data/dataset/Very_Mild_Demented/verymild_1420.jpg,verymild_1420.jpg,Very_Mild_Demented,1,Very_Mild_Demented,1,True,0.9996682405471802,0.0003072438994422555,0.9993609966477379,0.0022210444158930046,0.9965452551841736,0.0003072438994422555,0.9996682405471802,2.3902372049633414e-05,5.562022238336795e-07
680,data/dataset/Very_Mild_Demented/verymild_1794.jpg,verymild_1794.jpg,Very_Mild_Demented,1,Very_Mild_Demented,1,True,0.9943029880523682,0.003251476213335991,0.9910515118390322,0.02817658949808387,0.9711900949478149,0.002438741037622094,0.9943029880523682,0.003251476213335991,6.864013812446501e-06
681,data/dataset/Very_Mild_Demented/verymild_1548.jpg,verymild_1548.jpg,Very_Mild_Demented,1,Very_Mild_Demented,1,True,0.9993613362312317,0.0006379819824360311,0.9987233542487957,0.0038544341908962414,0.9949660897254944,0.0006379819824360311,0.9993613362312317,7.390926271000353e-07,4.270107822890168e-08
682,data/dataset/Very_Mild_Demented/verymild_1599.jpg,verymild_1599.jpg,Very_Mild_Demented,1,Very_Mild_Demented,1,True,0.9996856451034546,0.00026165085728280246,0.9994239942461718,0.0021601128437525553,0.9965117573738098,5.195844642003067e-05,0.9996856451034546,0.00026165085728280246,6.640549372605165e-07
683,data/dataset/Very_Mild_Demented/verymild_416.jpg,verymild_416.jpg,Very_Mild_Demented,1,Very_Mild_Demented,1,True,0.9986365437507629,0.0013185215648263693,0.9973180221859366,0.0076252861570876174,0.9907914400100708,0.0013185215648263693,0.9986365437507629,4.0448074287269264e-05,4.532910224952502e-06
684,data/dataset/Very_Mild_Demented/verymild_1654.jpg,verymild_1654.jpg,Very_Mild_Demented,1,Very_Mild_Demented,1,True,0.9989872574806213,0.0008059800020419061,0.9981812774785794,0.006187574345754151,0.9916331768035889,0.0008059800020419061,0.9989872574806213,0.0001846614759415388,2.207602847192902e-05
685,data/dataset/Very_Mild_Demented/verymild_2094.jpg,verymild_2094.jpg,Very_Mild_Demented,1,Very_Mild_Demented,1,True,0.9998691082000732,0.00011403192183934152,0.9997550762782339,0.0009760553722007374,0.9981682300567627,0.00011403192183934152,0.9998691082000732,1.65269011631608e-05,3.3161543910864566e-07
686,data/dataset/Very_Mild_Demented/verymild_1029.jpg,verymild_1029.jpg,Very_Mild_Demented,1,Very_Mild_Demented,1,True,0.9990814924240112,0.0005162375164218247,0.9985652549075894,0.005750734381719237,0.9921404719352722,0.00040200958028435707,0.9990814924240112,0.0005162375164218247,2.2372385899416258e-07
687,data/dataset/Very_Mild_Demented/verymild_923.jpg,verymild_923.jpg,Very_Mild_Demented,1,Very_Mild_Demented,1,True,0.9996777772903442,0.0001800746686058119,0.9994977026217384,0.002292401764434782,0.99610435962677,0.00012909405631944537,0.9996777772903442,0.0001800746686058119,1.3083287740300875e-05
688,data/dataset/Very_Mild_Demented/verymild_935.jpg,verymild_935.jpg,Very_Mild_Demented,1,Very_Mild_Demented,1,True,0.9888961315155029,0.011102944612503052,0.9777931869029999,0.04401972266134908,0.9619528651237488,0.011102944612503052,0.9888961315155029,8.499982300236297e-07,6.79672140790899e-08
689,data/dataset/Very_Mild_Demented/verymild_2200.jpg,verymild_2200.jpg,Very_Mild_Demented,1,Very_Mild_Demented,1,True,0.9767522215843201,0.023246653378009796,0.9535055682063103,0.07966292282326827,0.9364147186279297,0.023246653378009796,0.9767522215843201,3.5318140589879476e-07,7.904843641881598e-07
690,data/dataset/Very_Mild_Demented/verymild_1641.jpg,verymild_1641.jpg,Very_Mild_Demented,1,Very_Mild_Demented,1,True,0.999674916267395,0.0003160210035275668,0.9993588952638675,0.002148413992650505,0.9967435002326965,0.0003160210035275668,0.999674916267395,9.00440318218898e-06,1.0298808206243848e-07
691,data/dataset/Very_Mild_Demented/verymild_536.jpg,verymild_536.jpg,Very_Mild_Demented,1,Very_Mild_Demented,1,True,0.9935393929481506,0.00644918717443943,0.9870902057737112,0.028204813463427812,0.9737762212753296,0.00644918717443943,0.9935393929481506,1.0662368367775343e-05,7.05335537531937e-07
692,data/dataset/Very_Mild_Demented/verymild_1607.jpg,verymild_1607.jpg,Very_Mild_Demented,1,Very_Mild_Demented,1,True,0.9983566403388977,0.001559339463710785,0.9967973008751869,0.009029381406442475,0.9893441200256348,0.001559339463710785,0.9983566403388977,8.225002238759771e-05,1.7314115439148736e-06
693,data/dataset/Very_Mild_Demented/verymild_1126.jpg,verymild_1126.jpg,Very_Mild_Demented,1,Very_Mild_Demented,1,True,0.9642510414123535,0.035684555768966675,0.9285664856433868,0.11159660769089617,0.9137343764305115,3.449973155511543e-05,0.9642510414123535,0.035684555768966675,2.9859025744372047e-05
694,data/dataset/Very_Mild_Demented/verymild_2018.jpg,verymild_2018.jpg,Very_Mild_Demented,1,Very_Mild_Demented,1,True,0.9997325539588928,0.0002632939431350678,0.9994692600157578,0.001795569414766865,0.9972155094146729,0.0002632939431350678,0.9997325539588928,4.014826117781922e-06,1.0980042475239316e-07
695,data/dataset/Very_Mild_Demented/verymild_221.jpg,verymild_221.jpg,Very_Mild_Demented,1,Very_Mild_Demented,1,True,0.9999295473098755,6.776909867767245e-05,0.9998617782111978,0.0005450935114879769,0.9988999366760254,6.776909867767245e-05,0.9999295473098755,2.5987569642893504e-06,7.598625728633124e-08
696,data/dataset/Very_Mild_Demented/verymild_1910.jpg,verymild_1910.jpg,Very_Mild_Demented,1,Very_Mild_Demented,1,True,0.9862052798271179,0.013311696238815784,0.9728935835883021,0.05402567328854728,0.953002393245697,0.013311696238815784,0.9862052798271179,0.00048092941869981587,2.0986437903047772e-06
697,data/dataset/Very_Mild_Demented/verymild_2126.jpg,verymild_2126.jpg,Very_Mild_Demented,1,Very_Mild_Demented,1,True,0.9874374270439148,0.011445295996963978,0.9759921310469508,0.051892400487245006,0.9528473615646362,0.011445295996963978,0.9874374270439148,0.0007623309502378106,0.0003549329121597111
698,data/dataset/Very_Mild_Demented/verymild_2218.jpg,verymild_2218.jpg,Very_Mild_Demented,1,Very_Mild_Demented,1,True,0.9373270273208618,0.06095142289996147,0.8763756044209003,0.17544550004009993,0.8675274848937988,0.06095142289996147,0.9373270273208618,0.001179206883534789,0.0005424216506071389
699,data/dataset/Very_Mild_Demented/verymild_537.jpg,verymild_537.jpg,Very_Mild_Demented,1,Very_Mild_Demented,1,True,0.9995946288108826,0.0003891712403856218,0.999205457570497,0.002627444458436046,0.9961221814155579,0.0003891712403856218,0.9995946288108826,1.5715295376139693e-05,5.34806076757377e-07
700,data/dataset/Very_Mild_Demented/verymild_1576.jpg,verymild_1576.jpg,Very_Mild_Demented,1,Very_Mild_Demented,1,True,0.9999988079071045,1.0509089634069824e-06,0.9999977569981411,1.3414669073398506e-05,0.999935507774353,1.891586549618296e-07,0.9999988079071045,1.0509089634069824e-06,4.4702128110252204e-10
701,data/dataset/Very_Mild_Demented/verymild_143.jpg,verymild_143.jpg,Very_Mild_Demented,1,Very_Mild_Demented,1,True,0.9993769526481628,0.0005373505991883576,0.9988396020489745,0.003951410236344277,0.9943683743476868,0.0005373505991883576,0.9993769526481628,8.412162424065173e-05,1.4901793292665388e-06
702,data/dataset/Very_Mild_Demented/verymild_521.jpg,verymild_521.jpg,Very_Mild_Demented,1,Very_Mild_Demented,1,True,0.7680599689483643,0.23185573518276215,0.5362042337656021,0.3912734724073671,0.7022587656974792,0.23185573518276215,0.7680599689483643,4.4363932829583064e-05,3.993925201939419e-05
703,data/dataset/Very_Mild_Demented/verymild_240.jpg,verymild_240.jpg,Very_Mild_Demented,1,Very_Mild_Demented,1,True,0.9978727102279663,0.0020221234299242496,0.9958505867980421,0.011281333657563,0.9872309565544128,0.00010394675337010995,0.9978727102279663,0.0020221234299242496,1.203304805130756e-06
704,data/dataset/Very_Mild_Demented/verymild_584.jpg,verymild_584.jpg,Very_Mild_Demented,1,Non_Demented,0,False,0.7359792590141296,0.26398545503616333,0.4719938039779663,0.4166320133074492,0.6761852502822876,0.7359792590141296,0.26398545503616333,3.438163912505843e-05,8.833105766825611e-07
705,data/dataset/Very_Mild_Demented/verymild_188.jpg,verymild_188.jpg,Very_Mild_Demented,1,Very_Mild_Demented,1,True,0.9983358979225159,0.0016472132410854101,0.9966886846814305,0.008950345301262565,0.9897775053977966,0.0016472132410854101,0.9983358979225159,1.627141682547517e-05,6.484947903118154e-07
706,data/dataset/Very_Mild_Demented/verymild_907.jpg,verymild_907.jpg,Very_Mild_Demented,1,Very_Mild_Demented,1,True,0.7048908472061157,0.28832578659057617,0.41656506061553955,0.46110543695069006,0.6403669714927673,0.006738963536918163,0.7048908472061157,0.28832578659057617,4.435890514287166e-05
707,data/dataset/Very_Mild_Demented/verymild_2014.jpg,verymild_2014.jpg,Very_Mild_Demented,1,Non_Demented,0,False,0.6058448553085327,0.39414864778518677,0.21169620752334595,0.48377395421296426,0.576640248298645,0.6058448553085327,0.39414864778518677,2.939338628493715e-06,3.565178303688299e-06
708,data/dataset/Very_Mild_Demented/verymild_509.jpg,verymild_509.jpg,Very_Mild_Demented,1,Very_Mild_Demented,1,True,0.7837852835655212,0.21616743505001068,0.5676178485155106,0.37693987934084533,0.7159349322319031,0.21616743505001068,0.7837852835655212,3.3648964745225385e-05,1.3667037819686811e-05
709,data/dataset/Very_Mild_Demented/verymild_1903.jpg,verymild_1903.jpg,Very_Mild_Demented,1,Very_Mild_Demented,1,True,0.9596637487411499,0.03822391480207443,0.9214398339390755,0.12847992954778453,0.8991619944572449,0.03822391480207443,0.9596637487411499,0.0018391606863588095,0.00027316957130096853
710,data/dataset/Very_Mild_Demented/verymild_1888.jpg,verymild_1888.jpg,Very_Mild_Demented,1,Very_Mild_Demented,1,True,0.9982776641845703,0.0016336595872417092,0.9966440045973286,0.009403520258093295,0.9889991879463196,0.0016336595872417092,0.9982776641845703,8.784968667896464e-05,8.288135404654895e-07
711,data/dataset/Very_Mild_Demented/verymild_975.jpg,verymild_975.jpg,Very_Mild_Demented,1,Very_Mild_Demented,1,True,0.9995731711387634,0.00040545649244450033,0.9991677146463189,0.0027587584188758325,0.9959562420845032,2.1384637875598855e-05,0.9995731711387634,0.00040545649244450033,5.7024411859174506e-08
712,data/dataset/Very_Mild_Demented/verymild_1966.jpg,verymild_1966.jpg,Very_Mild_Demented,1,Very_Mild_Demented,1,True,0.9714961647987366,0.022472895681858063,0.9490232691168785,0.10406462749635947,0.9153965711593628,0.022472895681858063,0.9714961647987366,0.0060240766033530235,6.7953651523566805e-06
713,data/dataset/Very_Mild_Demented/verymild_1629.jpg,verymild_1629.jpg,Very_Mild_Demented,1,Very_Mild_Demented,1,True,0.9995632767677307,0.0003870347572956234,0.9991762420104351,0.0028650532703620745,0.9957042336463928,0.0003870347572956234,0.9995632767677307,4.943399835610762e-05,2.723565444284759e-07
714,data/dataset/Very_Mild_Demented/verymild_1737.jpg,verymild_1737.jpg,Very_Mild_Demented,1,Very_Mild_Demented,1,True,0.9977937936782837,0.0015663454541936517,0.99622744822409,0.012282179976186814,0.9855868816375732,0.0006396923563443124,0.9977937936782837,0.0015663454541936517,7.773406451860865e-08
715,data/dataset/Very_Mild_Demented/verymild_1677.jpg,verymild_1677.jpg,Very_Mild_Demented,1,Very_Mild_Demented,1,True,0.9918575882911682,0.007819888181984425,0.9840377001091838,0.03509147713072238,0.9673325419425964,0.007819888181984425,0.9918575882911682,0.0003208752314094454,1.6309245438606013e-06
716,data/dataset/Very_Mild_Demented/verymild_1976.jpg,verymild_1976.jpg,Very_Mild_Demented,1,Very_Mild_Demented,1,True,0.9627574682235718,0.03306932747364044,0.9296881407499313,0.12482467477984047,0.9009471535682678,0.003939764574170113,0.9627574682235718,0.03306932747364044,0.0002334440068807453
717,data/dataset/Very_Mild_Demented/verymild_245.jpg,verymild_245.jpg,Very_Mild_Demented,1,Very_Mild_Demented,1,True,0.8247169256210327,0.17465005815029144,0.6500668674707413,0.33790431064174153,0.7500748038291931,0.17465005815029144,0.8247169256210327,0.0006163595244288445,1.675296516623348e-05
718,data/dataset/Very_Mild_Demented/verymild_1682.jpg,verymild_1682.jpg,Very_Mild_Demented,1,Very_Mild_Demented,1,True,0.8894502520561218,0.10504217445850372,0.7844080775976181,0.26688278509806324,0.8054141998291016,0.10504217445850372,0.8894502520561218,0.005425331648439169,8.22885413072072e-05
719,data/dataset/Very_Mild_Demented/verymild_274.jpg,verymild_274.jpg,Very_Mild_Demented,1,Very_Mild_Demented,1,True,0.9980900883674622,0.0019074431620538235,0.9961826452054083,0.010016334079744048,0.9889726042747498,0.0019074431620538235,0.9980900883674622,1.9965405044786166e-06,4.742525163692335e-07
720,data/dataset/Very_Mild_Demented/verymild_499.jpg,verymild_499.jpg,Very_Mild_Demented,1,Non_Demented,0,False,0.5828332901000977,0.41715675592422485,0.1656765341758728,0.49014135388718344,0.559762179851532,0.5828332901000977,0.41715675592422485,8.831328159430996e-06,1.1100628398708068e-06
721,data/dataset/Very_Mild_Demented/verymild_1129.jpg,verymild_1129.jpg,Very_Mild_Demented,1,Very_Mild_Demented,1,True,0.9356732368469238,0.0639881119132042,0.8716851249337196,0.17378784525975874,0.870545506477356,0.0639881119132042,0.9356732368469238,0.00031103380024433136,2.766509169305209e-05
722,data/dataset/Very_Mild_Demented/verymild_320.jpg,verymild_320.jpg,Very_Mild_Demented,1,Very_Mild_Demented,1,True,0.9997715353965759,0.00018479498976375908,0.9995867404068122,0.001631194644879431,0.9971823692321777,0.00018479498976375908,0.9997715353965759,4.235644155414775e-05,1.3165956715965876e-06
723,data/dataset/Very_Mild_Demented/verymild_24.jpg,verymild_24.jpg,Very_Mild_Demented,1,Very_Mild_Demented,1,True,0.9606856107711792,0.03881291300058365,0.9218726977705956,0.12156315279321545,0.9058704972267151,0.03881291300058365,0.9606856107711792,0.00048349349526688457,1.7996277165366337e-05
724,data/dataset/Very_Mild_Demented/verymild_43.jpg,verymild_43.jpg,Very_Mild_Demented,1,Very_Mild_Demented,1,True,0.9999686479568481,1.577598050062079e-05,0.9999528719763475,0.0002754371853567986,0.9992706179618835,1.577598050062079e-05,0.9999686479568481,1.4356332940224092e-05,1.1682290050885058e-06
725,data/dataset/Very_Mild_Demented/verymild_1674.jpg,verymild_1674.jpg,Very_Mild_Demented,1,Very_Mild_Demented,1,True,0.9981928467750549,0.00178184499964118,0.9964110017754138,0.009633142625669883,0.9890979528427124,0.00178184499964118,0.9981928467750549,2.50073971983511e-05,3.0659461458526494e-07
726,data/dataset/Very_Mild_Demented/verymild_2177.jpg,verymild_2177.jpg,Very_Mild_Demented,1,Very_Mild_Demented,1,True,0.9999984502792358,1.5494747458433267e-06,0.99999690080449,1.6175855833979823e-05,0.9999325275421143,1.5494747458433267e-06,0.9999984502792358,6.79663214597781e-09,8.981652088735359e-10
727,data/dataset/Very_Mild_Demented/verymild_1845.jpg,verymild_1845.jpg,Very_Mild_Demented,1,Very_Mild_Demented,1,True,0.9993347525596619,0.0006088351947255433,0.9987259173649363,0.004140382892052088,0.9942194223403931,5.19857021572534e-05,0.9993347525596619,0.0006088351947255433,4.389907644508639e-06
728,data/dataset/Very_Mild_Demented/verymild_633.jpg,verymild_633.jpg,Very_Mild_Demented,1,Very_Mild_Demented,1,True,0.9994668364524841,0.000529243319761008,0.9989375931327231,0.0033006221751179553,0.9954954385757446,0.000529243319761008,0.9994668364524841,3.6808864933846053e-06,2.578007354259171e-07
729,data/dataset/Very_Mild_Demented/verymild_1352.jpg,verymild_1352.jpg,Very_Mild_Demented,1,Very_Mild_Demented,1,True,0.9938502311706543,0.0034431731328368187,0.9904070580378175,0.03008558886097429,0.969592273235321,0.0034431731328368187,0.9938502311706543,0.002699855947867036,6.7836735979653895e-06
730,data/dataset/Very_Mild_Demented/verymild_734.jpg,verymild_734.jpg,Very_Mild_Demented,1,Non_Demented,0,False,0.6622183918952942,0.3376924991607666,0.3245258927345276,0.46195709503776267,0.618162989616394,0.6622183918952942,0.3376924991607666,7.8582190326415e-05,1.049468573910417e-05
731,data/dataset/Very_Mild_Demented/verymild_408.jpg,verymild_408.jpg,Very_Mild_Demented,1,Very_Mild_Demented,1,True,0.999984860420227,1.0126269444299396e-05,0.9999747341507828,0.00013968672543740335,0.9995813965797424,4.770323357661255e-06,0.999984860420227,1.0126269444299396e-05,2.359352890834998e-07
732,data/dataset/Very_Mild_Demented/verymild_970.jpg,verymild_970.jpg,Very_Mild_Demented,1,Very_Mild_Demented,1,True,0.786098301410675,0.196234792470932,0.589863508939743,0.4184767422162664,0.6975285410881042,0.196234792470932,0.786098301410675,0.017658032476902008,8.942245585785713e-06
733,data/dataset/Very_Mild_Demented/verymild_1773.jpg,verymild_1773.jpg,Very_Mild_Demented,1,Very_Mild_Demented,1,True,0.6093626618385315,0.3704858422279358,0.2388768196105957,0.5399223341187015,0.5601361989974976,0.3704858422279358,0.6093626618385315,0.020140022039413452,1.1479934983071871e-05
734,data/dataset/Very_Mild_Demented/verymild_2118.jpg,verymild_2118.jpg,Very_Mild_Demented,1,Very_Mild_Demented,1,True,0.9803245663642883,0.019670702517032623,0.9606538638472557,0.06984002623008216,0.9432490468025208,0.019670702517032623,0.9803245663642883,7.225584681691544e-07,3.95721599488752e-06
735,data/dataset/Very_Mild_Demented/verymild_345.jpg,verymild_345.jpg,Very_Mild_Demented,1,Very_Mild_Demented,1,True,0.9941520094871521,0.005838317796587944,0.9883136916905642,0.025948449454228317,0.9755753874778748,0.005838317796587944,0.9941520094871521,9.454494829697069e-06,2.40137040918853e-07
736,data/dataset/Very_Mild_Demented/verymild_623.jpg,verymild_623.jpg,Very_Mild_Demented,1,Very_Mild_Demented,1,True,0.9930334091186523,0.0069169048219919205,0.9861165042966604,0.030186284703054463,0.971931517124176,0.0069169048219919205,0.9930334091186523,4.717436240753159e-05,2.451140289849718e-06
737,data/dataset/Very_Mild_Demented/verymild_1493.jpg,verymild_1493.jpg,Very_Mild_Demented,1,Very_Mild_Demented,1,True,0.8907467722892761,0.10043691098690033,0.7903098613023758,0.27101185206913436,0.8037042021751404,0.00880152266472578,0.8907467722892761,0.10043691098690033,1.4778947843296919e-05
738,data/dataset/Very_Mild_Demented/verymild_1597.jpg,verymild_1597.jpg,Very_Mild_Demented,1,Very_Mild_Demented,1,True,0.9956423044204712,0.003630171762779355,0.9920121326576918,0.02164256953831119,0.9774032235145569,0.0007274603703990579,0.9956423044204712,0.003630171762779355,1.3675523291567515e-07
739,data/dataset/Very_Mild_Demented/verymild_1642.jpg,verymild_1642.jpg,Very_Mild_Demented,1,Very_Mild_Demented,1,True,0.9999198913574219,7.966241537360474e-05,0.9998402289420483,0.0006049097996508339,0.9988514184951782,7.966241537360474e-05,0.9999198913574219,4.3945664174316335e-07,1.1716808856476746e-08
740,data/dataset/Very_Mild_Demented/verymild_1354.jpg,verymild_1354.jpg,Very_Mild_Demented,1,Very_Mild_Demented,1,True,0.9984779953956604,0.0015100237214937806,0.9969679716741666,0.008270754512763717,0.9904671311378479,0.0015100237214937806,0.9984779953956604,1.1915112736460287e-05,7.358806897173054e-08
741,data/dataset/Very_Mild_Demented/verymild_1648.jpg,verymild_1648.jpg,Very_Mild_Demented,1,Very_Mild_Demented,1,True,0.9652665853500366,0.03454899042844772,0.9307175949215889,0.10966418912797031,0.914652943611145,0.03454899042844772,0.9652665853500366,0.00017078107339330018,1.3543621207645629e-05
742,data/dataset/Very_Mild_Demented/verymild_1999.jpg,verymild_1999.jpg,Very_Mild_Demented,1,Very_Mild_Demented,1,True,0.9987797141075134,0.0007361473981291056,0.9980435667093843,0.0073856814058814585,0.9903501868247986,0.0004820862377528101,0.9987797141075134,0.0007361473981291056,2.036020305240527e-06
743,data/dataset/Very_Mild_Demented/verymild_1560.jpg,verymild_1560.jpg,Very_Mild_Demented,1,Very_Mild_Demented,1,True,0.9638486504554749,0.03550335019826889,0.928345300257206,0.1145736811219098,0.910446286201477,0.03550335019826889,0.9638486504554749,0.0006331426557153463,1.4866752280795481e-05
744,data/dataset/Very_Mild_Demented/verymild_1961.jpg,verymild_1961.jpg,Very_Mild_Demented,1,Very_Mild_Demented,1,True,0.9675107002258301,0.032482706010341644,0.9350279942154884,0.10341137289488846,0.9198508262634277,0.032482706010341644,0.9675107002258301,2.661909320522682e-06,3.9332248888968024e-06
745,data/dataset/Very_Mild_Demented/verymild_964.jpg,verymild_964.jpg,Very_Mild_Demented,1,Non_Demented,0,False,0.8397786021232605,0.16005265712738037,0.6797259449958801,0.31839062162906334,0.7659509181976318,0.8397786021232605,0.16005265712738037,0.00016418607265222818,4.538976554613328e-06
746,data/dataset/Very_Mild_Demented/verymild_890.jpg,verymild_890.jpg,Very_Mild_Demented,1,Very_Mild_Demented,1,True,0.9974302649497986,0.0015492726815864444,0.9958809922682121,0.014178216146768447,0.9835755228996277,0.0015492726815864444,0.9974302649497986,0.001014649635180831,5.879062427993631e-06
747,data/dataset/Very_Mild_Demented/verymild_1679.jpg,verymild_1679.jpg,Very_Mild_Demented,1,Very_Mild_Demented,1,True,0.9801627397537231,0.019047429785132408,0.9611153099685907,0.07269899057561574,0.9391686916351318,0.019047429785132408,0.9801627397537231,0.0007790192030370235,1.0818388545885682e-05
748,data/dataset/Very_Mild_Demented/verymild_227.jpg,verymild_227.jpg,Very_Mild_Demented,1,Non_Demented,0,False,0.7512831091880798,0.24494685232639313,0.5063362568616867,0.4187609005511545,0.6808638572692871,0.7512831091880798,0.24494685232639313,0.0037600300274789333,1.0059324267785996e-05
749,data/dataset/Very_Mild_Demented/verymild_1937.jpg,verymild_1937.jpg,Very_Mild_Demented,1,Very_Mild_Demented,1,True,0.9876400828361511,0.012210512533783913,0.9754295703023672,0.04868132853635902,0.9574214816093445,0.012210512533783913,0.9876400828361511,0.00010103999375132844,4.840763358515687e-05
750,data/dataset/Very_Mild_Demented/verymild_283.jpg,verymild_283.jpg,Very_Mild_Demented,1,Very_Mild_Demented,1,True,0.9999967813491821,2.148709427274298e-06,0.9999946326397549,3.294316970349372e-05,0.9998657703399658,2.148709427274298e-06,0.9999967813491821,1.030562771120458e-06,1.0996563659659842e-08
751,data/dataset/Very_Mild_Demented/verymild_508.jpg,verymild_508.jpg,Very_Mild_Demented,1,Very_Mild_Demented,1,True,0.9855315685272217,0.014394272118806839,0.9711372964084148,0.05493761129474732,0.9532681107521057,0.014394272118806839,0.9855315685272217,5.133027661941014e-05,2.2873606212669984e-05
752,data/dataset/Very_Mild_Demented/verymild_1164.jpg,verymild_1164.jpg,Very_Mild_Demented,1,Very_Mild_Demented,1,True,0.9999462366104126,3.638298585428856e-05,0.9999098536245583,0.00044511914838479843,0.9989771842956543,3.638298585428856e-05,0.9999462366104126,1.719230567687191e-05,1.8039473559383623e-07
753,data/dataset/Very_Mild_Demented/verymild_1696.jpg,verymild_1696.jpg,Very_Mild_Demented,1,Mild_Demented,2,False,0.9046898484230042,0.07372286915779114,0.830966979265213,0.263857223308422,0.8111334443092346,0.021570498123764992,0.07372286915779114,0.9046898484230042,1.6875566871021874e-05
754,data/dataset/Very_Mild_Demented/verymild_1698.jpg,verymild_1698.jpg,Very_Mild_Demented,1,Very_Mild_Demented,1,True,0.9978882670402527,0.00211121398024261,0.9957770530600101,0.010909849116277643,0.9882203340530396,0.00211121398024261,0.9978882670402527,4.4614824901145766e-07,1.340226560841984e-07
755,data/dataset/Very_Mild_Demented/verymild_44.jpg,verymild_44.jpg,Very_Mild_Demented,1,Very_Mild_Demented,1,True,0.9996911287307739,0.00026809153496287763,0.999423037195811,0.0021184001648942175,0.996561586856842,0.00026809153496287763,0.9996911287307739,3.7532125134021044e-05,3.2100831504067173e-06
756,data/dataset/Very_Mild_Demented/verymild_1739.jpg,verymild_1739.jpg,Very_Mild_Demented,1,Very_Mild_Demented,1,True,0.991897463798523,0.008055468089878559,0.9838419957086444,0.03418338454910647,0.9688724279403687,4.437850657268427e-05,0.991897463798523,0.008055468089878559,2.7451542337075807e-06
757,data/dataset/Very_Mild_Demented/verymild_1939.jpg,verymild_1939.jpg,Very_Mild_Demented,1,Very_Mild_Demented,1,True,0.9985040426254272,0.00117050192784518,0.9973335406975821,0.00867468734325483,0.9891788959503174,0.000322864594636485,0.9985040426254272,0.00117050192784518,2.6720838377514156e-06
758,data/dataset/Very_Mild_Demented/verymild_15.jpg,verymild_15.jpg,Very_Mild_Demented,1,Very_Mild_Demented,1,True,0.7596343755722046,0.23954665660858154,0.520087718963623,0.40178827670280565,0.6929099559783936,0.23954665660858154,0.7596343755722046,0.0008150579524226487,3.924085831386037e-06
759,data/dataset/Very_Mild_Demented/verymild_361.jpg,verymild_361.jpg,Very_Mild_Demented,1,Very_Mild_Demented,1,True,0.9993780851364136,0.0006196638569235802,0.99875842127949,0.003771694748361327,0.995011568069458,0.0006196638569235802,0.9993780851364136,1.271470182473422e-06,9.096116286855249e-07
760,data/dataset/Very_Mild_Demented/verymild_277.jpg,verymild_277.jpg,Very_Mild_Demented,1,Very_Mild_Demented,1,True,0.9999395608901978,5.7323588407598436e-05,0.9998822373017902,0.00047659755789029125,0.9989988207817078,3.0179751320247306e-06,0.9999395608901978,5.7323588407598436e-05,1.2844074603890476e-07
761,data/dataset/Very_Mild_Demented/verymild_776.jpg,verymild_776.jpg,Very_Mild_Demented,1,Very_Mild_Demented,1,True,0.9993191957473755,0.0003468177455943078,0.9989723780017812,0.004425121332483211,0.9935722351074219,0.000330943992594257,0.9993191957473755,0.0003468177455943078,3.0649464406451443e-06
762,data/dataset/Very_Mild_Demented/verymild_266.jpg,verymild_266.jpg,Very_Mild_Demented,1,Very_Mild_Demented,1,True,0.9947659969329834,0.004736774135380983,0.9900292227976024,0.024798774992728558,0.9750239849090576,0.0004932769807055593,0.9947659969329834,0.004736774135380983,3.936359917133814e-06
763,data/dataset/Very_Mild_Demented/verymild_1438.jpg,verymild_1438.jpg,Very_Mild_Demented,1,Very_Mild_Demented,1,True,0.9979859590530396,0.0019262428395450115,0.9960597162134945,0.010734412032638519,0.9877866506576538,0.0019262428395450115,0.9979859590530396,8.689285459695384e-05,9.597124517313205e-07
764,data/dataset/Very_Mild_Demented/verymild_1013.jpg,verymild_1013.jpg,Very_Mild_Demented,1,Very_Mild_Demented,1,True,0.9986438155174255,0.0013294719392433763,0.9973143435781822,0.007542195695275063,0.990971565246582,0.0013294719392433763,0.9986438155174255,2.1242671209620312e-05,5.519066689885221e-06
765,data/dataset/Very_Mild_Demented/verymild_1385.jpg,verymild_1385.jpg,Very_Mild_Demented,1,Very_Mild_Demented,1,True,0.9686672687530518,0.03130601719021797,0.9373612515628338,0.10067788064207497,0.9215439558029175,0.03130601719021797,0.9686672687530518,2.4088541977107525e-05,2.6515635909163393e-06
766,data/dataset/Very_Mild_Demented/verymild_114.jpg,verymild_114.jpg,Very_Mild_Demented,1,Very_Mild_Demented,1,True,0.999582827091217,0.00041593550122343004,0.9991668915899936,0.0026494807432886885,0.9962598085403442,0.00041593550122343004,0.999582827091217,6.076291469980788e-07,6.399873200280126e-07
767,data/dataset/Very_Mild_Demented/verymild_418.jpg,verymild_418.jpg,Very_Mild_Demented,1,Very_Mild_Demented,1,True,0.9977093935012817,0.0021382211707532406,0.9955711723305285,0.012148904170683818,0.9861354827880859,0.0021382211707532406,0.9977093935012817,0.00012654770398512483,2.5834358893916942e-05
768,data/dataset/Very_Mild_Demented/verymild_779.jpg,verymild_779.jpg,Very_Mild_Demented,1,Very_Mild_Demented,1,True,0.5740090012550354,0.40646907687187195,0.16753992438316345,0.5496154053083175,0.534996509552002,0.40646907687187195,0.5740090012550354,0.01944085769355297,8.103227446554229e-05
769,data/dataset/Very_Mild_Demented/verymild_752.jpg,verymild_752.jpg,Very_Mild_Demented,1,Very_Mild_Demented,1,True,0.9995143413543701,0.00048152334056794643,0.9990328180138022,0.003041249160267407,0.9957787990570068,4.018476829514839e-06,0.9995143413543701,0.00048152334056794643,1.5666105923628493e-07
770,data/dataset/Very_Mild_Demented/verymild_590.jpg,verymild_590.jpg,Very_Mild_Demented,1,Very_Mild_Demented,1,True,0.9160619974136353,0.0838528499007225,0.8322091475129128,0.20847562805155664,0.8471829891204834,0.0838528499007225,0.9160619974136353,5.7718800235306844e-05,2.737395880103577e-05
771,data/dataset/Very_Mild_Demented/verymild_564.jpg,verymild_564.jpg,Very_Mild_Demented,1,Non_Demented,0,False,0.9866341352462769,0.01336277462542057,0.9732713606208563,0.051202008382103294,0.9566302299499512,0.9866341352462769,0.01336277462542057,2.7254127417108975e-06,3.968643227381108e-07
772,data/dataset/Very_Mild_Demented/verymild_1647.jpg,verymild_1647.jpg,Very_Mild_Demented,1,Very_Mild_Demented,1,True,0.9990159273147583,0.0009211022406816483,0.9980948250740767,0.005800385638661885,0.9925141930580139,0.0009211022406816483,0.9990159273147583,6.097410368965939e-05,2.0827710613957606e-06
773,data/dataset/Very_Mild_Demented/verymild_920.jpg,verymild_920.jpg,Very_Mild_Demented,1,Very_Mild_Demented,1,True,0.9984357953071594,0.0013439580798149109,0.9970918372273445,0.00887906856958838,0.9891712069511414,0.00021956443379167467,0.9984357953071594,0.0013439580798149109,7.066025773383444e-07
774,data/dataset/Very_Mild_Demented/verymild_2133.jpg,verymild_2133.jpg,Very_Mild_Demented,1,Very_Mild_Demented,1,True,0.9998719692230225,0.0001235897361766547,0.9997483794868458,0.0009349036523793934,0.9983119964599609,0.0001235897361766547,0.9998719692230225,4.231715593050467e-06,2.3191790887722163e-07
775,data/dataset/Very_Mild_Demented/verymild_913.jpg,verymild_913.jpg,Very_Mild_Demented,1,Very_Mild_Demented,1,True,0.9251813292503357,0.04781690984964371,0.877364419400692,0.22744204677135804,0.8347343802452087,0.04781690984964371,0.9251813292503357,0.026938289403915405,6.336309888865799e-05
776,data/dataset/Very_Mild_Demented/verymild_2087.jpg,verymild_2087.jpg,Very_Mild_Demented,1,Very_Mild_Demented,1,True,0.9953106045722961,0.004331473261117935,0.9909791313111782,0.02243471356649853,0.9771849513053894,0.00035618734546005726,0.9953106045722961,0.004331473261117935,1.7640439864408108e-06
777,data/dataset/Very_Mild_Demented/verymild_1027.jpg,verymild_1027.jpg,Very_Mild_Demented,1,Very_Mild_Demented,1,True,0.998296320438385,0.001097011030651629,0.9971993094077334,0.009874920001457644,0.9878121018409729,0.001097011030651629,0.998296320438385,0.0006039496511220932,2.69152337750711e-06
778,data/dataset/Very_Mild_Demented/verymild_1350.jpg,verymild_1350.jpg,Very_Mild_Demented,1,Very_Mild_Demented,1,True,0.9331575036048889,0.06330519914627075,0.8698523044586182,0.18723959728398148,0.8597968816757202,0.06330519914627075,0.9331575036048889,0.0034691854380071163,6.821150600444525e-05
779,data/dataset/Very_Mild_Demented/verymild_425.jpg,verymild_425.jpg,Very_Mild_Demented,1,Very_Mild_Demented,1,True,0.9879156351089478,0.008372597396373749,0.979543037712574,0.05261869934521216,0.9518730640411377,0.008372597396373749,0.9879156351089478,0.003693046048283577,1.8711698430706747e-05
780,data/dataset/Very_Mild_Demented/verymild_293.jpg,verymild_293.jpg,Very_Mild_Demented,1,Very_Mild_Demented,1,True,0.9940152764320374,0.005977546330541372,0.988037730101496,0.02644352301256827,0.975202739238739,0.005977546330541372,0.9940152764320374,6.418097655114252e-06,8.186509035112977e-07
781,data/dataset/Very_Mild_Demented/verymild_1788.jpg,verymild_1788.jpg,Very_Mild_Demented,1,Very_Mild_Demented,1,True,0.9989228844642639,0.0010555931366980076,0.9978672913275659,0.006164223670056145,0.9923863410949707,0.0010555931366980076,0.9989228844642639,2.0891924577881582e-05,6.371831204887712e-07
782,data/dataset/Very_Mild_Demented/verymild_164.jpg,verymild_164.jpg,Very_Mild_Demented,1,Very_Mild_Demented,1,True,0.958284854888916,0.03096865676343441,0.9273161981254816,0.14234355852299233,0.8893289566040039,0.03096865676343441,0.958284854888916,0.010722316801548004,2.4259614292532206e-05
783,data/dataset/Very_Mild_Demented/verymild_301.jpg,verymild_301.jpg,Very_Mild_Demented,1,Very_Mild_Demented,1,True,0.9994256496429443,0.0005713068530894816,0.9988543427898549,0.0035215610983440455,0.9952614903450012,0.0005713068530894816,0.9994256496429443,7.445430583175039e-07,2.3908414732431993e-06
784,data/dataset/Very_Mild_Demented/verymild_874.jpg,verymild_874.jpg,Very_Mild_Demented,1,Very_Mild_Demented,1,True,0.7225517630577087,0.27498993277549744,0.4475618302822113,0.43632282295268476,0.6594235301017761,0.27498993277549744,0.7225517630577087,0.0023991067428141832,5.9189482271904126e-05
785,data/dataset/Very_Mild_Demented/verymild_1198.jpg,verymild_1198.jpg,Very_Mild_Demented,1,Very_Mild_Demented,1,True,0.9994370341300964,0.000535618863068521,0.9989014152670279,0.0035252476405183016,0.9950592517852783,0.000535618863068521,0.9994370341300964,2.6787352908286266e-05,5.471623012454074e-07
786,data/dataset/Very_Mild_Demented/verymild_619.jpg,verymild_619.jpg,Very_Mild_Demented,1,Very_Mild_Demented,1,True,0.994968593120575,0.004585586488246918,0.990383006632328,0.02394812730372975,0.9757168889045715,0.004585586488246918,0.994968593120575,0.0004358573642093688,9.991470506065525e-06
787,data/dataset/Very_Mild_Demented/verymild_471.jpg,verymild_471.jpg,Very_Mild_Demented,1,Very_Mild_Demented,1,True,0.9972521662712097,0.002534725470468402,0.9947174408007413,0.014240647192646108,0.9842233061790466,0.002534725470468402,0.9972521662712097,0.00020165245223324746,1.1430274753365666e-05
788,data/dataset/Very_Mild_Demented/verymild_116.jpg,verymild_116.jpg,Very_Mild_Demented,1,Very_Mild_Demented,1,True,0.9998692274093628,7.78568210080266e-05,0.9997913705883548,0.0010056683829684661,0.9980260133743286,5.1872724725399166e-05,0.9998692274093628,7.78568210080266e-05,1.0927204812105629e-06
789,data/dataset/Very_Mild_Demented/verymild_1703.jpg,verymild_1703.jpg,Very_Mild_Demented,1,Non_Demented,0,False,0.6461359262466431,0.34818848967552185,0.2979474365711212,0.48983922336528024,0.5971922874450684,0.6461359262466431,0.34818848967552185,0.005648902151733637,2.6716268621385098e-05
790,data/dataset/Very_Mild_Demented/verymild_876.jpg,verymild_876.jpg,Very_Mild_Demented,1,Very_Mild_Demented,1,True,0.9999957084655762,2.608324621178326e-06,0.999993100140955,4.339172194446448e-05,0.9998334646224976,2.608324621178326e-06,0.9999957084655762,1.6666076589899603e-06,8.258910000336073e-09
791,data/dataset/Very_Mild_Demented/verymild_1285.jpg,verymild_1285.jpg,Very_Mild_Demented,1,Very_Mild_Demented,1,True,0.9428325891494751,0.05281883478164673,0.8900137543678284,0.16917566827349834,0.8721393942832947,0.05281883478164673,0.9428325891494751,0.004342684987932444,5.871185294381576e-06
792,data/dataset/Very_Mild_Demented/verymild_208.jpg,verymild_208.jpg,Very_Mild_Demented,1,Very_Mild_Demented,1,True,0.9960301518440247,0.0037184811662882566,0.9923116706777364,0.019452741317164245,0.9795642495155334,0.00020536890951916575,0.9960301518440247,0.0037184811662882566,4.592488767229952e-05
793,data/dataset/Very_Mild_Demented/verymild_1723.jpg,verymild_1723.jpg,Very_Mild_Demented,1,Non_Demented,0,False,0.6785441040992737,0.32091593742370605,0.3576281666755676,0.45604282665290424,0.6288623213768005,0.6785441040992737,0.32091593742370605,0.0004402892664074898,9.966487414203584e-05
794,data/dataset/Very_Mild_Demented/verymild_2203.jpg,verymild_2203.jpg,Very_Mild_Demented,1,Very_Mild_Demented,1,True,0.9997500777244568,0.00024243039661087096,0.9995076473278459,0.001701727517998273,0.9972817897796631,0.00024243039661087096,0.9997500777244568,6.941989795450354e-06,5.976233410365239e-07
795,data/dataset/Very_Mild_Demented/verymild_1941.jpg,verymild_1941.jpg,Very_Mild_Demented,1,Very_Mild_Demented,1,True,0.9932115077972412,0.004328587558120489,0.9888829202391207,0.03313688355475088,0.9662594199180603,0.0021971522364765406,0.9932115077972412,0.004328587558120489,0.00026269652880728245
796,data/dataset/Very_Mild_Demented/verymild_1280.jpg,verymild_1280.jpg,Very_Mild_Demented,1,Very_Mild_Demented,1,True,0.6387484669685364,0.354753315448761,0.2839951515197754,0.4958268423507316,0.5905166864395142,0.354753315448761,0.6387484669685364,0.006357850506901741,0.0001404060167260468
797,data/dataset/Very_Mild_Demented/verymild_2007.jpg,verymild_2007.jpg,Very_Mild_Demented,1,Very_Mild_Demented,1,True,0.9768274426460266,0.02301291935145855,0.9538145232945681,0.0802115582284363,0.9349284172058105,0.02301291935145855,0.9768274426460266,0.00010663535795174539,5.2994782890891656e-05
798,data/dataset/Very_Mild_Demented/verymild_1443.jpg,verymild_1443.jpg,Very_Mild_Demented,1,Very_Mild_Demented,1,True,0.5344429612159729,0.4655452370643616,0.06889772415161133,0.4983900287835282,0.524671733379364,0.4655452370643616,0.5344429612159729,9.242084161087405e-06,2.5347906102979323e-06
799,data/dataset/Very_Mild_Demented/verymild_1359.jpg,verymild_1359.jpg,Very_Mild_Demented,1,Non_Demented,0,False,0.6446117162704468,0.3061407506465912,0.3384709656238556,0.582429910071255,0.5686689019203186,0.6446117162704468,0.3061407506465912,0.04531758651137352,0.003929931204766035
800,data/dataset/Very_Mild_Demented/verymild_387.jpg,verymild_387.jpg,Very_Mild_Demented,1,Non_Demented,0,False,0.9066596031188965,0.08830513805150986,0.8183544650673866,0.23824019248409306,0.8251524567604065,0.9066596031188965,0.08830513805150986,0.004939818289130926,9.547590161673725e-05
801,data/dataset/Very_Mild_Demented/verymild_3.jpg,verymild_3.jpg,Very_Mild_Demented,1,Very_Mild_Demented,1,True,0.9997735619544983,0.0001449717819923535,0.9996285901725059,0.0016493485557502914,0.9970709085464478,0.0001449717819923535,0.9997735619544983,7.856139563955367e-05,2.8284487143537262e-06
802,data/dataset/Very_Mild_Demented/verymild_61.jpg,verymild_61.jpg,Very_Mild_Demented,1,Very_Mild_Demented,1,True,0.9642427563667297,0.03575288504362106,0.9284898713231087,0.11127790234101603,0.9144924283027649,0.03575288504362106,0.9642427563667297,3.974169885623269e-06,4.814447152057255e-07
803,data/dataset/Very_Mild_Demented/verymild_768.jpg,verymild_768.jpg,Very_Mild_Demented,1,Very_Mild_Demented,1,True,0.9973008036613464,0.0026518439408391714,0.9946489597205073,0.013633913898233476,0.9854241013526917,4.7220339183695614e-05,0.9973008036613464,0.0026518439408391714,1.7050416545316693e-07
804,data/dataset/Very_Mild_Demented/verymild_309.jpg,verymild_309.jpg,Very_Mild_Demented,1,Very_Mild_Demented,1,True,0.4944208264350891,0.4073982536792755,0.0870225727558136,0.6802444838058621,0.45771387219429016,0.09803994745016098,0.4944208264350891,0.4073982536792755,0.000140942502184771
805,data/dataset/Very_Mild_Demented/verymild_342.jpg,verymild_342.jpg,Very_Mild_Demented,1,Very_Mild_Demented,1,True,0.9999376535415649,5.796805635327473e-05,0.9998796854852117,0.0004920070522509721,0.9989625215530396,5.796805635327473e-05,0.9999376535415649,4.205307504889788e-06,1.3596081771538593e-07
806,data/dataset/Very_Mild_Demented/verymild_1541.jpg,verymild_1541.jpg,Very_Mild_Demented,1,Very_Mild_Demented,1,True,0.9955987930297852,0.004374341107904911,0.9912244519218802,0.020515274319254956,0.9797598719596863,0.004374341107904911,0.9955987930297852,2.5642690161475912e-05,1.1881769523824914e-06
807,data/dataset/Very_Mild_Demented/verymild_326.jpg,verymild_326.jpg,Very_Mild_Demented,1,Very_Mild_Demented,1,True,0.9762459397315979,0.014849347993731499,0.9613965917378664,0.09287231904567826,0.922084629535675,0.014849347993731499,0.9762459397315979,0.008763705380260944,0.00014110672054812312
808,data/dataset/Very_Mild_Demented/verymild_2210.jpg,verymild_2210.jpg,Very_Mild_Demented,1,Very_Mild_Demented,1,True,0.9632499814033508,0.036680493503808975,0.9265694878995419,0.11397022624677923,0.9121679067611694,0.036680493503808975,0.9632499814033508,6.495050911325961e-05,4.550406629277859e-06
809,data/dataset/Very_Mild_Demented/verymild_1893.jpg,verymild_1893.jpg,Very_Mild_Demented,1,Very_Mild_Demented,1,True,0.9870496392250061,0.012263340875506401,0.9747862983494997,0.05185246289103995,0.954210102558136,0.012263340875506401,0.9870496392250061,0.0006798554677516222,7.206420832517324e-06
810,data/dataset/Very_Mild_Demented/verymild_494.jpg,verymild_494.jpg,Very_Mild_Demented,1,Very_Mild_Demented,1,True,0.7876376509666443,0.21225719153881073,0.5753804594278336,0.37367324087035714,0.7189030647277832,0.21225719153881073,0.7876376509666443,8.84477558429353e-05,1.669244738877751e-05
811,data/dataset/Very_Mild_Demented/verymild_1201.jpg,verymild_1201.jpg,Very_Mild_Demented,1,Very_Mild_Demented,1,True,0.9976650476455688,0.0023128779139369726,0.9953521697316319,0.01197941526825852,0.9870229959487915,0.0023128779139369726,0.9976650476455688,2.183161814173218e-05,1.9461694478195568e-07
812,data/dataset/Very_Mild_Demented/verymild_563.jpg,verymild_563.jpg,Very_Mild_Demented,1,Very_Mild_Demented,1,True,0.9945312142372131,0.005219686776399612,0.9893115274608135,0.025222465002044767,0.9751494526863098,0.005219686776399612,0.9945312142372131,0.00024649716215208173,2.5553692921675975e-06
813,data/dataset/Very_Mild_Demented/verymild_1620.jpg,verymild_1620.jpg,Very_Mild_Demented,1,Very_Mild_Demented,1,True,0.9997133612632751,0.0002181909221690148,0.9994951703411061,0.0020073470707501683,0.9966816306114197,6.83209000271745e-05,0.9997133612632751,0.0002181909221690148,9.331214556596024e-08
814,data/dataset/Very_Mild_Demented/verymild_1483.jpg,verymild_1483.jpg,Very_Mild_Demented,1,Very_Mild_Demented,1,True,0.9913362264633179,0.00574269937351346,0.9855935270898044,0.04004608501099524,0.9613969922065735,0.00288109527900815,0.9913362264633179,0.00574269937351346,3.999176624347456e-05
815,data/dataset/Very_Mild_Demented/verymild_568.jpg,verymild_568.jpg,Very_Mild_Demented,1,Very_Mild_Demented,1,True,0.9913783073425293,0.008620216511189938,0.9827580908313394,0.03576583454090005,0.9681121110916138,0.008620216511189938,0.9913783073425293,9.900724080580403e-07,4.3873106392311456e-07
816,data/dataset/Very_Mild_Demented/verymild_196.jpg,verymild_196.jpg,Very_Mild_Demented,1,Very_Mild_Demented,1,True,0.9762510657310486,0.020048120990395546,0.956202944740653,0.08852985922609129,0.9263401031494141,0.0036735280882567167,0.9762510657310486,0.020048120990395546,2.7336101993569173e-05
817,data/dataset/Very_Mild_Demented/verymild_1555.jpg,verymild_1555.jpg,Very_Mild_Demented,1,Very_Mild_Demented,1,True,0.999890923500061,0.0001031614956445992,0.9997877620044164,0.0008134781905087961,0.9984690546989441,5.693943876394769e-06,0.999890923500061,0.0001031614956445992,1.9048883359573665e-07
818,data/dataset/Very_Mild_Demented/verymild_1231.jpg,verymild_1231.jpg,Very_Mild_Demented,1,Very_Mild_Demented,1,True,0.8554675579071045,0.10751073062419891,0.7479568272829056,0.357338113713094,0.7523534297943115,0.10751073062419891,0.8554675579071045,0.03701861575245857,3.065376176891732e-06
819,data/dataset/Very_Mild_Demented/verymild_1362.jpg,verymild_1362.jpg,Very_Mild_Demented,1,Very_Mild_Demented,1,True,0.9929265379905701,0.0070539419539272785,0.9858725960366428,0.030449071506343916,0.9719432592391968,0.0070539419539272785,0.9929265379905701,1.7838763596955687e-05,1.6132024711623671e-06
820,data/dataset/Very_Mild_Demented/verymild_514.jpg,verymild_514.jpg,Very_Mild_Demented,1,Very_Mild_Demented,1,True,0.916682243347168,0.07987472414970398,0.836807519197464,0.2173160952495203,0.8396473526954651,0.07987472414970398,0.916682243347168,0.003422947134822607,2.0151435819570906e-05
821,data/dataset/Very_Mild_Demented/verymild_210.jpg,verymild_210.jpg,Very_Mild_Demented,1,Very_Mild_Demented,1,True,0.9992098808288574,0.0007635984220542014,0.9984462824068032,0.004728542060171536,0.9937804341316223,0.0007635984220542014,0.9992098808288574,2.5115999960689805e-05,1.3792540585200186e-06
822,data/dataset/Very_Mild_Demented/verymild_2209.jpg,verymild_2209.jpg,Very_Mild_Demented,1,Very_Mild_Demented,1,True,0.9975557327270508,0.002286140341311693,0.9952695923857391,0.012803197386132314,0.985671877861023,0.002286140341311693,0.9975557327270508,0.00015313067706301808,4.981260644854046e-06
823,data/dataset/Very_Mild_Demented/verymild_422.jpg,verymild_422.jpg,Very_Mild_Demented,1,Very_Mild_Demented,1,True,0.9999778270721436,1.8784006897476502e-05,0.9999590430652461,0.00019461722204165797,0.9994822144508362,3.325540092191659e-06,0.9999778270721436,1.8784006897476502e-05,7.686190883759991e-08
824,data/dataset/Very_Mild_Demented/verymild_1214.jpg,verymild_1214.jpg,Very_Mild_Demented,1,Very_Mild_Demented,1,True,0.9715119004249573,0.028487764298915863,0.9430241361260414,0.09337863596981837,0.9269066452980042,0.028487764298915863,0.9715119004249573,2.2116228137747385e-07,6.242453309823759e-08
825,data/dataset/Very_Mild_Demented/verymild_300.jpg,verymild_300.jpg,Very_Mild_Demented,1,Very_Mild_Demented,1,True,0.9960197806358337,0.003938622307032347,0.9920811583288014,0.01890958785899246,0.9809422492980957,0.003938622307032347,0.9960197806358337,3.7349844205891714e-05,4.316756530897692e-06
826,data/dataset/Very_Mild_Demented/verymild_1047.jpg,verymild_1047.jpg,Very_Mild_Demented,1,Very_Mild_Demented,1,True,0.9506487250328064,0.04930831864476204,0.9013404063880444,0.14207409395583734,0.8931236863136292,3.997377280029468e-05,0.9506487250328064,0.04930831864476204,2.9293514671735466e-06
827,data/dataset/Very_Mild_Demented/verymild_1817.jpg,verymild_1817.jpg,Very_Mild_Demented,1,Very_Mild_Demented,1,True,0.9998894929885864,6.096622746554203e-05,0.9998285267611209,0.0008613338746776399,0.9982775449752808,6.096622746554203e-05,0.9998894929885864,4.958547651767731e-05,2.216101435692508e-08
828,data/dataset/Very_Mild_Demented/verymild_193.jpg,verymild_193.jpg,Very_Mild_Demented,1,Very_Mild_Demented,1,True,0.9969636797904968,0.003024520818144083,0.9939391589723527,0.014940118100693128,0.9845436215400696,0.003024520818144083,0.9969636797904968,1.1420681403251365e-05,2.9772419907203584e-07
829,data/dataset/Very_Mild_Demented/verymild_804.jpg,verymild_804.jpg,Very_Mild_Demented,1,Very_Mild_Demented,1,True,0.6093357801437378,0.39016813039779663,0.21916764974594116,0.48543840230801455,0.5773621201515198,0.39016813039779663,0.6093357801437378,0.00046645686961710453,2.9624772651004605e-05
830,data/dataset/Very_Mild_Demented/verymild_888.jpg,verymild_888.jpg,Very_Mild_Demented,1,Very_Mild_Demented,1,True,0.991141676902771,0.008792784996330738,0.9823488919064403,0.036847070656272095,0.9667683243751526,6.371054769260809e-05,0.991141676902771,0.008792784996330738,1.7258818161280942e-06
831,data/dataset/Very_Mild_Demented/verymild_182.jpg,verymild_182.jpg,Very_Mild_Demented,1,Very_Mild_Demented,1,True,0.9883067011833191,0.011439351364970207,0.9768673498183489,0.0468218198684833,0.9586312174797058,0.011439351364970207,0.9883067011833191,0.0002447603619657457,9.235116522177123e-06
832,data/dataset/Very_Mild_Demented/verymild_1639.jpg,verymild_1639.jpg,Very_Mild_Demented,1,Very_Mild_Demented,1,True,0.9924187660217285,0.007580340374261141,0.9848384256474674,0.03215360768241873,0.9708830118179321,0.007580340374261141,0.9924187660217285,2.506938301394257e-07,6.617271992581664e-07
833,data/dataset/Very_Mild_Demented/verymild_748.jpg,verymild_748.jpg,Very_Mild_Demented,1,Very_Mild_Demented,1,True,0.959481418132782,0.03754428029060364,0.9219371378421783,0.1301168281719497,0.8983797430992126,0.0029456859920173883,0.959481418132782,0.03754428029060364,2.8574359021149576e-05
834,data/dataset/Very_Mild_Demented/verymild_2002.jpg,verymild_2002.jpg,Very_Mild_Demented,1,Very_Mild_Demented,1,True,0.7196935415267944,0.27908629179000854,0.4406072497367859,0.4338719841865643,0.6592133045196533,0.27908629179000854,0.7196935415267944,0.0011052550980821252,0.00011484599963296205
835,data/dataset/Very_Mild_Demented/verymild_699.jpg,verymild_699.jpg,Very_Mild_Demented,1,Very_Mild_Demented,1,True,0.8791067600250244,0.12083672732114792,0.7582700327038765,0.2663387824755528,0.8059093952178955,0.12083672732114792,0.8791067600250244,4.101941522094421e-05,1.5490008081542328e-05
836,data/dataset/Very_Mild_Demented/verymild_226.jpg,verymild_226.jpg,Very_Mild_Demented,1,Very_Mild_Demented,1,True,0.9885625839233398,0.011347969993948936,0.9772146139293909,0.04550778105010817,0.9600479602813721,0.011347969993948936,0.9885625839233398,5.832423994434066e-05,3.106656367890537e-05
837,data/dataset/Very_Mild_Demented/verymild_1261.jpg,verymild_1261.jpg,Very_Mild_Demented,1,Non_Demented,0,False,0.6456419825553894,0.35434243083000183,0.2912995517253876,0.46908203529336984,0.6061060428619385,0.6456419825553894,0.35434243083000183,8.999890269478783e-06,6.6208936004841235e-06
838,data/dataset/Very_Mild_Demented/verymild_512.jpg,verymild_512.jpg,Very_Mild_Demented,1,Very_Mild_Demented,1,True,0.8511472940444946,0.1480678915977478,0.7030794024467468,0.3070746791502431,0.7746949791908264,0.1480678915977478,0.8511472940444946,0.0007675476954318583,1.7247371943085454e-05
839,data/dataset/Very_Mild_Demented/verymild_1979.jpg,verymild_1979.jpg,Very_Mild_Demented,1,Very_Mild_Demented,1,True,0.9993194341659546,0.0005845982232131064,0.9987348359427415,0.004291595614690677,0.9939034581184387,8.76921258168295e-05,0.9993194341659546,0.0005845982232131064,8.364851055375766e-06
840,data/dataset/Very_Mild_Demented/verymild_171.jpg,verymild_171.jpg,Very_Mild_Demented,1,Very_Mild_Demented,1,True,0.9992319345474243,0.00046007291530258954,0.9987718616321217,0.0049189295419055845,0.9929957985877991,0.0003028786741197109,0.9992319345474243,0.00046007291530258954,5.093659638077952e-06
841,data/dataset/Very_Mild_Demented/verymild_1453.jpg,verymild_1453.jpg,Very_Mild_Demented,1,Very_Mild_Demented,1,True,0.9995624423027039,0.00039635083521716297,0.9991660914674867,0.0028562441980595804,0.9957438111305237,4.084682586835697e-05,0.9995624423027039,0.00039635083521716297,3.10160373828694e-07
842,data/dataset/Very_Mild_Demented/verymild_243.jpg,verymild_243.jpg,Very_Mild_Demented,1,Very_Mild_Demented,1,True,0.9880200028419495,0.009879328310489655,0.9781406745314598,0.05092403604818844,0.9536353945732117,0.0020789513364434242,0.9880200028419495,0.009879328310489655,2.1641291823470965e-05
843,data/dataset/Very_Mild_Demented/verymild_409.jpg,verymild_409.jpg,Very_Mild_Demented,1,Very_Mild_Demented,1,True,0.9965421557426453,0.00237853080034256,0.9941636249423027,0.01831386011062059,0.9795881509780884,0.00237853080034256,0.9965421557426453,0.0010317275300621986,4.745989281218499e-05
844,data/dataset/Very_Mild_Demented/verymild_495.jpg,verymild_495.jpg,Very_Mild_Demented,1,Very_Mild_Demented,1,True,0.9032924771308899,0.09662612527608871,0.8066663518548012,0.22973345762012867,0.8322873115539551,7.03707555658184e-05,0.9032924771308899,0.09662612527608871,1.1063860256399494e-05
845,data/dataset/Very_Mild_Demented/verymild_80.jpg,verymild_80.jpg,Very_Mild_Demented,1,Very_Mild_Demented,1,True,0.9638393521308899,0.031467460095882416,0.9323718920350075,0.12230129158180295,0.9033637642860413,0.031467460095882416,0.9638393521308899,0.004687568172812462,5.660951956087956e-06
846,data/dataset/Very_Mild_Demented/verymild_501.jpg,verymild_501.jpg,Very_Mild_Demented,1,Very_Mild_Demented,1,True,0.9967610239982605,0.0031942513305693865,0.9935667726676911,0.015903151077572942,0.9834542274475098,0.0031942513305693865,0.9967610239982605,4.233636354911141e-05,2.390778718108777e-06
847,data/dataset/Very_Mild_Demented/verymild_1795.jpg,verymild_1795.jpg,Very_Mild_Demented,1,Very_Mild_Demented,1,True,0.8341901898384094,0.09100184589624405,0.7431883439421654,0.4072157051987341,0.724043607711792,0.074638232588768,0.8341901898384094,0.09100184589624405,0.0001697101106401533
848,data/dataset/Very_Mild_Demented/verymild_1918.jpg,verymild_1918.jpg,Very_Mild_Demented,1,Non_Demented,0,False,0.7236628532409668,0.2760665714740753,0.4475962817668915,0.426774131198468,0.6651907563209534,0.7236628532409668,0.2760665714740753,0.00026445265393704176,6.085775567044038e-06
849,data/dataset/Very_Mild_Demented/verymild_1353.jpg,verymild_1353.jpg,Very_Mild_Demented,1,Very_Mild_Demented,1,True,0.9072129726409912,0.053859151899814606,0.8533538207411766,0.26854022490009083,0.8095992803573608,0.053859151899814606,0.9072129726409912,0.038900233805179596,2.767246769508347e-05
850,data/dataset/Very_Mild_Demented/verymild_868.jpg,verymild_868.jpg,Very_Mild_Demented,1,Very_Mild_Demented,1,True,0.9970011115074158,0.002963470760732889,0.9940376407466829,0.01487786575553863,0.9843475818634033,0.002963470760732889,0.9970011115074158,2.907593261625152e-05,6.3025026975083165e-06
851,data/dataset/Very_Mild_Demented/verymild_2091.jpg,verymild_2091.jpg,Very_Mild_Demented,1,Very_Mild_Demented,1,True,0.999887228012085,0.00010543724783929065,0.9997817907642457,0.0008437531833257198,0.9983879327774048,0.00010543724783929065,0.999887228012085,4.649878064810764e-06,2.6729262572189327e-06
852,data/dataset/Very_Mild_Demented/verymild_433.jpg,verymild_433.jpg,Very_Mild_Demented,1,Very_Mild_Demented,1,True,0.8571491837501526,0.14283272624015808,0.7143164575099945,0.2959672871334254,0.7837961912155151,0.14283272624015808,0.8571491837501526,6.8546000875358e-06,1.1270552931819111e-05
853,data/dataset/Very_Mild_Demented/verymild_1506.jpg,verymild_1506.jpg,Very_Mild_Demented,1,Very_Mild_Demented,1,True,0.9999943971633911,3.574896481950418e-06,0.9999908222669092,5.5392841687785984e-05,0.9997997879981995,3.574896481950418e-06,0.9999943971633911,1.99925329980033e-06,6.215799874809136e-09
854,data/dataset/Very_Mild_Demented/verymild_463.jpg,verymild_463.jpg,Very_Mild_Demented,1,Very_Mild_Demented,1,True,0.8730879426002502,0.12691062688827515,0.7461773157119751,0.27446780044255975,0.8002442717552185,0.12691062688827515,0.8730879426002502,4.01910199343547e-07,1.058149337040959e-06
855,data/dataset/Very_Mild_Demented/verymild_858.jpg,verymild_858.jpg,Very_Mild_Demented,1,Very_Mild_Demented,1,True,0.8180422186851501,0.18191437423229218,0.636127844452858,0.34248272528385443,0.746334969997406,0.18191437423229218,0.8180422186851501,2.9384795197984204e-05,1.4012170140631497e-05
856,data/dataset/Very_Mild_Demented/verymild_1586.jpg,verymild_1586.jpg,Very_Mild_Demented,1,Very_Mild_Demented,1,True,0.996103048324585,0.0038314752746373415,0.9922715730499476,0.018641495122201,0.9811011552810669,0.0038314752746373415,0.996103048324585,6.528603989863768e-05,2.529060623146506e-07
857,data/dataset/Very_Mild_Demented/verymild_2053.jpg,verymild_2053.jpg,Very_Mild_Demented,1,Very_Mild_Demented,1,True,0.9999927282333374,6.902416316734161e-06,0.9999858258170207,6.821500696322413e-05,0.9997842907905579,3.5388782748668746e-07,0.9999927282333374,6.902416316734161e-06,5.514249612481592e-10
858,data/dataset/Very_Mild_Demented/verymild_957.jpg,verymild_957.jpg,Very_Mild_Demented,1,Very_Mild_Demented,1,True,0.9868500232696533,0.007800858002156019,0.9790491652674973,0.05715042607207365,0.9480520486831665,0.0052904998883605,0.9868500232696533,0.007800858002156019,5.8546756918076426e-05
859,data/dataset/Very_Mild_Demented/verymild_1967.jpg,verymild_1967.jpg,Very_Mild_Demented,1,Very_Mild_Demented,1,True,0.9999796152114868,2.035495162999723e-05,0.9999592602598568,0.00017440395958635426,0.9995700716972351,2.035495162999723e-05,0.9999796152114868,6.568631505388112e-08,2.4316618052466765e-08
860,data/dataset/Very_Mild_Demented/verymild_1765.jpg,verymild_1765.jpg,Very_Mild_Demented,1,Very_Mild_Demented,1,True,0.9999338388442993,4.3551885028136894e-05,0.9998902869592712,0.0005389252294304447,0.9988020658493042,2.2090353013481945e-05,0.9999338388442993,4.3551885028136894e-05,4.667864743623795e-07
861,data/dataset/Very_Mild_Demented/verymild_381.jpg,verymild_381.jpg,Very_Mild_Demented,1,Very_Mild_Demented,1,True,0.9966990351676941,0.0017200126312673092,0.9949790225364268,0.017729780156001292,0.9800866842269897,0.0015536508290097117,0.9966990351676941,0.0017200126312673092,2.7299891371512786e-05
862,data/dataset/Very_Mild_Demented/verymild_1880.jpg,verymild_1880.jpg,Very_Mild_Demented,1,Very_Mild_Demented,1,True,0.5578884482383728,0.4419383406639099,0.11595010757446289,0.49630878073411194,0.5408327579498291,0.4419383406639099,0.5578884482383728,0.00014975898375269026,2.339344791835174e-05
863,data/dataset/Very_Mild_Demented/verymild_220.jpg,verymild_220.jpg,Very_Mild_Demented,1,Very_Mild_Demented,1,True,0.9985494017601013,0.001414117868989706,0.9971352838911116,0.00800882560730689,0.9905341863632202,3.6219804314896464e-05,0.9985494017601013,0.001414117868989706,2.8419648856470303e-07
864,data/dataset/Very_Mild_Demented/verymild_2159.jpg,verymild_2159.jpg,Very_Mild_Demented,1,Very_Mild_Demented,1,True,0.9745222926139832,0.025173362344503403,0.9493489302694798,0.08684399391655077,0.9299900531768799,0.0002783795935101807,0.9745222926139832,0.025173362344503403,2.5998326236731373e-05
865,data/dataset/Very_Mild_Demented/verymild_2170.jpg,verymild_2170.jpg,Very_Mild_Demented,1,Very_Mild_Demented,1,True,0.9859906435012817,0.010888086631894112,0.9751025568693876,0.05862015218514234,0.947615921497345,0.010888086631894112,0.9859906435012817,0.0030994650442153215,2.188207145081833e-05
866,data/dataset/Very_Mild_Demented/verymild_1221.jpg,verymild_1221.jpg,Very_Mild_Demented,1,Very_Mild_Demented,1,True,0.8798823356628418,0.12010570615530014,0.7597766295075417,0.26494135894379844,0.8071945309638977,0.12010570615530014,0.8798823356628418,9.870667781797238e-06,2.0597376533260103e-06
867,data/dataset/Very_Mild_Demented/verymild_258.jpg,verymild_258.jpg,Very_Mild_Demented,1,Very_Mild_Demented,1,True,0.999936580657959,4.4151904148748145e-05,0.9998924287538102,0.0005180281616879611,0.9988417029380798,4.4151904148748145e-05,0.999936580657959,1.8794595234794542e-05,5.145577688381309e-07
868,data/dataset/Very_Mild_Demented/verymild_1766.jpg,verymild_1766.jpg,Very_Mild_Demented,1,Mild_Demented,2,False,0.7467430830001831,0.1865348219871521,0.560208261013031,0.513625283892861,0.6474243998527527,0.06671048700809479,0.1865348219871521,0.7467430830001831,1.1641513083304744e-05
869,data/dataset/Very_Mild_Demented/verymild_1092.jpg,verymild_1092.jpg,Very_Mild_Demented,1,Very_Mild_Demented,1,True,0.8703397512435913,0.12606872618198395,0.7442710250616074,0.2910390382816262,0.78703373670578,0.12606872618198395,0.8703397512435913,0.0031673458870500326,0.0004241007554810494
870,data/dataset/Very_Mild_Demented/verymild_648.jpg,verymild_648.jpg,Very_Mild_Demented,1,Very_Mild_Demented,1,True,0.9997929930686951,0.0002043147833319381,0.9995886782853631,0.0014263033489065543,0.9976904392242432,0.0002043147833319381,0.9997929930686951,2.447347696943325e-06,1.8322769790302118e-07
871,data/dataset/Very_Mild_Demented/verymild_808.jpg,verymild_808.jpg,Very_Mild_Demented,1,Very_Mild_Demented,1,True,0.9964879751205444,0.003511777613312006,0.9929761975072324,0.0168483690703294,0.9831148982048035,0.003511777613312006,0.9964879751205444,1.6455688012229075e-07,6.666947882649765e-08
872,data/dataset/Very_Mild_Demented/verymild_1772.jpg,verymild_1772.jpg,Very_Mild_Demented,1,Very_Mild_Demented,1,True,0.9618554711341858,0.03814040496945381,0.923715066164732,0.11689236196975786,0.9106413722038269,0.03814040496945381,0.9618554711341858,2.897239482990699e-06,1.3108917755744187e-06
873,data/dataset/Very_Mild_Demented/verymild_1237.jpg,verymild_1237.jpg,Very_Mild_Demented,1,Very_Mild_Demented,1,True,0.9997908473014832,0.00020723081252072006,0.9995836164889624,0.0014376819159117346,0.9976910352706909,0.00020723081252072006,0.9997908473014832,1.939575668075122e-06,4.388322949466783e-08
874,data/dataset/Very_Mild_Demented/verymild_697.jpg,verymild_697.jpg,Very_Mild_Demented,1,Very_Mild_Demented,1,True,0.828495979309082,0.17101261019706726,0.6574833691120148,0.333052035125961,0.7540018558502197,0.00047335162525996566,0.828495979309082,0.17101261019706726,1.8036771507468075e-05
875,data/dataset/Very_Mild_Demented/verymild_1262.jpg,verymild_1262.jpg,Very_Mild_Demented,1,Very_Mild_Demented,1,True,0.8511250019073486,0.14571170508861542,0.7054132968187332,0.314757939584045,0.769645094871521,0.14571170508861542,0.8511250019073486,0.00310715613886714,5.609610889223404e-05
876,data/dataset/Very_Mild_Demented/verymild_496.jpg,verymild_496.jpg,Very_Mild_Demented,1,Very_Mild_Demented,1,True,0.993330180644989,0.006523942109197378,0.9868062385357916,0.029433683248420973,0.972038745880127,0.0001353808620478958,0.993330180644989,0.006523942109197378,1.0468783329997677e-05
877,data/dataset/Very_Mild_Demented/verymild_777.jpg,verymild_777.jpg,Very_Mild_Demented,1,Very_Mild_Demented,1,True,0.99396812915802,0.00603049760684371,0.9879376315511763,0.026584341869648954,0.9751983880996704,0.00603049760684371,0.99396812915802,1.0926944469247246e-06,2.400901166765834e-07
878,data/dataset/Very_Mild_Demented/verymild_478.jpg,verymild_478.jpg,Very_Mild_Demented,1,Non_Demented,0,False,0.5677120089530945,0.4266315996646881,0.14108040928840637,0.5155158461781331,0.5399467349052429,0.5677120089530945,0.4266315996646881,0.005541765596717596,0.0001146516515291296
879,data/dataset/Very_Mild_Demented/verymild_1747.jpg,verymild_1747.jpg,Very_Mild_Demented,1,Very_Mild_Demented,1,True,0.9997122883796692,0.00021152386034373194,0.9995007645193255,0.0020194041630575807,0.996658444404602,7.612193439854309e-05,0.9997122883796692,0.00021152386034373194,1.0962613927745224e-08
880,data/dataset/Very_Mild_Demented/verymild_234.jpg,verymild_234.jpg,Very_Mild_Demented,1,Very_Mild_Demented,1,True,0.7323545217514038,0.261178582906723,0.4711759388446808,0.44129509936310485,0.6620919108390808,0.261178582906723,0.7323545217514038,0.0063943034037947655,7.256129902089015e-05
881,data/dataset/Very_Mild_Demented/verymild_1521.jpg,verymild_1521.jpg,Very_Mild_Demented,1,Very_Mild_Demented,1,True,0.9873518943786621,0.01262570172548294,0.9747261926531792,0.04906454887814408,0.9579404592514038,0.01262570172548294,0.9873518943786621,1.811326183087658e-05,4.246626303938683e-06
882,data/dataset/Very_Mild_Demented/verymild_1407.jpg,verymild_1407.jpg,Very_Mild_Demented,1,Very_Mild_Demented,1,True,0.9955797791481018,0.004412579815834761,0.991167199332267,0.020508970080209268,0.979961097240448,0.004412579815834761,0.9955797791481018,7.483457920898218e-06,1.245362000190653e-07
883,data/dataset/Very_Mild_Demented/verymild_1801.jpg,verymild_1801.jpg,Very_Mild_Demented,1,Very_Mild_Demented,1,True,0.9981264472007751,0.0018524294719099998,0.9962740177288651,0.009924924629003237,0.9888389706611633,0.0018524294719099998,0.9981264472007751,1.9632821931736544e-05,1.5046756516312598e-06
884,data/dataset/Very_Mild_Demented/verymild_1534.jpg,verymild_1534.jpg,Very_Mild_Demented,1,Very_Mild_Demented,1,True,0.6874597668647766,0.30840638279914856,0.37905338406562805,0.4641055883036663,0.629859983921051,0.30840638279914856,0.6874597668647766,0.004081334453076124,5.25077739439439e-05
885,data/dataset/Very_Mild_Demented/verymild_1513.jpg,verymild_1513.jpg,Very_Mild_Demented,1,Non_Demented,0,False,0.591776967048645,0.40821394324302673,0.1835630238056183,0.4878599180321629,0.5662951469421387,0.591776967048645,0.40821394324302673,6.506426871055737e-06,2.6062878077937057e-06
886,data/dataset/Very_Mild_Demented/verymild_1037.jpg,verymild_1037.jpg,Very_Mild_Demented,1,Very_Mild_Demented,1,True,0.9998911619186401,0.0001071059305104427,0.9997840559881297,0.0008014281521772981,0.9985406398773193,0.0001071059305104427,0.9998911619186401,1.7048929521479295e-06,2.3286323980187262e-08
887,data/dataset/Very_Mild_Demented/verymild_1605.jpg,verymild_1605.jpg,Very_Mild_Demented,1,Very_Mild_Demented,1,True,0.993515133857727,0.00648478465154767,0.9870303492061794,0.028232352185397217,0.9739495515823364,0.00648478465154767,0.993515133857727,1.1910684349913936e-07,2.2193454185526207e-08
888,data/dataset/Very_Mild_Demented/verymild_763.jpg,verymild_763.jpg,Very_Mild_Demented,1,Very_Mild_Demented,1,True,0.9431013464927673,0.050292160362005234,0.8928091861307621,0.1723134272449962,0.8698229193687439,0.050292160362005234,0.9431013464927673,0.006593028083443642,1.351145783701213e-05
889,data/dataset/Very_Mild_Demented/verymild_1640.jpg,verymild_1640.jpg,Very_Mild_Demented,1,Very_Mild_Demented,1,True,0.981955349445343,0.010656173340976238,0.9712991761043668,0.07399304715974375,0.9360745549201965,0.007383884862065315,0.981955349445343,0.010656173340976238,4.514934971666662e-06
890,data/dataset/Very_Mild_Demented/verymild_900.jpg,verymild_900.jpg,Very_Mild_Demented,1,Non_Demented,0,False,0.9326324462890625,0.06566125899553299,0.8669711872935295,0.1838731873781615,0.8626043200492859,0.9326324462890625,0.06566125899553299,0.001671521458774805,3.4799442801158875e-05
891,data/dataset/Very_Mild_Demented/verymild_302.jpg,verymild_302.jpg,Very_Mild_Demented,1,Very_Mild_Demented,1,True,0.9970800280570984,0.0029172853101044893,0.9941627427469939,0.014413501849293369,0.9851003289222717,0.0029172853101044893,0.9970800280570984,9.321145739704662e-07,1.8332478930460638e-06
892,data/dataset/Very_Mild_Demented/verymild_1321.jpg,verymild_1321.jpg,Very_Mild_Demented,1,Very_Mild_Demented,1,True,0.9986996650695801,0.001196717843413353,0.9975029472261667,0.007459137480209546,0.9906600117683411,0.001196717843413353,0.9986996650695801,9.036836854647845e-05,1.31575816340046e-05
893,data/dataset/Very_Mild_Demented/verymild_1984.jpg,verymild_1984.jpg,Very_Mild_Demented,1,Very_Mild_Demented,1,True,0.9987637996673584,0.001234352239407599,0.9975294474279508,0.006872480473056228,0.9919117093086243,0.001234352239407599,0.9987637996673584,1.6018384485505521e-06,2.468035802394297e-07
894,data/dataset/Very_Mild_Demented/verymild_1708.jpg,verymild_1708.jpg,Very_Mild_Demented,1,Very_Mild_Demented,1,True,0.9805702567100525,0.01909622736275196,0.9614740293473005,0.07039998024346011,0.9413974285125732,0.01909622736275196,0.9805702567100525,0.000305123976431787,2.8419271984603256e-05
895,data/dataset/Very_Mild_Demented/verymild_271.jpg,verymild_271.jpg,Very_Mild_Demented,1,Very_Mild_Demented,1,True,0.9965141415596008,0.0034815026447176933,0.9930326389148831,0.01676685198104935,0.983075737953186,0.0034815026447176933,0.9965141415596008,3.35441950483073e-06,1.1252755030000117e-06
896,data/dataset/Very_Mild_Demented/verymild_592.jpg,verymild_592.jpg,Very_Mild_Demented,1,Very_Mild_Demented,1,True,0.9992863535881042,0.00035972846671938896,0.9989266251213849,0.004614878994939197,0.9933480620384216,0.00035046564880758524,0.9992863535881042,0.00035972846671938896,3.424231636017794e-06
897,data/dataset/Very_Mild_Demented/verymild_1675.jpg,verymild_1675.jpg,Very_Mild_Demented,1,Very_Mild_Demented,1,True,0.999942421913147,5.74121113459114e-05,0.9998850098018011,0.00044793162736496043,0.9991004467010498,5.74121113459114e-05,0.999942421913147,1.7000063223804318e-07,4.95742336070748e-09
898,data/dataset/Very_Mild_Demented/verymild_66.jpg,verymild_66.jpg,Very_Mild_Demented,1,Very_Mild_Demented,1,True,0.9574711918830872,0.03569325804710388,0.9217779338359833,0.14062522611364361,0.8905504941940308,0.03569325804710388,0.9574711918830872,0.006784936413168907,5.063502976554446e-05
899,data/dataset/Very_Mild_Demented/verymild_893.jpg,verymild_893.jpg,Very_Mild_Demented,1,Very_Mild_Demented,1,True,0.9997270703315735,0.00027283630333840847,0.9994542340282351,0.0018136242340713103,0.997273862361908,0.00027283630333840847,0.9997270703315735,1.2983981889647112e-07,1.0727222665707359e-08
900,data/dataset/Very_Mild_Demented/verymild_1528.jpg,verymild_1528.jpg,Very_Mild_Demented,1,Very_Mild_Demented,1,True,0.7400976419448853,0.2592228055000305,0.48087483644485474,0.4167248839389151,0.6772226691246033,0.0006746735307388008,0.7400976419448853,0.2592228055000305,4.87331908516353e-06
901,data/dataset/Very_Mild_Demented/verymild_882.jpg,verymild_882.jpg,Very_Mild_Demented,1,Very_Mild_Demented,1,True,0.7012795209884644,0.27697131037712097,0.4243082106113434,0.4991157955701693,0.6246562004089355,0.27697131037712097,0.7012795209884644,0.02069246582686901,0.0010566795244812965
902,data/dataset/Very_Mild_Demented/verymild_170.jpg,verymild_170.jpg,Very_Mild_Demented,1,Very_Mild_Demented,1,True,0.9999102354049683,8.650926611153409e-05,0.9998237261388567,0.0006783676794608518,0.9986962676048279,3.231140226489515e-06,0.9999102354049683,8.650926611153409e-05,2.817699318313771e-08
903,data/dataset/Very_Mild_Demented/verymild_1063.jpg,verymild_1063.jpg,Very_Mild_Demented,1,Very_Mild_Demented,1,True,0.9998003840446472,0.0001948504796018824,0.9996055335650453,0.001388078693186028,0.9977032542228699,4.151703251409344e-06,0.9998003840446472,0.0001948504796018824,5.98820690811408e-07
904,data/dataset/Very_Mild_Demented/verymild_1754.jpg,verymild_1754.jpg,Very_Mild_Demented,1,Very_Mild_Demented,1,True,0.6029230952262878,0.3937567472457886,0.20916634798049927,0.49873463902019455,0.567924439907074,0.3937567472457886,0.6029230952262878,0.0032356525771319866,8.455661009065807e-05
905,data/dataset/Very_Mild_Demented/verymild_998.jpg,verymild_998.jpg,Very_Mild_Demented,1,Very_Mild_Demented,1,True,0.9946184754371643,0.0030568973161280155,0.9915615781210363,0.026895254255661874,0.972137987613678,0.0023033786565065384,0.9946184754371643,0.0030568973161280155,2.1176301743253134e-05
906,data/dataset/Very_Mild_Demented/verymild_2150.jpg,verymild_2150.jpg,Very_Mild_Demented,1,Very_Mild_Demented,1,True,0.999589741230011,0.0003548134118318558,0.9992349278181791,0.0027221188923143326,0.9958540201187134,5.532622162718326e-05,0.999589741230011,0.0003548134118318558,1.633197115324947e-07
907,data/dataset/Very_Mild_Demented/verymild_862.jpg,verymild_862.jpg,Very_Mild_Demented,1,Non_Demented,0,False,0.9682837128639221,0.03170737996697426,0.9365763328969479,0.1015263248033596,0.9211170077323914,0.9682837128639221,0.03170737996697426,5.779792900284519e-06,3.0764153962081764e-06
908,data/dataset/Very_Mild_Demented/verymild_397.jpg,verymild_397.jpg,Very_Mild_Demented,1,Very_Mild_Demented,1,True,0.9319653511047363,0.04059019312262535,0.891375157982111,0.2125940106004429,0.8442133069038391,0.02740272879600525,0.9319653511047363,0.04059019312262535,4.174502464593388e-05
909,data/dataset/Very_Mild_Demented/verymild_1899.jpg,verymild_1899.jpg,Very_Mild_Demented,1,Very_Mild_Demented,1,True,0.997818112373352,0.00218090508133173,0.9956372072920203,0.01122289986470344,0.9879270195960999,0.00218090508133173,0.997818112373352,5.972767667117296e-07,3.75620430759227e-07
910,data/dataset/Very_Mild_Demented/verymild_842.jpg,verymild_842.jpg,Very_Mild_Demented,1,Very_Mild_Demented,1,True,0.8819918632507324,0.11124181002378464,0.7707500532269478,0.2810322062433423,0.7956540584564209,0.11124181002378464,0.8819918632507324,0.006609953939914703,0.00015638799231965095
911,data/dataset/Very_Mild_Demented/verymild_1157.jpg,verymild_1157.jpg,Very_Mild_Demented,1,Very_Mild_Demented,1,True,0.996619462966919,0.0031432632822543383,0.9934761996846646,0.016966380071953863,0.9818195104598999,0.0031432632822543383,0.996619462966919,0.0002235507417935878,1.3699394003197085e-05
912,data/dataset/Very_Mild_Demented/verymild_523.jpg,verymild_523.jpg,Very_Mild_Demented,1,Very_Mild_Demented,1,True,0.9774413704872131,0.022491401061415672,0.9549499694257975,0.0781508567313403,0.9368272423744202,0.022491401061415672,0.9774413704872131,3.949464371544309e-05,2.7736297852243297e-05
913,data/dataset/Very_Mild_Demented/verymild_2238.jpg,verymild_2238.jpg,Very_Mild_Demented,1,Very_Mild_Demented,1,True,0.9967600703239441,0.0032394346781075,0.9935206356458366,0.01573489023876396,0.984035313129425,0.0032394346781075,0.9967600703239441,3.2593771948086214e-07,2.676463850548316e-07
914,data/dataset/Very_Mild_Demented/verymild_880.jpg,verymild_880.jpg,Very_Mild_Demented,1,Non_Demented,0,False,0.6819015741348267,0.31567201018333435,0.3662295639514923,0.4614850886524697,0.6281271576881409,0.6819015741348267,0.31567201018333435,0.002413990208879113,1.2456838703656103e-05
915,data/dataset/Very_Mild_Demented/verymild_1465.jpg,verymild_1465.jpg,Very_Mild_Demented,1,Very_Mild_Demented,1,True,0.9995546936988831,0.000444615026935935,0.9991100786719471,0.002803751364486125,0.9961100220680237,0.000444615026935935,0.9995546936988831,6.943542416593118e-07,5.159908500473875e-09
916,data/dataset/Very_Mild_Demented/verymild_612.jpg,verymild_612.jpg,Very_Mild_Demented,1,Very_Mild_Demented,1,True,0.9921360015869141,0.007823186926543713,0.9843128146603703,0.03332903385865627,0.9695620536804199,3.8154936191858724e-05,0.9921360015869141,0.007823186926543713,2.7344833597453544e-06
917,data/dataset/Very_Mild_Demented/verymild_2157.jpg,verymild_2157.jpg,Very_Mild_Demented,1,Very_Mild_Demented,1,True,0.9989018440246582,0.0008465478895232081,0.998055296135135,0.0066236833835228975,0.9912964105606079,0.00024970079539343715,0.9989018440246582,0.0008465478895232081,1.874682993729948e-06
918,data/dataset/Very_Mild_Demented/verymild_1499.jpg,verymild_1499.jpg,Very_Mild_Demented,1,Very_Mild_Demented,1,True,0.8784177899360657,0.12138497084379196,0.7570328190922737,0.26809689662182923,0.8042038083076477,0.12138497084379196,0.8784177899360657,7.556469063274562e-05,0.00012169875844847411
919,data/dataset/Very_Mild_Demented/verymild_2192.jpg,verymild_2192.jpg,Very_Mild_Demented,1,Very_Mild_Demented,1,True,0.9964755177497864,0.003490979317575693,0.9929845384322107,0.01704993945521291,0.9824998378753662,0.003490979317575693,0.9964755177497864,1.455913206882542e-05,1.8878563423641026e-05
920,data/dataset/Very_Mild_Demented/verymild_98.jpg,verymild_98.jpg,Very_Mild_Demented,1,Very_Mild_Demented,1,True,0.9983965754508972,0.0016001277836039662,0.9967964476672933,0.00861706979617964,0.9902415871620178,0.0016001277836039662,0.9983965754508972,3.0354433420143323e-06,2.63648786358317e-07
921,data/dataset/Very_Mild_Demented/verymild_2214.jpg,verymild_2214.jpg,Very_Mild_Demented,1,Very_Mild_Demented,1,True,0.9999905824661255,6.752295121259522e-06,0.9999838301710042,8.91046165957567e-05,0.9997135996818542,6.752295121259522e-06,0.9999905824661255,2.6185625756625086e-06,3.1319871141022304e-09
922,data/dataset/Very_Mild_Demented/verymild_971.jpg,verymild_971.jpg,Very_Mild_Demented,1,Very_Mild_Demented,1,True,0.9621192216873169,0.03781614452600479,0.9243030771613121,0.11660042141991823,0.9103906750679016,0.03781614452600479,0.9621192216873169,6.0063586715841666e-05,4.554263341560727e-06
923,data/dataset/Very_Mild_Demented/verymild_554.jpg,verymild_554.jpg,Very_Mild_Demented,1,Very_Mild_Demented,1,True,0.976346492767334,0.022908898070454597,0.9534375946968794,0.08318019376064197,0.9318850040435791,0.022908898070454597,0.976346492767334,0.0007309551583603024,1.366878132103011e-05
924,data/dataset/Very_Mild_Demented/verymild_658.jpg,verymild_658.jpg,Very_Mild_Demented,1,Non_Demented,0,False,0.6525896787643433,0.3471945822238922,0.30539509654045105,0.4672359305233457,0.6103135943412781,0.6525896787643433,0.3471945822238922,0.00018471927614882588,3.1045026844367385e-05
925,data/dataset/Very_Mild_Demented/verymild_68.jpg,verymild_68.jpg,Very_Mild_Demented,1,Very_Mild_Demented,1,True,0.996329128742218,0.002237931825220585,0.9940911969169974,0.01933825595988247,0.9787319898605347,0.002237931825220585,0.996329128742218,0.001412827055901289,2.0048573787789792e-05
926,data/dataset/Very_Mild_Demented/verymild_629.jpg,verymild_629.jpg,Very_Mild_Demented,1,Very_Mild_Demented,1,True,0.9991224408149719,0.000779711757786572,0.9983427290571854,0.005318256797931893,0.9928805828094482,0.000779711757786572,0.9991224408149719,9.493680408922955e-05,2.824424200298381e-06
927,data/dataset/Very_Mild_Demented/verymild_118.jpg,verymild_118.jpg,Very_Mild_Demented,1,Very_Mild_Demented,1,True,0.9818795323371887,0.01682375743985176,0.965055774897337,0.06876780039327798,0.9414927363395691,0.01682375743985176,0.9818795323371887,0.0012918069260194898,4.904356956103584e-06
928,data/dataset/Very_Mild_Demented/verymild_929.jpg,verymild_929.jpg,Very_Mild_Demented,1,Very_Mild_Demented,1,True,0.9689682126045227,0.030552824959158897,0.9384153876453638,0.10165091548499403,0.9193941354751587,0.030552824959158897,0.9689682126045227,0.000440071860793978,3.8826517993584275e-05
929,data/dataset/Very_Mild_Demented/verymild_75.jpg,verymild_75.jpg,Very_Mild_Demented,1,Very_Mild_Demented,1,True,0.9997124075889587,0.0001592105982126668,0.9995531969907461,0.0020458832770735764,0.9965433478355408,0.0001592105982126668,0.9997124075889587,0.00012725821579806507,1.0839123660844052e-06
930,data/dataset/Very_Mild_Demented/verymild_2191.jpg,verymild_2191.jpg,Very_Mild_Demented,1,Very_Mild_Demented,1,True,0.9946801066398621,0.00530020659789443,0.9893799000419676,0.02401753036503965,0.9770023822784424,0.00530020659789443,0.9946801066398621,1.9078794139204547e-05,6.447806413234503e-07
931,data/dataset/Very_Mild_Demented/verymild_2055.jpg,verymild_2055.jpg,Very_Mild_Demented,1,Very_Mild_Demented,1,True,0.9999604225158691,2.9154005460441113e-05,0.9999312685104087,0.00033621010602110404,0.9991718530654907,2.9154005460441113e-05,0.9999604225158691,9.618132935429458e-06,7.784215654282889e-07
932,data/dataset/Very_Mild_Demented/verymild_1230.jpg,verymild_1230.jpg,Very_Mild_Demented,1,Very_Mild_Demented,1,True,0.999019980430603,0.0009781408589333296,0.9980418395716697,0.005614225503922187,0.993145227432251,0.0009781408589333296,0.999019980430603,1.8743755845207488e-06,1.8893446807055625e-08
933,data/dataset/Very_Mild_Demented/verymild_252.jpg,verymild_252.jpg,Very_Mild_Demented,1,Non_Demented,0,False,0.676903486251831,0.3215378522872925,0.3553656339645386,0.4611841190134598,0.6254841685295105,0.676903486251831,0.3215378522872925,0.0014884356642141938,7.02490724506788e-05
934,data/dataset/Very_Mild_Demented/verymild_1900.jpg,verymild_1900.jpg,Very_Mild_Demented,1,Very_Mild_Demented,1,True,0.9787942171096802,0.021201057359576225,0.957593159750104,0.07411263422112963,0.9402326345443726,0.021201057359576225,0.9787942171096802,3.4176041481259745e-06,1.2494217571656918e-06
935,data/dataset/Very_Mild_Demented/verymild_1003.jpg,verymild_1003.jpg,Very_Mild_Demented,1,Very_Mild_Demented,1,True,0.9620187282562256,0.02385486289858818,0.9381638653576374,0.1346201078934669,0.8944346904754639,0.02385486289858818,0.9620187282562256,0.01411649864166975,9.904301805363502e-06
936,data/dataset/Very_Mild_Demented/verymild_887.jpg,verymild_887.jpg,Very_Mild_Demented,1,Very_Mild_Demented,1,True,0.999455988407135,0.000449557468527928,0.9990064309386071,0.003531610662696611,0.9947920441627502,0.000449557468527928,0.999455988407135,9.200238855555654e-05,2.487210167601006e-06
937,data/dataset/Very_Mild_Demented/verymild_656.jpg,verymild_656.jpg,Very_Mild_Demented,1,Very_Mild_Demented,1,True,0.9963098168373108,0.003670294303447008,0.9926395225338638,0.017663612518310747,0.9821438193321228,0.003670294303447008,0.9963098168373108,1.721474291116465e-05,2.6175744096690323e-06
938,data/dataset/Very_Mild_Demented/verymild_378.jpg,verymild_378.jpg,Very_Mild_Demented,1,Very_Mild_Demented,1,True,0.999366819858551,0.0006188469706103206,0.9987479728879407,0.0038702092323659094,0.9947835803031921,0.0006188469706103206,0.999366819858551,1.4115919839241542e-05,1.7989911782478885e-07
939,data/dataset/Very_Mild_Demented/verymild_659.jpg,verymild_659.jpg,Very_Mild_Demented,1,Very_Mild_Demented,1,True,0.9936536550521851,0.0061330646276474,0.9875205904245377,0.028471397321180845,0.9724549055099487,0.0061330646276474,0.9936536550521851,0.00017556306556798518,3.761088737519458e-05
940,data/dataset/Very_Mild_Demented/verymild_491.jpg,verymild_491.jpg,Very_Mild_Demented,1,Non_Demented,0,False,0.9768443703651428,0.023155488073825836,0.953688882291317,0.0794063300826388,0.9366301894187927,0.9768443703651428,0.023155488073825836,2.3999593423695842e-08,1.3521399466753792e-07
941,data/dataset/Very_Mild_Demented/verymild_373.jpg,verymild_373.jpg,Very_Mild_Demented,1,Very_Mild_Demented,1,True,0.5419869422912598,0.45799127221107483,0.08399567008018494,0.4976367877684118,0.5300308465957642,0.45799127221107483,0.5419869422912598,9.629079613659997e-06,1.2185119885543827e-05
942,data/dataset/Very_Mild_Demented/verymild_859.jpg,verymild_859.jpg,Very_Mild_Demented,1,Very_Mild_Demented,1,True,0.9969985485076904,0.0029864648822695017,0.9940120836254209,0.014809357541459,0.98460453748703,0.0029864648822695017,0.9969985485076904,1.3602674698631745e-05,1.366969399896334e-06
943,data/dataset/Very_Mild_Demented/verymild_1064.jpg,verymild_1064.jpg,Very_Mild_Demented,1,Very_Mild_Demented,1,True,0.995369017124176,0.0038259292487055063,0.9915430878754705,0.02288957677489808,0.9761002063751221,0.0038259292487055063,0.995369017124176,0.000788122124504298,1.679931847320404e-05
944,data/dataset/Very_Mild_Demented/verymild_1681.jpg,verymild_1681.jpg,Very_Mild_Demented,1,Very_Mild_Demented,1,True,0.9954062700271606,0.004592894110828638,0.990813375916332,0.02114998435395091,0.9795483350753784,0.004592894110828638,0.9954062700271606,4.1785264670579636e-07,4.174885646079929e-07
945,data/dataset/Very_Mild_Demented/verymild_2227.jpg,verymild_2227.jpg,Very_Mild_Demented,1,Very_Mild_Demented,1,True,0.98869788646698,0.00786351878196001,0.98083436768502,0.049860962913084866,0.9537708163261414,0.00786351878196001,0.98869788646698,0.003385369898751378,5.3265892347553745e-05
946,data/dataset/Very_Mild_Demented/verymild_1527.jpg,verymild_1527.jpg,Very_Mild_Demented,1,Very_Mild_Demented,1,True,0.9946755170822144,0.003158941399306059,0.9915165756829083,0.026539897790545514,0.9726765751838684,0.003158941399306059,0.9946755170822144,0.0021644216030836105,1.0250760169583373e-06
947,data/dataset/Very_Mild_Demented/verymild_620.jpg,verymild_620.jpg,Very_Mild_Demented,1,Very_Mild_Demented,1,True,0.8722178936004639,0.12773023545742035,0.7444876581430435,0.27601237662995864,0.798757016658783,0.12773023545742035,0.8722178936004639,3.9715872844681144e-05,1.2200696801301092e-05
948,data/dataset/Very_Mild_Demented/verymild_2006.jpg,verymild_2006.jpg,Very_Mild_Demented,1,Very_Mild_Demented,1,True,0.999729335308075,0.00027047705953009427,0.9994588582485449,0.0018001798598340868,0.9972870349884033,0.00027047705953009427,0.999729335308075,1.296177885024008e-07,4.989272639477349e-08
949,data/dataset/Very_Mild_Demented/verymild_22.jpg,verymild_22.jpg,Very_Mild_Demented,1,Very_Mild_Demented,1,True,0.9992758631706238,0.0007013960857875645,0.9985744670848362,0.0043751600365039495,0.9941713213920593,0.0007013960857875645,0.9992758631706238,2.144461905118078e-05,1.2514949503383832e-06
950,data/dataset/Very_Mild_Demented/verymild_1731.jpg,verymild_1731.jpg,Very_Mild_Demented,1,Very_Mild_Demented,1,True,0.9978413581848145,0.002125956816598773,0.9957154013682157,0.011242220368829079,0.9875609278678894,0.002125956816598773,0.9978413581848145,2.994828719238285e-05,2.700620598261594e-06
951,data/dataset/Very_Mild_Demented/verymild_861.jpg,verymild_861.jpg,Very_Mild_Demented,1,Very_Mild_Demented,1,True,0.9430187344551086,0.05693105235695839,0.8860876820981503,0.15796798887339628,0.882250189781189,0.05693105235695839,0.9430187344551086,4.842628914047964e-05,1.7645651269049267e-06
952,data/dataset/Very_Mild_Demented/verymild_308.jpg,verymild_308.jpg,Very_Mild_Demented,1,Very_Mild_Demented,1,True,0.979620635509491,0.02014591358602047,0.9594747219234705,0.07271485597515784,0.9401822686195374,0.02014591358602047,0.979620635509491,0.00023017539933789521,3.241924787289463e-06
953,data/dataset/Very_Mild_Demented/verymild_574.jpg,verymild_574.jpg,Very_Mild_Demented,1,Very_Mild_Demented,1,True,0.7642723321914673,0.23572145402431488,0.5285508781671524,0.39398430594592937,0.6997522711753845,0.23572145402431488,0.7642723321914673,5.849445642525097e-06,3.6984582152399526e-07
954,data/dataset/Very_Mild_Demented/verymild_1741.jpg,verymild_1741.jpg,Very_Mild_Demented,1,Very_Mild_Demented,1,True,0.9980729818344116,0.0019136727787554264,0.9961593090556562,0.010141851855355781,0.9886887669563293,0.0019136727787554264,0.9980729818344116,8.530113518645521e-06,4.704078037320869e-06
955,data/dataset/Very_Mild_Demented/verymild_174.jpg,verymild_174.jpg,Very_Mild_Demented,1,Non_Demented,0,False,0.7640945911407471,0.23589667677879333,0.5281979143619537,0.3941569765273956,0.6995560526847839,0.7640945911407471,0.23589667677879333,4.197340786049608e-06,4.50957850262057e-06
956,data/dataset/Very_Mild_Demented/verymild_273.jpg,verymild_273.jpg,Very_Mild_Demented,1,Non_Demented,0,False,0.5061242580413818,0.4782961308956146,0.027828127145767212,0.5501468316994835,0.4894598722457886,0.5061242580413818,0.4782961308956146,0.0155158881098032,6.371303607011214e-05
957,data/dataset/Very_Mild_Demented/verymild_203.jpg,verymild_203.jpg,Very_Mild_Demented,1,Very_Mild_Demented,1,True,0.9955701231956482,0.004323105327785015,0.9912470178678632,0.02088997748897892,0.9789840579032898,0.004323105327785015,0.9955701231956482,9.869401401374489e-05,8.12819052953273e-06
958,data/dataset/Very_Mild_Demented/verymild_1486.jpg,verymild_1486.jpg,Very_Mild_Demented,1,Very_Mild_Demented,1,True,0.9869399666786194,0.01301625743508339,0.973923709243536,0.050457011785312644,0.9567373394966125,0.01301625743508339,0.9869399666786194,3.3908789191627875e-05,9.901938028633595e-06
959,data/dataset/Very_Mild_Demented/verymild_2207.jpg,verymild_2207.jpg,Very_Mild_Demented,1,Very_Mild_Demented,1,True,0.7977995872497559,0.20122769474983215,0.5965718924999237,0.3677145579659134,0.7248591780662537,0.0009345799335278571,0.7977995872497559,0.20122769474983215,3.8170095649547875e-05
