sample_idx,image_path,filename,true_class,true_idx,predicted_class,predicted_idx,is_correct,confidence,second_highest_prob,prediction_margin,entropy_uncertainty,calibrated_confidence,prob_non_demented,prob_very_mild,prob_mild,prob_moderate
0,data/dataset/Mild_Demented/mild_724.jpg,mild_724.jpg,Mild_Demented,2,Mild_Demented,2,True,0.9935818910598755,0.005757914390414953,0.9878239766694605,0.029552106739684617,0.985632061958313,0.0006527718505822122,0.005757914390414953,0.9935818910598755,7.4751878855749965e-06
1,data/dataset/Mild_Demented/mild_363.jpg,mild_363.jpg,Mild_Demented,2,Mild_Demented,2,True,0.9995439648628235,0.00045045005390420556,0.9990935148089193,0.002882115494484294,0.9985336065292358,0.00045045005390420556,5.432853413367411e-06,0.9995439648628235,1.823965760650026e-07
2,data/dataset/Mild_Demented/mild_163.jpg,mild_163.jpg,Mild_Demented,2,Non_Demented,0,False,0.47107988595962524,0.38129711151123047,0.08978277444839478,0.7619363719526843,0.44828930497169495,0.47107988595962524,0.38129711151123047,0.016461899504065514,0.1311611384153366
3,data/dataset/Mild_Demented/mild_668.jpg,mild_668.jpg,Mild_Demented,2,Mild_Demented,2,True,0.989607036113739,0.010232699103653431,0.9793743370100856,0.04229927002838269,0.9792860150337219,0.010232699103653431,0.00015791629266459495,0.989607036113739,2.3306595267058583e-06
4,data/dataset/Mild_Demented/mild_793.jpg,mild_793.jpg,Mild_Demented,2,Mild_Demented,2,True,0.9997449517250061,0.00017761701019480824,0.9995673347148113,0.0018198974020326158,0.9990297555923462,0.00017761701019480824,7.745908806100488e-05,0.9997449517250061,4.80209365605333e-08
5,data/dataset/Mild_Demented/mild_891.jpg,mild_891.jpg,Mild_Demented,2,Mild_Demented,2,True,0.9993956089019775,0.0005973111838102341,0.9987982977181673,0.0036951517198116983,0.9981385469436646,6.6151419559901115e-06,0.0005973111838102341,0.9993956089019775,3.7740051084256265e-07
6,data/dataset/Mild_Demented/mild_672.jpg,mild_672.jpg,Mild_Demented,2,Mild_Demented,2,True,0.996013879776001,0.003970672842115164,0.9920432069338858,0.01883048390128233,0.9908618927001953,1.5049148714751936e-05,0.003970672842115164,0.996013879776001,4.214134605717845e-07
7,data/dataset/Mild_Demented/mild_609.jpg,mild_609.jpg,Mild_Demented,2,Mild_Demented,2,True,0.998960018157959,0.0005432905745692551,0.9984167275833897,0.00644248756830879,0.9967527985572815,0.0005432905745692551,0.000491540296934545,0.998960018157959,5.159990450920304e-06
8,data/dataset/Mild_Demented/mild_112.jpg,mild_112.jpg,Mild_Demented,2,Mild_Demented,2,True,0.9997981190681458,0.00019378004071768373,0.9996043390274281,0.0014129735178020344,0.9992489218711853,2.6513857847021427e-06,0.00019378004071768373,0.9997981190681458,5.47285071661463e-06
9,data/dataset/Mild_Demented/mild_312.jpg,mild_312.jpg,Mild_Demented,2,Non_Demented,0,False,0.5475226640701294,0.29941895604133606,0.24810370802879333,0.706580015149833,0.5159971117973328,0.5475226640701294,0.29941895604133606,0.15288150310516357,0.00017690837557893246
10,data/dataset/Mild_Demented/mild_412.jpg,mild_412.jpg,Mild_Demented,2,Mild_Demented,2,True,0.9879239201545715,0.01204860582947731,0.9758753143250942,0.04727912711158534,0.9767727255821228,2.366070111747831e-05,0.01204860582947731,0.9879239201545715,3.800579861490405e-06
11,data/dataset/Mild_Demented/mild_491.jpg,mild_491.jpg,Mild_Demented,2,Mild_Demented,2,True,0.9999401569366455,5.6722332374192774e-05,0.9998834346042713,0.0004717251080033958,0.9997323155403137,5.6722332374192774e-05,2.835621671692934e-06,0.9999401569366455,2.1458055243783747e-07
12,data/dataset/Mild_Demented/mild_2.jpg,mild_2.jpg,Mild_Demented,2,Mild_Demented,2,True,0.9982452392578125,0.0017489141318947077,0.9964963251259178,0.009325569121589727,0.9954404830932617,5.762693490396487e-06,0.0017489141318947077,0.9982452392578125,1.1290931212215582e-07
13,data/dataset/Mild_Demented/mild_386.jpg,mild_386.jpg,Mild_Demented,2,Mild_Demented,2,True,0.9999947547912598,4.674423962569563e-06,0.9999900803672972,5.178185158442702e-05,0.9999649524688721,6.42261852590309e-07,4.674423962569563e-06,0.9999947547912598,5.170296968337595e-10
14,data/dataset/Mild_Demented/mild_519.jpg,mild_519.jpg,Mild_Demented,2,Mild_Demented,2,True,0.9997369647026062,0.0002530956990085542,0.9994838690035976,0.00178751780511612,0.9990623593330383,0.0002530956990085542,7.380639544862788e-06,0.9997369647026062,2.4571054382249713e-06
15,data/dataset/Mild_Demented/mild_365.jpg,mild_365.jpg,Mild_Demented,2,Mild_Demented,2,True,0.9996974468231201,0.00028984915115870535,0.9994075976719614,0.0020255496876451988,0.9989455342292786,1.2359816537355073e-05,0.00028984915115870535,0.9996974468231201,3.1152234214459895e-07
16,data/dataset/Mild_Demented/mild_798.jpg,mild_798.jpg,Mild_Demented,2,Mild_Demented,2,True,0.9996887445449829,0.0002769235579762608,0.9994118209870066,0.0021164882015178286,0.9988911747932434,0.0002769235579762608,3.395137537154369e-05,0.9996887445449829,3.350773170041066e-07
17,data/dataset/Mild_Demented/mild_273.jpg,mild_273.jpg,Mild_Demented,2,Mild_Demented,2,True,0.9998536109924316,8.992612856673077e-05,0.9997636848638649,0.0011097943048128701,0.9993888139724731,5.609649088000879e-05,8.992612856673077e-05,0.9998536109924316,3.5178814528080693e-07
18,data/dataset/Mild_Demented/mild_351.jpg,mild_351.jpg,Mild_Demented,2,Mild_Demented,2,True,0.9999427795410156,5.695697836927138e-05,0.9998858225626464,0.00044557618724091216,0.9997503161430359,5.695697836927138e-05,2.126001987790005e-07,0.9999427795410156,3.258715963738723e-08
19,data/dataset/Mild_Demented/mild_256.jpg,mild_256.jpg,Mild_Demented,2,Mild_Demented,2,True,0.925108790397644,0.05168268457055092,0.8734261058270931,0.22561150643123704,0.8850224018096924,0.05168268457055092,0.02316855452954769,0.925108790397644,3.992518759332597e-05
20,data/dataset/Mild_Demented/mild_584.jpg,mild_584.jpg,Mild_Demented,2,Mild_Demented,2,True,0.9825734496116638,0.017373953014612198,0.9651994965970516,0.06363072698212645,0.9683830142021179,0.017373953014612198,5.1169132348150015e-05,0.9825734496116638,1.3848696198692778e-06
21,data/dataset/Mild_Demented/mild_330.jpg,mild_330.jpg,Mild_Demented,2,Mild_Demented,2,True,0.9999991655349731,6.822978662057722e-07,0.9999984832371069,9.360125463155603e-06,0.9999926090240479,6.822978662057722e-07,1.5618928728144965e-07,0.9999991655349731,2.9466226680874286e-10
22,data/dataset/Mild_Demented/mild_54.jpg,mild_54.jpg,Mild_Demented,2,Mild_Demented,2,True,0.9898174405097961,0.009308437816798687,0.9805090026929975,0.04321219424759627,0.9789167642593384,0.0008568271878175437,0.009308437816798687,0.9898174405097961,1.724226058286149e-05
23,data/dataset/Mild_Demented/mild_284.jpg,mild_284.jpg,Mild_Demented,2,Very_Mild_Demented,1,False,0.7499379515647888,0.24431674182415009,0.5056212097406387,0.4255993607060869,0.7134707570075989,0.005703866481781006,0.7499379515647888,0.24431674182415009,4.135913695790805e-05
24,data/dataset/Mild_Demented/mild_270.jpg,mild_270.jpg,Mild_Demented,2,Mild_Demented,2,True,0.971535861492157,0.028090640902519226,0.9434452205896378,0.0948266868944205,0.9518935084342957,0.0003427939664106816,0.028090640902519226,0.971535861492157,3.0687770049553365e-05
25,data/dataset/Mild_Demented/mild_434.jpg,mild_434.jpg,Mild_Demented,2,Mild_Demented,2,True,0.9999213218688965,7.869727414799854e-05,0.9998426245947485,0.0005936909128266185,0.9996744394302368,7.869727414799854e-05,3.938159665040075e-08,0.9999213218688965,1.0039524073190975e-10
26,data/dataset/Mild_Demented/mild_165.jpg,mild_165.jpg,Mild_Demented,2,Mild_Demented,2,True,0.5261631011962891,0.4288676083087921,0.09729549288749695,0.6074924688292022,0.5088659524917603,0.4288676083087921,0.04468480870127678,0.5261631011962891,0.00028448173543438315
27,data/dataset/Mild_Demented/mild_424.jpg,mild_424.jpg,Mild_Demented,2,Mild_Demented,2,True,0.998683750629425,0.0012886298354715109,0.9973951207939535,0.007344060932565429,0.9963749051094055,0.0012886298354715109,2.7608892196440138e-05,0.998683750629425,6.376416905595761e-08
28,data/dataset/Mild_Demented/mild_819.jpg,mild_819.jpg,Mild_Demented,2,Mild_Demented,2,True,0.9980981945991516,0.0017035360215231776,0.9963946585776284,0.010514561773028536,0.9947964549064636,0.000132847111672163,0.0017035360215231776,0.9980981945991516,6.542242044815794e-05
29,data/dataset/Mild_Demented/mild_507.jpg,mild_507.jpg,Mild_Demented,2,Mild_Demented,2,True,0.9538370966911316,0.03754008561372757,0.916297011077404,0.1513582011506173,0.9237625002861023,0.008524009957909584,0.03754008561372757,0.9538370966911316,9.878706623567268e-05
30,data/dataset/Mild_Demented/mild_254.jpg,mild_254.jpg,Mild_Demented,2,Mild_Demented,2,True,0.9931765794754028,0.003817543853074312,0.9893590356223285,0.032914985626704064,0.9841062426567078,0.003817543853074312,0.0029862914234399796,0.9931765794754028,1.9517230612109415e-05
31,data/dataset/Mild_Demented/mild_300.jpg,mild_300.jpg,Mild_Demented,2,Mild_Demented,2,True,0.839893102645874,0.1597135066986084,0.6801795959472656,0.3193668596488547,0.8028580546379089,0.00035192101495340466,0.1597135066986084,0.839893102645874,4.149065716774203e-05
32,data/dataset/Mild_Demented/mild_436.jpg,mild_436.jpg,Mild_Demented,2,Mild_Demented,2,True,0.9997615218162537,0.00020722117915283889,0.9995543006371008,0.001681794493630743,0.9991028308868408,2.763757947832346e-05,0.00020722117915283889,0.9997615218162537,3.6174942579236813e-06
33,data/dataset/Mild_Demented/mild_287.jpg,mild_287.jpg,Mild_Demented,2,Mild_Demented,2,True,0.9955796599388123,0.0027733324095606804,0.9928063275292516,0.02274252892118146,0.9889428615570068,0.0015943142352625728,0.0027733324095606804,0.9955796599388123,5.271150803309865e-05
34,data/dataset/Mild_Demented/mild_502.jpg,mild_502.jpg,Mild_Demented,2,Mild_Demented,2,True,0.9996591806411743,0.0003275165508966893,0.9993316640902776,0.0022521418687111738,0.9988331198692322,0.0003275165508966893,1.2576872904901393e-05,0.9996591806411743,8.186421496247931e-07
35,data/dataset/Mild_Demented/mild_325.jpg,mild_325.jpg,Mild_Demented,2,Mild_Demented,2,True,0.99988853931427,9.599587065167725e-05,0.9997925434436183,0.0008454086842920818,0.9995328187942505,9.599587065167725e-05,1.5492860256927088e-05,0.99988853931427,5.1722881977411816e-08
36,data/dataset/Mild_Demented/mild_58.jpg,mild_58.jpg,Mild_Demented,2,Mild_Demented,2,True,0.9967722296714783,0.003207312198355794,0.9935649174731225,0.01577083192556537,0.9923356175422668,1.9561661247280426e-05,0.003207312198355794,0.9967722296714783,7.787471645315236e-07
37,data/dataset/Mild_Demented/mild_33.jpg,mild_33.jpg,Mild_Demented,2,Mild_Demented,2,True,0.7513850331306458,0.22665013372898102,0.5247348994016647,0.4587777807582501,0.7085933089256287,0.02180805616080761,0.22665013372898102,0.7513850331306458,0.0001567933359183371
38,data/dataset/Mild_Demented/mild_352.jpg,mild_352.jpg,Mild_Demented,2,Mild_Demented,2,True,0.9997413754463196,0.0002536905521992594,0.9994876848941203,0.00174657669686136,0.999087929725647,3.821859081654111e-06,0.0002536905521992594,0.9997413754463196,1.0611491916279192e-06
39,data/dataset/Mild_Demented/mild_835.jpg,mild_835.jpg,Mild_Demented,2,Mild_Demented,2,True,0.992359459400177,0.007639515679329634,0.9847199437208474,0.03236212858490313,0.9842566847801208,9.12466589397809e-07,0.007639515679329634,0.992359459400177,7.646599442523438e-08
40,data/dataset/Mild_Demented/mild_523.jpg,mild_523.jpg,Mild_Demented,2,Mild_Demented,2,True,0.9991145730018616,0.0008496531518176198,0.998264919850044,0.005237163619013929,0.9973805546760559,0.0008496531518176198,3.55441625288222e-05,0.9991145730018616,2.2522016251969035e-07
41,data/dataset/Mild_Demented/mild_241.jpg,mild_241.jpg,Mild_Demented,2,Mild_Demented,2,True,0.998160183429718,0.0015871253563091159,0.9965730580734089,0.010234518929231029,0.9949457049369812,0.0002472213818691671,0.0015871253563091159,0.998160183429718,5.4776792239863425e-06
42,data/dataset/Mild_Demented/mild_81.jpg,mild_81.jpg,Mild_Demented,2,Mild_Demented,2,True,0.9993118047714233,0.0004323235189076513,0.9988794812525157,0.0044518911710779594,0.9977217316627502,0.00025234828353859484,0.0004323235189076513,0.9993118047714233,3.513010824462981e-06
43,data/dataset/Mild_Demented/mild_75.jpg,mild_75.jpg,Mild_Demented,2,Mild_Demented,2,True,0.9999939203262329,3.2928574000834487e-06,0.9999906274688328,6.027602474487841e-05,0.9999586343765259,3.2928574000834487e-06,2.703639665924129e-06,0.9999939203262329,7.622602282708613e-08
44,data/dataset/Mild_Demented/mild_345.jpg,mild_345.jpg,Mild_Demented,2,Mild_Demented,2,True,0.9762677550315857,0.02304970845580101,0.9532180465757847,0.0832048087775467,0.9582830667495728,0.0006788050523027778,0.02304970845580101,0.9762677550315857,3.694123506647884e-06
45,data/dataset/Mild_Demented/mild_761.jpg,mild_761.jpg,Mild_Demented,2,Mild_Demented,2,True,0.9982039928436279,0.0010455307783558965,0.997158462065272,0.010419036831197154,0.9948358535766602,0.0010455307783558965,0.0007354572298936546,0.9982039928436279,1.5078257092682179e-05
46,data/dataset/Mild_Demented/mild_787.jpg,mild_787.jpg,Mild_Demented,2,Mild_Demented,2,True,0.9999021291732788,5.9949881688226014e-05,0.9998421792915906,0.0007696057353821278,0.9995666146278381,3.773203570744954e-05,5.9949881688226014e-05,0.9999021291732788,1.1920040776658425e-07
47,data/dataset/Mild_Demented/mild_872.jpg,mild_872.jpg,Mild_Demented,2,Mild_Demented,2,True,0.9996100068092346,0.00039001801633276045,0.9992199887929019,0.0024900763391919123,0.9987331032752991,3.189223107824546e-08,0.00039001801633276045,0.9996100068092346,7.253980971455576e-09
48,data/dataset/Mild_Demented/mild_194.jpg,mild_194.jpg,Mild_Demented,2,Mild_Demented,2,True,0.9980011582374573,0.0019450196996331215,0.9960561385378242,0.010585496554822686,0.9948108196258545,0.0019450196996331215,5.217373472987674e-05,0.9980011582374573,1.614885491107998e-06
49,data/dataset/Mild_Demented/mild_251.jpg,mild_251.jpg,Mild_Demented,2,Mild_Demented,2,True,0.9981045722961426,0.0010604358976706862,0.9970441363984719,0.010911417786159536,0.9946042895317078,0.000825627357698977,0.0010604358976706862,0.9981045722961426,9.359041541756596e-06
50,data/dataset/Mild_Demented/mild_55.jpg,mild_55.jpg,Mild_Demented,2,Mild_Demented,2,True,0.9976771473884583,0.00214110454544425,0.995536042843014,0.012304440980557869,0.9939650893211365,0.00017942504200618714,0.00214110454544425,0.9976771473884583,2.277576186315855e-06
51,data/dataset/Mild_Demented/mild_324.jpg,mild_324.jpg,Mild_Demented,2,Mild_Demented,2,True,0.9996610879898071,0.0002580088912509382,0.9994030790985562,0.0023504558182576214,0.99875807762146,7.332657696679235e-05,0.0002580088912509382,0.9996610879898071,7.60650982556399e-06
52,data/dataset/Mild_Demented/mild_785.jpg,mild_785.jpg,Mild_Demented,2,Mild_Demented,2,True,0.9951158761978149,0.004400358535349369,0.9907155176624656,0.023439932006574748,0.9885910153388977,0.00047262790030799806,0.004400358535349369,0.9951158761978149,1.1116600035165902e-05
53,data/dataset/Mild_Demented/mild_855.jpg,mild_855.jpg,Mild_Demented,2,Mild_Demented,2,True,0.9998067021369934,0.0001708513591438532,0.9996358507778496,0.0013876332010166787,0.9992533326148987,0.0001708513591438532,2.027013397309929e-05,0.9998067021369934,2.2495839857583633e-06
54,data/dataset/Mild_Demented/mild_374.jpg,mild_374.jpg,Mild_Demented,2,Mild_Demented,2,True,0.9995014667510986,0.00032416568137705326,0.9991773010697216,0.0033559931988162506,0.9982531666755676,0.00016318286361638457,0.00032416568137705326,0.9995014667510986,1.1086659469583537e-05
55,data/dataset/Mild_Demented/mild_780.jpg,mild_780.jpg,Mild_Demented,2,Mild_Demented,2,True,0.9992796778678894,0.0004945716354995966,0.9987851062323898,0.0046060232320342225,0.9976525902748108,0.00022492346761282533,0.0004945716354995966,0.9992796778678894,8.091770951068611e-07
56,data/dataset/Mild_Demented/mild_869.jpg,mild_869.jpg,Mild_Demented,2,Mild_Demented,2,True,0.998808741569519,0.0011423522373661399,0.9976663893321529,0.006793749368358708,0.9966287016868591,4.8209676606347784e-05,0.0011423522373661399,0.998808741569519,6.553264597641828e-07
57,data/dataset/Mild_Demented/mild_558.jpg,mild_558.jpg,Mild_Demented,2,Mild_Demented,2,True,0.9997751116752625,0.00021833095524925739,0.9995567807200132,0.0015479285054762492,0.999184787273407,0.00021833095524925739,5.9622107073664665e-06,0.9997751116752625,6.209999696693558e-07
58,data/dataset/Mild_Demented/mild_8.jpg,mild_8.jpg,Mild_Demented,2,Mild_Demented,2,True,0.9899032115936279,0.010070065967738628,0.9798331456258893,0.04085528219390719,0.9800115823745728,2.5094681404880248e-05,0.010070065967738628,0.9899032115936279,1.6464111922687152e-06
59,data/dataset/Mild_Demented/mild_532.jpg,mild_532.jpg,Mild_Demented,2,Mild_Demented,2,True,0.9980100989341736,0.0014863251708447933,0.9965237737633288,0.0111806888728323,0.9944881796836853,0.0014863251708447933,0.0005023255362175405,0.9980100989341736,1.3207404663262423e-06
60,data/dataset/Mild_Demented/mild_3.jpg,mild_3.jpg,Mild_Demented,2,Mild_Demented,2,True,0.9999916553497314,7.977666427905206e-06,0.9999836776833035,7.817907859728664e-05,0.9999494552612305,3.7871186009397206e-07,7.977666427905206e-06,0.9999916553497314,4.655914764839508e-08
61,data/dataset/Mild_Demented/mild_813.jpg,mild_813.jpg,Mild_Demented,2,Mild_Demented,2,True,0.9324467778205872,0.06731906533241272,0.8651277124881744,0.17955176856101604,0.9024800658226013,0.0002052009804174304,0.06731906533241272,0.9324467778205872,2.9000620997976512e-05
62,data/dataset/Mild_Demented/mild_280.jpg,mild_280.jpg,Mild_Demented,2,Mild_Demented,2,True,0.999497652053833,0.00036603392800316215,0.9991316181258298,0.003335056998302623,0.9982739686965942,0.00013408278755377978,0.00036603392800316215,0.999497652053833,2.2431568140746094e-06
63,data/dataset/Mild_Demented/mild_219.jpg,mild_219.jpg,Mild_Demented,2,Mild_Demented,2,True,0.9999452829360962,4.905106106889434e-05,0.9998962318750273,0.0004397317162682076,0.9997475743293762,5.560564204643015e-06,4.905106106889434e-05,0.9999452829360962,5.273957981444255e-08
64,data/dataset/Mild_Demented/mild_866.jpg,mild_866.jpg,Mild_Demented,2,Mild_Demented,2,True,0.9937115907669067,0.0052897389978170395,0.9884218517690897,0.029765687694224868,0.985519289970398,0.0052897389978170395,0.0008788533159531653,0.9937115907669067,0.00011986436584265903
65,data/dataset/Mild_Demented/mild_623.jpg,mild_623.jpg,Mild_Demented,2,Mild_Demented,2,True,0.9998186230659485,0.00014159300189930946,0.9996770300640492,0.0013423528058878786,0.9992663264274597,3.0217264793463983e-05,0.00014159300189930946,0.9998186230659485,9.530863280815538e-06
66,data/dataset/Mild_Demented/mild_526.jpg,mild_526.jpg,Mild_Demented,2,Mild_Demented,2,True,0.9994168281555176,0.0005793529562652111,0.9988374751992524,0.003570233868056295,0.9982028007507324,3.7664353840227704e-06,0.0005793529562652111,0.9994168281555176,6.58212400139746e-08
67,data/dataset/Mild_Demented/mild_333.jpg,mild_333.jpg,Mild_Demented,2,Mild_Demented,2,True,0.9920536279678345,0.007808558642864227,0.9842450693249702,0.03393644970921452,0.9834491610527039,0.007808558642864227,0.00013445877993945032,0.9920536279678345,3.269014314355445e-06
68,data/dataset/Mild_Demented/mild_486.jpg,mild_486.jpg,Mild_Demented,2,Mild_Demented,2,True,0.9998540878295898,0.00010670210758689791,0.999747385722003,0.0011029956156459496,0.9993913173675537,3.654714237200096e-05,0.00010670210758689791,0.9998540878295898,2.6421416805533227e-06
69,data/dataset/Mild_Demented/mild_89.jpg,mild_89.jpg,Mild_Demented,2,Mild_Demented,2,True,0.9763290882110596,0.023267537355422974,0.9530615508556366,0.08238533294401677,0.9585980176925659,0.00034484840580262244,0.023267537355422974,0.9763290882110596,5.852543472428806e-05
70,data/dataset/Mild_Demented/mild_465.jpg,mild_465.jpg,Mild_Demented,2,Mild_Demented,2,True,0.7837464809417725,0.19212500751018524,0.5916214734315872,0.4324913504611004,0.7377668023109436,0.19212500751018524,0.02378757670521736,0.7837464809417725,0.00034091531415469944
71,data/dataset/Mild_Demented/mild_815.jpg,mild_815.jpg,Mild_Demented,2,Mild_Demented,2,True,0.9996349811553955,0.00024962989846244454,0.9993853512569331,0.002513017884286889,0.9986822009086609,0.00011525846639415249,0.00024962989846244454,0.9996349811553955,1.8137032498088956e-07
72,data/dataset/Mild_Demented/mild_190.jpg,mild_190.jpg,Mild_Demented,2,Mild_Demented,2,True,0.8837869763374329,0.11558713763952255,0.7681998386979103,0.2620225553846803,0.8477197289466858,0.11558713763952255,0.0006195478490553796,0.8837869763374329,6.336250862659654e-06
73,data/dataset/Mild_Demented/mild_422.jpg,mild_422.jpg,Mild_Demented,2,Mild_Demented,2,True,0.9887053370475769,0.011249242350459099,0.9774560946971178,0.044847891680434335,0.978001594543457,4.399075623950921e-05,0.011249242350459099,0.9887053370475769,1.4895497315592365e-06
74,data/dataset/Mild_Demented/mild_168.jpg,mild_168.jpg,Mild_Demented,2,Mild_Demented,2,True,0.9665507674217224,0.033164575695991516,0.9333861917257309,0.10701443092829566,0.945152223110199,9.056570706889033e-05,0.033164575695991516,0.9665507674217224,0.00019414161215536296
75,data/dataset/Mild_Demented/mild_83.jpg,mild_83.jpg,Mild_Demented,2,Mild_Demented,2,True,0.9997873902320862,0.00020969763863831758,0.9995776925934479,0.0014620685183582968,0.9992319345474243,2.867221837732359e-06,0.00020969763863831758,0.9997873902320862,9.735309447478357e-08
76,data/dataset/Mild_Demented/mild_527.jpg,mild_527.jpg,Mild_Demented,2,Mild_Demented,2,True,0.9986562728881836,0.0013437567977234721,0.9973125160904601,0.007378054378400031,0.9963822364807129,8.484051239321388e-10,0.0013437567977234721,0.9986562728881836,4.5013273664018527e-10
77,data/dataset/Mild_Demented/mild_582.jpg,mild_582.jpg,Mild_Demented,2,Mild_Demented,2,True,0.9995502829551697,0.000342254206771031,0.9992080287483986,0.0030030814402096173,0.9984433054924011,0.00010740311699919403,0.000342254206771031,0.9995502829551697,4.8459359192065676e-08
78,data/dataset/Mild_Demented/mild_423.jpg,mild_423.jpg,Mild_Demented,2,Mild_Demented,2,True,0.9711154699325562,0.018132302910089493,0.9529831670224667,0.10851698960430561,0.9470258355140686,0.010661086067557335,0.018132302910089493,0.9711154699325562,9.114384738495573e-05
79,data/dataset/Mild_Demented/mild_159.jpg,mild_159.jpg,Mild_Demented,2,Mild_Demented,2,True,0.9951682090759277,0.0037500399630516768,0.9914181691128761,0.02445331559172357,0.9880737662315369,0.0037500399630516768,0.00048375435289926827,0.9951682090759277,0.0005980707937851548
80,data/dataset/Mild_Demented/mild_548.jpg,mild_548.jpg,Mild_Demented,2,Mild_Demented,2,True,0.9996936321258545,0.00030571926617994905,0.9993879128596745,0.002012951454614076,0.9989640712738037,5.859283191966824e-07,0.00030571926617994905,0.9996936321258545,1.0425949881209817e-07
81,data/dataset/Mild_Demented/mild_15.jpg,mild_15.jpg,Mild_Demented,2,Mild_Demented,2,True,1.0,5.682136361429002e-08,0.9999999431786364,1.3634413839591537e-06,0.9999985694885254,5.682136361429002e-08,5.634585420466465e-08,1.0,7.054413303508866e-11
82,data/dataset/Mild_Demented/mild_172.jpg,mild_172.jpg,Mild_Demented,2,Very_Mild_Demented,1,False,0.9177345037460327,0.08220209181308746,0.8355324119329453,0.20543346993610714,0.8857601284980774,6.221260264283046e-05,0.9177345037460327,0.08220209181308746,1.156044049821503e-06
83,data/dataset/Mild_Demented/mild_160.jpg,mild_160.jpg,Mild_Demented,2,Mild_Demented,2,True,0.9882083535194397,0.010087124072015285,0.9781212294474244,0.05008240132498641,0.9755904674530029,0.0015677055343985558,0.010087124072015285,0.9882083535194397,0.0001368140656268224
84,data/dataset/Mild_Demented/mild_763.jpg,mild_763.jpg,Mild_Demented,2,Mild_Demented,2,True,0.9969283938407898,0.0030420084949582815,0.9938863853458315,0.015163964269706752,0.9926181435585022,8.381821317016147e-06,0.0030420084949582815,0.9969283938407898,2.115388633683324e-05
85,data/dataset/Mild_Demented/mild_728.jpg,mild_728.jpg,Mild_Demented,2,Mild_Demented,2,True,0.998627781867981,0.0013632026966661215,0.9972645791713148,0.007553056802761388,0.9962859153747559,8.797947884886526e-06,0.0013632026966661215,0.998627781867981,1.7805220409172762e-07
86,data/dataset/Mild_Demented/mild_77.jpg,mild_77.jpg,Mild_Demented,2,Mild_Demented,2,True,0.9797893762588501,0.020194044336676598,0.9595953319221735,0.07141039444065263,0.9643110036849976,1.5321365935960785e-05,0.020194044336676598,0.9797893762588501,1.2027397815472796e-06
87,data/dataset/Mild_Demented/mild_157.jpg,mild_157.jpg,Mild_Demented,2,Very_Mild_Demented,1,False,0.8380829095840454,0.1619167923927307,0.6761661171913147,0.3194408981800511,0.8017331957817078,2.1108222370003205e-07,0.8380829095840454,0.1619167923927307,5.3589459980685206e-08
88,data/dataset/Mild_Demented/mild_842.jpg,mild_842.jpg,Mild_Demented,2,Mild_Demented,2,True,0.9996552467346191,0.00033671053824946284,0.9993185361963697,0.0022591975241435434,0.998835027217865,7.972237654030323e-06,0.00033671053824946284,0.9996552467346191,7.266179835596631e-08
89,data/dataset/Mild_Demented/mild_230.jpg,mild_230.jpg,Mild_Demented,2,Mild_Demented,2,True,0.9999938011169434,6.104964995756745e-06,0.9999876961519476,5.860571777698795e-05,0.9999617338180542,6.104964995756745e-06,1.0872756917024162e-07,0.9999938011169434,1.7046952738297705e-10
90,data/dataset/Mild_Demented/mild_593.jpg,mild_593.jpg,Mild_Demented,2,Mild_Demented,2,True,0.9122587442398071,0.08749569207429886,0.8247630521655083,0.21572151510638307,0.8792311549186707,0.00021906873735133559,0.08749569207429886,0.9122587442398071,2.6513323973631486e-05
91,data/dataset/Mild_Demented/mild_749.jpg,mild_749.jpg,Mild_Demented,2,Mild_Demented,2,True,0.999081015586853,0.0008852831088006496,0.9981957324780524,0.005410921520481835,0.9972935318946838,2.980422868859023e-05,0.0008852831088006496,0.999081015586853,3.919288701581536e-06
92,data/dataset/Mild_Demented/mild_455.jpg,mild_455.jpg,Mild_Demented,2,Mild_Demented,2,True,0.9997267127037048,0.0002727685496211052,0.9994539441540837,0.001817684469017217,0.9990602135658264,3.8789914924564073e-07,0.0002727685496211052,0.9997267127037048,1.4536345815940876e-07
93,data/dataset/Mild_Demented/mild_269.jpg,mild_269.jpg,Mild_Demented,2,Mild_Demented,2,True,0.9999041557312012,8.84606342879124e-05,0.9998156950969133,0.0007281661461627576,0.9995966553688049,7.2472053034289274e-06,8.84606342879124e-05,0.9999041557312012,1.42347161613543e-07
94,data/dataset/Mild_Demented/mild_663.jpg,mild_663.jpg,Mild_Demented,2,Mild_Demented,2,True,0.9999927282333374,6.075464625610039e-06,0.9999866527687118,7.012127572364054e-05,0.9999535083770752,1.2443268815331976e-06,6.075464625610039e-06,0.9999927282333374,2.2098118890312435e-09
95,data/dataset/Mild_Demented/mild_108.jpg,mild_108.jpg,Mild_Demented,2,Mild_Demented,2,True,0.9999587535858154,3.65466476068832e-05,0.9999222069382085,0.00034090383419086145,0.9998007416725159,4.705887022282695e-06,3.65466476068832e-05,0.9999587535858154,1.2508460933702281e-08
96,data/dataset/Mild_Demented/mild_659.jpg,mild_659.jpg,Mild_Demented,2,Mild_Demented,2,True,0.9986492991447449,0.000984052661806345,0.9976652464829385,0.00801873409214117,0.9959936141967773,0.000984052661806345,0.00035473084426485,0.9986492991447449,1.191497540276032e-05
97,data/dataset/Mild_Demented/mild_512.jpg,mild_512.jpg,Mild_Demented,2,Mild_Demented,2,True,0.9996490478515625,0.00032616202952340245,0.9993228858220391,0.002332743116785019,0.9987891316413879,0.00032616202952340245,2.4659255359438248e-05,0.9996490478515625,1.8500236365071032e-07
98,data/dataset/Mild_Demented/mild_664.jpg,mild_664.jpg,Mild_Demented,2,Mild_Demented,2,True,0.997769832611084,0.0014999237610027194,0.9962699088500813,0.012474232196236638,0.9938610792160034,0.0014999237610027194,0.0007236818200908601,0.997769832611084,6.643673259532079e-06
99,data/dataset/Mild_Demented/mild_585.jpg,mild_585.jpg,Mild_Demented,2,Mild_Demented,2,True,0.9731205105781555,0.025533374398946762,0.9475871361792088,0.09313691435403068,0.9532225131988525,0.0013377643190324306,0.025533374398946762,0.9731205105781555,8.387425623368472e-06
100,data/dataset/Mild_Demented/mild_597.jpg,mild_597.jpg,Mild_Demented,2,Mild_Demented,2,True,0.999984622001648,9.887166015687399e-06,0.9999747348356323,0.00014128876524404586,0.9999102354049683,9.887166015687399e-06,5.459685326059116e-06,0.999984622001648,2.1910221192911195e-08
101,data/dataset/Mild_Demented/mild_207.jpg,mild_207.jpg,Mild_Demented,2,Mild_Demented,2,True,0.7192237973213196,0.2661189138889313,0.4531048834323883,0.47101331447123373,0.6816776990890503,0.014285449869930744,0.2661189138889313,0.7192237973213196,0.00037178798811510205
102,data/dataset/Mild_Demented/mild_71.jpg,mild_71.jpg,Mild_Demented,2,Mild_Demented,2,True,1.0,4.5412591020976834e-08,0.999999954587409,6.837900747481468e-07,0.9999992847442627,4.5412591020976834e-08,9.751817131586904e-09,1.0,9.529827448007122e-12
103,data/dataset/Mild_Demented/mild_759.jpg,mild_759.jpg,Mild_Demented,2,Mild_Demented,2,True,0.9999722242355347,1.6407893781433813e-05,0.9999558163417532,0.00024416061193594874,0.999850869178772,1.1338275726302527e-05,1.6407893781433813e-05,0.9999722242355347,4.822297228201933e-08
104,data/dataset/Mild_Demented/mild_306.jpg,mild_306.jpg,Mild_Demented,2,Mild_Demented,2,True,0.9999024868011475,8.987110777525231e-05,0.9998126156933722,0.0007401418658194443,0.9995902180671692,8.987110777525231e-05,7.508685484935995e-06,0.9999024868011475,1.6702762195563992e-07
105,data/dataset/Mild_Demented/mild_680.jpg,mild_680.jpg,Mild_Demented,2,Mild_Demented,2,True,0.9999105930328369,5.023073390475474e-05,0.9998603622989322,0.0007103965930033226,0.9995974898338318,5.023073390475474e-05,3.904224649886601e-05,0.9999105930328369,1.1750454831371826e-07
106,data/dataset/Mild_Demented/mild_827.jpg,mild_827.jpg,Mild_Demented,2,Mild_Demented,2,True,0.9997772574424744,0.00017641873273532838,0.999600838709739,0.0016019050253170113,0.9991388320922852,0.00017641873273532838,4.357110810815357e-05,0.9997772574424744,2.797104343699175e-06
107,data/dataset/Mild_Demented/mild_317.jpg,mild_317.jpg,Mild_Demented,2,Mild_Demented,2,True,0.9989903569221497,0.0008673449046909809,0.9981230120174587,0.0060496247773525105,0.9969666600227356,0.00014195604308042675,0.0008673449046909809,0.9989903569221497,3.247758968427661e-07
108,data/dataset/Mild_Demented/mild_337.jpg,mild_337.jpg,Mild_Demented,2,Mild_Demented,2,True,0.9963894486427307,0.003571573179215193,0.9928178754635155,0.017406245855752393,0.9915385842323303,3.769020986510441e-05,0.003571573179215193,0.9963894486427307,1.2761928473992157e-06
109,data/dataset/Mild_Demented/mild_678.jpg,mild_678.jpg,Mild_Demented,2,Mild_Demented,2,True,1.0,1.148613115731223e-08,0.9999999885138688,2.6778605629895083e-07,0.9999997615814209,1.148613115731223e-08,8.684900798527906e-09,1.0,1.2042366886663713e-12
110,data/dataset/Mild_Demented/mild_283.jpg,mild_283.jpg,Mild_Demented,2,Mild_Demented,2,True,0.9038003087043762,0.08800869435071945,0.8157916143536568,0.24951518159417657,0.8642841577529907,0.08800869435071945,0.007905072532594204,0.9038003087043762,0.000285935471765697
111,data/dataset/Mild_Demented/mild_113.jpg,mild_113.jpg,Mild_Demented,2,Mild_Demented,2,True,0.9976837635040283,0.002309180097654462,0.9953745834063739,0.011842210734074874,0.9942333102226257,6.776993359380867e-06,0.002309180097654462,0.9976837635040283,2.5444992957091017e-07
112,data/dataset/Mild_Demented/mild_634.jpg,mild_634.jpg,Mild_Demented,2,Mild_Demented,2,True,0.9968198537826538,0.002792537910863757,0.99402731587179,0.016360631646940314,0.9920048117637634,0.000379789067665115,0.002792537910863757,0.9968198537826538,7.826063665561378e-06
113,data/dataset/Mild_Demented/mild_445.jpg,mild_445.jpg,Mild_Demented,2,Mild_Demented,2,True,0.9990293979644775,0.000891131057869643,0.9981382669066079,0.00575720522895795,0.9971176385879517,7.904358790256083e-05,0.000891131057869643,0.9990293979644775,4.087401350716391e-07
114,data/dataset/Mild_Demented/mild_233.jpg,mild_233.jpg,Mild_Demented,2,Mild_Demented,2,True,0.9923829436302185,0.004803632386028767,0.9875793112441897,0.03592170187993123,0.9826642870903015,0.0028075685258954763,0.004803632386028767,0.9923829436302185,5.874715952813858e-06
115,data/dataset/Mild_Demented/mild_888.jpg,mild_888.jpg,Mild_Demented,2,Mild_Demented,2,True,0.9996155500411987,0.00032021512743085623,0.9992953349137679,0.0026077270841893246,0.9986321330070496,1.44888936119969e-05,0.00032021512743085623,0.9996155500411987,4.9716287321643904e-05
116,data/dataset/Mild_Demented/mild_181.jpg,mild_181.jpg,Mild_Demented,2,Mild_Demented,2,True,0.999836802482605,0.0001558893418405205,0.9996809131407645,0.0011676773836956915,0.9993727803230286,0.0001558893418405205,5.821023933094693e-06,0.999836802482605,1.3952110293757869e-06
117,data/dataset/Mild_Demented/mild_356.jpg,mild_356.jpg,Mild_Demented,2,Mild_Demented,2,True,0.8559921979904175,0.14389130473136902,0.7121008932590485,0.29803350819872254,0.8194969296455383,0.000102089143183548,0.14389130473136902,0.8559921979904175,1.4413959434023127e-05
118,data/dataset/Mild_Demented/mild_201.jpg,mild_201.jpg,Mild_Demented,2,Mild_Demented,2,True,0.9845097661018372,0.012015839107334614,0.9724939269945025,0.06381988640024418,0.968963623046875,0.012015839107334614,0.0034146406687796116,0.9845097661018372,5.9745594626292586e-05
119,data/dataset/Mild_Demented/mild_661.jpg,mild_661.jpg,Mild_Demented,2,Mild_Demented,2,True,0.9973625540733337,0.002598681952804327,0.9947638721205294,0.013346205733942434,0.9934931397438049,3.7680056266253814e-05,0.002598681952804327,0.9973625540733337,1.0672069947759155e-06
120,data/dataset/Mild_Demented/mild_250.jpg,mild_250.jpg,Mild_Demented,2,Mild_Demented,2,True,0.9934995174407959,0.006491649430245161,0.9870078680105507,0.028339443632306352,0.9862295389175415,0.006491649430245161,6.969622063479619e-06,0.9934995174407959,1.8777562900140765e-06
121,data/dataset/Mild_Demented/mild_517.jpg,mild_517.jpg,Mild_Demented,2,Mild_Demented,2,True,0.9994089603424072,0.0005720191402360797,0.9988369412021711,0.0036652243872362647,0.9981400966644287,1.2601540220202878e-05,0.0005720191402360797,0.9994089603424072,6.4566352193651255e-06
122,data/dataset/Mild_Demented/mild_430.jpg,mild_430.jpg,Mild_Demented,2,Mild_Demented,2,True,0.9982662796974182,0.0012921554734930396,0.9969741242239252,0.009947383816507121,0.995069146156311,0.0012921554734930396,0.0004306794435251504,0.9982662796974182,1.0967776688630693e-05
123,data/dataset/Mild_Demented/mild_676.jpg,mild_676.jpg,Mild_Demented,2,Mild_Demented,2,True,0.9999752044677734,2.4307484636665322e-05,0.9999508969831368,0.00020962976230535233,0.999875545501709,5.178301876185287e-07,2.4307484636665322e-05,0.9999752044677734,2.9583346883299555e-09
124,data/dataset/Mild_Demented/mild_141.jpg,mild_141.jpg,Mild_Demented,2,Mild_Demented,2,True,0.9998236298561096,0.00015121552860364318,0.999672414327506,0.0012796707560339357,0.9993091821670532,2.4862358259269968e-05,0.00015121552860364318,0.9998236298561096,2.5263759084737103e-07
125,data/dataset/Mild_Demented/mild_611.jpg,mild_611.jpg,Mild_Demented,2,Mild_Demented,2,True,0.9998635053634644,0.00013643020065501332,0.9997270751628093,0.0009748734113555743,0.9994804263114929,4.459079150365142e-08,0.00013643020065501332,0.9998635053634644,1.6833636706792277e-09
126,data/dataset/Mild_Demented/mild_821.jpg,mild_821.jpg,Mild_Demented,2,Mild_Demented,2,True,0.9991694688796997,0.0008123790030367672,0.9983570898766629,0.004912462389606636,0.9975454211235046,0.0008123790030367672,1.8236145479022525e-05,0.9991694688796997,2.3931638892804585e-08
127,data/dataset/Mild_Demented/mild_70.jpg,mild_70.jpg,Mild_Demented,2,Mild_Demented,2,True,0.9980675578117371,0.0018361025722697377,0.9962314552394673,0.010394645526099982,0.9948881268501282,9.107644291361794e-05,0.0018361025722697377,0.9980675578117371,5.306641469360329e-06
128,data/dataset/Mild_Demented/mild_5.jpg,mild_5.jpg,Mild_Demented,2,Very_Mild_Demented,1,False,0.36287301778793335,0.3499739468097687,0.012899070978164673,0.7956398980335944,0.35776251554489136,0.28564557433128357,0.36287301778793335,0.3499739468097687,0.001507490174844861
129,data/dataset/Mild_Demented/mild_195.jpg,mild_195.jpg,Mild_Demented,2,Mild_Demented,2,True,0.9968036413192749,0.0017676509451121092,0.9950359903741628,0.017181518275653097,0.9916129112243652,0.0014177545672282577,0.0017676509451121092,0.9968036413192749,1.0966067748086061e-05
130,data/dataset/Mild_Demented/mild_119.jpg,mild_119.jpg,Mild_Demented,2,Mild_Demented,2,True,0.9994968175888062,0.0004767204518429935,0.9990200971369632,0.003196873305081351,0.9983665347099304,2.5620283850003034e-05,0.0004767204518429935,0.9994968175888062,8.326414331349952e-07
131,data/dataset/Mild_Demented/mild_20.jpg,mild_20.jpg,Mild_Demented,2,Mild_Demented,2,True,0.9991803765296936,0.0007742309826426208,0.998406145547051,0.0049266842127606994,0.9975220561027527,4.2112398659810424e-05,0.0007742309826426208,0.9991803765296936,3.153499619656941e-06
132,data/dataset/Mild_Demented/mild_16.jpg,mild_16.jpg,Mild_Demented,2,Mild_Demented,2,True,0.9998904466629028,0.00010394111450295895,0.9997865055483999,0.0008170003078635266,0.9995514750480652,4.712180725618964e-06,0.00010394111450295895,0.9998904466629028,8.548119581064384e-07
133,data/dataset/Mild_Demented/mild_733.jpg,mild_733.jpg,Mild_Demented,2,Mild_Demented,2,True,0.9927321076393127,0.005070128012448549,0.9876619796268642,0.034517528029130475,0.9832909107208252,0.002110908040776849,0.005070128012448549,0.9927321076393127,8.694658754393458e-05
134,data/dataset/Mild_Demented/mild_420.jpg,mild_420.jpg,Mild_Demented,2,Mild_Demented,2,True,0.9994581341743469,0.00043456003186292946,0.999023574142484,0.0035347328867977234,0.99817955493927,0.00010421590559417382,0.00043456003186292946,0.9994581341743469,3.0635721941507654e-06
135,data/dataset/Moderate_Demented/moderate_16.jpg,moderate_16.jpg,Moderate_Demented,3,Moderate_Demented,3,True,0.9995649456977844,0.00022884021745994687,0.9993361054803245,0.0030066907245524317,0.998418927192688,1.949996658368036e-05,0.00022884021745994687,0.00018676092440728098,0.9995649456977844
136,data/dataset/Moderate_Demented/moderate_31.jpg,moderate_31.jpg,Moderate_Demented,3,Moderate_Demented,3,True,0.996635377407074,0.002953736810013652,0.9936816405970603,0.017350133828679483,0.9914952516555786,0.00021528943034354597,0.00019569751748349518,0.002953736810013652,0.996635377407074
137,data/dataset/Moderate_Demented/moderate_13.jpg,moderate_13.jpg,Moderate_Demented,3,Moderate_Demented,3,True,0.9987263083457947,0.0008469077874906361,0.997879400558304,0.0077859334045597695,0.9960786700248718,0.0008469077874906361,0.0003378305700607598,8.892772166291252e-05,0.9987263083457947
138,data/dataset/Moderate_Demented/moderate_21.jpg,moderate_21.jpg,Moderate_Demented,3,Moderate_Demented,3,True,0.9996955394744873,0.000234932143939659,0.9994606073305476,0.0021284635012949965,0.998871386051178,0.000234932143939659,6.486730853794143e-05,4.694134531746386e-06,0.9996955394744873
139,data/dataset/Moderate_Demented/moderate_53.jpg,moderate_53.jpg,Moderate_Demented,3,Moderate_Demented,3,True,0.9979068040847778,0.0016987232957035303,0.9962080807890743,0.011675751682256574,0.9942260384559631,0.0003342219570185989,6.0285761719569564e-05,0.0016987232957035303,0.9979068040847778
140,data/dataset/Moderate_Demented/moderate_9.jpg,moderate_9.jpg,Moderate_Demented,3,Moderate_Demented,3,True,0.9999991655349731,4.994112146050611e-07,0.9999986661237585,1.0214341477250177e-05,0.999991774559021,4.0539856627219706e-07,4.994112146050611e-07,5.935248736932408e-09,0.9999991655349731
141,data/dataset/Moderate_Demented/moderate_48.jpg,moderate_48.jpg,Moderate_Demented,3,Moderate_Demented,3,True,0.9999703168869019,1.592637454450596e-05,0.9999543905123573,0.0002594795172904684,0.9998419284820557,1.0792068394493981e-07,1.3596072676591575e-05,1.592637454450596e-05,0.9999703168869019
142,data/dataset/Moderate_Demented/moderate_58.jpg,moderate_58.jpg,Moderate_Demented,3,Moderate_Demented,3,True,0.9999779462814331,1.179647460958222e-05,0.9999661498068235,0.00019866219436705956,0.9998759031295776,3.50351626821066e-07,1.179647460958222e-05,9.919257536239456e-06,0.9999779462814331
143,data/dataset/Moderate_Demented/moderate_27.jpg,moderate_27.jpg,Moderate_Demented,3,Moderate_Demented,3,True,0.9999698400497437,1.535686715214979e-05,0.9999544831825915,0.0002699413823364292,0.9998323917388916,1.535686715214979e-05,9.64410719461739e-06,5.127958502271213e-06,0.9999698400497437
144,data/dataset/Non_Demented/non_1193.jpg,non_1193.jpg,Non_Demented,0,Non_Demented,0,True,0.9990406632423401,0.0009563047206029296,0.9980843585217372,0.0055176431375108925,0.9972658157348633,0.9990406632423401,0.0009563047206029296,1.5998732578736963e-06,1.5072264432092197e-06
145,data/dataset/Non_Demented/non_3030.jpg,non_3030.jpg,Non_Demented,0,Non_Demented,0,True,0.9997368454933167,0.0002046648587565869,0.9995321806345601,0.0018568802220886116,0.9990130662918091,0.9997368454933167,0.0002046648587565869,5.8155288570560515e-05,3.6844360806753684e-07
146,data/dataset/Non_Demented/non_1149.jpg,non_1149.jpg,Non_Demented,0,Non_Demented,0,True,0.9981403350830078,0.0018455464160069823,0.9962947886670008,0.009840864749357888,0.9951832890510559,0.9981403350830078,1.0278528861817904e-05,0.0018455464160069823,3.908447069989052e-06
147,data/dataset/Non_Demented/non_1119.jpg,non_1119.jpg,Non_Demented,0,Non_Demented,0,True,0.9999597072601318,4.022482244181447e-05,0.99991948243769,0.00032291783313953245,0.9998160004615784,0.9999597072601318,4.022482244181447e-05,3.7934255736615796e-10,1.3376495466843608e-08
148,data/dataset/Non_Demented/non_2209.jpg,non_2209.jpg,Non_Demented,0,Non_Demented,0,True,0.9995821118354797,0.000417067640228197,0.9991650441952515,0.002651341313411987,0.9986520409584045,0.9995821118354797,0.000417067640228197,3.0740659440198215e-07,5.107498282086453e-07
149,data/dataset/Non_Demented/non_1222.jpg,non_1222.jpg,Non_Demented,0,Non_Demented,0,True,0.9999808073043823,1.9223867639084347e-05,0.9999615834367432,0.00016475908561090758,0.9999014139175415,0.9999808073043823,1.9223867639084347e-05,1.2515419811620632e-08,1.2385711123386045e-08
150,data/dataset/Non_Demented/non_234.jpg,non_234.jpg,Non_Demented,0,Non_Demented,0,True,0.9981667995452881,0.0018331216415390372,0.996333677903749,0.009654201095099357,0.9952926635742188,0.9981667995452881,0.0018331216415390372,3.0957518770691195e-09,7.380711597448908e-09
151,data/dataset/Non_Demented/non_2344.jpg,non_2344.jpg,Non_Demented,0,Non_Demented,0,True,0.9999901056289673,9.196894097840413e-06,0.9999809087348694,9.173291542503742e-05,0.9999411106109619,0.9999901056289673,6.690445388812805e-07,9.196894097840413e-06,6.716550871033178e-08
152,data/dataset/Non_Demented/non_2426.jpg,non_2426.jpg,Non_Demented,0,Non_Demented,0,True,0.9997695088386536,0.00022924135555513203,0.9995402674830984,0.0015649912334538912,0.9991829991340637,0.9997695088386536,0.00022924135555513203,5.21450374435517e-07,7.303113989109988e-07
153,data/dataset/Non_Demented/non_2295.jpg,non_2295.jpg,Non_Demented,0,Non_Demented,0,True,0.9999650716781616,3.1530777050647885e-05,0.999933540901111,0.0002921957526110884,0.99982750415802,0.9999650716781616,3.1530777050647885e-05,3.3568128401384456e-06,6.196255242230109e-08
154,data/dataset/Non_Demented/non_1778.jpg,non_1778.jpg,Non_Demented,0,Non_Demented,0,True,0.9998968839645386,0.00010261606075800955,0.9997942679037806,0.0007594629577764092,0.9995879530906677,0.9998968839645386,0.00010261606075800955,3.6904805256199325e-07,1.1137566247043651e-07
155,data/dataset/Non_Demented/non_2687.jpg,non_2687.jpg,Non_Demented,0,Non_Demented,0,True,0.9998717308044434,0.0001257961557712406,0.9997459346486721,0.0009313895127355185,0.9994969367980957,0.9998717308044434,0.0001257961557712406,1.821310434024781e-06,6.373688847816084e-07
156,data/dataset/Non_Demented/non_730.jpg,non_730.jpg,Non_Demented,0,Non_Demented,0,True,0.999453604221344,0.00048353790771216154,0.9989700663136318,0.003500064946504269,0.9982070922851562,0.999453604221344,0.00048353790771216154,6.165257946122438e-05,1.2270786555745872e-06
157,data/dataset/Non_Demented/non_13.jpg,non_13.jpg,Non_Demented,0,Non_Demented,0,True,0.999593198299408,0.0004053119046147913,0.9991878863947932,0.0025914584323574632,0.9986801743507385,0.999593198299408,0.0004053119046147913,1.4124161680229008e-06,5.681992121253643e-08
158,data/dataset/Non_Demented/non_337.jpg,non_337.jpg,Non_Demented,0,Non_Demented,0,True,0.9989138841629028,0.0007234734366647899,0.998190410726238,0.0067555598145659455,0.9965798258781433,0.9989138841629028,0.0007234734366647899,0.0002949638292193413,6.773487984901294e-05
159,data/dataset/Non_Demented/non_1979.jpg,non_1979.jpg,Non_Demented,0,Non_Demented,0,True,0.999886155128479,9.493003017269075e-05,0.9997912250983063,0.0008706606584267014,0.9995149374008179,0.999886155128479,9.493003017269075e-05,1.582674121891614e-05,3.0666269594803452e-06
160,data/dataset/Non_Demented/non_311.jpg,non_311.jpg,Non_Demented,0,Non_Demented,0,True,0.9972787499427795,0.002703483682125807,0.9945752662606537,0.013639128465952215,0.9933595061302185,0.9972787499427795,0.002703483682125807,1.3425526958599221e-05,4.324546353018377e-06
161,data/dataset/Non_Demented/non_203.jpg,non_203.jpg,Non_Demented,0,Non_Demented,0,True,0.9999985694885254,1.4078466392675182e-06,0.9999971616418861,1.4918308802708299e-05,0.9999891519546509,0.9999985694885254,1.4078466392675182e-06,1.0794344973419356e-08,4.36881908427722e-09
162,data/dataset/Non_Demented/non_1004.jpg,non_1004.jpg,Non_Demented,0,Non_Demented,0,True,0.9930467009544373,0.006953158415853977,0.9860935425385833,0.029920875164339354,0.9854633808135986,0.9930467009544373,0.006953158415853977,3.4584779484703176e-08,1.4593310027066764e-07
163,data/dataset/Non_Demented/non_1587.jpg,non_1587.jpg,Non_Demented,0,Non_Demented,0,True,0.999261200428009,0.000725772581063211,0.9985354278469458,0.004427272459233455,0.997778594493866,0.999261200428009,0.000725772581063211,2.814530716932495e-06,1.0170605492021423e-05
164,data/dataset/Non_Demented/non_24.jpg,non_24.jpg,Non_Demented,0,Non_Demented,0,True,0.8700821995735168,0.1297711282968521,0.7403110712766647,0.2794714851845937,0.8339338302612305,0.8700821995735168,0.1297711282968521,1.9390767192817293e-05,0.00012729072477668524
165,data/dataset/Non_Demented/non_1865.jpg,non_1865.jpg,Non_Demented,0,Non_Demented,0,True,0.9999998807907104,6.451438849808255e-08,0.999999816276322,1.1873065182933715e-06,0.9999988079071045,0.9999998807907104,2.433390555722781e-08,6.451438849808255e-08,1.579753328151412e-09
166,data/dataset/Non_Demented/non_1263.jpg,non_1263.jpg,Non_Demented,0,Non_Demented,0,True,0.8780815601348877,0.09062453359365463,0.7874570265412331,0.31785076808800494,0.8304620981216431,0.8780815601348877,0.03122897259891033,0.09062453359365463,6.487633072538301e-05
167,data/dataset/Non_Demented/non_2397.jpg,non_2397.jpg,Non_Demented,0,Non_Demented,0,True,0.9995369911193848,0.000259402091614902,0.9992775890277699,0.003149081274647543,0.99835604429245,0.9995369911193848,0.000259402091614902,0.00019656769291032106,7.003675364103401e-06
168,data/dataset/Non_Demented/non_1868.jpg,non_1868.jpg,Non_Demented,0,Non_Demented,0,True,0.9948694705963135,0.005126470234245062,0.9897430003620684,0.02323054044192036,0.9887334108352661,0.9948694705963135,0.005126470234245062,1.7342060800729087e-06,2.3454542770195985e-06
169,data/dataset/Non_Demented/non_2787.jpg,non_2787.jpg,Non_Demented,0,Non_Demented,0,True,0.9981850981712341,0.0018122210167348385,0.9963728771544993,0.009586989468973496,0.9953180551528931,0.9981850981712341,0.0018122210167348385,1.2108589544368442e-06,1.4683497511214227e-06
170,data/dataset/Non_Demented/non_1006.jpg,non_1006.jpg,Non_Demented,0,Non_Demented,0,True,0.9999904632568359,9.500699889031239e-06,0.9999809625569469,8.632658348161072e-05,0.9999457597732544,0.9999904632568359,9.500699889031239e-06,6.563651844260221e-09,7.833937054613216e-09
171,data/dataset/Non_Demented/non_2422.jpg,non_2422.jpg,Non_Demented,0,Non_Demented,0,True,0.9999996423721313,3.8508252941937826e-07,0.9999992572896019,5.056524739866177e-06,0.9999957084655762,0.9999996423721313,3.8508252941937826e-07,3.8836102334016687e-08,1.6868691332661e-08
172,data/dataset/Non_Demented/non_1086.jpg,non_1086.jpg,Non_Demented,0,Non_Demented,0,True,0.9999227523803711,7.667521276744083e-05,0.9998460771676037,0.000585596181549302,0.9996770620346069,0.9999227523803711,5.530439466383541e-07,7.667521276744083e-05,1.3104300977673233e-09
173,data/dataset/Non_Demented/non_1885.jpg,non_1885.jpg,Non_Demented,0,Non_Demented,0,True,0.9972374439239502,0.0016862875781953335,0.9955511563457549,0.01508166922765444,0.9926192164421082,0.9972374439239502,0.0010722953593358397,0.0016862875781953335,3.960296908189775e-06
174,data/dataset/Non_Demented/non_1680.jpg,non_1680.jpg,Non_Demented,0,Non_Demented,0,True,0.9969624876976013,0.003022142918780446,0.9939403447788209,0.014962040514220296,0.9927268028259277,0.9969624876976013,0.003022142918780446,1.467184915782127e-06,1.3890292393625714e-05
175,data/dataset/Non_Demented/non_306.jpg,non_306.jpg,Non_Demented,0,Non_Demented,0,True,0.9966206550598145,0.003374864812940359,0.9932457902468741,0.01632965864641149,0.9920777678489685,0.9966206550598145,0.003374864812940359,6.72435930937354e-07,3.747397158804233e-06
176,data/dataset/Non_Demented/non_3041.jpg,non_3041.jpg,Non_Demented,0,Non_Demented,0,True,0.9963939785957336,0.003581190248951316,0.9928127883467823,0.017347669639760088,0.9915680289268494,0.9963939785957336,0.003581190248951316,9.277430763177108e-06,1.5581836123601533e-05
177,data/dataset/Non_Demented/non_3085.jpg,non_3085.jpg,Non_Demented,0,Non_Demented,0,True,0.9976287484169006,0.001550084794871509,0.9960786636220291,0.013164703574631478,0.9935352802276611,0.9976287484169006,0.001550084794871509,0.0008184998296201229,2.7829969440062996e-06
178,data/dataset/Non_Demented/non_819.jpg,non_819.jpg,Non_Demented,0,Non_Demented,0,True,0.9979594945907593,0.0020388730335980654,0.9959206215571612,0.010597961937974089,0.9948363304138184,0.9979594945907593,0.0020388730335980654,1.4016362115398806e-07,1.4675865713797975e-06
179,data/dataset/Non_Demented/non_37.jpg,non_37.jpg,Non_Demented,0,Non_Demented,0,True,0.9998582601547241,0.00013197762018535286,0.9997262825345388,0.0010370513538593565,0.9994363188743591,0.9998582601547241,0.00013197762018535286,8.082142812781967e-06,1.6702480252206442e-06
180,data/dataset/Non_Demented/non_1228.jpg,non_1228.jpg,Non_Demented,0,Non_Demented,0,True,0.9996028542518616,0.00039698267937637866,0.9992058715724852,0.00253106900865157,0.9987126588821411,0.9996028542518616,0.00039698267937637866,1.3841449231222214e-07,3.107091828269404e-08
181,data/dataset/Non_Demented/non_56.jpg,non_56.jpg,Non_Demented,0,Non_Demented,0,True,0.9997459053993225,0.00021677972108591348,0.9995291256782366,0.0017774626983539075,0.9990577101707458,0.9997459053993225,0.00021677972108591348,1.9503086434724537e-07,3.705983908730559e-05
182,data/dataset/Non_Demented/non_636.jpg,non_636.jpg,Non_Demented,0,Non_Demented,0,True,0.9820918440818787,0.01790734753012657,0.9641844965517521,0.06477145028409458,0.9677969217300415,0.9820918440818787,0.01790734753012657,3.7613467895880603e-08,8.367038617507205e-07
183,data/dataset/Non_Demented/non_2891.jpg,non_2891.jpg,Non_Demented,0,Non_Demented,0,True,0.9992345571517944,0.0007616520160809159,0.9984729051357135,0.004533094862285247,0.9977374076843262,0.9992345571517944,0.0007616520160809159,1.5801884956090362e-06,2.250686293336912e-06
184,data/dataset/Non_Demented/non_2859.jpg,non_2859.jpg,Non_Demented,0,Non_Demented,0,True,0.9992092847824097,0.0007904629455879331,0.9984188218368217,0.004644565820526315,0.9976918697357178,0.9992092847824097,0.0007904629455879331,5.969467054001143e-08,6.971909272124321e-08
185,data/dataset/Non_Demented/non_252.jpg,non_252.jpg,Non_Demented,0,Non_Demented,0,True,1.0,4.335234393693099e-08,0.9999999566476561,5.766493277509288e-07,0.9999994039535522,1.0,4.335234393693099e-08,1.1044856140784987e-09,2.0828581082099618e-09
186,data/dataset/Non_Demented/non_1076.jpg,non_1076.jpg,Non_Demented,0,Non_Demented,0,True,0.9997021555900574,0.0002970319183077663,0.9994051236717496,0.001963000235743264,0.9989882111549377,0.9997021555900574,0.0002970319183077663,3.565087638435216e-07,3.9383348848787136e-07
187,data/dataset/Non_Demented/non_1935.jpg,non_1935.jpg,Non_Demented,0,Non_Demented,0,True,0.9998278617858887,0.00017205384210683405,0.9996558079437818,0.0012008455143483212,0.9993670582771301,0.9998278617858887,0.00017205384210683405,2.1231166158486303e-08,5.473561515145775e-08
188,data/dataset/Non_Demented/non_2481.jpg,non_2481.jpg,Non_Demented,0,Non_Demented,0,True,0.9999531507492065,4.686685497290455e-05,0.9999062838942336,0.00037083486170605954,0.999790608882904,0.9999531507492065,4.686685497290455e-05,1.9180006471941624e-09,1.0389613613881465e-09
189,data/dataset/Non_Demented/non_1957.jpg,non_1957.jpg,Non_Demented,0,Non_Demented,0,True,0.9999271631240845,6.94343470968306e-05,0.9998577287769876,0.0005637804594078371,0.99968421459198,0.9999271631240845,3.3310341223113937e-06,6.94343470968306e-05,1.176341015707294e-07
190,data/dataset/Non_Demented/non_2262.jpg,non_2262.jpg,Non_Demented,0,Non_Demented,0,True,0.9996812343597412,0.00031313367071561515,0.9993681006890256,0.0021020781043875766,0.9989140033721924,0.9996812343597412,0.00031313367071561515,5.569327186094597e-06,8.389582006884666e-08
191,data/dataset/Non_Demented/non_279.jpg,non_279.jpg,Non_Demented,0,Non_Demented,0,True,0.9999988079071045,1.0322941079721204e-06,0.9999977756129965,1.2647029591814534e-05,0.9999903440475464,0.9999988079071045,1.0322941079721204e-06,1.2146779226895887e-07,9.606680784202126e-09
192,data/dataset/Non_Demented/non_1829.jpg,non_1829.jpg,Non_Demented,0,Non_Demented,0,True,0.9998724460601807,0.00010036192543338984,0.9997720841347473,0.0009718976412305867,0.9994602799415588,0.9998724460601807,0.00010036192543338984,2.3829044948797673e-05,3.3416215501347324e-06
193,data/dataset/Non_Demented/non_1056.jpg,non_1056.jpg,Non_Demented,0,Non_Demented,0,True,0.9989013671875,0.0005872756009921432,0.9983140915865079,0.006740762588519444,0.9966160655021667,0.9989013671875,0.0005110054626129568,0.0005872756009921432,2.878435054753936e-07
194,data/dataset/Non_Demented/non_2244.jpg,non_2244.jpg,Non_Demented,0,Non_Demented,0,True,0.9999939203262329,5.973972292849794e-06,0.9999879463539401,5.7536783249767066e-05,0.999962329864502,0.9999939203262329,8.777779925139839e-08,5.973972292849794e-06,2.2817244982320517e-08
195,data/dataset/Non_Demented/non_1589.jpg,non_1589.jpg,Non_Demented,0,Non_Demented,0,True,0.9999029636383057,8.917524974094704e-05,0.9998137883885647,0.0007373055796705716,0.9995912909507751,0.9999029636383057,8.917524974094704e-05,7.531861683673924e-06,3.132540200567746e-07
196,data/dataset/Non_Demented/non_503.jpg,non_503.jpg,Non_Demented,0,Non_Demented,0,True,0.9988008737564087,0.0011975840898230672,0.9976032896665856,0.006692098888204798,0.9967060685157776,0.9988008737564087,0.0011975840898230672,1.200870883621974e-06,3.899772593740636e-07
197,data/dataset/Non_Demented/non_2204.jpg,non_2204.jpg,Non_Demented,0,Non_Demented,0,True,0.9997780919075012,0.0001682842121226713,0.9996098076953785,0.0016043168132724701,0.9991356730461121,0.9997780919075012,0.0001682842121226713,5.0370370445307344e-05,3.272847834523418e-06
198,data/dataset/Non_Demented/non_1227.jpg,non_1227.jpg,Non_Demented,0,Non_Demented,0,True,0.9999358654022217,6.409018533304334e-05,0.9998717752168886,0.0004934779741809102,0.9997259974479675,0.9999358654022217,6.409018533304334e-05,4.836021005871771e-08,1.9953684926576898e-08
199,data/dataset/Non_Demented/non_1733.jpg,non_1733.jpg,Non_Demented,0,Non_Demented,0,True,0.9767069816589355,0.023288823664188385,0.9534181579947472,0.07980428181336181,0.9598647952079773,0.9767069816589355,0.023288823664188385,9.877040696437689e-08,4.035735855723033e-06
200,data/dataset/Non_Demented/non_1396.jpg,non_1396.jpg,Non_Demented,0,Non_Demented,0,True,0.9992677569389343,0.0007084892713464797,0.9985592676675878,0.004421977946454355,0.9977750182151794,0.9992677569389343,0.0007084892713464797,2.1797088265884668e-05,1.9793028513959143e-06
201,data/dataset/Non_Demented/non_1121.jpg,non_1121.jpg,Non_Demented,0,Non_Demented,0,True,0.999924898147583,4.4784446799894795e-05,0.9998801137007831,0.0006063994901952582,0.9996525049209595,0.999924898147583,3.004111749760341e-05,4.4784446799894795e-05,2.837042814007873e-07
202,data/dataset/Non_Demented/non_645.jpg,non_645.jpg,Non_Demented,0,Non_Demented,0,True,0.9999165534973145,8.203068136936054e-05,0.9998345228159451,0.000631215587401507,0.9996515512466431,0.9999165534973145,8.203068136936054e-05,1.028449787554564e-06,3.822756582394504e-07
203,data/dataset/Non_Demented/non_1426.jpg,non_1426.jpg,Non_Demented,0,Non_Demented,0,True,0.7160208821296692,0.2838757336139679,0.4321451485157013,0.43112451834336823,0.686741292476654,0.7160208821296692,0.2838757336139679,4.7531437303405255e-05,5.5833679653005674e-05
204,data/dataset/Non_Demented/non_1195.jpg,non_1195.jpg,Non_Demented,0,Non_Demented,0,True,0.9999970197677612,2.9699624519707868e-06,0.9999940498053093,2.9794490568455222e-05,0.9999794960021973,0.9999970197677612,2.9699624519707868e-06,2.8838673671316428e-08,1.1884857542554528e-09
205,data/dataset/Non_Demented/non_17.jpg,non_17.jpg,Non_Demented,0,Non_Demented,0,True,0.9987426400184631,0.001117778243497014,0.9976248617749661,0.007342800622202075,0.9963262677192688,0.9987426400184631,0.001117778243497014,9.590716945240274e-05,4.367991641629487e-05
206,data/dataset/Non_Demented/non_2326.jpg,non_2326.jpg,Non_Demented,0,Non_Demented,0,True,0.9997106194496155,0.00027368971495889127,0.9994369297346566,0.0019606699044144344,0.9989718198776245,0.9997106194496155,0.00027368971495889127,1.0364444278820883e-05,5.315377620718209e-06
207,data/dataset/Non_Demented/non_3162.jpg,non_3162.jpg,Non_Demented,0,Non_Demented,0,True,0.9998928308486938,0.00010716332326410338,0.9997856675254297,0.0007846191154048596,0.9995766282081604,0.9998928308486938,0.00010716332326410338,3.964303374459632e-08,1.5416407705970414e-08
208,data/dataset/Non_Demented/non_3055.jpg,non_3055.jpg,Non_Demented,0,Non_Demented,0,True,0.9995735287666321,0.0004245519812684506,0.9991489767853636,0.0027044295361429707,0.9986238479614258,0.9995735287666321,0.0004245519812684506,8.435396239292459e-07,1.0561857379798312e-06
209,data/dataset/Non_Demented/non_420.jpg,non_420.jpg,Non_Demented,0,Non_Demented,0,True,0.9998102784156799,0.0001882403012132272,0.9996220381144667,0.0013166515606682415,0.9993057250976562,0.9998102784156799,0.0001882403012132272,2.2212800843135483e-07,1.2884460147688515e-06
210,data/dataset/Non_Demented/non_622.jpg,non_622.jpg,Non_Demented,0,Non_Demented,0,True,0.9999712705612183,2.835086706909351e-05,0.9999429196941492,0.00023930487325389787,0.9998594522476196,0.9999712705612183,2.835086706909351e-05,2.1993217558247125e-07,1.7953080089228024e-07
211,data/dataset/Non_Demented/non_84.jpg,non_84.jpg,Non_Demented,0,Non_Demented,0,True,0.9997356534004211,0.0002199379523517564,0.9995157154480694,0.0018585620914887485,0.9990105628967285,0.9997356534004211,4.007243842352182e-05,0.0002199379523517564,4.3870472836715635e-06
212,data/dataset/Non_Demented/non_2337.jpg,non_2337.jpg,Non_Demented,0,Non_Demented,0,True,0.998445451259613,0.001106925425119698,0.9973385258344933,0.009102727304384852,0.9954675436019897,0.998445451259613,0.0004281742440070957,0.001106925425119698,1.943984352692496e-05
213,data/dataset/Non_Demented/non_2869.jpg,non_2869.jpg,Non_Demented,0,Non_Demented,0,True,0.9999648332595825,3.503026164253242e-05,0.99992980299794,0.000285461724890049,0.9998356103897095,0.9999648332595825,3.503026164253242e-05,6.049359768667273e-08,9.55664614110674e-09
214,data/dataset/Non_Demented/non_452.jpg,non_452.jpg,Non_Demented,0,Non_Demented,0,True,0.9999988079071045,1.153749735749443e-06,0.9999976541573687,1.2678916817013419e-05,0.9999905824661255,0.9999988079071045,1.153749735749443e-06,1.6194307006500708e-09,3.353770949843238e-08
215,data/dataset/Non_Demented/non_2791.jpg,non_2791.jpg,Non_Demented,0,Non_Demented,0,True,0.9910733103752136,0.0089207012206316,0.982152609154582,0.03683257574347906,0.9820321798324585,0.9910733103752136,0.0089207012206316,1.6036928229823388e-07,5.929416147409938e-06
216,data/dataset/Non_Demented/non_1046.jpg,non_1046.jpg,Non_Demented,0,Non_Demented,0,True,0.9999617338180542,3.5733941331272945e-05,0.9999259998767229,0.00031635400358140137,0.9998143315315247,0.9999617338180542,3.5733941331272945e-05,1.0335048727938556e-06,1.5032589999464108e-06
217,data/dataset/Non_Demented/non_2098.jpg,non_2098.jpg,Non_Demented,0,Non_Demented,0,True,0.9991186261177063,0.0008727453532628715,0.9982458807644434,0.00514482169983797,0.9974384307861328,0.9991186261177063,0.0008727453532628715,7.2455391091352794e-06,1.3302046681928914e-06
218,data/dataset/Non_Demented/non_3013.jpg,non_3013.jpg,Non_Demented,0,Non_Demented,0,True,0.9999575614929199,4.2357012716820464e-05,0.9999152044802031,0.00033912803774238957,0.9998070597648621,0.9999575614929199,4.2357012716820464e-05,6.983573541674559e-08,1.6970496119483869e-09
219,data/dataset/Non_Demented/non_1683.jpg,non_1683.jpg,Non_Demented,0,Non_Demented,0,True,0.9999581575393677,4.182689372100867e-05,0.9999163306456467,0.0003347912491514859,0.9998094439506531,0.9999581575393677,4.182689372100867e-05,2.3158062134598367e-08,9.355291652468622e-09
220,data/dataset/Non_Demented/non_2726.jpg,non_2726.jpg,Non_Demented,0,Non_Demented,0,True,0.9995984435081482,0.0003907020145561546,0.999207741493592,0.0025956506774240514,0.9986658096313477,0.9995984435081482,0.0003907020145561546,8.262761184596457e-06,2.6556158445600886e-06
221,data/dataset/Non_Demented/non_469.jpg,non_469.jpg,Non_Demented,0,Non_Demented,0,True,0.9991507530212402,0.0008350088028237224,0.9983157442184165,0.0049976408282898215,0.997506320476532,0.9991507530212402,0.0008350088028237224,1.4097559869696852e-05,2.1164780150684237e-07
222,data/dataset/Non_Demented/non_835.jpg,non_835.jpg,Non_Demented,0,Non_Demented,0,True,0.9999343156814575,6.570880941580981e-05,0.9998686068720417,0.0005040825772692557,0.9997207522392273,0.9999343156814575,6.570880941580981e-05,5.398151259328188e-09,1.252137948881682e-08
223,data/dataset/Non_Demented/non_565.jpg,non_565.jpg,Non_Demented,0,Non_Demented,0,True,0.982337236404419,0.017594750970602036,0.9647424854338169,0.06440281084642799,0.967975914478302,0.982337236404419,0.017594750970602036,1.549215812701732e-05,5.260524631012231e-05
224,data/dataset/Non_Demented/non_519.jpg,non_519.jpg,Non_Demented,0,Non_Demented,0,True,0.9977007508277893,0.0022749905474483967,0.9954257602803409,0.011836121473342762,0.9942215085029602,0.9977007508277893,0.0022749905474483967,3.196294301233138e-06,2.1002122593927197e-05
225,data/dataset/Non_Demented/non_2558.jpg,non_2558.jpg,Non_Demented,0,Non_Demented,0,True,0.9975705742835999,0.002393031259998679,0.9951775430236012,0.012445321643903707,0.9939232468605042,0.9975705742835999,0.002393031259998679,3.2067298889160156e-05,4.215638455207227e-06
226,data/dataset/Non_Demented/non_473.jpg,non_473.jpg,Non_Demented,0,Non_Demented,0,True,0.9998615980148315,0.00013655789371114224,0.9997250401211204,0.0009945059699395169,0.9994661211967468,0.9998615980148315,0.00013655789371114224,8.531292223779019e-07,9.495277595306106e-07
227,data/dataset/Non_Demented/non_2817.jpg,non_2817.jpg,Non_Demented,0,Non_Demented,0,True,0.9999877214431763,1.1390092367946636e-05,0.9999763313508083,0.00011158155450629508,0.9999293088912964,0.9999877214431763,1.1390092367946636e-05,4.428176794135652e-07,4.280666132672195e-07
228,data/dataset/Non_Demented/non_2169.jpg,non_2169.jpg,Non_Demented,0,Non_Demented,0,True,0.9999691247940063,3.079021553276107e-05,0.9999383345784736,0.0002541147586678878,0.9998522996902466,0.9999691247940063,3.079021553276107e-05,5.879705256006673e-08,3.283246030605369e-08
229,data/dataset/Non_Demented/non_1554.jpg,non_1554.jpg,Non_Demented,0,Non_Demented,0,True,0.9993451237678528,0.0006479276926256716,0.9986971960752271,0.003966096950101455,0.998006284236908,0.9993451237678528,4.5633009904122446e-06,0.0006479276926256716,2.3524273728980916e-06
230,data/dataset/Non_Demented/non_415.jpg,non_415.jpg,Non_Demented,0,Non_Demented,0,True,0.9847320318222046,0.015248402021825314,0.9694836298003793,0.05710530212405352,0.9717556834220886,0.9847320318222046,0.015248402021825314,1.2599291039805394e-05,7.034263035166077e-06
231,data/dataset/Non_Demented/non_2666.jpg,non_2666.jpg,Non_Demented,0,Non_Demented,0,True,0.9998401403427124,0.00014641368761658669,0.9996937266550958,0.001162947608869253,0.9993693232536316,0.9998401403427124,0.00014641368761658669,9.704445801617112e-06,3.8174025576154236e-06
232,data/dataset/Non_Demented/non_276.jpg,non_276.jpg,Non_Demented,0,Non_Demented,0,True,0.9994128942489624,0.0005868244916200638,0.9988260697573423,0.0035764803316802106,0.9982055425643921,0.9994128942489624,0.0005868244916200638,1.4442805706949002e-07,1.5373115047623287e-07
233,data/dataset/Non_Demented/non_2130.jpg,non_2130.jpg,Non_Demented,0,Non_Demented,0,True,0.9846101999282837,0.015360352583229542,0.9692498473450541,0.0575218924745638,0.9715383648872375,0.9846101999282837,0.015360352583229542,1.7216119886143133e-05,1.2230827451276127e-05
234,data/dataset/Non_Demented/non_2054.jpg,non_2054.jpg,Non_Demented,0,Non_Demented,0,True,0.9996204376220703,0.0003635820175986737,0.9992568556044716,0.0024793783129106544,0.998721182346344,0.9996204376220703,1.537258503958583e-05,0.0003635820175986737,5.47579020349076e-07
235,data/dataset/Non_Demented/non_2923.jpg,non_2923.jpg,Non_Demented,0,Non_Demented,0,True,0.9996923208236694,0.00030151891405694187,0.9993908019096125,0.0020410069642951088,0.9989416003227234,0.9996923208236694,0.00030151891405694187,4.8547522055741865e-06,1.3373238516578567e-06
236,data/dataset/Non_Demented/non_2405.jpg,non_2405.jpg,Non_Demented,0,Non_Demented,0,True,0.9500546455383301,0.04985637217760086,0.9001982733607292,0.14359595768440664,0.9241219758987427,0.9500546455383301,0.04985637217760086,3.463883331278339e-05,5.4374253522837535e-05
237,data/dataset/Non_Demented/non_1299.jpg,non_1299.jpg,Non_Demented,0,Non_Demented,0,True,0.9998786449432373,0.00012081790191587061,0.9997578270413214,0.0008789140621741376,0.9995274543762207,0.9998786449432373,0.00012081790191587061,4.4869577209283307e-07,3.504947798660396e-08
238,data/dataset/Non_Demented/non_36.jpg,non_36.jpg,Non_Demented,0,Non_Demented,0,True,0.9998914003372192,8.25689930934459e-05,0.9998088313441258,0.0008476442068255871,0.9995220899581909,0.9998914003372192,8.25689930934459e-05,1.77446872839937e-05,8.203467587009072e-06
239,data/dataset/Non_Demented/non_1597.jpg,non_1597.jpg,Non_Demented,0,Non_Demented,0,True,0.999315619468689,0.0006832022918388247,0.9986324171768501,0.004098244791265395,0.9979514479637146,0.999315619468689,0.0006832022918388247,6.442664357564354e-07,5.833042564518109e-07
240,data/dataset/Non_Demented/non_1100.jpg,non_1100.jpg,Non_Demented,0,Non_Demented,0,True,0.999722421169281,0.00027754096663556993,0.9994448802026454,0.001840628869292921,0.9990504384040833,0.999722421169281,0.00027754096663556993,1.3017539934878641e-08,5.654787926800964e-08
241,data/dataset/Non_Demented/non_2482.jpg,non_2482.jpg,Non_Demented,0,Non_Demented,0,True,0.9998663663864136,0.00013260067498777062,0.9997337657114258,0.0009606426027798106,0.9994850158691406,0.9998663663864136,0.00013260067498777062,8.666549433655746e-07,1.3465100323628576e-07
242,data/dataset/Non_Demented/non_2763.jpg,non_2763.jpg,Non_Demented,0,Non_Demented,0,True,0.9995989203453064,0.0003854305832646787,0.9992134897620417,0.0026003862465878483,0.9986633062362671,0.9995989203453064,0.0003854305832646787,1.5569350580335595e-05,1.0042506204399615e-07
243,data/dataset/Non_Demented/non_822.jpg,non_822.jpg,Non_Demented,0,Non_Demented,0,True,0.9999594688415527,4.0297691157320514e-05,0.9999191711503954,0.00032494734178718364,0.9998143315315247,0.9999594688415527,4.0297691157320514e-05,7.365762400013409e-08,5.705004113565337e-08
244,data/dataset/Non_Demented/non_2672.jpg,non_2672.jpg,Non_Demented,0,Non_Demented,0,True,0.9999939203262329,5.477249032992404e-06,0.9999884430771999,5.8905674456658985e-05,0.9999604225158691,0.9999939203262329,5.477249032992404e-06,9.194297234671467e-08,5.3566816404782e-07
245,data/dataset/Non_Demented/non_820.jpg,non_820.jpg,Non_Demented,0,Non_Demented,0,True,0.9789294600486755,0.020947106182575226,0.9579823538661003,0.07431054325661,0.9627882838249207,0.9789294600486755,0.020947106182575226,7.687222387176007e-05,4.658877878682688e-05
246,data/dataset/Non_Demented/non_1643.jpg,non_1643.jpg,Non_Demented,0,Non_Demented,0,True,0.9999853372573853,1.3461706657835748e-05,0.9999718755507274,0.00013219371300135938,0.9999172687530518,0.9999853372573853,1.3461706657835748e-05,1.2199222965136869e-06,6.036712107970743e-08
247,data/dataset/Non_Demented/non_1478.jpg,non_1478.jpg,Non_Demented,0,Non_Demented,0,True,0.9997568726539612,0.00022722037101630121,0.9995296522829449,0.0016819780649563222,0.999110758304596,0.9997568726539612,0.00022722037101630121,1.423101821274031e-05,1.775793066371989e-06
248,data/dataset/Non_Demented/non_2355.jpg,non_2355.jpg,Non_Demented,0,Non_Demented,0,True,0.9885331392288208,0.011461017653346062,0.9770721215754747,0.04522170940822925,0.9778233766555786,0.9885331392288208,0.011461017653346062,9.465060770708078e-07,4.869433723797556e-06
249,data/dataset/Non_Demented/non_794.jpg,non_794.jpg,Non_Demented,0,Non_Demented,0,True,0.9999454021453857,5.321178468875587e-05,0.999892190360697,0.0004311235143274631,0.9997555613517761,0.9999454021453857,5.321178468875587e-05,1.2323923783696955e-06,1.686199482264783e-07
250,data/dataset/Non_Demented/non_1188.jpg,non_1188.jpg,Non_Demented,0,Non_Demented,0,True,0.9999686479568481,3.108242526650429e-05,0.9999375655315816,0.0002581462738547148,0.9998495578765869,0.9999686479568481,3.108242526650429e-05,1.9433491615927778e-07,5.450535667250733e-08
251,data/dataset/Non_Demented/non_891.jpg,non_891.jpg,Non_Demented,0,Non_Demented,0,True,0.9985048770904541,0.001469911658205092,0.997034965432249,0.00819887920084766,0.9959599375724792,0.9985048770904541,0.001469911658205092,1.2147617781010922e-05,1.307130150962621e-05
252,data/dataset/Non_Demented/non_2205.jpg,non_2205.jpg,Non_Demented,0,Non_Demented,0,True,0.9996696710586548,0.00032306063803844154,0.9993466104206163,0.0021752266589561624,0.9988756775856018,0.9996696710586548,0.00032306063803844154,5.082042662252206e-07,6.827489414718002e-06
253,data/dataset/Non_Demented/non_2401.jpg,non_2401.jpg,Non_Demented,0,Non_Demented,0,True,0.9935694932937622,0.003362847026437521,0.9902066462673247,0.031254788727804815,0.9849152565002441,0.9935694932937622,0.00306590273976326,0.003362847026437521,1.7832015828389558e-06
254,data/dataset/Non_Demented/non_2192.jpg,non_2192.jpg,Non_Demented,0,Non_Demented,0,True,0.9997631907463074,0.0002313107979716733,0.9995318799483357,0.0016181148940162535,0.9991501569747925,0.9997631907463074,2.9493180591089185e-06,0.0002313107979716733,2.5102610834437655e-06
255,data/dataset/Non_Demented/non_2218.jpg,non_2218.jpg,Non_Demented,0,Non_Demented,0,True,0.9999971389770508,2.602854010547162e-06,0.9999945361230402,2.8412976733532147e-05,0.9999799728393555,0.9999971389770508,1.931938271582112e-07,2.602854010547162e-06,3.6650837920149115e-09
256,data/dataset/Non_Demented/non_637.jpg,non_637.jpg,Non_Demented,0,Non_Demented,0,True,0.8597934246063232,0.1386663168668747,0.7211271077394485,0.2991402595526874,0.8215792775154114,0.8597934246063232,0.1386663168668747,0.0011439567897468805,0.00039626742363907397
257,data/dataset/Non_Demented/non_198.jpg,non_198.jpg,Non_Demented,0,Non_Demented,0,True,0.9999549388885498,4.5113982196198776e-05,0.9999098249063536,0.00035815882500011973,0.9997972846031189,0.9999549388885498,4.5113982196198776e-05,5.047138817992902e-10,8.502021864309484e-10
258,data/dataset/Non_Demented/non_1721.jpg,non_1721.jpg,Non_Demented,0,Non_Demented,0,True,0.9998564720153809,0.0001380249159410596,0.9997184470994398,0.0010364243897620217,0.9994414448738098,0.9998564720153809,0.0001380249159410596,5.067414349468891e-06,3.146058418224129e-07
259,data/dataset/Non_Demented/non_1464.jpg,non_1464.jpg,Non_Demented,0,Non_Demented,0,True,0.9996875524520874,0.0003124638751614839,0.9993750885769259,0.0020445937430957203,0.9989509582519531,0.9996875524520874,0.0003124638751614839,3.1385121168625574e-09,2.3022053152743638e-09
260,data/dataset/Non_Demented/non_722.jpg,non_722.jpg,Non_Demented,0,Non_Demented,0,True,0.9999960660934448,3.672643060781411e-06,0.999992393450384,3.836137636455888e-05,0.9999737739562988,0.9999960660934448,3.672643060781411e-06,1.8546765545579547e-07,2.3317745956319413e-08
261,data/dataset/Non_Demented/non_738.jpg,non_738.jpg,Non_Demented,0,Non_Demented,0,True,0.9988963603973389,0.001092679682187736,0.9978036807151511,0.0062658943044269525,0.9968975782394409,0.9988963603973389,7.630490472365636e-06,0.001092679682187736,3.3571004678378813e-06
262,data/dataset/Non_Demented/non_1147.jpg,non_1147.jpg,Non_Demented,0,Non_Demented,0,True,0.9896208047866821,0.01037666667252779,0.9792441381141543,0.041666414181641354,0.9796169400215149,0.9896208047866821,0.01037666667252779,7.137683724067756e-07,1.8171072042605374e-06
263,data/dataset/Non_Demented/non_2722.jpg,non_2722.jpg,Non_Demented,0,Non_Demented,0,True,0.9998654127120972,0.00013413417036645114,0.9997312785417307,0.0009652270153168723,0.9994837045669556,0.9998654127120972,0.00013413417036645114,1.7739588997756073e-07,3.155088279527263e-07
264,data/dataset/Non_Demented/non_1873.jpg,non_1873.jpg,Non_Demented,0,Non_Demented,0,True,0.9991193413734436,0.0007271475624293089,0.9983921938110143,0.00540966927180524,0.9972677230834961,0.9991193413734436,0.0001501724764239043,0.0007271475624293089,3.3644912491581636e-06
265,data/dataset/Non_Demented/non_2296.jpg,non_2296.jpg,Non_Demented,0,Non_Demented,0,True,0.9983910918235779,0.0016070972196757793,0.9967839946039021,0.008635338921990433,0.9957754015922546,0.9983910918235779,0.0016070972196757793,6.760130304428458e-07,1.0869010793612688e-06
266,data/dataset/Non_Demented/non_1458.jpg,non_1458.jpg,Non_Demented,0,Non_Demented,0,True,0.9939141869544983,0.00604991102591157,0.9878642759285867,0.026946002573811002,0.9868974089622498,0.9939141869544983,0.00604991102591157,2.796723310893867e-05,7.955593900987878e-06
267,data/dataset/Non_Demented/non_1109.jpg,non_1109.jpg,Non_Demented,0,Non_Demented,0,True,0.9874332547187805,0.008448074571788311,0.9789851801469922,0.054490085564913096,0.9736750721931458,0.9874332547187805,0.008448074571788311,0.004103302489966154,1.54035551531706e-05
268,data/dataset/Non_Demented/non_3140.jpg,non_3140.jpg,Non_Demented,0,Non_Demented,0,True,0.9905253052711487,0.009474066086113453,0.9810512391850352,0.038650241569845645,0.9811311960220337,0.9905253052711487,0.009474066086113453,4.985981263416761e-07,1.3731929016103095e-07
269,data/dataset/Non_Demented/non_1232.jpg,non_1232.jpg,Non_Demented,0,Non_Demented,0,True,0.9944807291030884,0.0055070859380066395,0.9889736431650817,0.024739193753120274,0.9879893064498901,0.9944807291030884,0.0055070859380066395,8.137566510413308e-06,4.0345589695789386e-06
270,data/dataset/Non_Demented/non_2272.jpg,non_2272.jpg,Non_Demented,0,Non_Demented,0,True,0.9999936819076538,4.340792202128796e-06,0.9999893411154517,6.33726152013742e-05,0.9999562501907349,0.9999936819076538,4.340792202128796e-06,9.52341338233964e-07,1.071844394573418e-06
271,data/dataset/Non_Demented/non_1704.jpg,non_1704.jpg,Non_Demented,0,Non_Demented,0,True,0.989662766456604,0.010274741798639297,0.9793880246579647,0.04181004656740099,0.9795212149620056,0.989662766456604,0.010274741798639297,4.798391091753729e-05,1.4522280253004283e-05
272,data/dataset/Non_Demented/non_3190.jpg,non_3190.jpg,Non_Demented,0,Non_Demented,0,True,0.9884700775146484,0.011516273021697998,0.9769538044929504,0.045469703016315574,0.9776917695999146,0.9884700775146484,0.011516273021697998,8.27420262794476e-06,5.426685675047338e-06
273,data/dataset/Non_Demented/non_914.jpg,non_914.jpg,Non_Demented,0,Non_Demented,0,True,0.9802021384239197,0.019761966541409492,0.9604401718825102,0.07035942458460352,0.9648588299751282,0.9802021384239197,0.019761966541409492,1.9900835468433797e-05,1.603184500709176e-05
274,data/dataset/Non_Demented/non_1879.jpg,non_1879.jpg,Non_Demented,0,Non_Demented,0,True,0.9999264478683472,5.4564563470194116e-05,0.999871883304877,0.0005924611277042745,0.9996592998504639,0.9999264478683472,5.4564563470194116e-05,1.6764459360274486e-05,2.130069560735137e-06
275,data/dataset/Non_Demented/non_2598.jpg,non_2598.jpg,Non_Demented,0,Non_Demented,0,True,0.998572587966919,0.00142495590262115,0.9971476320642978,0.007789577958782155,0.9961787462234497,0.998572587966919,0.00142495590262115,1.0716919405240333e-06,1.4032995068191667e-06
276,data/dataset/Non_Demented/non_3033.jpg,non_3033.jpg,Non_Demented,0,Non_Demented,0,True,0.9999669790267944,2.9301871109055355e-05,0.9999376771556854,0.00027931930741086926,0.9998331069946289,0.9999669790267944,2.9301871109055355e-05,2.6384009288449306e-06,1.0502624263608595e-06
277,data/dataset/Non_Demented/non_2761.jpg,non_2761.jpg,Non_Demented,0,Non_Demented,0,True,0.9999314546585083,6.487748032668605e-05,0.9998665771781816,0.0005354281788829811,0.9996979236602783,0.9999314546585083,6.487748032668605e-05,2.978875727421837e-06,7.213005801531835e-07
278,data/dataset/Non_Demented/non_1404.jpg,non_1404.jpg,Non_Demented,0,Non_Demented,0,True,0.962001383304596,0.03775860741734505,0.9242427758872509,0.1176335319525668,0.9391917586326599,0.962001383304596,0.03775860741734505,0.0002101785212289542,2.9742066544713452e-05
279,data/dataset/Non_Demented/non_1823.jpg,non_1823.jpg,Non_Demented,0,Non_Demented,0,True,0.992885410785675,0.0071065728552639484,0.9857788379304111,0.030543882317089877,0.9851449728012085,0.992885410785675,0.0071065728552639484,2.822116130118957e-06,5.1936863201262895e-06
280,data/dataset/Non_Demented/non_1681.jpg,non_1681.jpg,Non_Demented,0,Non_Demented,0,True,0.99994957447052,5.042457996751182e-05,0.9998991498905525,0.0003963786101182293,0.9997771382331848,0.99994957447052,5.042457996751182e-05,3.496294143090495e-09,2.6457336321783487e-09
281,data/dataset/Non_Demented/non_317.jpg,non_317.jpg,Non_Demented,0,Non_Demented,0,True,0.9970917701721191,0.0029061029199510813,0.9941856672521681,0.014359656499814251,0.9930302500724792,0.9970917701721191,0.0029061029199510813,9.495790465052778e-08,2.0457976006582612e-06
282,data/dataset/Non_Demented/non_594.jpg,non_594.jpg,Non_Demented,0,Non_Demented,0,True,0.6498941779136658,0.35008612275123596,0.2998080551624298,0.4672355005667186,0.6284311413764954,0.6498941779136658,0.35008612275123596,2.4266731202260416e-07,1.9454568246146664e-05
283,data/dataset/Non_Demented/non_1479.jpg,non_1479.jpg,Non_Demented,0,Non_Demented,0,True,0.9863846898078918,0.012964953668415546,0.9734197361394763,0.05390555953029313,0.9734984636306763,0.9863846898078918,0.012964953668415546,0.0006284661358222365,2.1831858248333447e-05
284,data/dataset/Non_Demented/non_1529.jpg,non_1529.jpg,Non_Demented,0,Non_Demented,0,True,0.9997056126594543,0.00028568890411406755,0.9994199237553403,0.001969830499849991,0.9989743232727051,0.9997056126594543,0.00028568890411406755,7.296128387679346e-06,1.3884235841032933e-06
285,data/dataset/Non_Demented/non_246.jpg,non_246.jpg,Non_Demented,0,Non_Demented,0,True,0.9999628067016602,3.5964032576885074e-05,0.9999268426690833,0.0003050072844377153,0.9998223185539246,0.9999628067016602,3.5964032576885074e-05,7.545400535491353e-07,4.797813630830206e-07
286,data/dataset/Non_Demented/non_2373.jpg,non_2373.jpg,Non_Demented,0,Non_Demented,0,True,0.9999853372573853,9.876731382973958e-06,0.9999754605260023,0.0001361323403416602,0.9999130964279175,0.9999853372573853,9.876731382973958e-06,4.817300123249879e-06,7.592282713630993e-08
287,data/dataset/Non_Demented/non_1073.jpg,non_1073.jpg,Non_Demented,0,Non_Demented,0,True,0.999997615814209,2.239637069578748e-06,0.9999953761771394,2.383436115807557e-05,0.9999830722808838,0.999997615814209,2.239637069578748e-06,6.319720569081255e-08,2.7195815377467625e-08
288,data/dataset/Non_Demented/non_296.jpg,non_296.jpg,Non_Demented,0,Non_Demented,0,True,0.9999977350234985,2.2946692297409754e-06,0.9999954403542688,2.3340923996183877e-05,0.9999836683273315,0.9999977350234985,2.2946692297409754e-06,2.3391721892807027e-09,1.3804032583664139e-08
289,data/dataset/Non_Demented/non_2439.jpg,non_2439.jpg,Non_Demented,0,Non_Demented,0,True,0.9999513626098633,4.806570359505713e-05,0.9999032969062682,0.0003861309466087374,0.9997805953025818,0.9999513626098633,4.806570359505713e-05,3.7674348618566e-07,2.0574655934524344e-07
290,data/dataset/Non_Demented/non_784.jpg,non_784.jpg,Non_Demented,0,Non_Demented,0,True,0.9999756813049316,2.3841095753596164e-05,0.999951840209178,0.0002062753658243698,0.9998772144317627,0.9999756813049316,2.3841095753596164e-05,4.848018875236448e-07,4.896395822129307e-08
291,data/dataset/Non_Demented/non_1031.jpg,non_1031.jpg,Non_Demented,0,Non_Demented,0,True,0.999962329864502,3.284475315012969e-05,0.9999294851113518,0.00031476224032597923,0.9998143315315247,0.999962329864502,3.284475315012969e-05,4.706312211055774e-06,1.1738573846287181e-07
292,data/dataset/Non_Demented/non_615.jpg,non_615.jpg,Non_Demented,0,Non_Demented,0,True,0.9940358400344849,0.00596252828836441,0.9880733117461205,0.026337127557949345,0.9872199296951294,0.9940358400344849,0.00596252828836441,1.0008665185523569e-06,6.468504807344289e-07
293,data/dataset/Non_Demented/non_703.jpg,non_703.jpg,Non_Demented,0,Non_Demented,0,True,0.9998689889907837,0.0001304388279095292,0.9997385501628742,0.0009419771946792601,0.9994953870773315,0.9998689889907837,0.0001304388279095292,4.6494093908222567e-07,8.291483766242891e-08
294,data/dataset/Non_Demented/non_2792.jpg,non_2792.jpg,Non_Demented,0,Non_Demented,0,True,0.9966542720794678,0.0033221759367734194,0.9933320961426944,0.016278883455973166,0.9920841455459595,0.9966542720794678,0.0033221759367734194,1.0120001206814777e-05,1.343430358247133e-05
295,data/dataset/Non_Demented/non_2621.jpg,non_2621.jpg,Non_Demented,0,Non_Demented,0,True,0.8646462559700012,0.13535214960575104,0.7292941063642502,0.28598500561855217,0.8286254405975342,0.8646462559700012,0.13535214960575104,1.1057347819587449e-06,4.899883379039238e-07
296,data/dataset/Non_Demented/non_1685.jpg,non_1685.jpg,Non_Demented,0,Non_Demented,0,True,0.9984533786773682,0.0014281009789556265,0.9970252776984125,0.008646247727790083,0.9957230091094971,0.9984533786773682,0.0014281009789556265,0.0001156932266894728,2.8199690405017463e-06
297,data/dataset/Non_Demented/non_2713.jpg,non_2713.jpg,Non_Demented,0,Non_Demented,0,True,0.9998809099197388,0.0001034721135511063,0.9997774378061877,0.0008952931423194191,0.9995071887969971,0.9998809099197388,0.0001034721135511063,1.544529732200317e-05,9.057776395593464e-08
298,data/dataset/Non_Demented/non_588.jpg,non_588.jpg,Non_Demented,0,Non_Demented,0,True,0.6077618598937988,0.39173659682273865,0.21602526307106018,0.485968108872672,0.5913702249526978,0.6077618598937988,0.39173659682273865,2.9885582989663817e-05,0.00047170469770208
299,data/dataset/Non_Demented/non_971.jpg,non_971.jpg,Non_Demented,0,Non_Demented,0,True,0.9852448105812073,0.013239994645118713,0.9720048159360886,0.05902411793418772,0.9710794687271118,0.9852448105812073,0.013239994645118713,0.0014996986137703061,1.5405954400193878e-05
300,data/dataset/Non_Demented/non_3154.jpg,non_3154.jpg,Non_Demented,0,Non_Demented,0,True,0.953161358833313,0.04680275544524193,0.9063586033880711,0.13662552234276837,0.928171694278717,0.953161358833313,0.04680275544524193,2.8743475013470743e-06,3.3057123800972477e-05
301,data/dataset/Non_Demented/non_482.jpg,non_482.jpg,Non_Demented,0,Non_Demented,0,True,0.9999990463256836,7.321194743781234e-07,0.9999983142062092,1.1171614951026392e-05,0.9999910593032837,0.9999990463256836,7.321194743781234e-07,2.3539966775842913e-07,3.48172157771387e-08
302,data/dataset/Non_Demented/non_1784.jpg,non_1784.jpg,Non_Demented,0,Non_Demented,0,True,0.9958946704864502,0.004104004707187414,0.9917906657792628,0.01923961181708251,0.9906761646270752,0.9958946704864502,0.004104004707187414,7.63128866765328e-07,6.582504283869639e-07
303,data/dataset/Non_Demented/non_3007.jpg,non_3007.jpg,Non_Demented,0,Non_Demented,0,True,0.9743826985359192,0.02540089376270771,0.9489818047732115,0.08689341743084247,0.95611971616745,0.9743826985359192,0.02540089376270771,0.00020279426826164126,1.359589532512473e-05
304,data/dataset/Non_Demented/non_2573.jpg,non_2573.jpg,Non_Demented,0,Non_Demented,0,True,0.9999556541442871,4.395042560645379e-05,0.9999117037186807,0.0003548819592722667,0.999797523021698,0.9999556541442871,4.395042560645379e-05,3.707468465563579e-07,7.33956539988867e-08
305,data/dataset/Non_Demented/non_1521.jpg,non_1521.jpg,Non_Demented,0,Non_Demented,0,True,0.9988310933113098,0.001168774557299912,0.9976623187540099,0.006536412265318471,0.9967845678329468,0.9988310933113098,0.001168774557299912,6.368044314086774e-09,1.0692172480730733e-07
306,data/dataset/Non_Demented/non_2268.jpg,non_2268.jpg,Non_Demented,0,Non_Demented,0,True,0.9999209642410278,7.869116234360263e-05,0.9998422730786842,0.0005973209812056088,0.9996713399887085,0.9999209642410278,7.869116234360263e-05,2.442157267523726e-07,1.0464703592560909e-07
307,data/dataset/Non_Demented/non_2421.jpg,non_2421.jpg,Non_Demented,0,Non_Demented,0,True,0.997848629951477,0.0021512233652174473,0.9956974065862596,0.01108323382882932,0.9946070313453674,0.997848629951477,0.0021512233652174473,1.5519944440711697e-07,5.5564829182230824e-08
308,data/dataset/Non_Demented/non_209.jpg,non_209.jpg,Non_Demented,0,Non_Demented,0,True,0.9999340772628784,6.556976586580276e-05,0.9998685074970126,0.0005070292077556449,0.9997180104255676,0.9999340772628784,6.556976586580276e-05,1.0894152069340635e-07,2.3806182980479207e-07
309,data/dataset/Non_Demented/non_2730.jpg,non_2730.jpg,Non_Demented,0,Non_Demented,0,True,0.9660820364952087,0.033910274505615234,0.9321717619895935,0.10689152782642282,0.9450975060462952,0.9660820364952087,0.033910274505615234,6.2950448409537785e-06,1.3285576869748184e-06
310,data/dataset/Non_Demented/non_1811.jpg,non_1811.jpg,Non_Demented,0,Non_Demented,0,True,0.9999978542327881,1.9324288587085903e-06,0.9999959218039294,2.259279316673788e-05,0.999983549118042,0.9999978542327881,1.9324288587085903e-06,2.2687655132358486e-07,1.55215360564398e-08
311,data/dataset/Non_Demented/non_2492.jpg,non_2492.jpg,Non_Demented,0,Non_Demented,0,True,0.9988413453102112,0.0011074732756242156,0.997733872034587,0.006660102053457557,0.9966824650764465,0.9988413453102112,0.0011074732756242156,3.537791781127453e-05,1.5849393093958497e-05
312,data/dataset/Non_Demented/non_2357.jpg,non_2357.jpg,Non_Demented,0,Non_Demented,0,True,0.9999985694885254,1.0896325193243683e-06,0.9999974798560061,1.588959378723615e-05,0.9999878406524658,0.9999985694885254,3.560938353075471e-07,1.0896325193243683e-06,1.9700573616887596e-08
313,data/dataset/Non_Demented/non_1798.jpg,non_1798.jpg,Non_Demented,0,Non_Demented,0,True,0.9989798665046692,0.0010147991124540567,0.9979650673922151,0.005830271655092677,0.9971129894256592,0.9989798665046692,0.0010147991124540567,4.072850970260333e-06,1.269536483050615e-06
314,data/dataset/Non_Demented/non_336.jpg,non_336.jpg,Non_Demented,0,Non_Demented,0,True,0.9998326301574707,0.00016667379532009363,0.9996659563621506,0.001173378255872998,0.9993791580200195,0.9998326301574707,0.00016667379532009363,8.731749545631828e-08,5.478488560584083e-07
315,data/dataset/Non_Demented/non_3200.jpg,non_3200.jpg,Non_Demented,0,Non_Demented,0,True,0.9997231364250183,0.0002438259543851018,0.9994793104706332,0.001921401596162207,0.9989815354347229,0.9997231364250183,0.0002438259543851018,2.5892502890201285e-05,7.170284789026482e-06
316,data/dataset/Non_Demented/non_421.jpg,non_421.jpg,Non_Demented,0,Non_Demented,0,True,0.9999899864196777,9.897851668938529e-06,0.9999800885680088,9.08494364327359e-05,0.9999428987503052,0.9999899864196777,9.897851668938529e-06,1.100669280162947e-07,5.9209357416989405e-09
317,data/dataset/Non_Demented/non_826.jpg,non_826.jpg,Non_Demented,0,Non_Demented,0,True,0.9999711513519287,2.88467181235319e-05,0.9999423046338052,0.00023854197316238132,0.9998611211776733,0.9999711513519287,2.88467181235319e-05,4.4700150247933834e-09,1.1234443597629706e-08
318,data/dataset/Non_Demented/non_1519.jpg,non_1519.jpg,Non_Demented,0,Non_Demented,0,True,0.9986470341682434,0.0013468440156430006,0.9973001901526004,0.007453485565984121,0.9963341951370239,0.9986470341682434,0.0013468440156430006,4.22598714067135e-06,1.959543396878871e-06
319,data/dataset/Non_Demented/non_2470.jpg,non_2470.jpg,Non_Demented,0,Non_Demented,0,True,0.999774158000946,0.0002232731058029458,0.9995508848951431,0.0015412510775143318,0.9991926550865173,0.999774158000946,0.0002232731058029458,2.089374902425334e-06,4.372331829927134e-07
320,data/dataset/Non_Demented/non_782.jpg,non_782.jpg,Non_Demented,0,Non_Demented,0,True,0.9957501888275146,0.004248165059834719,0.9915020237676799,0.01981084278662211,0.9903990626335144,0.9957501888275146,0.004248165059834719,1.021534671963309e-06,5.877531066289521e-07
321,data/dataset/Non_Demented/non_2990.jpg,non_2990.jpg,Non_Demented,0,Non_Demented,0,True,0.9996652603149414,0.0003256864729337394,0.9993395738420077,0.0022051316539412,0.9988594055175781,0.9996652603149414,0.0003256864729337394,8.325757335114758e-06,6.889336532367452e-07
322,data/dataset/Non_Demented/non_2429.jpg,non_2429.jpg,Non_Demented,0,Non_Demented,0,True,0.9999514818191528,4.781589450431056e-05,0.9999036659246485,0.00038515556648677864,0.99978107213974,0.9999514818191528,4.781589450431056e-05,5.728568339691265e-07,9.319579419297952e-08
323,data/dataset/Non_Demented/non_761.jpg,non_761.jpg,Non_Demented,0,Non_Demented,0,True,0.9976611137390137,0.0023376750759780407,0.9953234386630356,0.01191427549562977,0.9942057728767395,0.9976611137390137,0.0023376750759780407,8.423892268183408e-07,3.878863026329782e-07
324,data/dataset/Non_Demented/non_2181.jpg,non_2181.jpg,Non_Demented,0,Non_Demented,0,True,0.999990701675415,9.290633897762746e-06,0.9999814110415173,8.435814630995561e-05,0.9999470710754395,0.999990701675415,9.290633897762746e-06,5.1754412387639e-12,3.512020882445732e-11
325,data/dataset/Non_Demented/non_3044.jpg,non_3044.jpg,Non_Demented,0,Non_Demented,0,True,0.9999971389770508,2.670348521860433e-06,0.9999944686285289,2.948196636993986e-05,0.9999791383743286,0.9999971389770508,1.608151904974875e-07,2.670348521860433e-06,7.462413265102441e-08
326,data/dataset/Non_Demented/non_345.jpg,non_345.jpg,Non_Demented,0,Non_Demented,0,True,0.9999532699584961,4.5654622226720676e-05,0.9999076153362694,0.0003730219721310578,0.9997867941856384,0.9999532699584961,4.5654622226720676e-05,7.922760119072336e-07,1.9192287936675712e-07
327,data/dataset/Non_Demented/non_1850.jpg,non_1850.jpg,Non_Demented,0,Non_Demented,0,True,0.9822168350219727,0.017780069261789322,0.9644367657601833,0.06442459889850917,0.9679754376411438,0.9822168350219727,0.017780069261789322,6.853122869188155e-08,3.0109190447547007e-06
328,data/dataset/Non_Demented/non_1973.jpg,non_1973.jpg,Non_Demented,0,Non_Demented,0,True,0.9998911619186401,9.008641063701361e-05,0.9998010755080031,0.0008321530878864693,0.9995375871658325,0.9998911619186401,1.839529249991756e-05,9.008641063701361e-05,3.40706492352183e-07
329,data/dataset/Non_Demented/non_1690.jpg,non_1690.jpg,Non_Demented,0,Non_Demented,0,True,0.9987897276878357,0.001204573200084269,0.9975851544877514,0.0067654696430146846,0.9966642260551453,0.9987897276878357,0.001204573200084269,3.917369213013444e-06,1.8094798406309565e-06
330,data/dataset/Non_Demented/non_2157.jpg,non_2157.jpg,Non_Demented,0,Non_Demented,0,True,0.9999821186065674,1.440584583178861e-05,0.9999677127607356,0.0001600427679230437,0.9998999834060669,0.9999821186065674,3.272485628258437e-06,1.440584583178861e-05,1.298620446732457e-07
331,data/dataset/Non_Demented/non_2856.jpg,non_2856.jpg,Non_Demented,0,Non_Demented,0,True,0.9983046054840088,0.0015213517472147942,0.996783253736794,0.009436622887541006,0.9953383207321167,0.9983046054840088,0.0015213517472147942,0.0001720587897580117,1.9685649021994323e-06
332,data/dataset/Non_Demented/non_1541.jpg,non_1541.jpg,Non_Demented,0,Non_Demented,0,True,0.9971204996109009,0.0028363182209432125,0.9942841813899577,0.01439996627722468,0.9929810762405396,0.9971204996109009,0.0028363182209432125,3.757292142836377e-05,5.687673819920747e-06
333,data/dataset/Non_Demented/non_713.jpg,non_713.jpg,Non_Demented,0,Non_Demented,0,True,0.9941500425338745,0.005829713307321072,0.9883203292265534,0.026005585315519646,0.9873666763305664,0.9941500425338745,0.005829713307321072,1.7874579498311505e-05,2.3571315068693366e-06
334,data/dataset/Non_Demented/non_666.jpg,non_666.jpg,Non_Demented,0,Non_Demented,0,True,0.9999467134475708,5.3261312132235616e-05,0.9998934521354386,0.00041742855599347453,0.9997655749320984,0.9999467134475708,5.3261312132235616e-05,2.2701611257502918e-08,5.2929717497818274e-08
335,data/dataset/Non_Demented/non_355.jpg,non_355.jpg,Non_Demented,0,Non_Demented,0,True,0.9965840578079224,0.0033786101266741753,0.9932054476812482,0.01661085565503002,0.9919205904006958,0.9965840578079224,0.0033786101266741753,3.3775129850255325e-05,3.538825012583402e-06
336,data/dataset/Non_Demented/non_930.jpg,non_930.jpg,Non_Demented,0,Non_Demented,0,True,0.9999792575836182,1.9440538380877115e-05,0.9999598170452373,0.0001803002331946794,0.9998904466629028,0.9999792575836182,1.3035260053584352e-06,1.9440538380877115e-05,3.8031465976473555e-08
337,data/dataset/Non_Demented/non_882.jpg,non_882.jpg,Non_Demented,0,Non_Demented,0,True,0.9934896230697632,0.006509966682642698,0.9869796563871205,0.02832689158602229,0.9862467050552368,0.9934896230697632,0.006509966682642698,1.43297668842024e-07,2.7116078626931994e-07
338,data/dataset/Non_Demented/non_1398.jpg,non_1398.jpg,Non_Demented,0,Non_Demented,0,True,0.9912126660346985,0.00878598727285862,0.9824266787618399,0.0363305556983816,0.9822868704795837,0.9912126660346985,0.00878598727285862,7.964288784023665e-07,4.765791459249158e-07
339,data/dataset/Non_Demented/non_1631.jpg,non_1631.jpg,Non_Demented,0,Non_Demented,0,True,0.9924653768539429,0.007529295515269041,0.9849360813386738,0.03201707764269394,0.9844204783439636,0.9924653768539429,0.007529295515269041,3.4804120332410093e-06,1.8819047227225383e-06
340,data/dataset/Non_Demented/non_1497.jpg,non_1497.jpg,Non_Demented,0,Non_Demented,0,True,0.9999841451644897,1.5513192920479923e-05,0.9999686319715693,0.00013905197257499648,0.9999148845672607,0.9999841451644897,1.5513192920479923e-05,2.489907160452276e-07,8.186157884892964e-08
341,data/dataset/Non_Demented/non_3102.jpg,non_3102.jpg,Non_Demented,0,Non_Demented,0,True,0.9996846914291382,0.0003148652904201299,0.999369826138718,0.0020634827790279348,0.9989401698112488,0.9996846914291382,0.0003148652904201299,3.002675086349882e-08,4.035544236558053e-07
342,data/dataset/Non_Demented/non_1504.jpg,non_1504.jpg,Non_Demented,0,Non_Demented,0,True,0.9915967583656311,0.00840114988386631,0.9831956084817648,0.035019781863143945,0.9829375147819519,0.9915967583656311,0.00840114988386631,3.304176061647013e-07,1.7024630096784676e-06
343,data/dataset/Non_Demented/non_1512.jpg,non_1512.jpg,Non_Demented,0,Non_Demented,0,True,0.9999988079071045,1.1938788020415814e-06,0.9999976140283025,1.2610481703957993e-05,0.999990701675415,0.9999988079071045,1.1938788020415814e-06,2.774670493366216e-10,4.884468177146495e-11
344,data/dataset/Non_Demented/non_2745.jpg,non_2745.jpg,Non_Demented,0,Non_Demented,0,True,0.9997418522834778,0.0002516063104849309,0.9994902459729929,0.0017497259612034776,0.9990841150283813,0.9997418522834778,0.0002516063104849309,4.463093318918254e-06,2.088297605951084e-06
345,data/dataset/Non_Demented/non_1279.jpg,non_1279.jpg,Non_Demented,0,Non_Demented,0,True,0.9991113543510437,0.0008297843160107732,0.9982815700350329,0.00531412686298588,0.997329592704773,0.9991113543510437,0.0008297843160107732,5.327408871380612e-05,5.597997187578585e-06
346,data/dataset/Non_Demented/non_757.jpg,non_757.jpg,Non_Demented,0,Non_Demented,0,True,0.9572240710258484,0.04277217388153076,0.9144518971443176,0.12746910151733837,0.9334571361541748,0.9572240710258484,0.04277217388153076,1.7419172309018904e-06,2.0341569779702695e-06
347,data/dataset/Non_Demented/non_3198.jpg,non_3198.jpg,Non_Demented,0,Non_Demented,0,True,0.9862724542617798,0.013688341714441776,0.972584112547338,0.05251192499131556,0.9741058349609375,0.9862724542617798,0.013688341714441776,2.347620829823427e-05,1.5762352632009424e-05
348,data/dataset/Non_Demented/non_2886.jpg,non_2886.jpg,Non_Demented,0,Non_Demented,0,True,0.9999632835388184,3.381743226782419e-05,0.9999294661065505,0.00030363020558020856,0.9998220801353455,0.9999632835388184,2.815291963997879e-06,3.381743226782419e-05,4.6763832806107075e-09
349,data/dataset/Non_Demented/non_282.jpg,non_282.jpg,Non_Demented,0,Non_Demented,0,True,0.9999996423721313,2.2290204526598245e-07,0.9999994194700861,3.727993795648322e-06,0.9999967813491821,0.9999996423721313,8.219893743444118e-08,2.2290204526598245e-07,2.812682087238727e-09
350,data/dataset/Non_Demented/non_2185.jpg,non_2185.jpg,Non_Demented,0,Non_Demented,0,True,0.9962944388389587,0.0036499437410384417,0.9926444950979203,0.017843471437137288,0.9913229942321777,0.9962944388389587,0.0036499437410384417,5.4379019275074825e-05,1.1992769941571169e-06
351,data/dataset/Non_Demented/non_2815.jpg,non_2815.jpg,Non_Demented,0,Non_Demented,0,True,0.9357830286026001,0.06340152770280838,0.8723815008997917,0.17528524445624283,0.905695915222168,0.9357830286026001,0.06340152770280838,0.000757164612878114,5.8272173191653565e-05
352,data/dataset/Non_Demented/non_1451.jpg,non_1451.jpg,Non_Demented,0,Non_Demented,0,True,0.9999979734420776,1.2597699878824642e-06,0.9999967136720898,2.1989948523505832e-05,0.9999833106994629,0.9999979734420776,1.2597699878824642e-06,5.973549264126632e-07,1.792112556131542e-07
353,data/dataset/Non_Demented/non_1974.jpg,non_1974.jpg,Non_Demented,0,Non_Demented,0,True,1.0,2.9293893977211383e-09,0.9999999970706106,8.036191584609713e-08,0.9999998807907104,1.0,2.9293893977211383e-09,2.5217490318141245e-09,1.7450053901857387e-10
354,data/dataset/Non_Demented/non_1257.jpg,non_1257.jpg,Non_Demented,0,Non_Demented,0,True,0.8861111998558044,0.09841623902320862,0.7876949608325958,0.28867582467612035,0.8426587581634521,0.8861111998558044,0.015417625196278095,0.09841623902320862,5.488494207384065e-05
355,data/dataset/Non_Demented/non_1477.jpg,non_1477.jpg,Non_Demented,0,Non_Demented,0,True,0.9999998807907104,1.4817430837865686e-07,0.9999997326164021,2.1126185498854634e-06,0.9999979734420776,0.9999998807907104,1.4817430837865686e-07,2.4581146007562893e-08,2.4611253035544678e-09
356,data/dataset/Non_Demented/non_2829.jpg,non_2829.jpg,Non_Demented,0,Non_Demented,0,True,0.9998499155044556,0.0001364324998576194,0.999713483004598,0.001097894499373166,0.9994033575057983,0.9998499155044556,0.0001364324998576194,1.213312953041168e-05,1.5217127611322212e-06
357,data/dataset/Non_Demented/non_268.jpg,non_268.jpg,Non_Demented,0,Non_Demented,0,True,0.8767756223678589,0.12311343103647232,0.7536621913313866,0.26994874131282587,0.8409929871559143,0.8767756223678589,0.12311343103647232,9.801298438105732e-05,1.2842694559367374e-05
358,data/dataset/Non_Demented/non_668.jpg,non_668.jpg,Non_Demented,0,Non_Demented,0,True,0.9962348341941833,0.003753286087885499,0.9924815481062979,0.017933661557755772,0.9912958145141602,0.9962348341941833,0.003753286087885499,9.977840818464756e-06,1.9635804164863657e-06
359,data/dataset/Non_Demented/non_1902.jpg,non_1902.jpg,Non_Demented,0,Non_Demented,0,True,0.9999830722808838,1.684663766354788e-05,0.9999662256432202,0.00014635692097461113,0.9999116659164429,0.9999830722808838,1.684663766354788e-05,8.345199198345199e-09,3.764255396276894e-08
360,data/dataset/Non_Demented/non_1469.jpg,non_1469.jpg,Non_Demented,0,Non_Demented,0,True,0.9999856948852539,1.3673390640178695e-05,0.9999720214946137,0.00012775410641331205,0.9999203681945801,0.9999856948852539,3.727099056050065e-07,1.3673390640178695e-05,2.7398530733080406e-07
361,data/dataset/Non_Demented/non_1379.jpg,non_1379.jpg,Non_Demented,0,Non_Demented,0,True,0.9971681237220764,0.0015734139597043395,0.9955947097623721,0.015540787663048386,0.9923819899559021,0.9971681237220764,0.0012244029203429818,0.0015734139597043395,3.4087079257005826e-05
362,data/dataset/Non_Demented/non_2603.jpg,non_2603.jpg,Non_Demented,0,Non_Demented,0,True,0.9999524354934692,4.298424755688757e-05,0.9999094512459124,0.0003885406351666028,0.9997742772102356,0.9999524354934692,4.298424755688757e-05,4.068449470651103e-06,5.836013770021964e-07
363,data/dataset/Non_Demented/non_1743.jpg,non_1743.jpg,Non_Demented,0,Non_Demented,0,True,0.9994885921478271,0.0004275026440154761,0.9990610895038117,0.0033343435390244345,0.9982825517654419,0.9994885921478271,0.0004275026440154761,8.23296868475154e-05,1.5260930013027973e-06
364,data/dataset/Non_Demented/non_601.jpg,non_601.jpg,Non_Demented,0,Non_Demented,0,True,0.9983579516410828,0.0015072289388626814,0.9968507227022201,0.00918137980763647,0.9954460859298706,0.9983579516410828,0.0015072289388626814,7.375891436822712e-05,6.104882777435705e-05
365,data/dataset/Non_Demented/non_283.jpg,non_283.jpg,Non_Demented,0,Non_Demented,0,True,0.9999198913574219,7.611095497850329e-05,0.9998437804024434,0.0006147508938223608,0.9996569156646729,0.9999198913574219,7.611095497850329e-05,3.5622222185338615e-06,3.8215881659198203e-07
366,data/dataset/Non_Demented/non_1448.jpg,non_1448.jpg,Non_Demented,0,Non_Demented,0,True,0.999879002571106,0.00012046564370393753,0.999758536927402,0.000877729666027766,0.9995275735855103,0.999879002571106,0.00012046564370393753,1.5267319497525023e-07,4.3016518702643225e-07
367,data/dataset/Non_Demented/non_3016.jpg,non_3016.jpg,Non_Demented,0,Non_Demented,0,True,0.9986889958381653,0.00125693972222507,0.9974320561159402,0.0074075211871193454,0.9963237047195435,0.9986889958381653,0.00125693972222507,3.8687918276991695e-05,1.5394729416584596e-05
368,data/dataset/Non_Demented/non_1175.jpg,non_1175.jpg,Non_Demented,0,Non_Demented,0,True,0.9999996423721313,3.1471600436816516e-07,0.999999327656127,4.094408874328111e-06,0.999996542930603,0.9999996423721313,3.1471600436816516e-07,3.2502669000678e-08,2.3249118186186024e-09
369,data/dataset/Non_Demented/non_1270.jpg,non_1270.jpg,Non_Demented,0,Non_Demented,0,True,0.9542058706283569,0.04577776417136192,0.908428106456995,0.13423994024373467,0.9295474290847778,0.9542058706283569,0.04577776417136192,1.1934005669900216e-05,4.459889169083908e-06
370,data/dataset/Non_Demented/non_1201.jpg,non_1201.jpg,Non_Demented,0,Non_Demented,0,True,0.9999948740005493,5.123941264173482e-06,0.9999897500592851,4.891562277737642e-05,0.9999679327011108,0.9999948740005493,5.123941264173482e-06,9.432845615719998e-09,4.881678616897034e-09
371,data/dataset/Non_Demented/non_2018.jpg,non_2018.jpg,Non_Demented,0,Non_Demented,0,True,0.9999570846557617,4.263053779141046e-05,0.9999144541179703,0.0003434674715742611,0.9998041987419128,0.9999570846557617,2.715561890909157e-07,4.263053779141046e-05,7.389860723350239e-09
372,data/dataset/Non_Demented/non_742.jpg,non_742.jpg,Non_Demented,0,Non_Demented,0,True,0.9989340901374817,0.001065037795342505,0.9978690523421392,0.006036936354200769,0.9970212578773499,0.9989340901374817,0.001065037795342505,7.700920718889392e-07,1.856035112268728e-07
373,data/dataset/Non_Demented/non_1772.jpg,non_1772.jpg,Non_Demented,0,Non_Demented,0,True,0.9999958276748657,1.5214689028653083e-06,0.9999943062059629,4.3092468562987286e-05,0.9999687671661377,0.9999958276748657,1.5214689028653083e-06,1.4295864048108342e-06,1.1672494792946964e-06
374,data/dataset/Non_Demented/non_2410.jpg,non_2410.jpg,Non_Demented,0,Non_Demented,0,True,0.9984753727912903,0.001516407704912126,0.9969589650863782,0.008270394424088473,0.9959428906440735,0.9984753727912903,0.001516407704912126,2.9002714541093155e-07,7.986616765265353e-06
375,data/dataset/Non_Demented/non_2919.jpg,non_2919.jpg,Non_Demented,0,Non_Demented,0,True,0.9998230338096619,0.00014371261931955814,0.9996793211903423,0.0012936729821997146,0.9992995262145996,0.9998230338096619,3.290507083875127e-05,0.00014371261931955814,3.565157840057509e-07
376,data/dataset/Non_Demented/non_2177.jpg,non_2177.jpg,Non_Demented,0,Non_Demented,0,True,0.9992103576660156,0.000586710637435317,0.9986236470285803,0.004997952882748125,0.9974532723426819,0.9992103576660156,0.00018968551012221724,0.000586710637435317,1.31671231429209e-05
377,data/dataset/Non_Demented/non_2671.jpg,non_2671.jpg,Non_Demented,0,Non_Demented,0,True,0.9999732971191406,2.5696283046272583e-05,0.9999476008360944,0.00022512396735893257,0.9998661279678345,0.9999732971191406,2.5696283046272583e-05,8.003317475413496e-07,1.6398853119881096e-07
378,data/dataset/Non_Demented/non_240.jpg,non_240.jpg,Non_Demented,0,Non_Demented,0,True,0.9996693134307861,0.00030309564317576587,0.9993662177876104,0.002226184413009221,0.9988362193107605,0.9996693134307861,0.00030309564317576587,2.435749593132641e-05,3.2659534099366283e-06
379,data/dataset/Non_Demented/non_2281.jpg,non_2281.jpg,Non_Demented,0,Non_Demented,0,True,0.9999061822891235,9.380000119563192e-05,0.9998123822879279,0.0006952053520164662,0.9996224641799927,0.9999061822891235,9.380000119563192e-05,1.1056840165668547e-10,4.5585571428752303e-10
380,data/dataset/Non_Demented/non_1373.jpg,non_1373.jpg,Non_Demented,0,Non_Demented,0,True,0.9994402527809143,0.0005508192698471248,0.9988894335110672,0.003462952635604704,0.9982476234436035,0.9994402527809143,0.0005508192698471248,7.229846687550889e-06,1.6601408105998416e-06
381,data/dataset/Non_Demented/non_770.jpg,non_770.jpg,Non_Demented,0,Non_Demented,0,True,0.99985671043396,0.00012783116835635155,0.9997288792656036,0.001054643297982378,0.9994257688522339,0.99985671043396,0.00012783116835635155,1.4965921764087398e-05,4.4575887159226113e-07
382,data/dataset/Non_Demented/non_1034.jpg,non_1034.jpg,Non_Demented,0,Non_Demented,0,True,0.9992334842681885,0.0007644451688975096,0.998469039099291,0.0045301237948108695,0.9977422952651978,0.9992334842681885,3.8257340406744333e-07,0.0007644451688975096,1.6749496580814593e-06
383,data/dataset/Non_Demented/non_126.jpg,non_126.jpg,Non_Demented,0,Non_Demented,0,True,0.9960730075836182,0.003926269710063934,0.9921467378735542,0.018525596282507443,0.9910234212875366,0.9960730075836182,0.003926269710063934,8.048220223599856e-08,6.720946998939326e-07
384,data/dataset/Non_Demented/non_547.jpg,non_547.jpg,Non_Demented,0,Non_Demented,0,True,1.0,1.812133909595559e-08,0.9999999818786609,2.338555062840506e-07,0.9999997615814209,1.0,2.6962283100617768e-11,1.812133909595559e-08,2.0402258008034302e-11
385,data/dataset/Non_Demented/non_2489.jpg,non_2489.jpg,Non_Demented,0,Non_Demented,0,True,0.9999996423721313,1.8623504161041637e-07,0.9999994561370897,3.153218098241909e-06,0.9999972581863403,0.9999996423721313,1.8623504161041637e-07,6.59166801142419e-08,1.8809189761270773e-09
386,data/dataset/Non_Demented/non_199.jpg,non_199.jpg,Non_Demented,0,Non_Demented,0,True,0.9987366795539856,0.0012628128752112389,0.9974738666787744,0.006996880361437353,0.9965624213218689,0.9987366795539856,0.0012628128752112389,3.6741178632837546e-07,2.1037124042777577e-07
387,data/dataset/Non_Demented/non_1049.jpg,non_1049.jpg,Non_Demented,0,Non_Demented,0,True,0.99994957447052,3.863488382194191e-05,0.9999109395866981,0.00041776030280120575,0.9997552037239075,0.99994957447052,1.11168556031771e-05,3.863488382194191e-05,6.546149506903021e-07
388,data/dataset/Non_Demented/non_2885.jpg,non_2885.jpg,Non_Demented,0,Non_Demented,0,True,0.9962383508682251,0.003638611640781164,0.9925997392274439,0.01826285650572409,0.9911050200462341,0.9962383508682251,0.003638611640781164,0.00011814949539257213,4.8758724915387575e-06
389,data/dataset/Non_Demented/non_1523.jpg,non_1523.jpg,Non_Demented,0,Non_Demented,0,True,0.9938865303993225,0.006091512739658356,0.9877950176596642,0.02699051383363743,0.9868811368942261,0.9938865303993225,0.006091512739658356,1.3457294699037448e-05,8.49289062898606e-06
390,data/dataset/Non_Demented/non_1347.jpg,non_1347.jpg,Non_Demented,0,Non_Demented,0,True,0.999992847442627,6.776094778615516e-06,0.9999860713478483,6.721490118610745e-05,0.9999560117721558,0.999992847442627,6.776094778615516e-06,9.798774414093714e-08,2.496803119811375e-07
391,data/dataset/Non_Demented/non_679.jpg,non_679.jpg,Non_Demented,0,Non_Demented,0,True,0.999945878982544,4.205841469229199e-05,0.9999038205678517,0.00044404203145545674,0.9997416138648987,0.999945878982544,4.205841469229199e-05,1.1675469067995436e-05,3.3852847991511226e-07
392,data/dataset/Non_Demented/non_1037.jpg,non_1037.jpg,Non_Demented,0,Non_Demented,0,True,0.9918878674507141,0.008026253432035446,0.9838616140186787,0.034386614297847916,0.9832161068916321,0.9918878674507141,0.008026253432035446,4.432545756571926e-05,4.158974843448959e-05
393,data/dataset/Non_Demented/non_1452.jpg,non_1452.jpg,Non_Demented,0,Non_Demented,0,True,0.9997428059577942,0.00025662017287686467,0.9994861857849173,0.0017227599548975882,0.9991065859794617,0.9997428059577942,0.00025662017287686467,4.1231794511986664e-07,2.1606830102882668e-07
394,data/dataset/Non_Demented/non_2332.jpg,non_2332.jpg,Non_Demented,0,Non_Demented,0,True,0.9773869514465332,0.021628063172101974,0.9557588882744312,0.08102966357521717,0.9595289826393127,0.9773869514465332,0.021628063172101974,0.0009199847700074315,6.50277579552494e-05
395,data/dataset/Non_Demented/non_1338.jpg,non_1338.jpg,Non_Demented,0,Non_Demented,0,True,0.9999995231628418,1.7461890422509896e-07,0.9999993485439376,5.086445419975485e-06,0.9999954700469971,0.9999995231628418,1.7461890422509896e-07,7.789848410766353e-08,1.653693715297777e-07
396,data/dataset/Non_Demented/non_2551.jpg,non_2551.jpg,Non_Demented,0,Non_Demented,0,True,0.9998606443405151,0.0001388362143188715,0.9997218081261963,0.0009949204750003854,0.9994691014289856,0.9998606443405151,0.0001388362143188715,6.43211208739558e-08,3.8368816035472264e-07
397,data/dataset/Non_Demented/non_2456.jpg,non_2456.jpg,Non_Demented,0,Non_Demented,0,True,0.9980382323265076,0.0019589627627283335,0.9960792695637792,0.010250847203954546,0.9950006604194641,0.9980382323265076,0.0019589627627283335,2.4475111786159687e-06,2.943464210147795e-07
398,data/dataset/Non_Demented/non_1804.jpg,non_1804.jpg,Non_Demented,0,Non_Demented,0,True,0.9984303116798401,0.0015573278069496155,0.9968729838728905,0.008498676536241343,0.9958282113075256,0.9984303116798401,0.0015573278069496155,1.0153487892239355e-05,2.202040377596859e-06
399,data/dataset/Non_Demented/non_1402.jpg,non_1402.jpg,Non_Demented,0,Non_Demented,0,True,0.9999191761016846,4.533279570750892e-05,0.9998738433059771,0.0006601393659392763,0.9996180534362793,0.9999191761016846,2.8724161893478595e-05,4.533279570750892e-05,6.766122623957926e-06
400,data/dataset/Non_Demented/non_2469.jpg,non_2469.jpg,Non_Demented,0,Non_Demented,0,True,0.9988943934440613,0.0011028428561985493,0.9977915505878627,0.006240825817642008,0.9969203472137451,0.9988943934440613,0.0011028428561985493,2.4602445591881406e-06,3.097202068147453e-07
401,data/dataset/Non_Demented/non_928.jpg,non_928.jpg,Non_Demented,0,Non_Demented,0,True,0.999996542930603,2.325333980479627e-06,0.9999942175966225,3.5386666435356075e-05,0.9999748468399048,0.999996542930603,2.325333980479627e-06,1.1123119065814535e-06,1.0165947195162062e-08
402,data/dataset/Non_Demented/non_1138.jpg,non_1138.jpg,Non_Demented,0,Non_Demented,0,True,0.9993947744369507,0.0005891212495043874,0.9988056531874463,0.0037334605193877738,0.9981091022491455,0.9993947744369507,0.0005891212495043874,9.825150300457608e-06,6.3617931118642446e-06
403,data/dataset/Non_Demented/non_569.jpg,non_569.jpg,Non_Demented,0,Non_Demented,0,True,0.999854564666748,0.00013763229071628302,0.9997169323760318,0.0010537191431617017,0.9994311928749084,0.999854564666748,0.00013763229071628302,7.631490007042885e-06,1.0837869979241077e-07
404,data/dataset/Non_Demented/non_848.jpg,non_848.jpg,Non_Demented,0,Non_Demented,0,True,0.9999641180038452,3.553779606590979e-05,0.9999285802077793,0.00029161123833309496,0.9998316764831543,0.9999641180038452,3.553779606590979e-05,2.0659267363498657e-07,6.759737658512677e-08
405,data/dataset/Non_Demented/non_174.jpg,non_174.jpg,Non_Demented,0,Non_Demented,0,True,0.9998928308486938,9.173816943075508e-05,0.9998010926792631,0.0008163290884649198,0.9995474219322205,0.9998928308486938,9.173816943075508e-05,1.530778536107391e-05,1.217705118961021e-07
406,data/dataset/Non_Demented/non_1363.jpg,non_1363.jpg,Non_Demented,0,Non_Demented,0,True,0.749830424785614,0.17724470794200897,0.572585716843605,0.5152143175955078,0.6983819603919983,0.749830424785614,0.07282744348049164,0.17724470794200897,9.74412469076924e-05
407,data/dataset/Non_Demented/non_2346.jpg,non_2346.jpg,Non_Demented,0,Non_Demented,0,True,0.9999256134033203,7.36388101358898e-05,0.9998519745931844,0.0005674347128471049,0.9996857643127441,0.9999256134033203,7.36388101358898e-05,6.35121693903784e-07,1.5382514106931922e-07
408,data/dataset/Non_Demented/non_444.jpg,non_444.jpg,Non_Demented,0,Non_Demented,0,True,0.9977630376815796,0.002229253761470318,0.9955337839201093,0.011499001887290161,0.9943957328796387,0.9977630376815796,0.002229253761470318,6.0545576161530335e-06,1.6344882851626608e-06
409,data/dataset/Non_Demented/non_2269.jpg,non_2269.jpg,Non_Demented,0,Non_Demented,0,True,0.9999349117279053,6.488228973466903e-05,0.9998700294381706,0.0005004957984686443,0.9997218251228333,0.9999349117279053,6.488228973466903e-05,1.203935369176179e-07,7.13677437147453e-08
410,data/dataset/Non_Demented/non_2003.jpg,non_2003.jpg,Non_Demented,0,Non_Demented,0,True,0.9999833106994629,1.546506791783031e-05,0.9999678456315451,0.00014771342573570114,0.9999086856842041,0.9999833106994629,1.546506791783031e-05,1.1138033642055234e-06,9.341089679537617e-08
411,data/dataset/Non_Demented/non_1063.jpg,non_1063.jpg,Non_Demented,0,Non_Demented,0,True,0.997428834438324,0.0025269093457609415,0.994901925092563,0.01307705019811322,0.9936205744743347,0.997428834438324,4.322795939515345e-05,0.0025269093457609415,9.792911441763863e-07
412,data/dataset/Non_Demented/non_2467.jpg,non_2467.jpg,Non_Demented,0,Non_Demented,0,True,0.999997615814209,2.3888651412562467e-06,0.9999952269490677,2.4151412182652e-05,0.9999830722808838,0.999997615814209,2.3888651412562467e-06,3.5273348686359896e-09,5.522404311619766e-09
413,data/dataset/Non_Demented/non_1993.jpg,non_1993.jpg,Non_Demented,0,Non_Demented,0,True,0.9998358488082886,0.00014004313561599702,0.9996958056726726,0.0012045802586913253,0.9993447661399841,0.9998358488082886,0.00014004313561599702,2.2074162188800983e-05,2.014842721109744e-06
414,data/dataset/Non_Demented/non_1325.jpg,non_1325.jpg,Non_Demented,0,Non_Demented,0,True,0.9994029998779297,0.0005967665347270668,0.9988062333432026,0.0036286999076628906,0.9981807470321655,0.9994029998779297,0.0005967665347270668,1.4898501987659074e-08,1.9207902823836775e-07
415,data/dataset/Non_Demented/non_68.jpg,non_68.jpg,Non_Demented,0,Non_Demented,0,True,0.9874525666236877,0.01148289069533348,0.9759696759283543,0.05131924680541333,0.9748879075050354,0.9874525666236877,0.01148289069533348,0.0010456850286573172,1.8912656742031686e-05
416,data/dataset/Non_Demented/non_2539.jpg,non_2539.jpg,Non_Demented,0,Non_Demented,0,True,0.9969505071640015,0.0028890103567391634,0.9940614968072623,0.01544390634241977,0.9924471378326416,0.9969505071640015,0.0028890103567391634,0.000133933310280554,2.6465399059816264e-05
417,data/dataset/Non_Demented/non_29.jpg,non_29.jpg,Non_Demented,0,Non_Demented,0,True,0.9995352029800415,0.0004642101121135056,0.999070992867928,0.002911610855010881,0.9985263347625732,0.9995352029800415,0.0004642101121135056,4.6650427520944504e-07,1.2369493163078005e-07
418,data/dataset/Non_Demented/non_2753.jpg,non_2753.jpg,Non_Demented,0,Non_Demented,0,True,0.9998747110366821,0.000103469799796585,0.9997712412368855,0.0009468414989034927,0.999477207660675,0.9998747110366821,2.1012667275499552e-05,0.000103469799796585,8.239385351771489e-07
419,data/dataset/Non_Demented/non_52.jpg,non_52.jpg,Non_Demented,0,Non_Demented,0,True,0.9999995231628418,4.569527902731352e-07,0.9999990662100515,5.42727868291624e-06,0.9999955892562866,0.9999995231628418,4.569527902731352e-07,3.183698416009406e-09,1.7571165855656545e-08
420,data/dataset/Non_Demented/non_973.jpg,non_973.jpg,Non_Demented,0,Non_Demented,0,True,0.9999994039535522,4.2596539628902974e-07,0.999998977988156,6.349260627083298e-06,0.9999947547912598,0.9999994039535522,4.2596539628902974e-07,1.1028399882206941e-07,1.0371862479985339e-08
421,data/dataset/Non_Demented/non_2839.jpg,non_2839.jpg,Non_Demented,0,Non_Demented,0,True,0.9998090863227844,0.00017701234901323915,0.9996320739737712,0.0013540671925321214,0.9992765784263611,0.9998090863227844,0.00017701234901323915,1.3559826584241819e-05,3.350540680457925e-07
422,data/dataset/Non_Demented/non_153.jpg,non_153.jpg,Non_Demented,0,Non_Demented,0,True,0.999987006187439,1.2517556569946464e-05,0.999974488630869,0.00011626266529651527,0.999927282333374,0.999987006187439,1.2517556569946464e-05,2.256725508686941e-07,2.2358733531291364e-07
423,data/dataset/Non_Demented/non_2347.jpg,non_2347.jpg,Non_Demented,0,Non_Demented,0,True,0.9976267218589783,0.0023700182791799307,0.9952567035797983,0.012075534759488391,0.994124710559845,0.9976267218589783,0.0023700182791799307,1.3864799939256045e-06,1.869893480943574e-06
424,data/dataset/Non_Demented/non_2428.jpg,non_2428.jpg,Non_Demented,0,Non_Demented,0,True,0.9991114735603333,0.000888456532265991,0.9982230170280673,0.005143875459354609,0.9974525570869446,0.9991114735603333,0.000888456532265991,1.8510636579094353e-08,7.865092577219457e-09
425,data/dataset/Non_Demented/non_2275.jpg,non_2275.jpg,Non_Demented,0,Non_Demented,0,True,0.9999966621398926,3.2790092063805787e-06,0.9999933831306862,3.251859540691714e-05,0.9999779462814331,0.9999966621398926,3.2790092063805787e-06,3.0892652880254445e-09,1.5264738806308742e-08
426,data/dataset/Non_Demented/non_488.jpg,non_488.jpg,Non_Demented,0,Non_Demented,0,True,0.9658723473548889,0.033921025693416595,0.9319513216614723,0.10828380262756701,0.9444140791893005,0.9658723473548889,0.033921025693416595,1.0776147064461838e-05,0.00019584325491450727
427,data/dataset/Non_Demented/non_2858.jpg,non_2858.jpg,Non_Demented,0,Non_Demented,0,True,0.9997822642326355,0.00015243780217133462,0.9996298264304642,0.0015846441142065393,0.9991445541381836,0.9997822642326355,0.00015243780217133462,6.281155219767243e-05,2.4462506189593114e-06
428,data/dataset/Non_Demented/non_2143.jpg,non_2143.jpg,Non_Demented,0,Non_Demented,0,True,0.9981546998023987,0.0018451031064614654,0.9963095966959372,0.009710280875425232,0.995265007019043,0.9981546998023987,0.0018451031064614654,1.4323068953103757e-08,1.341454094472283e-07
429,data/dataset/Non_Demented/non_1764.jpg,non_1764.jpg,Non_Demented,0,Non_Demented,0,True,0.9941260814666748,0.0058737401850521564,0.9882523412816226,0.02599352771935681,0.9873915314674377,0.9941260814666748,0.0058737401850521564,1.5490236648929567e-07,3.9130807039100546e-08
430,data/dataset/Non_Demented/non_2630.jpg,non_2630.jpg,Non_Demented,0,Non_Demented,0,True,0.9736169576644897,0.02638019062578678,0.947236767038703,0.08798000919345153,0.955473005771637,0.9736169576644897,0.02638019062578678,1.98967586584331e-06,8.923170184971241e-07
431,data/dataset/Non_Demented/non_2285.jpg,non_2285.jpg,Non_Demented,0,Non_Demented,0,True,0.998979389667511,0.0009172073332592845,0.9980621823342517,0.006055714038084622,0.996966540813446,0.998979389667511,0.0009172073332592845,0.00010112428572028875,2.2736760456609773e-06
432,data/dataset/Non_Demented/non_2721.jpg,non_2721.jpg,Non_Demented,0,Very_Mild_Demented,1,False,0.6714147925376892,0.32858219742774963,0.3428325951099396,0.4567655407474925,0.6473115682601929,0.32858219742774963,0.6714147925376892,2.399569439148763e-06,6.028839720784163e-07
433,data/dataset/Non_Demented/non_732.jpg,non_732.jpg,Non_Demented,0,Non_Demented,0,True,0.9871096611022949,0.012883419170975685,0.9742262419313192,0.04974347726471421,0.975529670715332,0.9871096611022949,0.012883419170975685,2.454492687320453e-06,4.398340479383478e-06
434,data/dataset/Non_Demented/non_2056.jpg,non_2056.jpg,Non_Demented,0,Non_Demented,0,True,0.9999686479568481,3.108624878223054e-05,0.9999375617080659,0.00025928532301306594,0.9998487234115601,0.9999686479568481,3.108624878223054e-05,2.900537481309584e-07,6.603431046414698e-08
435,data/dataset/Non_Demented/non_2037.jpg,non_2037.jpg,Non_Demented,0,Non_Demented,0,True,0.9974331259727478,0.0012720073573291302,0.9961611186154187,0.014354849047276852,0.992938220500946,0.9974331259727478,0.0012720073573291302,0.001233685645274818,6.110259710112587e-05
436,data/dataset/Non_Demented/non_82.jpg,non_82.jpg,Non_Demented,0,Non_Demented,0,True,0.999997615814209,1.6351004887837917e-06,0.9999959807137202,2.4868873437503367e-05,0.9999816417694092,0.999997615814209,6.579725209121534e-07,1.6351004887837917e-06,5.6312305929395734e-08
437,data/dataset/Non_Demented/non_1580.jpg,non_1580.jpg,Non_Demented,0,Non_Demented,0,True,0.997579038143158,0.002374438801780343,0.9952045993413776,0.012435495791358709,0.9939263463020325,0.997579038143158,0.002374438801780343,1.8258334648635355e-06,4.477672337088734e-05
438,data/dataset/Non_Demented/non_1266.jpg,non_1266.jpg,Non_Demented,0,Non_Demented,0,True,0.999981164932251,1.8832140995073132e-05,0.9999623327912559,0.00016165032914535724,0.9999032020568848,0.999981164932251,1.8832140995073132e-05,3.2501970559373206e-10,2.0342842077525347e-08
439,data/dataset/Non_Demented/non_1162.jpg,non_1162.jpg,Non_Demented,0,Non_Demented,0,True,0.9999814033508301,1.8567694496596232e-05,0.9999628356563335,0.00015950837676259605,0.9999043941497803,0.9999814033508301,1.8567694496596232e-05,3.6859522101195807e-09,9.725221516987403e-09
440,data/dataset/Non_Demented/non_2946.jpg,non_2946.jpg,Non_Demented,0,Non_Demented,0,True,0.9997307658195496,0.0002670429239515215,0.999463722895598,0.0018010122289919737,0.9990647435188293,0.9997307658195496,0.0002670429239515215,1.0558020449025207e-06,1.1518147857714212e-06
441,data/dataset/Non_Demented/non_2676.jpg,non_2676.jpg,Non_Demented,0,Non_Demented,0,True,0.9997523427009583,0.0002475236542522907,0.999504819046706,0.001663658049747861,0.9991371035575867,0.9997523427009583,0.0002475236542522907,4.237581308075278e-08,1.6221829923779296e-07
442,data/dataset/Non_Demented/non_1676.jpg,non_1676.jpg,Non_Demented,0,Non_Demented,0,True,0.9995290040969849,0.0004709260247182101,0.9990580780722667,0.0029429775345764454,0.9985129237174988,0.9995290040969849,0.0004709260247182101,1.6768515465059863e-08,5.8427257698667745e-08
443,data/dataset/Non_Demented/non_1284.jpg,non_1284.jpg,Non_Demented,0,Non_Demented,0,True,0.9901247024536133,0.009871184825897217,0.9802535176277161,0.0400100304605792,0.9804455637931824,0.9901247024536133,0.009871184825897217,2.322818772881874e-06,1.7094721442845184e-06
444,data/dataset/Non_Demented/non_141.jpg,non_141.jpg,Non_Demented,0,Non_Demented,0,True,0.9984526634216309,0.0015315505443140864,0.9969211128773168,0.008405144846461174,0.9958711266517639,0.9984526634216309,0.0015315505443140864,1.35617665364407e-06,1.44297973747598e-05
445,data/dataset/Non_Demented/non_2648.jpg,non_2648.jpg,Non_Demented,0,Non_Demented,0,True,0.9963954091072083,0.0035965198185294867,0.9927988892886788,0.017267373896024056,0.9916204214096069,0.9963954091072083,0.0035965198185294867,4.7032790462253615e-06,3.280857754361932e-06
446,data/dataset/Non_Demented/non_3151.jpg,non_3151.jpg,Non_Demented,0,Non_Demented,0,True,0.9999556541442871,4.054861346958205e-05,0.9999151055308175,0.00036392511440644083,0.9997873902320862,0.9999556541442871,4.054861346958205e-05,2.3603879526490346e-06,1.4513997257381561e-06
447,data/dataset/Non_Demented/non_1304.jpg,non_1304.jpg,Non_Demented,0,Non_Demented,0,True,0.6280423402786255,0.3719005584716797,0.2561417818069458,0.47651065391473796,0.6093716025352478,0.6280423402786255,0.3719005584716797,3.9176182326627895e-05,1.7983591533266008e-05
448,data/dataset/Non_Demented/non_102.jpg,non_102.jpg,Non_Demented,0,Non_Demented,0,True,0.9998891353607178,0.00010977967758662999,0.9997793556831311,0.0008128971612308079,0.9995593428611755,0.9998891353607178,0.00010977967758662999,6.92743526542472e-07,3.6180128404339484e-07
449,data/dataset/Non_Demented/non_2784.jpg,non_2784.jpg,Non_Demented,0,Non_Demented,0,True,0.9506590962409973,0.04929378628730774,0.9013653099536896,0.14208677767633845,0.9249799251556396,0.9506590962409973,0.04929378628730774,3.32331437675748e-05,1.396406332787592e-05
450,data/dataset/Non_Demented/non_1339.jpg,non_1339.jpg,Non_Demented,0,Non_Demented,0,True,0.9997950196266174,0.0001915057800943032,0.9996035138465231,0.0014434757494144828,0.9992303848266602,0.9997950196266174,0.0001915057800943032,1.1591138900257647e-05,1.8961827663588338e-06
451,data/dataset/Non_Demented/non_1499.jpg,non_1499.jpg,Non_Demented,0,Non_Demented,0,True,0.9999147653579712,8.390546281589195e-05,0.9998308598951553,0.0006432115032630434,0.999645471572876,0.9999147653579712,8.390546281589195e-05,1.0421829301776597e-06,3.04770338743765e-07
452,data/dataset/Non_Demented/non_2750.jpg,non_2750.jpg,Non_Demented,0,Non_Demented,0,True,0.9981732368469238,0.0018041877774521708,0.9963690490694717,0.009723680070626243,0.9952321648597717,0.9981732368469238,0.0018041877774521708,1.2965397218067665e-05,9.576692718837876e-06
453,data/dataset/Non_Demented/non_39.jpg,non_39.jpg,Non_Demented,0,Non_Demented,0,True,0.9971139430999756,0.0028026211075484753,0.9943113219924271,0.014559035449513721,0.9928874373435974,0.9971139430999756,0.0028026211075484753,6.386983295669779e-05,1.9629991584224626e-05
454,data/dataset/Non_Demented/non_1318.jpg,non_1318.jpg,Non_Demented,0,Non_Demented,0,True,0.9996993541717529,0.00023116811644285917,0.9994681860553101,0.002098839825587493,0.9988895058631897,0.9996993541717529,0.00023116811644285917,6.810208287788555e-05,1.5052082744659856e-06
455,data/dataset/Non_Demented/non_258.jpg,non_258.jpg,Non_Demented,0,Non_Demented,0,True,0.9999755620956421,2.317290272912942e-05,0.999952389192913,0.00020874616784618313,0.9998743534088135,0.9999755620956421,2.317290272912942e-05,5.759673626926087e-07,6.573596351699962e-07
456,data/dataset/Non_Demented/non_1087.jpg,non_1087.jpg,Non_Demented,0,Non_Demented,0,True,0.9995272159576416,0.0004723505990114063,0.9990548653586302,0.0029544425967624795,0.9985061287879944,0.9995272159576416,0.0004723505990114063,1.8072921648126794e-07,2.0017151314277726e-07
457,data/dataset/Non_Demented/non_1659.jpg,non_1659.jpg,Non_Demented,0,Non_Demented,0,True,0.9999485015869141,5.139793211128563e-05,0.9998971036548028,0.00040479333157675317,0.9997721314430237,0.9999485015869141,5.139793211128563e-05,4.7077286069452384e-08,7.756419506677048e-08
458,data/dataset/Non_Demented/non_310.jpg,non_310.jpg,Non_Demented,0,Very_Mild_Demented,1,False,0.7182297110557556,0.281670480966568,0.4365592300891876,0.42961893922205246,0.6887335777282715,0.281670480966568,0.7182297110557556,4.3432286474853754e-05,5.633966065943241e-05
459,data/dataset/Non_Demented/non_2044.jpg,non_2044.jpg,Non_Demented,0,Non_Demented,0,True,0.9999998807907104,7.013692027157958e-08,0.9999998106537902,1.0200371790434975e-06,0.9999990463256836,0.9999998807907104,5.97783422762177e-09,7.013692027157958e-08,1.2855756459373424e-09
460,data/dataset/Non_Demented/non_264.jpg,non_264.jpg,Non_Demented,0,Non_Demented,0,True,0.983864426612854,0.016129205003380775,0.9677352216094732,0.05962041403147611,0.9704647660255432,0.983864426612854,0.016129205003380775,2.3113723273127107e-06,3.983677743235603e-06
461,data/dataset/Non_Demented/non_744.jpg,non_744.jpg,Non_Demented,0,Non_Demented,0,True,0.999757707118988,0.00023791874991729856,0.9995197883690707,0.0016473482497231663,0.9991377592086792,0.999757707118988,0.00023791874991729856,3.856943749269703e-06,5.757633516623173e-07
462,data/dataset/Non_Demented/non_405.jpg,non_405.jpg,Non_Demented,0,Non_Demented,0,True,0.9992075562477112,0.0007880855700932443,0.9984194706776179,0.004675027911656775,0.997668445110321,0.9992075562477112,0.0007880855700932443,1.5206290981950588e-06,2.891735221055569e-06
463,data/dataset/Non_Demented/non_2324.jpg,non_2324.jpg,Non_Demented,0,Non_Demented,0,True,0.9987664222717285,0.0010335510596632957,0.9977328712120652,0.0073337869845980655,0.9963177442550659,0.9987664222717285,0.0010335510596632957,0.0001375305000692606,6.257652421481907e-05
464,data/dataset/Non_Demented/non_2566.jpg,non_2566.jpg,Non_Demented,0,Non_Demented,0,True,0.9993890523910522,0.0006083493935875595,0.9987807029974647,0.003715069460564747,0.9981334805488586,0.9993890523910522,0.0006083493935875595,9.087744956559618e-07,1.6601728702880791e-06
465,data/dataset/Non_Demented/non_161.jpg,non_161.jpg,Non_Demented,0,Non_Demented,0,True,0.9997637867927551,0.00023411032452713698,0.999529676468228,0.001602742265077315,0.9991627931594849,0.9997637867927551,0.00023411032452713698,4.789284275830141e-07,1.621778551452735e-06
466,data/dataset/Non_Demented/non_1652.jpg,non_1652.jpg,Non_Demented,0,Non_Demented,0,True,0.9994412064552307,0.0005586347542703152,0.9988825717009604,0.003423491014822063,0.9982799291610718,0.9994412064552307,0.0005586347542703152,3.06025249585673e-08,1.677565535374015e-07
467,data/dataset/Non_Demented/non_2414.jpg,non_2414.jpg,Non_Demented,0,Non_Demented,0,True,0.9445428848266602,0.05529158189892769,0.8892513029277325,0.15546331953755574,0.9171347618103027,0.9445428848266602,0.05529158189892769,6.324425339698792e-05,0.00010228245810139924
468,data/dataset/Non_Demented/non_654.jpg,non_654.jpg,Non_Demented,0,Non_Demented,0,True,0.9995512366294861,0.0004443369107320905,0.999106899718754,0.002837900837549879,0.9985560774803162,0.9995512366294861,4.11227256336133e-06,0.0004443369107320905,3.1388447041535983e-07
469,data/dataset/Non_Demented/non_1055.jpg,non_1055.jpg,Non_Demented,0,Non_Demented,0,True,0.9999942779541016,5.013162990508135e-06,0.999989264791111,5.58495813797426e-05,0.9999622106552124,0.9999942779541016,5.013162990508135e-06,6.329285611172963e-07,9.198703310175915e-08
470,data/dataset/Non_Demented/non_960.jpg,non_960.jpg,Non_Demented,0,Non_Demented,0,True,0.9990391731262207,0.0009326337021775544,0.9981065394240431,0.005606671703428823,0.9972027540206909,0.9990391731262207,0.0009326337021775544,3.162096845699125e-06,2.4970973754534498e-05
471,data/dataset/Non_Demented/non_899.jpg,non_899.jpg,Non_Demented,0,Non_Demented,0,True,0.914419949054718,0.08557983487844467,0.8288401141762733,0.21077318728009561,0.8821686506271362,0.914419949054718,1.8618003139181383e-07,0.08557983487844467,2.9146795199608277e-08
472,data/dataset/Non_Demented/non_1550.jpg,non_1550.jpg,Non_Demented,0,Non_Demented,0,True,0.9959858059883118,0.0040097651071846485,0.9919760408811271,0.018893429551498114,0.9908397793769836,0.9959858059883118,0.0040097651071846485,3.232903225125483e-07,4.104718755115755e-06
473,data/dataset/Non_Demented/non_935.jpg,non_935.jpg,Non_Demented,0,Non_Demented,0,True,0.9984397292137146,0.0015602174680680037,0.9968795117456466,0.008398650485969413,0.9958935976028442,0.9984397292137146,0.0015602174680680037,2.6866793234603392e-09,1.789653580885897e-08
474,data/dataset/Non_Demented/non_1560.jpg,non_1560.jpg,Non_Demented,0,Non_Demented,0,True,0.9602912664413452,0.03942045196890831,0.9208708144724369,0.12184350601195318,0.9368360638618469,0.9602912664413452,0.03942045196890831,9.962762123905122e-05,0.00018873554654419422
475,data/dataset/Non_Demented/non_1312.jpg,non_1312.jpg,Non_Demented,0,Non_Demented,0,True,0.9999957084655762,4.274563252693042e-06,0.9999914339023235,4.124655223489118e-05,0.9999725818634033,0.9999957084655762,4.274563252693042e-06,1.967621177101364e-09,1.4124389158265416e-10
476,data/dataset/Non_Demented/non_2759.jpg,non_2759.jpg,Non_Demented,0,Non_Demented,0,True,0.9843330383300781,0.015666896477341652,0.9686661418527365,0.058184004182554254,0.9712142944335938,0.9843330383300781,0.015666896477341652,1.8034066684435857e-08,8.723088740225649e-08
477,data/dataset/Non_Demented/non_552.jpg,non_552.jpg,Non_Demented,0,Non_Demented,0,True,0.9999996423721313,4.0288355762641004e-07,0.9999992394885737,4.663315443337083e-06,0.9999961853027344,0.9999996423721313,4.0288355762641004e-07,4.0405612189431395e-10,8.961201558577159e-09
478,data/dataset/Non_Demented/non_2114.jpg,non_2114.jpg,Non_Demented,0,Non_Demented,0,True,0.9996910095214844,0.0003029091749340296,0.9993881003465503,0.0020485825985234467,0.9989376664161682,0.9996910095214844,0.0003029091749340296,3.7865738704567775e-06,2.272508936584927e-06
479,data/dataset/Non_Demented/non_2122.jpg,non_2122.jpg,Non_Demented,0,Non_Demented,0,True,0.9999995231628418,4.772220449922315e-07,0.9999990459407968,5.433918683867559e-06,0.9999955892562866,0.9999995231628418,4.772220449922315e-07,3.309405416374034e-09,2.2842747693374577e-09
480,data/dataset/Non_Demented/non_403.jpg,non_403.jpg,Non_Demented,0,Non_Demented,0,True,0.9948326349258423,0.0051447199657559395,0.9896879149600863,0.023458498071181173,0.9886073470115662,0.9948326349258423,0.0051447199657559395,5.446033810585504e-06,1.7212119928444736e-05
481,data/dataset/Non_Demented/non_232.jpg,non_232.jpg,Non_Demented,0,Non_Demented,0,True,0.999991774559021,7.803111657267436e-06,0.9999839714473637,7.688812227756092e-05,0.9999501705169678,0.999991774559021,7.803111657267436e-06,2.0674877987403306e-07,2.2259121124079684e-07
482,data/dataset/Non_Demented/non_2828.jpg,non_2828.jpg,Non_Demented,0,Non_Demented,0,True,0.9999926090240479,7.342049684666563e-06,0.9999852669743632,6.818825014089445e-05,0.9999563694000244,0.9999926090240479,7.342049684666563e-06,1.825142170730487e-08,7.568199955620969e-10
483,data/dataset/Non_Demented/non_429.jpg,non_429.jpg,Non_Demented,0,Non_Demented,0,True,0.9997698664665222,0.0002299074549227953,0.9995399590115994,0.0015584871317572964,0.9991887211799622,0.9997698664665222,0.0002299074549227953,1.5626117999545386e-07,1.1513870390444936e-07
484,data/dataset/Non_Demented/non_387.jpg,non_387.jpg,Non_Demented,0,Non_Demented,0,True,0.9984439015388489,0.0015434849774464965,0.9969004165614024,0.008434310685541478,0.9958601593971252,0.9984439015388489,0.0015434849774464965,1.1768576769100036e-05,8.513160310030798e-07
485,data/dataset/Non_Demented/non_1608.jpg,non_1608.jpg,Non_Demented,0,Non_Demented,0,True,0.9999724626541138,1.952150159922894e-05,0.9999529411525145,0.00024159554696218544,0.9998519420623779,0.9999724626541138,7.410791113215964e-06,1.952150159922894e-05,5.669186862178321e-07
486,data/dataset/Non_Demented/non_261.jpg,non_261.jpg,Non_Demented,0,Non_Demented,0,True,0.9995429515838623,0.00045515791862271726,0.9990877936652396,0.002874283229894122,0.9985421895980835,0.9995429515838623,0.00045515791862271726,8.810092566591265e-08,1.8031654462902225e-06
487,data/dataset/Non_Demented/non_943.jpg,non_943.jpg,Non_Demented,0,Non_Demented,0,True,0.999950647354126,4.924781387671828e-05,0.9999013995402493,0.00038975883161423036,0.9997798800468445,0.999950647354126,4.924781387671828e-05,2.4633440176557997e-08,1.3030927448198781e-07
488,data/dataset/Non_Demented/non_2134.jpg,non_2134.jpg,Non_Demented,0,Non_Demented,0,True,0.9857429265975952,0.014256044290959835,0.9714868823066354,0.053933006886479264,0.9733973741531372,0.9857429265975952,0.014256044290959835,9.402910450262425e-07,1.6995477380987722e-07
489,data/dataset/Non_Demented/non_1248.jpg,non_1248.jpg,Non_Demented,0,Non_Demented,0,True,0.9999986886978149,1.3110103509461624e-06,0.999997377687464,1.4286312711766455e-05,0.99998939037323,0.9999986886978149,1.3110103509461624e-06,3.186947949984642e-08,1.012336259265112e-08
490,data/dataset/Non_Demented/non_1161.jpg,non_1161.jpg,Non_Demented,0,Non_Demented,0,True,0.9997846484184265,0.00020971168123651296,0.99957493673719,0.0014876111330957662,0.9992153644561768,0.9997846484184265,0.00020971168123651296,5.015635906602256e-06,6.697790695397998e-07
491,data/dataset/Non_Demented/non_1933.jpg,non_1933.jpg,Non_Demented,0,Non_Demented,0,True,0.9901102185249329,0.009881490841507912,0.980228727683425,0.0400816666091214,0.9804064035415649,0.9901102185249329,0.009881490841507912,1.4892839317326434e-06,6.7656255851034075e-06
492,data/dataset/Non_Demented/non_2486.jpg,non_2486.jpg,Non_Demented,0,Non_Demented,0,True,0.9999561309814453,3.653755993582308e-05,0.9999195934215095,0.00036334887175496595,0.9997872710227966,0.9999561309814453,7.2796960921550635e-06,3.653755993582308e-05,2.321794134729771e-08
493,data/dataset/Non_Demented/non_2335.jpg,non_2335.jpg,Non_Demented,0,Non_Demented,0,True,0.999982476234436,1.7385675164405257e-05,0.9999650905592716,0.00015236544937226285,0.9999076128005981,0.999982476234436,1.7385675164405257e-05,1.1771378183311754e-07,7.802712076454554e-08
494,data/dataset/Non_Demented/non_257.jpg,non_257.jpg,Non_Demented,0,Non_Demented,0,True,0.9998703002929688,0.00012896866246592253,0.9997413316305028,0.0009344117215352751,0.999498724937439,0.9998703002929688,0.00012896866246592253,9.198914341368436e-08,6.418635507543513e-07
495,data/dataset/Non_Demented/non_2531.jpg,non_2531.jpg,Non_Demented,0,Non_Demented,0,True,0.9554124474525452,0.04453134164214134,0.9108811058104038,0.13180554731860297,0.9309802651405334,0.9554124474525452,0.04453134164214134,4.290974902687594e-05,1.3299235433805734e-05
496,data/dataset/Non_Demented/non_3003.jpg,non_3003.jpg,Non_Demented,0,Non_Demented,0,True,0.991958737373352,0.008010465651750565,0.9839482717216015,0.03391470465279605,0.9834650754928589,0.991958737373352,0.008010465651750565,1.982647881959565e-05,1.1006248314515688e-05
497,data/dataset/Non_Demented/non_1027.jpg,non_1027.jpg,Non_Demented,0,Non_Demented,0,True,0.9999403953552246,5.379436697694473e-05,0.9998866009882477,0.0004753490881293648,0.9997281432151794,0.9999403953552246,5.379436697694473e-05,5.423900802270509e-06,3.203645064786542e-07
498,data/dataset/Non_Demented/non_1439.jpg,non_1439.jpg,Non_Demented,0,Non_Demented,0,True,0.9998657703399658,0.00012276200868654996,0.9997430083312793,0.000989558277642869,0.9994601607322693,0.9998657703399658,0.00012276200868654996,1.055983557307627e-05,7.89563785019709e-07
499,data/dataset/Non_Demented/non_3002.jpg,non_3002.jpg,Non_Demented,0,Non_Demented,0,True,0.9999977350234985,2.289549911438371e-06,0.9999954454735871,2.3242517358233672e-05,0.9999837875366211,0.9999977350234985,2.289549911438371e-06,3.0590543431685546e-09,8.68953708987874e-09
500,data/dataset/Non_Demented/non_3063.jpg,non_3063.jpg,Non_Demented,0,Non_Demented,0,True,0.9992399215698242,0.0007599742384627461,0.9984799473313615,0.004486636369202856,0.9977679252624512,0.9992399215698242,0.0007599742384627461,7.312438299322821e-08,2.8869102663975355e-08
501,data/dataset/Non_Demented/non_728.jpg,non_728.jpg,Non_Demented,0,Non_Demented,0,True,0.9992938041687012,0.0007054514717310667,0.9985883526969701,0.0042097647914342475,0.9978991746902466,0.9992938041687012,0.0007054514717310667,6.98737324000831e-07,5.332343988584398e-08
502,data/dataset/Non_Demented/non_1110.jpg,non_1110.jpg,Non_Demented,0,Non_Demented,0,True,0.9976465106010437,0.0023486183490604162,0.9952978922519833,0.01199702333575506,0.9941601753234863,0.9976465106010437,0.0023486183490604162,1.4437100617215037e-06,3.408049451536499e-06
503,data/dataset/Non_Demented/non_866.jpg,non_866.jpg,Non_Demented,0,Non_Demented,0,True,0.9982705116271973,0.0017281339969485998,0.9965423776302487,0.009189878169095122,0.9955106973648071,0.9982705116271973,0.0017281339969485998,7.115148719094577e-07,6.792690214751929e-07
504,data/dataset/Non_Demented/non_548.jpg,non_548.jpg,Non_Demented,0,Non_Demented,0,True,0.9999263286590576,7.040004129521549e-05,0.9998559286177624,0.0005692847439944844,0.9996806383132935,0.9999263286590576,7.040004129521549e-05,1.1564652595552616e-06,2.0294544356147526e-06
505,data/dataset/Non_Demented/non_2263.jpg,non_2263.jpg,Non_Demented,0,Non_Demented,0,True,0.9982542395591736,0.0017448706785216928,0.9965093688806519,0.00926141421836006,0.9954778552055359,0.9982542395591736,0.0017448706785216928,8.172149250640359e-07,9.599679628990998e-08
506,data/dataset/Non_Demented/non_2916.jpg,non_2916.jpg,Non_Demented,0,Non_Demented,0,True,0.9997708201408386,0.00020580134878400713,0.9995650187920546,0.0016152230997950076,0.9991376399993896,0.9997708201408386,0.00020580134878400713,1.7516686057206243e-05,5.9152002904738765e-06
507,data/dataset/Non_Demented/non_1068.jpg,non_1068.jpg,Non_Demented,0,Non_Demented,0,True,0.9999874830245972,1.2453775525500532e-05,0.9999750292490717,0.00011098920947527772,0.9999315738677979,0.9999874830245972,1.2453775525500532e-05,2.0516761622957347e-08,1.8957104330752372e-08
508,data/dataset/Non_Demented/non_367.jpg,non_367.jpg,Non_Demented,0,Non_Demented,0,True,0.999618411064148,0.00038139871321618557,0.9992370123509318,0.002442373827071493,0.998755931854248,0.999618411064148,0.00038139871321618557,6.592097179236589e-08,6.01469878347416e-08
509,data/dataset/Non_Demented/non_2862.jpg,non_2862.jpg,Non_Demented,0,Non_Demented,0,True,0.9948002099990845,0.0038671798538416624,0.9909330301452428,0.025623845636869366,0.9875757694244385,0.9948002099990845,0.0038671798538416624,0.0013281176798045635,4.502827778196661e-06
510,data/dataset/Non_Demented/non_1011.jpg,non_1011.jpg,Non_Demented,0,Non_Demented,0,True,0.9999955892562866,3.1180004498310154e-06,0.9999924712558368,4.450561244690404e-05,0.9999687671661377,0.9999955892562866,1.2164193776698085e-06,3.1180004498310154e-06,7.231304266497318e-08
511,data/dataset/Non_Demented/non_1667.jpg,non_1667.jpg,Non_Demented,0,Non_Demented,0,True,0.9994931221008301,0.0004906471003778279,0.9990024750004523,0.003194422552306556,0.9983723759651184,0.9994931221008301,0.0004906471003778279,1.4619246940128505e-05,1.5129909343158943e-06
512,data/dataset/Non_Demented/non_3064.jpg,non_3064.jpg,Non_Demented,0,Non_Demented,0,True,0.9999523162841797,4.6756504161749035e-05,0.9999055597800179,0.0003801205812381913,0.999783456325531,0.9999523162841797,4.6756504161749035e-05,9.138149721366062e-07,2.15761737365483e-08
513,data/dataset/Non_Demented/non_1906.jpg,non_1906.jpg,Non_Demented,0,Non_Demented,0,True,0.9999828338623047,1.659026020206511e-05,0.9999662436021026,0.00014920054451807329,0.9999089241027832,0.9999828338623047,1.659026020206511e-05,4.2240333186782664e-07,5.1623580077375664e-08
514,data/dataset/Non_Demented/non_3058.jpg,non_3058.jpg,Non_Demented,0,Non_Demented,0,True,0.8976032733917236,0.10005312412977219,0.7975501492619514,0.24649022174381335,0.8609883785247803,0.8976032733917236,0.10005312412977219,0.0022986989933997393,4.487970727495849e-05
515,data/dataset/Non_Demented/non_1002.jpg,non_1002.jpg,Non_Demented,0,Non_Demented,0,True,0.9999945163726807,5.414183760876767e-06,0.9999891021889198,5.217803940129195e-05,0.9999656677246094,0.9999945163726807,5.414183760876767e-06,1.4454402119667975e-08,5.5964996192869876e-08
516,data/dataset/Non_Demented/non_652.jpg,non_652.jpg,Non_Demented,0,Non_Demented,0,True,0.9997256398200989,0.00014847163402009755,0.9995771681860788,0.0019670267123758664,0.9989485144615173,0.9997256398200989,0.00014847163402009755,0.0001232623471878469,2.6688928755902452e-06
517,data/dataset/Non_Demented/non_1602.jpg,non_1602.jpg,Non_Demented,0,Non_Demented,0,True,0.9997954964637756,0.00014841731172055006,0.9996470791520551,0.0015115360360235571,0.9991756081581116,0.9997954964637756,0.00014841731172055006,4.057337355334312e-05,1.556250936118886e-05
518,data/dataset/Non_Demented/non_253.jpg,non_253.jpg,Non_Demented,0,Non_Demented,0,True,0.9978037476539612,0.0021816689986735582,0.9956220786552876,0.011350708502969245,0.9944590330123901,0.9978037476539612,0.0021816689986735582,7.384514901787043e-06,7.2492234721721616e-06
519,data/dataset/Non_Demented/non_2107.jpg,non_2107.jpg,Non_Demented,0,Non_Demented,0,True,0.9975141286849976,0.001677455729804933,0.9958366729551926,0.013713918077631719,0.9932663440704346,0.9975141286849976,0.0007984870462678373,0.001677455729804933,9.851110917225014e-06
520,data/dataset/Non_Demented/non_2700.jpg,non_2700.jpg,Non_Demented,0,Non_Demented,0,True,0.9983661770820618,0.0015972066903486848,0.9967689703917131,0.008873780774881579,0.9956349730491638,0.9983661770820618,0.0015972066903486848,3.397822365514003e-05,2.6767493181978352e-06
521,data/dataset/Non_Demented/non_2912.jpg,non_2912.jpg,Non_Demented,0,Non_Demented,0,True,0.9954179525375366,0.004574354737997055,0.9908435977995396,0.021141956257553215,0.9897457361221313,0.9954179525375366,0.004574354737997055,6.460018539655721e-06,1.2403767186697223e-06
522,data/dataset/Non_Demented/non_576.jpg,non_576.jpg,Non_Demented,0,Non_Demented,0,True,0.9987319111824036,0.0012680375948548317,0.9974638735875487,0.007015948266044537,0.9965553283691406,0.9987319111824036,0.0012680375948548317,1.1132877952846343e-09,4.05353262067365e-08
523,data/dataset/Non_Demented/non_72.jpg,non_72.jpg,Non_Demented,0,Non_Demented,0,True,0.9973241090774536,0.0026758024469017982,0.9946483066305518,0.01336176882023106,0.9935144186019897,0.9973241090774536,0.0026758024469017982,2.2333852101041884e-08,2.9659132039228098e-08
524,data/dataset/Non_Demented/non_1563.jpg,non_1563.jpg,Non_Demented,0,Non_Demented,0,True,0.9967244267463684,0.00296857045032084,0.9937558562960476,0.016626457706137982,0.9918830394744873,0.9967244267463684,0.00296857045032084,0.0003034569963347167,3.568555939637008e-06
525,data/dataset/Non_Demented/non_2150.jpg,non_2150.jpg,Non_Demented,0,Non_Demented,0,True,0.990736186504364,0.009261753410100937,0.9814744330942631,0.03795054896541275,0.9814788103103638,0.990736186504364,0.009261753410100937,1.947886474340521e-08,2.0844090613536537e-06
526,data/dataset/Non_Demented/non_1556.jpg,non_1556.jpg,Non_Demented,0,Non_Demented,0,True,0.9999359846115112,6.396276148734614e-05,0.9998720218500239,0.0004927810581557585,0.9997262358665466,0.9999359846115112,6.396276148734614e-05,1.5124216545814306e-08,6.992886625312167e-08
527,data/dataset/Non_Demented/non_274.jpg,non_274.jpg,Non_Demented,0,Non_Demented,0,True,0.9999634027481079,2.527119795558974e-05,0.9999381315501523,0.00031226863884630007,0.9998134970664978,0.9999634027481079,2.527119795558974e-05,1.1269108654232696e-05,2.2048979531064106e-08
528,data/dataset/Non_Demented/non_2838.jpg,non_2838.jpg,Non_Demented,0,Non_Demented,0,True,0.9998811483383179,0.0001185666915262118,0.9997625816467917,0.000862056319377529,0.999536395072937,0.9998811483383179,8.855975153210238e-08,0.0001185666915262118,1.8955171299239737e-07
529,data/dataset/Non_Demented/non_288.jpg,non_288.jpg,Non_Demented,0,Non_Demented,0,True,0.9707282185554504,0.02890339493751526,0.9418248236179352,0.09695290840703741,0.9507263898849487,0.9707282185554504,0.02890339493751526,0.0001111428500735201,0.00025727757019922137
530,data/dataset/Non_Demented/non_638.jpg,non_638.jpg,Non_Demented,0,Non_Demented,0,True,0.9996956586837769,0.0002830703160725534,0.9994125883677043,0.002056961042391554,0.9989233613014221,0.9996956586837769,0.0002830703160725534,1.952542515937239e-05,1.725456741041853e-06
531,data/dataset/Non_Demented/non_2673.jpg,non_2673.jpg,Non_Demented,0,Non_Demented,0,True,0.999946117401123,5.390596197685227e-05,0.9998922114391462,0.000421975683229275,0.9997633099555969,0.999946117401123,5.390596197685227e-05,4.9889365527633345e-08,2.6368841332669035e-08
532,data/dataset/Non_Demented/non_89.jpg,non_89.jpg,Non_Demented,0,Non_Demented,0,True,0.9996976852416992,0.0003022348100785166,0.9993954504316207,0.00198574830035602,0.9989792704582214,0.9996976852416992,0.0003022348100785166,6.454720136161995e-08,4.714550527751271e-09
533,data/dataset/Non_Demented/non_2953.jpg,non_2953.jpg,Non_Demented,0,Non_Demented,0,True,0.9999798536300659,1.7385213141096756e-05,0.9999624684169248,0.00017801191081169657,0.9998904466629028,0.9999798536300659,2.743737468335894e-06,1.7385213141096756e-05,5.719939011328279e-08
534,data/dataset/Non_Demented/non_583.jpg,non_583.jpg,Non_Demented,0,Non_Demented,0,True,0.9859173893928528,0.014077862724661827,0.971839526668191,0.053423212688117026,0.97365403175354,0.9859173893928528,0.014077862724661827,1.1747123380700941e-06,3.607498001656495e-06
535,data/dataset/Non_Demented/non_256.jpg,non_256.jpg,Non_Demented,0,Non_Demented,0,True,0.9999927282333374,6.416859832825139e-06,0.9999863113735046,6.915841325983326e-05,0.9999544620513916,0.9999927282333374,6.416859832825139e-06,1.6466903396405996e-09,8.472140962112462e-07
536,data/dataset/Non_Demented/non_1194.jpg,non_1194.jpg,Non_Demented,0,Non_Demented,0,True,0.9999905824661255,9.427719305676874e-06,0.9999811547468198,8.550509445175245e-05,0.9999463558197021,0.9999905824661255,9.427719305676874e-06,1.3180362357090303e-10,8.889294300651329e-10
537,data/dataset/Non_Demented/non_941.jpg,non_941.jpg,Non_Demented,0,Non_Demented,0,True,0.9998956918716431,0.00010427664528833702,0.9997914152263547,0.0007650217427245848,0.9995868802070618,0.9998956918716431,0.00010427664528833702,2.6381322126844964e-10,9.774839604403951e-09
538,data/dataset/Non_Demented/non_3103.jpg,non_3103.jpg,Non_Demented,0,Non_Demented,0,True,0.9997146725654602,0.00022601457021664828,0.9994886579952436,0.0020003651461612836,0.9989376664161682,0.9997146725654602,0.00022601457021664828,5.566776235355064e-05,3.5986101920570945e-06
539,data/dataset/Non_Demented/non_805.jpg,non_805.jpg,Non_Demented,0,Non_Demented,0,True,0.9994760155677795,0.000517659296747297,0.9989583562710322,0.003259359439151865,0.9983490705490112,0.9994760155677795,0.000517659296747297,5.347775640984764e-06,9.333355137641774e-07
540,data/dataset/Non_Demented/non_3021.jpg,non_3021.jpg,Non_Demented,0,Non_Demented,0,True,0.9995843768119812,0.0004154409980401397,0.9991689358139411,0.0026352518661587106,0.9986618757247925,0.9995843768119812,0.0004154409980401397,1.32707015154665e-07,5.390976909325218e-08
541,data/dataset/Non_Demented/non_2504.jpg,non_2504.jpg,Non_Demented,0,Non_Demented,0,True,0.9999994039535522,5.370900453272043e-07,0.9999988668635069,6.254580419861629e-06,0.9999949932098389,0.9999994039535522,5.370900453272043e-07,1.4072583987001508e-08,3.394812875257003e-09
542,data/dataset/Non_Demented/non_1947.jpg,non_1947.jpg,Non_Demented,0,Non_Demented,0,True,0.99994957447052,4.95976310048718e-05,0.9998999768395151,0.00040009823879855996,0.9997726082801819,0.99994957447052,4.95976310048718e-05,3.6609063158721256e-07,4.969980409441632e-07
543,data/dataset/Non_Demented/non_632.jpg,non_632.jpg,Non_Demented,0,Non_Demented,0,True,0.964084804058075,0.03591388463973999,0.928170919418335,0.11163011206106739,0.9424521327018738,0.964084804058075,0.03591388463973999,5.9432270660408903e-08,1.2163891369709745e-06
544,data/dataset/Non_Demented/non_433.jpg,non_433.jpg,Non_Demented,0,Non_Demented,0,True,0.9994507431983948,0.0003977800370194018,0.9990529631613754,0.0036056098931700987,0.9981437921524048,0.9994507431983948,0.0003977800370194018,0.00015089858788996935,4.90471393277403e-07
545,data/dataset/Non_Demented/non_2523.jpg,non_2523.jpg,Non_Demented,0,Non_Demented,0,True,0.9999675750732422,2.908930582634639e-05,0.9999384857674158,0.00027382669547484207,0.999836802482605,0.9999675750732422,2.908930582634639e-05,2.910619286922156e-06,4.25059084818713e-07
546,data/dataset/Non_Demented/non_1488.jpg,non_1488.jpg,Non_Demented,0,Non_Demented,0,True,0.9996057152748108,0.000389465712942183,0.9992162495618686,0.002534938954199598,0.9987020492553711,0.9996057152748108,0.000389465712942183,4.081648512510583e-06,8.378351026294695e-07
547,data/dataset/Non_Demented/non_721.jpg,non_721.jpg,Non_Demented,0,Non_Demented,0,True,0.9997199177742004,0.00027871664497070014,0.9994412011292297,0.0018610889264323333,0.9990372657775879,0.9997199177742004,0.00027871664497070014,1.1714344054780668e-06,1.6603067365394963e-07
548,data/dataset/Non_Demented/non_1878.jpg,non_1878.jpg,Non_Demented,0,Non_Demented,0,True,0.9999847412109375,1.3793701327813324e-05,0.9999709475096097,0.00013628038985995664,0.9999148845672607,0.9999847412109375,1.3793701327813324e-05,1.294475964641606e-06,1.0896263091808578e-07
549,data/dataset/Non_Demented/non_2708.jpg,non_2708.jpg,Non_Demented,0,Non_Demented,0,True,0.9997747540473938,0.0002233277482446283,0.9995514262991492,0.0015357266387107866,0.9991963505744934,0.9997747540473938,0.0002233277482446283,3.467189628736378e-07,1.5798310641912394e-06
550,data/dataset/Non_Demented/non_159.jpg,non_159.jpg,Non_Demented,0,Non_Demented,0,True,0.9999997615814209,2.708567592435429e-07,0.9999994907246617,3.1831161442209127e-06,0.9999972581863403,0.9999997615814209,2.708567592435429e-07,3.8350336240000615e-09,1.870632260203564e-10
551,data/dataset/Non_Demented/non_1015.jpg,non_1015.jpg,Non_Demented,0,Non_Demented,0,True,0.9977820515632629,0.001972125843167305,0.9958099257200956,0.011947352596402745,0.9941285848617554,0.9977820515632629,0.001972125843167305,0.00024164601927623153,4.108362645638408e-06
552,data/dataset/Non_Demented/non_1703.jpg,non_1703.jpg,Non_Demented,0,Non_Demented,0,True,0.9991173148155212,0.00088237359886989,0.9982349412166514,0.005116436500758847,0.997464656829834,0.9991173148155212,0.00088237359886989,2.9800146350567047e-08,2.9491317832253117e-07
553,data/dataset/Non_Demented/non_780.jpg,non_780.jpg,Non_Demented,0,Non_Demented,0,True,0.9999313354492188,5.6175424106186256e-05,0.9998751600251126,0.0005502410664355299,0.9996850490570068,0.9999313354492188,5.6175424106186256e-05,1.1955214176850859e-05,6.182538641041901e-07
554,data/dataset/Non_Demented/non_1122.jpg,non_1122.jpg,Non_Demented,0,Non_Demented,0,True,0.9999949932098389,5.037517894379562e-06,0.9999899556919445,4.8126852859013466e-05,0.9999682903289795,0.9999949932098389,5.037517894379562e-06,8.550407493146395e-09,5.339911623991611e-09
555,data/dataset/Non_Demented/non_837.jpg,non_837.jpg,Non_Demented,0,Non_Demented,0,True,0.9996651411056519,0.0003296273644082248,0.9993355137412436,0.0021963182148917113,0.9988664388656616,0.9996651411056519,0.0003296273644082248,1.851363663263328e-06,3.390390247659525e-06
556,data/dataset/Non_Demented/non_2762.jpg,non_2762.jpg,Non_Demented,0,Non_Demented,0,True,0.9990160465240479,0.000930107431486249,0.9980859390925616,0.005778392013568343,0.9971127510070801,0.9990160465240479,0.000930107431486249,5.2583476644940674e-05,1.2211399962325231e-06
557,data/dataset/Non_Demented/non_3139.jpg,non_3139.jpg,Non_Demented,0,Non_Demented,0,True,0.9889345765113831,0.011057093739509583,0.9778774827718735,0.04394034729351805,0.978467583656311,0.9889345765113831,0.011057093739509583,6.505931196443271e-06,1.8057087345368927e-06
558,data/dataset/Non_Demented/non_626.jpg,non_626.jpg,Non_Demented,0,Non_Demented,0,True,0.9994557499885559,0.0005438764928840101,0.9989118734956719,0.003345762582415218,0.998316764831543,0.9994557499885559,0.0005438764928840101,4.2225778429383354e-08,3.489675464152242e-07
559,data/dataset/Non_Demented/non_2325.jpg,non_2325.jpg,Non_Demented,0,Non_Demented,0,True,0.9999905824661255,9.35313892114209e-06,0.9999812293272043,8.645143465649857e-05,0.9999452829360962,0.9999905824661255,9.35313892114209e-06,2.07815702424341e-08,1.0947155715257395e-07
560,data/dataset/Non_Demented/non_1271.jpg,non_1271.jpg,Non_Demented,0,Non_Demented,0,True,0.9999686479568481,2.94774908979889e-05,0.9999391704659502,0.0002625885571746939,0.9998447895050049,0.9999686479568481,2.94774908979889e-05,1.8023910115516628e-06,8.138936635759819e-08
561,data/dataset/Non_Demented/non_352.jpg,non_352.jpg,Non_Demented,0,Non_Demented,0,True,0.9999973773956299,2.629172513479716e-06,0.9999947482231164,2.666487921206005e-05,0.9999815225601196,0.9999973773956299,2.629172513479716e-06,2.751741945417052e-09,2.920729791355825e-08
562,data/dataset/Non_Demented/non_2793.jpg,non_2793.jpg,Non_Demented,0,Non_Demented,0,True,0.9999969005584717,1.902587314361881e-06,0.9999949979711573,3.2088468203705646e-05,0.999976634979248,0.9999969005584717,1.902587314361881e-06,1.0380139201515703e-06,1.2730747300793155e-07
563,data/dataset/Non_Demented/non_20.jpg,non_20.jpg,Non_Demented,0,Non_Demented,0,True,0.8556492328643799,0.1440209448337555,0.7116282880306244,0.29960633253652563,0.8187707662582397,0.8556492328643799,0.1440209448337555,0.00013647855666931719,0.0001933693274622783
564,data/dataset/Non_Demented/non_956.jpg,non_956.jpg,Non_Demented,0,Non_Demented,0,True,0.9998855590820312,9.197270264849067e-05,0.9997935863793828,0.0008726778436104785,0.9995166063308716,0.9998855590820312,9.197270264849067e-05,2.2433374397223815e-05,2.3305657848027295e-08
565,data/dataset/Non_Demented/non_2988.jpg,non_2988.jpg,Non_Demented,0,Non_Demented,0,True,0.9979204535484314,0.002048289868980646,0.9958721636794508,0.0108864594757603,0.9946735501289368,0.9979204535484314,0.002048289868980646,2.8256452424102463e-05,2.990640723510296e-06
566,data/dataset/Non_Demented/non_605.jpg,non_605.jpg,Non_Demented,0,Non_Demented,0,True,0.9996986389160156,0.00029713992262259126,0.999401498993393,0.0019973223632651104,0.9989652633666992,0.9996986389160156,0.00029713992262259126,2.708135525608668e-06,1.464998035771714e-06
567,data/dataset/Non_Demented/non_77.jpg,non_77.jpg,Non_Demented,0,Non_Demented,0,True,0.9997629523277283,0.000234403254580684,0.9995285490731476,0.0016097833087024339,0.9991583824157715,0.9997629523277283,0.000234403254580684,6.202975555424928e-07,2.0207285160722677e-06
568,data/dataset/Non_Demented/non_2274.jpg,non_2274.jpg,Non_Demented,0,Non_Demented,0,True,1.0,3.026475425826902e-08,0.9999999697352457,5.446032946051752e-07,0.9999994039535522,1.0,1.203463106946856e-08,3.026475425826902e-08,5.408695713526868e-10
569,data/dataset/Non_Demented/non_2796.jpg,non_2796.jpg,Non_Demented,0,Non_Demented,0,True,0.9999990463256836,9.385594808009046e-07,0.9999981077662028,1.0217510911554675e-05,0.9999922513961792,0.9999990463256836,9.385594808009046e-07,5.458969720706364e-09,4.18577705829648e-09
570,data/dataset/Non_Demented/non_38.jpg,non_38.jpg,Non_Demented,0,Non_Demented,0,True,0.999470055103302,0.0005286913365125656,0.9989413637667894,0.0032725977365213065,0.9983500242233276,0.999470055103302,0.0005286913365125656,1.0085565236295224e-06,2.656762490005349e-07
571,data/dataset/Non_Demented/non_2391.jpg,non_2391.jpg,Non_Demented,0,Non_Demented,0,True,0.9999995231628418,3.7048280887574947e-07,0.9999991526800329,5.768733892394081e-06,0.9999951124191284,0.9999995231628418,1.196269039382969e-07,6.7687602189892004e-09,3.7048280887574947e-07
572,data/dataset/Non_Demented/non_416.jpg,non_416.jpg,Non_Demented,0,Non_Demented,0,True,0.7227525115013123,0.25459587574005127,0.468156635761261,0.4835240634212606,0.6823902130126953,0.7227525115013123,0.25459587574005127,0.022365082055330276,0.0002865167916752398
573,data/dataset/Non_Demented/non_874.jpg,non_874.jpg,Non_Demented,0,Non_Demented,0,True,0.9997251629829407,0.0002702338097151369,0.9994549291732255,0.0018422010661627714,0.9990414977073669,0.9997251629829407,0.0002702338097151369,3.961681613873225e-06,6.646254746556224e-07
574,data/dataset/Non_Demented/non_878.jpg,non_878.jpg,Non_Demented,0,Non_Demented,0,True,0.999415397644043,0.0005843990365974605,0.9988309986074455,0.0035634519740701228,0.9982118606567383,0.999415397644043,0.0005843990365974605,4.621733395993033e-08,2.622208512548241e-07
575,data/dataset/Non_Demented/non_1370.jpg,non_1370.jpg,Non_Demented,0,Non_Demented,0,True,0.9913392663002014,0.008659438230097294,0.9826798280701041,0.03589825043314874,0.9825018644332886,0.9913392663002014,0.008659438230097294,3.3629046924943395e-07,9.228196518051845e-07
576,data/dataset/Non_Demented/non_1715.jpg,non_1715.jpg,Non_Demented,0,Non_Demented,0,True,0.9906278848648071,0.007624366786330938,0.9830035180784762,0.04179809914762387,0.9797053933143616,0.9906278848648071,0.007624366786330938,0.00166272500064224,8.499218529323116e-05
577,data/dataset/Non_Demented/non_1568.jpg,non_1568.jpg,Non_Demented,0,Non_Demented,0,True,0.9989694356918335,0.001029058126732707,0.9979403775651008,0.0058647924696027766,0.9971025586128235,0.9989694356918335,0.001029058126732707,3.960311687478679e-07,1.1282868399575818e-06
578,data/dataset/Non_Demented/non_2616.jpg,non_2616.jpg,Non_Demented,0,Non_Demented,0,True,0.9999663829803467,3.285046113887802e-05,0.9999335325192078,0.0002767855444552257,0.9998383522033691,0.9999663829803467,3.285046113887802e-05,2.414309676623816e-07,5.017525950279378e-07
579,data/dataset/Non_Demented/non_190.jpg,non_190.jpg,Non_Demented,0,Non_Demented,0,True,0.9996569156646729,0.0003375555679667741,0.9993193600967061,0.0022446792660492723,0.9988424181938171,0.9996569156646729,2.0682457488874206e-06,0.0003375555679667741,3.4459801554476144e-06
580,data/dataset/Non_Demented/non_2819.jpg,non_2819.jpg,Non_Demented,0,Non_Demented,0,True,0.999849796295166,0.00014211474626790732,0.9997076815488981,0.001084780738268973,0.999415397644043,0.999849796295166,0.00014211474626790732,7.817086043360177e-06,1.757283598635695e-07
581,data/dataset/Non_Demented/non_1388.jpg,non_1388.jpg,Non_Demented,0,Non_Demented,0,True,0.9999943971633911,5.352458174456842e-06,0.9999890447052167,5.463192552699533e-05,0.9999635219573975,0.9999943971633911,5.352458174456842e-06,2.9424907665998035e-07,4.366970429714456e-08
582,data/dataset/Non_Demented/non_1834.jpg,non_1834.jpg,Non_Demented,0,Non_Demented,0,True,0.9992096424102783,0.0005118509870953858,0.9986977914231829,0.005031691377738968,0.9974379539489746,0.9992096424102783,0.0002730136038735509,0.0005118509870953858,5.4878646551514976e-06
583,data/dataset/Non_Demented/non_326.jpg,non_326.jpg,Non_Demented,0,Non_Demented,0,True,0.9976244568824768,0.002375529846176505,0.9952489270363003,0.012066512388390392,0.9941363334655762,0.9976244568824768,0.002375529846176505,5.13844244931505e-10,4.651630547414243e-08
584,data/dataset/Non_Demented/non_2238.jpg,non_2238.jpg,Non_Demented,0,Non_Demented,0,True,0.9996623992919922,0.00033523139427416027,0.999327167897718,0.002201516827188739,0.9988681077957153,0.9996623992919922,1.3753367511526449e-06,0.00033523139427416027,9.95800064629293e-07
585,data/dataset/Non_Demented/non_829.jpg,non_829.jpg,Non_Demented,0,Non_Demented,0,True,0.9998579025268555,0.00014138415281195194,0.9997165183740435,0.0010137292299686228,0.9994590878486633,0.9998579025268555,0.00014138415281195194,7.488505815445023e-08,6.136579031590372e-07
586,data/dataset/Non_Demented/non_143.jpg,non_143.jpg,Non_Demented,0,Non_Demented,0,True,0.999990701675415,8.889847777027171e-06,0.999981811827638,8.611377804454153e-05,0.999944806098938,0.999990701675415,8.889847777027171e-06,4.676184062191169e-08,4.0032875858742045e-07
587,data/dataset/Non_Demented/non_2561.jpg,non_2561.jpg,Non_Demented,0,Non_Demented,0,True,0.9999624490737915,2.5896923034451902e-05,0.999936552150757,0.00032120073584777594,0.9998076558113098,0.9999624490737915,2.5896923034451902e-05,1.1250038369325921e-05,4.0966770598060975e-07
588,data/dataset/Non_Demented/non_328.jpg,non_328.jpg,Non_Demented,0,Non_Demented,0,True,0.9999773502349854,2.2659751266473904e-05,0.9999546904837189,0.00019116442679546623,0.9998871088027954,0.9999773502349854,2.2659751266473904e-05,3.3652036712794597e-10,4.2107148323644594e-10
589,data/dataset/Non_Demented/non_243.jpg,non_243.jpg,Non_Demented,0,Non_Demented,0,True,0.9991148114204407,0.0008839977672323585,0.9982308136532083,0.005133664325363245,0.9974544644355774,0.9991148114204407,0.0008839977672323585,1.0180706055962219e-08,1.1990737220912706e-06
590,data/dataset/Non_Demented/non_2376.jpg,non_2376.jpg,Non_Demented,0,Non_Demented,0,True,0.9746202230453491,0.025378089398145676,0.9492421336472034,0.08534445568584659,0.9568962454795837,0.9746202230453491,0.025378089398145676,2.997510932800651e-07,1.275723889193614e-06
591,data/dataset/Non_Demented/non_1843.jpg,non_1843.jpg,Non_Demented,0,Non_Demented,0,True,0.9995179176330566,0.00033417053055018187,0.9991837471025065,0.0032276592072966385,0.9983245730400085,0.9995179176330566,0.00033417053055018187,0.00014509276661556214,2.7758769647334702e-06
592,data/dataset/Non_Demented/non_1430.jpg,non_1430.jpg,Non_Demented,0,Non_Demented,0,True,0.9999250173568726,7.45248471503146e-05,0.9998504925097222,0.0005688190136323335,0.9996861219406128,0.9999250173568726,7.45248471503146e-05,3.027742536687583e-07,4.201802639158814e-08
593,data/dataset/Non_Demented/non_2751.jpg,non_2751.jpg,Non_Demented,0,Non_Demented,0,True,0.9994069337844849,0.0005923517746850848,0.9988145820097998,0.003610969235346888,0.9981877207756042,0.9994069337844849,0.0005923517746850848,5.7737864267437544e-08,7.063865723466733e-07
594,data/dataset/Non_Demented/non_963.jpg,non_963.jpg,Non_Demented,0,Non_Demented,0,True,0.999811589717865,0.00011752313730539754,0.9996940665805596,0.0013929309888560254,0.999243974685669,0.999811589717865,7.070730498526245e-05,0.00011752313730539754,2.2335352412028442e-07
595,data/dataset/Non_Demented/non_341.jpg,non_341.jpg,Non_Demented,0,Non_Demented,0,True,0.9990662932395935,0.0007007238455116749,0.9983655693940818,0.005842302378966315,0.9970303773880005,0.9990662932395935,0.0007007238455116749,0.00017831863078754395,5.472296106745489e-05
596,data/dataset/Non_Demented/non_1812.jpg,non_1812.jpg,Non_Demented,0,Non_Demented,0,True,0.9999988079071045,1.2393555834933068e-06,0.999997568551521,1.3085268342478073e-05,0.9999903440475464,0.9999988079071045,1.2393555834933068e-06,4.0435050863152355e-09,6.336642877080578e-10
597,data/dataset/Non_Demented/non_520.jpg,non_520.jpg,Non_Demented,0,Non_Demented,0,True,0.9999493360519409,4.9531441618455574e-05,0.9998998046103225,0.0004019209777772234,0.9997714161872864,0.9999493360519409,4.9531441618455574e-05,1.228919046525334e-07,9.802577096706955e-07
598,data/dataset/Non_Demented/non_896.jpg,non_896.jpg,Non_Demented,0,Non_Demented,0,True,0.9999929666519165,4.7593334784323815e-06,0.9999882073184381,6.831840229470598e-05,0.9999537467956543,0.9999929666519165,4.7593334784323815e-06,2.122543946825317e-06,1.0067295619364813e-07
599,data/dataset/Non_Demented/non_1937.jpg,non_1937.jpg,Non_Demented,0,Non_Demented,0,True,0.9994799494743347,0.00048136053374037147,0.9989985889405943,0.003331128269621976,0.9982886910438538,0.9994799494743347,0.00048136053374037147,2.198262336605694e-05,1.684763810771983e-05
600,data/dataset/Non_Demented/non_1795.jpg,non_1795.jpg,Non_Demented,0,Non_Demented,0,True,0.9999889135360718,9.844915439316537e-06,0.9999790686206325,0.00010202135973278384,0.9999347925186157,0.9999889135360718,9.844915439316537e-06,1.2224236343172379e-06,1.1179834835672864e-08
601,data/dataset/Non_Demented/non_123.jpg,non_123.jpg,Non_Demented,0,Non_Demented,0,True,0.9968022108078003,0.003007254097610712,0.9937949567101896,0.01611359469234941,0.9921272993087769,0.9968022108078003,0.003007254097610712,0.00017601056606508791,1.4505341823678464e-05
602,data/dataset/Non_Demented/non_308.jpg,non_308.jpg,Non_Demented,0,Non_Demented,0,True,0.9999672174453735,1.6303958545904607e-05,0.9999509134868276,0.00028547537097440705,0.9998267292976379,0.9999672174453735,1.6052828868851066e-05,1.6303958545904607e-05,4.0906923004513374e-07
603,data/dataset/Non_Demented/non_222.jpg,non_222.jpg,Non_Demented,0,Non_Demented,0,True,0.9998822212219238,0.00011761328642023727,0.9997646079355036,0.0008541454533414547,0.999541163444519,0.9998822212219238,0.00011761328642023727,1.0247597437285094e-08,1.231322244166222e-07
604,data/dataset/Non_Demented/non_2402.jpg,non_2402.jpg,Non_Demented,0,Non_Demented,0,True,0.5536096096038818,0.44630464911460876,0.10730496048927307,0.49647728073629477,0.5454590916633606,0.5536096096038818,0.44630464911460876,5.572926238528453e-05,3.007386294484604e-05
605,data/dataset/Non_Demented/non_2459.jpg,non_2459.jpg,Non_Demented,0,Non_Demented,0,True,0.9998897314071655,0.00011018985969712958,0.9997795415474684,0.0008049282678452483,0.9995661377906799,0.9998897314071655,0.00011018985969712958,3.339159704296435e-08,4.972467948505255e-08
606,data/dataset/Non_Demented/non_1211.jpg,non_1211.jpg,Non_Demented,0,Non_Demented,0,True,0.9999538660049438,4.5269822294358164e-05,0.9999085961826495,0.0003692869338723905,0.9997889399528503,0.9999538660049438,4.5269822294358164e-05,7.687946208534413e-07,1.3638130269555404e-07
607,data/dataset/Non_Demented/non_2354.jpg,non_2354.jpg,Non_Demented,0,Non_Demented,0,True,0.9889808893203735,0.010579186491668224,0.9784017028287053,0.04509790877189722,0.9779142141342163,0.9889808893203735,0.0004328740469645709,0.010579186491668224,7.162355814216426e-06
608,data/dataset/Non_Demented/non_2082.jpg,non_2082.jpg,Non_Demented,0,Non_Demented,0,True,0.9997482895851135,0.00024825477157719433,0.9995000348135363,0.001700000469561923,0.9991132616996765,0.9997482895851135,0.00024825477157719433,3.0907006021152483e-06,3.3781279284994525e-07
609,data/dataset/Non_Demented/non_1242.jpg,non_1242.jpg,Non_Demented,0,Non_Demented,0,True,0.9986281394958496,0.0013327273773029447,0.9972954121185467,0.007643760184103541,0.9962244033813477,0.9986281394958496,0.0013327273773029447,3.798854231717996e-05,1.1374221458027023e-06
610,data/dataset/Non_Demented/non_604.jpg,non_604.jpg,Non_Demented,0,Very_Mild_Demented,1,False,0.5048164129257202,0.48212018609046936,0.022696226835250854,0.5443295615297118,0.49820390343666077,0.48212018609046936,0.5048164129257202,0.012841603718698025,0.0002217676374129951
611,data/dataset/Non_Demented/non_902.jpg,non_902.jpg,Non_Demented,0,Non_Demented,0,True,0.9999774694442749,1.718854582577478e-05,0.9999602808984491,0.00020186197021527784,0.9998741149902344,0.9999774694442749,3.769684326471179e-06,1.718854582577478e-05,1.6242397578025702e-06
612,data/dataset/Non_Demented/non_1697.jpg,non_1697.jpg,Non_Demented,0,Non_Demented,0,True,0.9999738931655884,2.4252043658634648e-05,0.9999496411219297,0.00022281133395181656,0.9998660087585449,0.9999738931655884,2.4252043658634648e-05,1.3140934242983349e-06,4.998993290428189e-07
613,data/dataset/Non_Demented/non_3146.jpg,non_3146.jpg,Non_Demented,0,Non_Demented,0,True,0.9996263980865479,0.0002080846461467445,0.9994183134404011,0.0025905447745247544,0.9986371397972107,0.9996263980865479,0.00016294168017338961,0.0002080846461467445,2.519296685932204e-06
614,data/dataset/Non_Demented/non_41.jpg,non_41.jpg,Non_Demented,0,Non_Demented,0,True,0.9994584918022156,0.0005038061644881964,0.9989546856377274,0.003443693937744219,0.9982357025146484,0.9994584918022156,0.0005038061644881964,1.093383070838172e-05,2.6802084903465584e-05
615,data/dataset/Non_Demented/non_719.jpg,non_719.jpg,Non_Demented,0,Non_Demented,0,True,0.9999408721923828,5.82579305046238e-05,0.9998826142618782,0.0004611954114211877,0.9997405409812927,0.9999408721923828,5.82579305046238e-05,4.3157206164323725e-07,3.9688688957539853e-07
616,data/dataset/Non_Demented/non_2092.jpg,non_2092.jpg,Non_Demented,0,Non_Demented,0,True,0.9998745918273926,0.00010824188211699948,0.9997663499452756,0.0009454389333592003,0.999477207660675,0.9998745918273926,1.3512202713172883e-05,0.00010824188211699948,3.6227334021532442e-06
617,data/dataset/Non_Demented/non_2111.jpg,non_2111.jpg,Non_Demented,0,Non_Demented,0,True,0.9960078001022339,0.003343879943713546,0.9926639201585203,0.020126377206376972,0.9901877045631409,0.9960078001022339,0.003343879943713546,0.000626435736194253,2.184263212257065e-05
618,data/dataset/Non_Demented/non_379.jpg,non_379.jpg,Non_Demented,0,Non_Demented,0,True,0.9999992847442627,6.53904407954542e-07,0.9999986308398547,8.019150995763787e-06,0.9999935626983643,0.9999992847442627,6.53904407954542e-07,5.432777783198617e-08,9.818514001835865e-09
619,data/dataset/Non_Demented/non_1000.jpg,non_1000.jpg,Non_Demented,0,Non_Demented,0,True,0.9999856948852539,1.4329644727695268e-05,0.9999713652405262,0.00012602937781130307,0.9999229907989502,0.9999856948852539,1.4329644727695268e-05,1.2897305445846996e-08,1.9931208683487966e-08
620,data/dataset/Non_Demented/non_2970.jpg,non_2970.jpg,Non_Demented,0,Non_Demented,0,True,0.9995632767677307,0.0003888130886480212,0.9991744636790827,0.00286735118699206,0.9985169768333435,0.9995632767677307,4.57457936136052e-05,0.0003888130886480212,2.1562948404607596e-06
621,data/dataset/Non_Demented/non_2412.jpg,non_2412.jpg,Non_Demented,0,Non_Demented,0,True,0.9994082450866699,0.0005916900117881596,0.9988165550748818,0.0036008528261749443,0.9981943964958191,0.9994082450866699,0.0005916900117881596,1.4723060814958444e-07,1.0553395490831008e-08
622,data/dataset/Non_Demented/non_435.jpg,non_435.jpg,Non_Demented,0,Non_Demented,0,True,0.9997785687446594,0.00013981506344862282,0.9996387536812108,0.0016211647308883412,0.999122679233551,0.9997785687446594,0.00013981506344862282,7.718434790149331e-05,4.397145858092699e-06
623,data/dataset/Non_Demented/non_2211.jpg,non_2211.jpg,Non_Demented,0,Non_Demented,0,True,0.40731340646743774,0.31659483909606934,0.09071856737136841,0.7931945627123015,0.3947083055973053,0.40731340646743774,0.31659483909606934,0.27358078956604004,0.0025109911803156137
624,data/dataset/Very_Mild_Demented/verymild_1072.jpg,verymild_1072.jpg,Very_Mild_Demented,1,Very_Mild_Demented,1,True,0.9915716648101807,0.008408275432884693,0.983163389377296,0.035204187573302674,0.9828301668167114,0.008408275432884693,0.9915716648101807,1.1218112376809586e-05,8.901110049919225e-06
625,data/dataset/Very_Mild_Demented/verymild_396.jpg,verymild_396.jpg,Very_Mild_Demented,1,Very_Mild_Demented,1,True,0.9969358444213867,0.003053311025723815,0.9938825333956629,0.015056956126894129,0.9926833510398865,0.003053311025723815,0.9969358444213867,7.748294592602178e-06,3.1064689665072365e-06
626,data/dataset/Very_Mild_Demented/verymild_1539.jpg,verymild_1539.jpg,Very_Mild_Demented,1,Very_Mild_Demented,1,True,0.9997696280479431,0.00021090629161335528,0.9995587217563298,0.0016072336323130312,0.9991481304168701,0.00021090629161335528,0.9997696280479431,1.918025554914493e-05,2.8487255576692405e-07
627,data/dataset/Very_Mild_Demented/verymild_898.jpg,verymild_898.jpg,Very_Mild_Demented,1,Very_Mild_Demented,1,True,0.9971916079521179,0.0027352480683475733,0.9944563598837703,0.01417389776989444,0.9930860996246338,0.0027352480683475733,0.9971916079521179,7.2145601734519e-05,1.0574822226772085e-06
628,data/dataset/Very_Mild_Demented/verymild_2240.jpg,verymild_2240.jpg,Very_Mild_Demented,1,Very_Mild_Demented,1,True,0.9997407793998718,0.00019982203957624733,0.9995409573602956,0.0018347089039827528,0.9990233182907104,0.00019982203957624733,0.9997407793998718,5.884979327674955e-05,6.252071216295008e-07
629,data/dataset/Very_Mild_Demented/verymild_1225.jpg,verymild_1225.jpg,Very_Mild_Demented,1,Very_Mild_Demented,1,True,0.9998807907104492,5.9504658565856516e-05,0.9998212860518834,0.0009427128235960366,0.999466598033905,4.892895231023431e-05,0.9998807907104492,5.9504658565856516e-05,1.0760931218101177e-05
630,data/dataset/Very_Mild_Demented/verymild_1147.jpg,verymild_1147.jpg,Very_Mild_Demented,1,Very_Mild_Demented,1,True,0.9983636736869812,0.001523206359706819,0.9968404673272744,0.009063566317337608,0.9955220222473145,0.001523206359706819,0.9983636736869812,0.00010817122529260814,5.001123554393416e-06
631,data/dataset/Very_Mild_Demented/verymild_2175.jpg,verymild_2175.jpg,Very_Mild_Demented,1,Very_Mild_Demented,1,True,0.9968769550323486,0.003075634827837348,0.9938013202045113,0.015424118932269327,0.9924929738044739,4.705294850282371e-05,0.9968769550323486,0.003075634827837348,3.452767600720108e-07
632,data/dataset/Very_Mild_Demented/verymild_2110.jpg,verymild_2110.jpg,Very_Mild_Demented,1,Very_Mild_Demented,1,True,0.9998836517333984,0.0001117223291657865,0.9997719294042327,0.0008580043980460927,0.99953293800354,0.0001117223291657865,0.9998836517333984,4.557716238196008e-06,2.4811251719825123e-08
633,data/dataset/Very_Mild_Demented/verymild_1205.jpg,verymild_1205.jpg,Very_Mild_Demented,1,Very_Mild_Demented,1,True,0.9901072978973389,0.009796926751732826,0.980310371145606,0.04047418207573981,0.9801848530769348,0.009796926751732826,0.9901072978973389,6.136363663244992e-05,3.432641824474558e-05
634,data/dataset/Very_Mild_Demented/verymild_603.jpg,verymild_603.jpg,Very_Mild_Demented,1,Very_Mild_Demented,1,True,0.9957749247550964,0.004213566426187754,0.9915613583289087,0.01976406216197297,0.9904102087020874,0.004213566426187754,0.9957749247550964,8.890745448297821e-06,2.596572358015692e-06
635,data/dataset/Very_Mild_Demented/verymild_1469.jpg,verymild_1469.jpg,Very_Mild_Demented,1,Very_Mild_Demented,1,True,0.9988419413566589,0.0011285351356491446,0.9977134062210098,0.006586868347322578,0.9967339038848877,0.0011285351356491446,0.9988419413566589,2.815544394252356e-05,1.4716184750795946e-06
636,data/dataset/Very_Mild_Demented/verymild_2145.jpg,verymild_2145.jpg,Very_Mild_Demented,1,Very_Mild_Demented,1,True,0.9999624490737915,3.7260815588524565e-05,0.999925188258203,0.00030449345687669633,0.9998248219490051,3.7260815588524565e-05,0.9999624490737915,2.8803276563849067e-07,1.4387760316481035e-08
637,data/dataset/Very_Mild_Demented/verymild_1591.jpg,verymild_1591.jpg,Very_Mild_Demented,1,Very_Mild_Demented,1,True,0.9991312623023987,0.0005025595310144126,0.9986287027713843,0.005492846396750456,0.9972118735313416,0.0005025595310144126,0.9991312623023987,0.00036004497087560594,6.178166586323641e-06
638,data/dataset/Very_Mild_Demented/verymild_1664.jpg,verymild_1664.jpg,Very_Mild_Demented,1,Very_Mild_Demented,1,True,0.9953025579452515,0.004629955161362886,0.9906726027838886,0.021809717864347405,0.9893976449966431,0.004629955161362886,0.9953025579452515,6.427337939385325e-05,3.2386578823206946e-06
639,data/dataset/Very_Mild_Demented/verymild_657.jpg,verymild_657.jpg,Very_Mild_Demented,1,Very_Mild_Demented,1,True,0.9999814033508301,1.8458302292856388e-05,0.9999629450485372,0.00016055730927924447,0.9999032020568848,1.8458302292856388e-05,0.9999814033508301,1.5340064862812142e-07,2.1578859588089472e-08
640,data/dataset/Very_Mild_Demented/verymild_8.jpg,verymild_8.jpg,Very_Mild_Demented,1,Very_Mild_Demented,1,True,0.9980113506317139,0.0019717609975486994,0.9960395896341652,0.010434480335798852,0.9948962330818176,0.0019717609975486994,0.9980113506317139,8.447379514109343e-06,8.397859346587211e-06
641,data/dataset/Very_Mild_Demented/verymild_1096.jpg,verymild_1096.jpg,Very_Mild_Demented,1,Very_Mild_Demented,1,True,0.9999880790710449,1.1084211109846365e-05,0.9999769948599351,0.00010858777154995496,0.9999313354492188,1.1084211109846365e-05,0.9999880790710449,8.460410185762157e-07,1.7531563756278956e-08
642,data/dataset/Very_Mild_Demented/verymild_239.jpg,verymild_239.jpg,Very_Mild_Demented,1,Very_Mild_Demented,1,True,0.9997811913490295,0.00015149533282965422,0.9996296960161999,0.0015985726935047369,0.9991347193717957,0.00015149533282965422,0.9997811913490295,6.18024860159494e-05,5.44069644092815e-06
643,data/dataset/Very_Mild_Demented/verymild_1728.jpg,verymild_1728.jpg,Very_Mild_Demented,1,Very_Mild_Demented,1,True,0.9999508857727051,4.7683395678177476e-05,0.9999032023770269,0.00039192410830425585,0.999776303768158,4.7683395678177476e-05,0.9999508857727051,1.4054428447707323e-06,4.5961336070377e-08
644,data/dataset/Very_Mild_Demented/verymild_1361.jpg,verymild_1361.jpg,Very_Mild_Demented,1,Very_Mild_Demented,1,True,0.9862608313560486,0.011924074962735176,0.9743367563933134,0.05636078385401058,0.9724714756011963,0.011924074962735176,0.9862608313560486,0.0017680429155007005,4.702232399722561e-05
645,data/dataset/Very_Mild_Demented/verymild_1186.jpg,verymild_1186.jpg,Very_Mild_Demented,1,Very_Mild_Demented,1,True,0.9774346351623535,0.022564904764294624,0.9548697303980589,0.0778094550460041,0.9609309434890747,0.022564904764294624,0.9774346351623535,3.1782712994754547e-07,9.702206682504766e-08
646,data/dataset/Very_Mild_Demented/verymild_1421.jpg,verymild_1421.jpg,Very_Mild_Demented,1,Very_Mild_Demented,1,True,0.9979887008666992,0.0019840558525174856,0.9960046450141817,0.010562771331655747,0.9948334693908691,0.0019840558525174856,0.9979887008666992,2.6736521249404177e-05,4.299784563954745e-07
647,data/dataset/Very_Mild_Demented/verymild_199.jpg,verymild_199.jpg,Very_Mild_Demented,1,Very_Mild_Demented,1,True,0.9926359057426453,0.007287424523383379,0.9853484812192619,0.031725693349240705,0.9845335483551025,0.007287424523383379,0.9926359057426453,4.5692977437283844e-05,3.0995030101621523e-05
648,data/dataset/Very_Mild_Demented/verymild_1777.jpg,verymild_1777.jpg,Very_Mild_Demented,1,Very_Mild_Demented,1,True,0.9996103644371033,0.00038933733594603837,0.9992210271011572,0.0024899114105169638,0.9987319111824036,0.00038933733594603837,0.9996103644371033,1.897814172480139e-07,1.6252351997536607e-07
649,data/dataset/Very_Mild_Demented/verymild_1125.jpg,verymild_1125.jpg,Very_Mild_Demented,1,Very_Mild_Demented,1,True,0.9988896250724792,0.0010937523329630494,0.9977958727395162,0.00631433630835572,0.9968720078468323,0.0010937523329630494,0.9988896250724792,1.5573474229313433e-05,1.0156040843867231e-06
650,data/dataset/Very_Mild_Demented/verymild_1095.jpg,verymild_1095.jpg,Very_Mild_Demented,1,Very_Mild_Demented,1,True,0.9998207688331604,0.00015253006131388247,0.9996682387718465,0.001299681961967849,0.9992989301681519,0.00015253006131388247,0.9998207688331604,2.6567653549136594e-05,1.3651161623329244e-07
651,data/dataset/Very_Mild_Demented/verymild_1144.jpg,verymild_1144.jpg,Very_Mild_Demented,1,Very_Mild_Demented,1,True,0.9986491799354553,0.0013499581255018711,0.9972992218099535,0.007417501555327228,0.9963604807853699,0.0013499581255018711,0.9986491799354553,8.15563396372454e-07,8.640481041766179e-08
652,data/dataset/Very_Mild_Demented/verymild_968.jpg,verymild_968.jpg,Very_Mild_Demented,1,Very_Mild_Demented,1,True,0.9982784986495972,0.0017213119426742196,0.996557186706923,0.009146602362764537,0.9955344200134277,0.0017213119426742196,0.9982784986495972,2.37466949215559e-07,3.887826238724301e-08
653,data/dataset/Very_Mild_Demented/verymild_2158.jpg,verymild_2158.jpg,Very_Mild_Demented,1,Very_Mild_Demented,1,True,0.9998446702957153,0.00015527095820289105,0.9996893993375124,0.0010945021247897161,0.9994206428527832,0.00015527095820289105,0.9998446702957153,9.31889854172141e-09,1.645523606264021e-09
654,data/dataset/Very_Mild_Demented/verymild_2059.jpg,verymild_2059.jpg,Very_Mild_Demented,1,Very_Mild_Demented,1,True,0.996665894985199,0.0033233172725886106,0.9933425777126104,0.016172862869788543,0.9921476244926453,0.0033233172725886106,0.996665894985199,7.720557277934859e-07,1.0031400961452164e-05
655,data/dataset/Very_Mild_Demented/verymild_190.jpg,verymild_190.jpg,Very_Mild_Demented,1,Very_Mild_Demented,1,True,0.9999858140945435,1.3615993339044508e-05,0.9999721981012044,0.00012642665731491662,0.999921441078186,1.3615993339044508e-05,0.9999858140945435,4.655294958411105e-07,1.0810962436380578e-07
656,data/dataset/Very_Mild_Demented/verymild_1858.jpg,verymild_1858.jpg,Very_Mild_Demented,1,Very_Mild_Demented,1,True,0.9997937083244324,0.00016607057477813214,0.9996276377496542,0.0014902298376780444,0.9991973042488098,3.8671179936500266e-05,0.9997937083244324,0.00016607057477813214,1.602464521965885e-06
657,data/dataset/Very_Mild_Demented/verymild_1377.jpg,verymild_1377.jpg,Very_Mild_Demented,1,Very_Mild_Demented,1,True,0.9981499910354614,0.0014494810020551085,0.9967005100334063,0.010455851867397475,0.9948300719261169,0.0014494810020551085,0.9981499910354614,0.00039283352089114487,7.76279284764314e-06
658,data/dataset/Very_Mild_Demented/verymild_1474.jpg,verymild_1474.jpg,Very_Mild_Demented,1,Very_Mild_Demented,1,True,0.9994128942489624,0.00038627907633781433,0.9990266151726246,0.0038584657060830685,0.9980131387710571,0.00038627907633781433,0.9994128942489624,0.000197909030248411,3.03649380839488e-06
659,data/dataset/Very_Mild_Demented/verymild_830.jpg,verymild_830.jpg,Very_Mild_Demented,1,Very_Mild_Demented,1,True,0.9975616931915283,0.0019157730275765061,0.9956459201639518,0.01332653387463554,0.993444561958313,0.0004970191512256861,0.9975616931915283,0.0019157730275765061,2.5550594727974385e-05
660,data/dataset/Very_Mild_Demented/verymild_987.jpg,verymild_987.jpg,Very_Mild_Demented,1,Very_Mild_Demented,1,True,0.9989838004112244,0.0009380669216625392,0.9980457334895618,0.005998973199444493,0.9969953298568726,0.0009380669216625392,0.9989838004112244,7.205132715171203e-05,6.124508217908442e-06
661,data/dataset/Very_Mild_Demented/verymild_1494.jpg,verymild_1494.jpg,Very_Mild_Demented,1,Very_Mild_Demented,1,True,0.995913565158844,0.004083071835339069,0.9918304933235049,0.01917488453409294,0.9907044768333435,0.004083071835339069,0.995913565158844,2.625797378641437e-06,6.776613759029715e-07
662,data/dataset/Very_Mild_Demented/verymild_343.jpg,verymild_343.jpg,Very_Mild_Demented,1,Very_Mild_Demented,1,True,0.9998573064804077,0.00013475159357767552,0.99972255488683,0.0010364630186777428,0.9994398951530457,7.812271178408992e-06,0.9998573064804077,0.00013475159357767552,8.422375685768202e-08
663,data/dataset/Very_Mild_Demented/verymild_1802.jpg,verymild_1802.jpg,Very_Mild_Demented,1,Very_Mild_Demented,1,True,0.9999924898147583,7.237118552438915e-06,0.9999852526962059,7.062346737349729e-05,0.9999539852142334,7.237118552438915e-06,0.9999924898147583,2.642095466853789e-07,4.318275870218713e-08
664,data/dataset/Very_Mild_Demented/verymild_1886.jpg,verymild_1886.jpg,Very_Mild_Demented,1,Very_Mild_Demented,1,True,0.9880738854408264,0.011926143430173397,0.976147742010653,0.04665408303931366,0.9771071076393127,0.011926143430173397,0.9880738854408264,2.0154740099087576e-08,3.3698401846748993e-09
665,data/dataset/Very_Mild_Demented/verymild_18.jpg,verymild_18.jpg,Very_Mild_Demented,1,Very_Mild_Demented,1,True,0.9928969740867615,0.007102643605321646,0.9857943304814398,0.030457909802260912,0.9851977229118347,0.007102643605321646,0.9928969740867615,1.6970041372132982e-07,2.939061687357025e-07
666,data/dataset/Very_Mild_Demented/verymild_429.jpg,verymild_429.jpg,Very_Mild_Demented,1,Very_Mild_Demented,1,True,0.9946712851524353,0.0053010969422757626,0.9893701882101595,0.024088903165147717,0.9882979989051819,0.0053010969422757626,0.9946712851524353,2.2531370632350445e-05,5.06967126057134e-06
667,data/dataset/Very_Mild_Demented/verymild_1248.jpg,verymild_1248.jpg,Very_Mild_Demented,1,Very_Mild_Demented,1,True,0.9730679988861084,0.025234336033463478,0.9478336628526449,0.09400998428113573,0.9528815746307373,0.025234336033463478,0.9730679988861084,0.001683996757492423,1.3707734069612343e-05
668,data/dataset/Very_Mild_Demented/verymild_135.jpg,verymild_135.jpg,Very_Mild_Demented,1,Very_Mild_Demented,1,True,0.8069136142730713,0.13302108645439148,0.6738925278186798,0.44173980350257336,0.753669261932373,0.13302108645439148,0.8069136142730713,0.05974274128675461,0.00032256508711725473
669,data/dataset/Very_Mild_Demented/verymild_1963.jpg,verymild_1963.jpg,Very_Mild_Demented,1,Very_Mild_Demented,1,True,0.9995586276054382,0.000436194910435006,0.9991224326950032,0.0027998977102634227,0.998572587966919,0.000436194910435006,0.9995586276054382,3.442967681621667e-06,1.6422402495663846e-06
670,data/dataset/Very_Mild_Demented/verymild_1229.jpg,verymild_1229.jpg,Very_Mild_Demented,1,Very_Mild_Demented,1,True,0.9995669722557068,0.00021896518592257053,0.9993480070697842,0.002958077745683646,0.9984543323516846,0.00021128244407009333,0.9995669722557068,0.00021896518592257053,2.712053628783906e-06
671,data/dataset/Very_Mild_Demented/verymild_624.jpg,verymild_624.jpg,Very_Mild_Demented,1,Very_Mild_Demented,1,True,0.9997588992118835,0.0002397487114649266,0.9995191505004186,0.001629509248491337,0.9991509914398193,0.0002397487114649266,0.9997588992118835,1.0944959285552613e-06,2.8957808240193117e-07
672,data/dataset/Very_Mild_Demented/verymild_1561.jpg,verymild_1561.jpg,Very_Mild_Demented,1,Very_Mild_Demented,1,True,0.9999195337295532,4.239840563968755e-05,0.9998771353239135,0.0006459664587491424,0.9996320009231567,4.239840563968755e-05,0.9999195337295532,3.8114394556032494e-05,1.9236122028587488e-08
673,data/dataset/Very_Mild_Demented/verymild_51.jpg,verymild_51.jpg,Very_Mild_Demented,1,Very_Mild_Demented,1,True,0.9792904853820801,0.020698364824056625,0.9585921205580235,0.0727757969525995,0.9635913372039795,0.020698364824056625,0.9792904853820801,9.345963007945102e-06,1.88172350590321e-06
674,data/dataset/Very_Mild_Demented/verymild_110.jpg,verymild_110.jpg,Very_Mild_Demented,1,Very_Mild_Demented,1,True,0.9997853636741638,0.00020825531100854278,0.9995771083631553,0.0014844138345367081,0.9992169141769409,6.152802143333247e-06,0.9997853636741638,0.00020825531100854278,2.6895739324572787e-07
675,data/dataset/Very_Mild_Demented/verymild_214.jpg,verymild_214.jpg,Very_Mild_Demented,1,Very_Mild_Demented,1,True,0.9994891881942749,0.0005106925964355469,0.9989784955978394,0.003161707555630516,0.9984069466590881,0.0005106925964355469,0.9994891881942749,7.740961649460587e-08,1.0324166410669022e-08
676,data/dataset/Very_Mild_Demented/verymild_1990.jpg,verymild_1990.jpg,Very_Mild_Demented,1,Very_Mild_Demented,1,True,0.9999794960021973,1.7937929442268796e-05,0.999961558072755,0.00018128176455158723,0.9998881816864014,2.222415787400678e-06,0.9999794960021973,1.7937929442268796e-05,3.9621656355848245e-07
677,data/dataset/Very_Mild_Demented/verymild_696.jpg,verymild_696.jpg,Very_Mild_Demented,1,Very_Mild_Demented,1,True,0.97270667552948,0.027246925979852676,0.9454597495496273,0.09057412563111422,0.9540703296661377,0.027246925979852676,0.97270667552948,4.116900163353421e-05,5.231955128692789e-06
678,data/dataset/Very_Mild_Demented/verymild_1295.jpg,verymild_1295.jpg,Very_Mild_Demented,1,Very_Mild_Demented,1,True,0.9999812841415405,1.123558195104124e-05,0.9999700485595895,0.00016997357985073055,0.9998929500579834,7.22574804967735e-06,0.9999812841415405,1.123558195104124e-05,2.173733122390331e-07
679,data/dataset/Very_Mild_Demented/verymild_1420.jpg,verymild_1420.jpg,Very_Mild_Demented,1,Very_Mild_Demented,1,True,0.9299832582473755,0.0699310377240181,0.8600522205233574,0.1835114218720716,0.8998356461524963,0.0699310377240181,0.9299832582473755,4.9320900870952755e-05,3.636459223343991e-05
680,data/dataset/Very_Mild_Demented/verymild_1794.jpg,verymild_1794.jpg,Very_Mild_Demented,1,Very_Mild_Demented,1,True,0.999810516834259,0.00014586065663024783,0.9996646561776288,0.001382490432695639,0.9992533326148987,4.3596541217993945e-05,0.999810516834259,0.00014586065663024783,5.850528239648156e-08
681,data/dataset/Very_Mild_Demented/verymild_1548.jpg,verymild_1548.jpg,Very_Mild_Demented,1,Very_Mild_Demented,1,True,0.9998430013656616,0.00011961692507611588,0.9997233844405855,0.0011700277852655155,0.9993602633476257,3.680065492517315e-05,0.9998430013656616,0.00011961692507611588,6.300658128566283e-07
682,data/dataset/Very_Mild_Demented/verymild_1599.jpg,verymild_1599.jpg,Very_Mild_Demented,1,Very_Mild_Demented,1,True,0.9985225796699524,0.001292978529818356,0.997229601140134,0.0084199696166041,0.9958235025405884,0.001292978529818356,0.9985225796699524,0.0001824389473767951,1.999814685404999e-06
683,data/dataset/Very_Mild_Demented/verymild_416.jpg,verymild_416.jpg,Very_Mild_Demented,1,Very_Mild_Demented,1,True,0.995022177696228,0.004960847552865744,0.9900613301433623,0.022706772653175514,0.9889794588088989,1.6028241589083336e-05,0.995022177696228,0.004960847552865744,9.166510608338285e-07
684,data/dataset/Very_Mild_Demented/verymild_1654.jpg,verymild_1654.jpg,Very_Mild_Demented,1,Very_Mild_Demented,1,True,0.9982985854148865,0.0010052050929516554,0.9972933803219348,0.009902142302221754,0.9950917959213257,0.000691549270413816,0.9982985854148865,0.0010052050929516554,4.616274509317009e-06
685,data/dataset/Very_Mild_Demented/verymild_2094.jpg,verymild_2094.jpg,Very_Mild_Demented,1,Very_Mild_Demented,1,True,0.9999966621398926,3.2636348805681337e-06,0.999993398505012,3.268280766243686e-05,0.9999775886535645,3.2636348805681337e-06,0.9999966621398926,3.978061968723523e-08,3.268339598960779e-09
686,data/dataset/Very_Mild_Demented/verymild_1029.jpg,verymild_1029.jpg,Very_Mild_Demented,1,Very_Mild_Demented,1,True,0.9991807341575623,0.0008174872491508722,0.9983632469084114,0.004799921242448286,0.9976134300231934,0.0008174872491508722,0.9991807341575623,1.634866748645436e-06,1.0244534820458284e-07
687,data/dataset/Very_Mild_Demented/verymild_923.jpg,verymild_923.jpg,Very_Mild_Demented,1,Very_Mild_Demented,1,True,0.999933123588562,6.610691343666986e-05,0.9998670166751253,0.0005158840889136305,0.9997122883796692,6.564346790582931e-07,0.999933123588562,6.610691343666986e-05,1.7475359470608964e-07
688,data/dataset/Very_Mild_Demented/verymild_935.jpg,verymild_935.jpg,Very_Mild_Demented,1,Very_Mild_Demented,1,True,0.9999992847442627,7.532784707109386e-07,0.999998531465792,8.195491208756688e-06,0.9999936819076538,7.532784707109386e-07,0.9999992847442627,1.2341975219598567e-09,1.7969957119556845e-11
689,data/dataset/Very_Mild_Demented/verymild_2200.jpg,verymild_2200.jpg,Very_Mild_Demented,1,Very_Mild_Demented,1,True,0.998606264591217,0.0012641088105738163,0.9973421557806432,0.007936666120932571,0.9960604310035706,0.00012662015797104686,0.998606264591217,0.0012641088105738163,2.9508425996027654e-06
690,data/dataset/Very_Mild_Demented/verymild_1641.jpg,verymild_1641.jpg,Very_Mild_Demented,1,Very_Mild_Demented,1,True,0.9999819993972778,1.3393716471910011e-05,0.9999686056808059,0.0001638890427632047,0.9998966455459595,1.3393716471910011e-05,0.9999819993972778,4.2828728510357905e-06,4.0568284020991996e-07
691,data/dataset/Very_Mild_Demented/verymild_536.jpg,verymild_536.jpg,Very_Mild_Demented,1,Very_Mild_Demented,1,True,0.9763385653495789,0.023339545354247093,0.9529990199953318,0.08204367328470429,0.9587573409080505,0.023339545354247093,0.9763385653495789,0.0003044754557777196,1.746050111250952e-05
692,data/dataset/Very_Mild_Demented/verymild_1607.jpg,verymild_1607.jpg,Very_Mild_Demented,1,Very_Mild_Demented,1,True,0.9999867677688599,1.1499050742713735e-05,0.9999752687181171,0.00012159814781965398,0.9999223947525024,1.1499050742713735e-05,0.9999867677688599,1.4164895674184663e-06,3.700875197409914e-07
693,data/dataset/Very_Mild_Demented/verymild_1126.jpg,verymild_1126.jpg,Very_Mild_Demented,1,Very_Mild_Demented,1,True,0.9919718503952026,0.007987206801772118,0.9839846435934305,0.03390244282723532,0.9834717512130737,0.007987206801772118,0.9919718503952026,3.740676766028628e-05,3.5104148992104456e-06
694,data/dataset/Very_Mild_Demented/verymild_2018.jpg,verymild_2018.jpg,Very_Mild_Demented,1,Very_Mild_Demented,1,True,0.9999516010284424,4.837981759919785e-05,0.9999032212108432,0.00038169395377069405,0.9997848868370056,4.837981759919785e-05,0.9999516010284424,7.106635280251794e-10,2.1689812446101797e-10
695,data/dataset/Very_Mild_Demented/verymild_221.jpg,verymild_221.jpg,Very_Mild_Demented,1,Very_Mild_Demented,1,True,0.9999984502792358,7.335223131121893e-07,0.9999977167569227,1.599202470794847e-05,0.9999876022338867,7.335223131121893e-07,0.9999984502792358,6.401648988685338e-07,6.842824973318784e-08
696,data/dataset/Very_Mild_Demented/verymild_1910.jpg,verymild_1910.jpg,Very_Mild_Demented,1,Very_Mild_Demented,1,True,0.9940424561500549,0.005941894371062517,0.9881005617789924,0.02638136740765488,0.9871866703033447,0.005941894371062517,0.9940424561500549,1.4804627426201478e-05,8.139089686665102e-07
697,data/dataset/Very_Mild_Demented/verymild_2126.jpg,verymild_2126.jpg,Very_Mild_Demented,1,Very_Mild_Demented,1,True,0.9997960925102234,0.00019450599211268127,0.9996015865181107,0.0014258794385444667,0.9992432594299316,0.00019450599211268127,0.9997960925102234,8.848359357216395e-06,5.394620643528469e-07
698,data/dataset/Very_Mild_Demented/verymild_2218.jpg,verymild_2218.jpg,Very_Mild_Demented,1,Very_Mild_Demented,1,True,0.9945517182350159,0.005363950505852699,0.9891877677291632,0.024754677566155767,0.9879526495933533,0.005363950505852699,0.9945517182350159,6.145783117972314e-05,2.2919888579053804e-05
699,data/dataset/Very_Mild_Demented/verymild_537.jpg,verymild_537.jpg,Very_Mild_Demented,1,Very_Mild_Demented,1,True,0.9982909560203552,0.0016991259763017297,0.9965918300440535,0.00913367007358833,0.9955267310142517,0.0016991259763017297,0.9982909560203552,8.22563288238598e-06,1.6239857814071001e-06
700,data/dataset/Very_Mild_Demented/verymild_1576.jpg,verymild_1576.jpg,Very_Mild_Demented,1,Very_Mild_Demented,1,True,0.9999871253967285,1.2461778169381432e-05,0.9999746636185591,0.00011556456311172334,0.9999279975891113,4.4980407665207167e-07,0.9999871253967285,1.2461778169381432e-05,1.4446790430611145e-09
701,data/dataset/Very_Mild_Demented/verymild_143.jpg,verymild_143.jpg,Very_Mild_Demented,1,Very_Mild_Demented,1,True,0.9317961931228638,0.0644867792725563,0.8673094138503075,0.19009005923721303,0.8988291621208191,0.0644867792725563,0.9317961931228638,0.0036970539949834347,1.996109313040506e-05
702,data/dataset/Very_Mild_Demented/verymild_521.jpg,verymild_521.jpg,Very_Mild_Demented,1,Very_Mild_Demented,1,True,0.9618816375732422,0.03792352229356766,0.9239581152796745,0.1177691080260251,0.9390845894813538,0.03792352229356766,0.9618816375732422,0.00013225934526417404,6.264672265388072e-05
703,data/dataset/Very_Mild_Demented/verymild_240.jpg,verymild_240.jpg,Very_Mild_Demented,1,Very_Mild_Demented,1,True,0.9998960494995117,6.129870598670095e-05,0.999834750793525,0.0008136915732802035,0.9995433688163757,4.248641198500991e-05,0.9998960494995117,6.129870598670095e-05,1.1293825252778333e-07
704,data/dataset/Very_Mild_Demented/verymild_584.jpg,verymild_584.jpg,Very_Mild_Demented,1,Non_Demented,0,False,0.9960363507270813,0.002097343560308218,0.9939390071667731,0.02068289425396658,0.9899477958679199,0.9960363507270813,0.002097343560308218,0.0018577005248516798,8.599819921073504e-06
705,data/dataset/Very_Mild_Demented/verymild_188.jpg,verymild_188.jpg,Very_Mild_Demented,1,Very_Mild_Demented,1,True,0.9844825267791748,0.015509197488427162,0.9689733292907476,0.057789223381956516,0.9714098572731018,0.015509197488427162,0.9844825267791748,7.620585620315978e-06,7.284589855771628e-07
706,data/dataset/Very_Mild_Demented/verymild_907.jpg,verymild_907.jpg,Very_Mild_Demented,1,Very_Mild_Demented,1,True,0.994659960269928,0.00347091443836689,0.9911890458315611,0.026521721374132452,0.9871591329574585,0.0018626677338033915,0.994659960269928,0.00347091443836689,6.345393103401875e-06
707,data/dataset/Very_Mild_Demented/verymild_2014.jpg,verymild_2014.jpg,Very_Mild_Demented,1,Very_Mild_Demented,1,True,0.9993649125099182,0.0006339256069622934,0.9987309869029559,0.0038370333759301357,0.9980776309967041,0.0006339256069622934,0.9993649125099182,4.746377442188532e-07,6.681328841295908e-07
708,data/dataset/Very_Mild_Demented/verymild_509.jpg,verymild_509.jpg,Very_Mild_Demented,1,Non_Demented,0,False,0.4741266369819641,0.40817999839782715,0.06594663858413696,0.701501883417807,0.45720958709716797,0.4741266369819641,0.40817999839782715,0.11755337566137314,0.0001400012115482241
709,data/dataset/Very_Mild_Demented/verymild_1903.jpg,verymild_1903.jpg,Very_Mild_Demented,1,Very_Mild_Demented,1,True,0.9986640214920044,0.0013214825885370374,0.9973425389034674,0.0074046908632596385,0.9963492155075073,0.0013214825885370374,0.9986640214920044,1.1035046554752626e-05,3.4963563848577905e-06
710,data/dataset/Very_Mild_Demented/verymild_1888.jpg,verymild_1888.jpg,Very_Mild_Demented,1,Very_Mild_Demented,1,True,0.9996521472930908,0.00028302479768171906,0.9993691224954091,0.002374576720944745,0.9987545013427734,0.00028302479768171906,0.9996521472930908,6.322620902210474e-05,1.5264621424648794e-06
711,data/dataset/Very_Mild_Demented/verymild_975.jpg,verymild_975.jpg,Very_Mild_Demented,1,Very_Mild_Demented,1,True,0.9975337982177734,0.002406969666481018,0.9951268285512924,0.012664846748814403,0.9938141107559204,0.002406969666481018,0.9975337982177734,5.8382112911203876e-05,8.868702821018815e-07
712,data/dataset/Very_Mild_Demented/verymild_1966.jpg,verymild_1966.jpg,Very_Mild_Demented,1,Very_Mild_Demented,1,True,0.9999834299087524,1.6177884390344843e-05,0.9999672520243621,0.0001446053200834048,0.9999117851257324,1.6177884390344843e-05,0.9999834299087524,3.6499793054645124e-07,6.046731448883236e-10
713,data/dataset/Very_Mild_Demented/verymild_1629.jpg,verymild_1629.jpg,Very_Mild_Demented,1,Very_Mild_Demented,1,True,0.9999282360076904,7.09974774508737e-05,0.9998572385302396,0.0005489213431202787,0.9996951818466187,7.09974774508737e-05,0.9999282360076904,3.105598409547383e-07,4.3135389660164947e-07
714,data/dataset/Very_Mild_Demented/verymild_1737.jpg,verymild_1737.jpg,Very_Mild_Demented,1,Very_Mild_Demented,1,True,0.9990087747573853,0.0009842885192483664,0.9980244862381369,0.00568968322789186,0.9971804618835449,0.0009842885192483664,0.9990087747573853,6.757235951226903e-06,9.830576175318129e-08
715,data/dataset/Very_Mild_Demented/verymild_1677.jpg,verymild_1677.jpg,Very_Mild_Demented,1,Very_Mild_Demented,1,True,0.9999890327453613,1.024501307256287e-05,0.9999787877322888,0.00010009210781721215,0.9999363422393799,5.643915983455372e-07,0.9999890327453613,1.024501307256287e-05,1.2370992408250459e-07
716,data/dataset/Very_Mild_Demented/verymild_1976.jpg,verymild_1976.jpg,Very_Mild_Demented,1,Very_Mild_Demented,1,True,0.9982295632362366,0.0017574670491740108,0.9964720961870626,0.009428644504878325,0.9953821301460266,0.0017574670491740108,0.9982295632362366,2.79912046607933e-06,1.0183473023062106e-05
717,data/dataset/Very_Mild_Demented/verymild_245.jpg,verymild_245.jpg,Very_Mild_Demented,1,Very_Mild_Demented,1,True,0.996174693107605,0.003447719383984804,0.9927269737236202,0.019083184190821566,0.9906830787658691,0.003447719383984804,0.996174693107605,0.00034469415550120175,3.29455106111709e-05
718,data/dataset/Very_Mild_Demented/verymild_1682.jpg,verymild_1682.jpg,Very_Mild_Demented,1,Very_Mild_Demented,1,True,0.9764421582221985,0.023551130667328835,0.9528910275548697,0.08053461151470857,0.9594725370407104,0.023551130667328835,0.9764421582221985,1.461060833207739e-06,5.226459961704677e-06
719,data/dataset/Very_Mild_Demented/verymild_274.jpg,verymild_274.jpg,Very_Mild_Demented,1,Very_Mild_Demented,1,True,0.9746638536453247,0.02533571608364582,0.9493281375616789,0.08522122474204553,0.9569641351699829,0.02533571608364582,0.9746638536453247,2.1597733734779467e-07,2.2884421468916116e-07
720,data/dataset/Very_Mild_Demented/verymild_499.jpg,verymild_499.jpg,Very_Mild_Demented,1,Very_Mild_Demented,1,True,0.9827108979225159,0.01693917252123356,0.9657717254012823,0.06421967619554829,0.9681437015533447,0.01693917252123356,0.9827108979225159,0.00034550504642538726,4.434807124198414e-06
721,data/dataset/Very_Mild_Demented/verymild_1129.jpg,verymild_1129.jpg,Very_Mild_Demented,1,Very_Mild_Demented,1,True,0.9823964834213257,0.01712297461926937,0.9652735088020563,0.06552365940330579,0.9674971103668213,0.01712297461926937,0.9823964834213257,0.0004643522552214563,1.6202036931645125e-05
722,data/dataset/Very_Mild_Demented/verymild_320.jpg,verymild_320.jpg,Very_Mild_Demented,1,Very_Mild_Demented,1,True,0.999955415725708,4.370302121969871e-05,0.9999117127044883,0.0003574299141556426,0.999795138835907,4.370302121969871e-05,0.999955415725708,5.095361643725482e-07,3.2402334682046785e-07
723,data/dataset/Very_Mild_Demented/verymild_24.jpg,verymild_24.jpg,Very_Mild_Demented,1,Very_Mild_Demented,1,True,0.9999825954437256,1.3717728506890126e-05,0.9999688777152187,0.00015705943996671942,0.9999017715454102,1.3717728506890126e-05,0.9999825954437256,3.7310830975911813e-06,5.0884301217024586e-09
724,data/dataset/Very_Mild_Demented/verymild_43.jpg,verymild_43.jpg,Very_Mild_Demented,1,Very_Mild_Demented,1,True,0.9992369413375854,0.0005027771694585681,0.9987341641681269,0.004869024341830023,0.9975192546844482,0.0005027771694585681,0.9992369413375854,0.00025653777993284166,3.7840998174942797e-06
725,data/dataset/Very_Mild_Demented/verymild_1674.jpg,verymild_1674.jpg,Very_Mild_Demented,1,Very_Mild_Demented,1,True,0.999923586845398,7.638093666173518e-05,0.9998472059087362,0.0005775428503925302,0.9996829032897949,7.638093666173518e-05,0.999923586845398,1.7747118219446634e-09,6.592006052130728e-09
726,data/dataset/Very_Mild_Demented/verymild_2177.jpg,verymild_2177.jpg,Very_Mild_Demented,1,Very_Mild_Demented,1,True,0.9999932050704956,6.736592695233412e-06,0.9999864684778004,6.434870911851475e-05,0.9999582767486572,6.736592695233412e-06,0.9999932050704956,1.0308947651083145e-07,3.086876532165661e-08
727,data/dataset/Very_Mild_Demented/verymild_1845.jpg,verymild_1845.jpg,Very_Mild_Demented,1,Very_Mild_Demented,1,True,0.9999947547912598,4.649056336347712e-06,0.9999901057349234,5.075255893226616e-05,0.9999657869338989,4.649056336347712e-06,0.9999947547912598,5.439464416667761e-07,9.852330506987528e-09
728,data/dataset/Very_Mild_Demented/verymild_633.jpg,verymild_633.jpg,Very_Mild_Demented,1,Very_Mild_Demented,1,True,0.9997699856758118,0.00023000047076493502,0.9995399852050468,0.0015568413719957684,0.9991902709007263,0.00023000047076493502,0.9997699856758118,6.485014125701127e-08,2.0723316396242808e-08
729,data/dataset/Very_Mild_Demented/verymild_1352.jpg,verymild_1352.jpg,Very_Mild_Demented,1,Very_Mild_Demented,1,True,0.9854199290275574,0.008888635784387589,0.9765312932431698,0.06215743222905235,0.9699801802635193,0.008888635784387589,0.9854199290275574,0.0056392718106508255,5.214474367676303e-05
730,data/dataset/Very_Mild_Demented/verymild_734.jpg,verymild_734.jpg,Very_Mild_Demented,1,Very_Mild_Demented,1,True,0.9991655349731445,0.0008327581454068422,0.9983327768277377,0.004878154202084811,0.997575581073761,0.0008327581454068422,0.9991655349731445,1.3189587662054691e-06,3.8524012779816985e-07
731,data/dataset/Very_Mild_Demented/verymild_408.jpg,verymild_408.jpg,Very_Mild_Demented,1,Very_Mild_Demented,1,True,0.9999935626983643,5.873281224921811e-06,0.9999876894171393,6.186673830150378e-05,0.999958872795105,5.692554623237811e-07,0.9999935626983643,5.873281224921811e-06,2.2648784181455994e-08
732,data/dataset/Very_Mild_Demented/verymild_970.jpg,verymild_970.jpg,Very_Mild_Demented,1,Very_Mild_Demented,1,True,0.9744274020195007,0.02524949237704277,0.949177909642458,0.08721821741591256,0.9559780359268188,0.0002451785549055785,0.9744274020195007,0.02524949237704277,7.79590118327178e-05
733,data/dataset/Very_Mild_Demented/verymild_1773.jpg,verymild_1773.jpg,Very_Mild_Demented,1,Very_Mild_Demented,1,True,0.9102116823196411,0.07596144080162048,0.8342502415180206,0.24598517319172336,0.8696915507316589,0.013766517862677574,0.9102116823196411,0.07596144080162048,6.047019633115269e-05
734,data/dataset/Very_Mild_Demented/verymild_2118.jpg,verymild_2118.jpg,Very_Mild_Demented,1,Very_Mild_Demented,1,True,0.9998937845230103,7.663673022761941e-05,0.9998171477927826,0.0008281942958322826,0.9995342493057251,7.663673022761941e-05,0.9998937845230103,2.714807851589285e-05,2.3307206902245525e-06
735,data/dataset/Very_Mild_Demented/verymild_345.jpg,verymild_345.jpg,Very_Mild_Demented,1,Very_Mild_Demented,1,True,0.9999754428863525,2.2557247575605288e-05,0.9999528856387769,0.0002105168627585027,0.9998730421066284,2.2557247575605288e-05,0.9999754428863525,1.881253069768718e-06,6.847563582823568e-08
736,data/dataset/Very_Mild_Demented/verymild_623.jpg,verymild_623.jpg,Very_Mild_Demented,1,Very_Mild_Demented,1,True,0.999785840511322,0.0002141367003787309,0.9995717038109433,0.0014597702658246967,0.9992386102676392,0.0002141367003787309,0.999785840511322,1.2686487416146974e-08,4.4363948070724746e-09
737,data/dataset/Very_Mild_Demented/verymild_1493.jpg,verymild_1493.jpg,Very_Mild_Demented,1,Very_Mild_Demented,1,True,0.9969422221183777,0.00190909078810364,0.995033131330274,0.016518991390794543,0.9919195175170898,0.0011242174077779055,0.9969422221183777,0.00190909078810364,2.4471319193253294e-05
738,data/dataset/Very_Mild_Demented/verymild_1597.jpg,verymild_1597.jpg,Very_Mild_Demented,1,Very_Mild_Demented,1,True,0.9998059868812561,0.00011764717055484653,0.9996883397107013,0.0014313214130105378,0.9992243051528931,0.00011764717055484653,0.9998059868812561,7.632083725184202e-05,1.4095574840666814e-07
739,data/dataset/Very_Mild_Demented/verymild_1642.jpg,verymild_1642.jpg,Very_Mild_Demented,1,Very_Mild_Demented,1,True,0.9999711513519287,2.7167738153366372e-05,0.9999439836137753,0.00024323171247671096,0.9998555183410645,1.599124402673624e-06,0.9999711513519287,2.7167738153366372e-05,8.429409348309491e-08
740,data/dataset/Very_Mild_Demented/verymild_1354.jpg,verymild_1354.jpg,Very_Mild_Demented,1,Very_Mild_Demented,1,True,0.9895122647285461,0.010486974380910397,0.9790252903476357,0.04201169891276656,0.979446291923523,0.010486974380910397,0.9895122647285461,5.68225175356929e-07,2.782566355108429e-07
741,data/dataset/Very_Mild_Demented/verymild_1648.jpg,verymild_1648.jpg,Very_Mild_Demented,1,Very_Mild_Demented,1,True,0.9999969005584717,3.0885400974511867e-06,0.9999938120183742,3.097808631949429e-05,0.9999786615371704,2.2334241123189713e-08,0.9999969005584717,3.0885400974511867e-06,1.4694499839151831e-08
742,data/dataset/Very_Mild_Demented/verymild_1999.jpg,verymild_1999.jpg,Very_Mild_Demented,1,Very_Mild_Demented,1,True,0.9999666213989258,2.765221506706439e-05,0.9999389691838587,0.0002834136155797191,0.9998308420181274,2.765221506706439e-05,0.9999666213989258,5.674782642017817e-06,4.34153548667382e-08
743,data/dataset/Very_Mild_Demented/verymild_1560.jpg,verymild_1560.jpg,Very_Mild_Demented,1,Very_Mild_Demented,1,True,0.9939550757408142,0.0059945788234472275,0.987960496917367,0.02684706686667325,0.9869427680969238,0.0059945788234472275,0.9939550757408142,4.419591641635634e-05,6.215323537617223e-06
744,data/dataset/Very_Mild_Demented/verymild_1961.jpg,verymild_1961.jpg,Very_Mild_Demented,1,Very_Mild_Demented,1,True,0.9999924898147583,7.3105170486087445e-06,0.9999851792977097,6.985556021872014e-05,0.9999548196792603,7.3105170486087445e-06,0.9999924898147583,1.0541680950382215e-07,7.179853867000929e-08
745,data/dataset/Very_Mild_Demented/verymild_964.jpg,verymild_964.jpg,Very_Mild_Demented,1,Very_Mild_Demented,1,True,0.9998905658721924,9.533316915621981e-05,0.9997952327030362,0.0008316552787290891,0.999538779258728,9.533316915621981e-05,0.9998905658721924,1.3137427231413312e-05,9.535025924378715e-07
746,data/dataset/Very_Mild_Demented/verymild_890.jpg,verymild_890.jpg,Very_Mild_Demented,1,Very_Mild_Demented,1,True,0.9968001842498779,0.0030325648840516806,0.9937676193658262,0.016047318221887614,0.9921701550483704,0.0030325648840516806,0.9968001842498779,0.000164515629876405,2.6824200176633894e-06
747,data/dataset/Very_Mild_Demented/verymild_1679.jpg,verymild_1679.jpg,Very_Mild_Demented,1,Very_Mild_Demented,1,True,0.99996018409729,3.892762470059097e-05,0.9999212564725894,0.0003229926136818143,0.9998138546943665,3.892762470059097e-05,0.99996018409729,8.964028666014201e-07,1.1014549272658769e-08
748,data/dataset/Very_Mild_Demented/verymild_227.jpg,verymild_227.jpg,Very_Mild_Demented,1,Very_Mild_Demented,1,True,0.9999897480010986,7.783452929288615e-06,0.9999819645481693,9.661815064327753e-05,0.9999369382858276,2.4109001515171258e-06,0.9999897480010986,7.783452929288615e-06,5.64591999818731e-08
749,data/dataset/Very_Mild_Demented/verymild_1937.jpg,verymild_1937.jpg,Very_Mild_Demented,1,Very_Mild_Demented,1,True,0.9999752044677734,2.3752827473799698e-05,0.9999514516402996,0.0002105590396561569,0.9998742341995239,2.3752827473799698e-05,0.9999752044677734,1.0017685099228402e-06,1.9599220024701935e-08
750,data/dataset/Very_Mild_Demented/verymild_283.jpg,verymild_283.jpg,Very_Mild_Demented,1,Very_Mild_Demented,1,True,0.9999077320098877,5.8265053667128086e-05,0.9998494669562206,0.0007294356938755232,0.9995877146720886,3.3723219530656934e-05,0.9999077320098877,5.8265053667128086e-05,2.3423770301178592e-07
751,data/dataset/Very_Mild_Demented/verymild_508.jpg,verymild_508.jpg,Very_Mild_Demented,1,Very_Mild_Demented,1,True,0.949924647808075,0.04955916106700897,0.900365486741066,0.14545232766890412,0.9233736991882324,0.04955916106700897,0.949924647808075,0.0005111796781420708,4.965556399838533e-06
752,data/dataset/Very_Mild_Demented/verymild_1164.jpg,verymild_1164.jpg,Very_Mild_Demented,1,Very_Mild_Demented,1,True,0.9990649819374084,0.0007991539896465838,0.9982658279477619,0.005673237386903104,0.9971420168876648,0.0007991539896465838,0.9990649819374084,0.00013109036081004888,4.798283043783158e-06
753,data/dataset/Very_Mild_Demented/verymild_1696.jpg,verymild_1696.jpg,Very_Mild_Demented,1,Very_Mild_Demented,1,True,0.9988974332809448,0.0010925291571766138,0.9978049041237682,0.006253578734287823,0.9969064593315125,0.0010925291571766138,0.9988974332809448,6.106899945734767e-07,9.358440365758725e-06
754,data/dataset/Very_Mild_Demented/verymild_1698.jpg,verymild_1698.jpg,Very_Mild_Demented,1,Very_Mild_Demented,1,True,0.9998754262924194,0.00011205016926396638,0.9997633761231555,0.000927977571766497,0.9994913339614868,0.00011205016926396638,0.9998754262924194,1.2217004950798582e-05,2.9285303071446833e-07
755,data/dataset/Very_Mild_Demented/verymild_44.jpg,verymild_44.jpg,Very_Mild_Demented,1,Very_Mild_Demented,1,True,0.9999997615814209,1.896827086511621e-07,0.9999995718987122,3.060915130764051e-06,0.9999972581863403,1.896827086511621e-07,0.9999997615814209,6.450085265896632e-08,4.6413862336835976e-11
756,data/dataset/Very_Mild_Demented/verymild_1739.jpg,verymild_1739.jpg,Very_Mild_Demented,1,Very_Mild_Demented,1,True,0.9968585968017578,0.003056006506085396,0.9938025902956724,0.015608582417849829,0.9923938512802124,8.417830395046622e-05,0.9968585968017578,0.003056006506085396,1.137143726737122e-06
757,data/dataset/Very_Mild_Demented/verymild_1939.jpg,verymild_1939.jpg,Very_Mild_Demented,1,Very_Mild_Demented,1,True,0.9997510313987732,0.000222423390368931,0.9995286080084043,0.0017358650664836958,0.9990788698196411,0.000222423390368931,0.9997510313987732,2.4240694983745925e-05,2.2348201582644833e-06
758,data/dataset/Very_Mild_Demented/verymild_15.jpg,verymild_15.jpg,Very_Mild_Demented,1,Very_Mild_Demented,1,True,0.9987119436264038,0.0006939021986909211,0.9980180414277129,0.007776573786232345,0.9961095452308655,0.0006939021986909211,0.9987119436264038,0.0005883619887754321,5.82251004743739e-06
759,data/dataset/Very_Mild_Demented/verymild_361.jpg,verymild_361.jpg,Very_Mild_Demented,1,Very_Mild_Demented,1,True,0.9999511241912842,3.35242657456547e-05,0.9999175999255385,0.0004139323032170965,0.9997535347938538,3.35242657456547e-05,0.9999511241912842,1.0706756256695371e-05,4.642748535843566e-06
760,data/dataset/Very_Mild_Demented/verymild_277.jpg,verymild_277.jpg,Very_Mild_Demented,1,Very_Mild_Demented,1,True,1.0,7.492110043472167e-09,0.99999999250789,1.8907117322019593e-07,0.9999997615814209,6.45051390080198e-09,1.0,7.492110043472167e-09,1.1281648358563157e-11
761,data/dataset/Very_Mild_Demented/verymild_776.jpg,verymild_776.jpg,Very_Mild_Demented,1,Very_Mild_Demented,1,True,0.9998798370361328,0.00011621616431511939,0.9997636208718177,0.0008817348127808181,0.999521017074585,0.00011621616431511939,0.9998798370361328,3.699764874909306e-06,1.933648832164181e-07
762,data/dataset/Very_Mild_Demented/verymild_266.jpg,verymild_266.jpg,Very_Mild_Demented,1,Very_Mild_Demented,1,True,0.9999985694885254,1.4081944073041086e-06,0.9999971612941181,1.5243836145068651e-05,0.9999887943267822,4.137168829743132e-08,0.9999985694885254,1.4081944073041086e-06,1.2538047267085517e-09
763,data/dataset/Very_Mild_Demented/verymild_1438.jpg,verymild_1438.jpg,Very_Mild_Demented,1,Very_Mild_Demented,1,True,0.9999967813491821,2.716347353270976e-06,0.9999940650018289,3.355412589417781e-05,0.9999761581420898,5.372936016101448e-07,0.9999967813491821,2.716347353270976e-06,4.28629114423984e-08
764,data/dataset/Very_Mild_Demented/verymild_1013.jpg,verymild_1013.jpg,Very_Mild_Demented,1,Very_Mild_Demented,1,True,0.9999302625656128,6.241365190362558e-05,0.9998678489137092,0.0005498201792059769,0.9996881484985352,6.241365190362558e-05,0.9999302625656128,6.954665423108963e-06,3.795570648890134e-07
765,data/dataset/Very_Mild_Demented/verymild_1385.jpg,verymild_1385.jpg,Very_Mild_Demented,1,Very_Mild_Demented,1,True,0.9991399049758911,0.000858888088259846,0.9982810168876313,0.005006169085170204,0.9975152015686035,0.000858888088259846,0.9991399049758911,7.844514584576245e-07,3.8091431520115293e-07
766,data/dataset/Very_Mild_Demented/verymild_114.jpg,verymild_114.jpg,Very_Mild_Demented,1,Very_Mild_Demented,1,True,0.9999997615814209,1.9418682484229066e-07,0.9999995673945961,2.877153219247112e-06,0.9999974966049194,1.9418682484229066e-07,0.9999997615814209,4.4167347112988864e-08,4.7387826301870106e-11
767,data/dataset/Very_Mild_Demented/verymild_418.jpg,verymild_418.jpg,Very_Mild_Demented,1,Very_Mild_Demented,1,True,0.999923825263977,3.43132960551884e-05,0.9998895119679219,0.0006281727205294298,0.9996342658996582,3.3953434467548504e-05,0.999923825263977,3.43132960551884e-05,7.87281351222191e-06
768,data/dataset/Very_Mild_Demented/verymild_779.jpg,verymild_779.jpg,Very_Mild_Demented,1,Very_Mild_Demented,1,True,0.999777615070343,0.00012571306433528662,0.9996519020060077,0.001623862204868329,0.9991239905357361,9.550110553391278e-05,0.999777615070343,0.00012571306433528662,1.148181468124676e-06
769,data/dataset/Very_Mild_Demented/verymild_752.jpg,verymild_752.jpg,Very_Mild_Demented,1,Very_Mild_Demented,1,True,0.9999827146530151,1.6616748325759545e-05,0.9999660979046894,0.0001513274127291249,0.9999072551727295,5.413347707872163e-07,0.9999827146530151,1.6616748325759545e-05,1.1377333919426746e-07
770,data/dataset/Very_Mild_Demented/verymild_590.jpg,verymild_590.jpg,Very_Mild_Demented,1,Very_Mild_Demented,1,True,0.9894728064537048,0.010526405647397041,0.9789464008063078,0.04213982867488827,0.9793825149536133,0.010526405647397041,0.9894728064537048,5.329587082769649e-08,6.954264222258644e-07
771,data/dataset/Very_Mild_Demented/verymild_564.jpg,verymild_564.jpg,Very_Mild_Demented,1,Very_Mild_Demented,1,True,0.9947482943534851,0.005249449051916599,0.9894988453015685,0.023677370179464374,0.9885193705558777,0.005249449051916599,0.9947482943534851,6.41679989143995e-08,2.0765673980349675e-06
772,data/dataset/Very_Mild_Demented/verymild_1647.jpg,verymild_1647.jpg,Very_Mild_Demented,1,Very_Mild_Demented,1,True,0.9999810457229614,1.8269942302140407e-05,0.9999627757806593,0.00016516329312657983,0.9998996257781982,1.8269942302140407e-05,0.9999810457229614,7.392399652417225e-07,1.3510320862053504e-08
773,data/dataset/Very_Mild_Demented/verymild_920.jpg,verymild_920.jpg,Very_Mild_Demented,1,Very_Mild_Demented,1,True,0.9962161183357239,0.0029421437066048384,0.993273974629119,0.019421126068923607,0.9905399084091187,0.0008349248673766851,0.9962161183357239,0.0029421437066048384,6.713606126140803e-06
774,data/dataset/Very_Mild_Demented/verymild_2133.jpg,verymild_2133.jpg,Very_Mild_Demented,1,Very_Mild_Demented,1,True,0.999997615814209,1.6822150428197347e-06,0.9999959335991662,2.554433886774296e-05,0.9999812841415405,1.6822150428197347e-06,0.999997615814209,7.497945944123785e-07,4.5484411792529045e-09
775,data/dataset/Very_Mild_Demented/verymild_913.jpg,verymild_913.jpg,Very_Mild_Demented,1,Very_Mild_Demented,1,True,0.9422593712806702,0.0564168281853199,0.8858425430953503,0.16399355153119427,0.9129830598831177,0.0564168281853199,0.9422593712806702,0.0012327461736276746,9.108961239689961e-05
776,data/dataset/Very_Mild_Demented/verymild_2087.jpg,verymild_2087.jpg,Very_Mild_Demented,1,Very_Mild_Demented,1,True,0.9969846606254578,0.0030065211467444897,0.9939781394787133,0.014840494462951926,0.9927917718887329,0.0030065211467444897,0.9969846606254578,8.696380064066034e-06,1.5196407332496165e-07
777,data/dataset/Very_Mild_Demented/verymild_1027.jpg,verymild_1027.jpg,Very_Mild_Demented,1,Very_Mild_Demented,1,True,0.8291621208190918,0.1650446504354477,0.6641174703836441,0.34854307143278945,0.7882131934165955,0.1650446504354477,0.8291621208190918,0.005649634636938572,0.00014359012129716575
778,data/dataset/Very_Mild_Demented/verymild_1350.jpg,verymild_1350.jpg,Very_Mild_Demented,1,Very_Mild_Demented,1,True,0.5630106925964355,0.4340324401855469,0.12897825241088867,0.5078880716470658,0.5512832999229431,0.4340324401855469,0.5630106925964355,0.0025532275903970003,0.0004036078753415495
779,data/dataset/Very_Mild_Demented/verymild_425.jpg,verymild_425.jpg,Very_Mild_Demented,1,Very_Mild_Demented,1,True,0.9983175992965698,0.0016603601397946477,0.9966572391567752,0.009060566026248728,0.9955497980117798,0.0016603601397946477,0.9983175992965698,1.0181332072534133e-05,1.1915187315025833e-05
780,data/dataset/Very_Mild_Demented/verymild_293.jpg,verymild_293.jpg,Very_Mild_Demented,1,Very_Mild_Demented,1,True,0.9998145699501038,0.00017399713397026062,0.9996405728161335,0.0013172644168137476,0.9992948770523071,0.00017399713397026062,0.9998145699501038,9.908098036248703e-06,1.5180830814642832e-06
781,data/dataset/Very_Mild_Demented/verymild_1788.jpg,verymild_1788.jpg,Very_Mild_Demented,1,Very_Mild_Demented,1,True,0.9999256134033203,7.260266283992678e-05,0.9998530107404804,0.0005698706438748896,0.9996830224990845,1.6200932577703497e-06,0.9999256134033203,7.260266283992678e-05,1.3150423683327972e-07
782,data/dataset/Very_Mild_Demented/verymild_164.jpg,verymild_164.jpg,Very_Mild_Demented,1,Very_Mild_Demented,1,True,0.9988666772842407,0.001105548464693129,0.9977611288195476,0.0064570637697766425,0.9967994689941406,0.001105548464693129,0.9988666772842407,2.7824635253637098e-05,5.4805052940309906e-08
783,data/dataset/Very_Mild_Demented/verymild_301.jpg,verymild_301.jpg,Very_Mild_Demented,1,Very_Mild_Demented,1,True,0.9999995231628418,4.068608063789725e-07,0.9999991163020354,5.475989299518607e-06,0.9999954700469971,4.068608063789725e-07,0.9999995231628418,6.016727382984755e-08,6.76573996827301e-09
784,data/dataset/Very_Mild_Demented/verymild_874.jpg,verymild_874.jpg,Very_Mild_Demented,1,Very_Mild_Demented,1,True,0.9967251420021057,0.003262418322265148,0.9934627236798406,0.015938122674734326,0.9922578930854797,0.003262418322265148,0.9967251420021057,9.796129234018736e-06,2.6624743441061582e-06
785,data/dataset/Very_Mild_Demented/verymild_1198.jpg,verymild_1198.jpg,Very_Mild_Demented,1,Very_Mild_Demented,1,True,0.9999179840087891,8.067174348980188e-05,0.9998373122652993,0.0006212075911212935,0.9996567964553833,8.067174348980188e-05,0.9999179840087891,9.796634685699246e-07,3.5471279602461436e-07
786,data/dataset/Very_Mild_Demented/verymild_619.jpg,verymild_619.jpg,Very_Mild_Demented,1,Very_Mild_Demented,1,True,0.9986957907676697,0.0012978093000128865,0.9973979814676568,0.0072183933439414205,0.996448278427124,0.0012978093000128865,0.9986957907676697,6.131449026725022e-06,2.10104573739045e-07
787,data/dataset/Very_Mild_Demented/verymild_471.jpg,verymild_471.jpg,Very_Mild_Demented,1,Very_Mild_Demented,1,True,0.9967561364173889,0.003068906022235751,0.9936872303951532,0.016281589495495335,0.9920456409454346,0.0001558664662297815,0.9967561364173889,0.003068906022235751,1.915199391078204e-05
788,data/dataset/Very_Mild_Demented/verymild_116.jpg,verymild_116.jpg,Very_Mild_Demented,1,Very_Mild_Demented,1,True,0.9997619986534119,0.00018084264593198895,0.9995811560074799,0.0017061261758362584,0.9990853071212769,0.00018084264593198895,0.9997619986534119,5.491801493917592e-05,2.312666310899658e-06
789,data/dataset/Very_Mild_Demented/verymild_1703.jpg,verymild_1703.jpg,Very_Mild_Demented,1,Very_Mild_Demented,1,True,0.9953824877738953,0.0032778556924313307,0.9921046320814639,0.023296686581779545,0.98868727684021,0.0013261656276881695,0.9953824877738953,0.0032778556924313307,1.3520047104975674e-05
790,data/dataset/Very_Mild_Demented/verymild_876.jpg,verymild_876.jpg,Very_Mild_Demented,1,Very_Mild_Demented,1,True,0.9999856948852539,1.0766843843157403e-05,0.9999749280414107,0.0001317138536934039,0.9999163150787354,3.5735392884816974e-06,0.9999856948852539,1.0766843843157403e-05,1.7208408920055263e-08
791,data/dataset/Very_Mild_Demented/verymild_1285.jpg,verymild_1285.jpg,Very_Mild_Demented,1,Very_Mild_Demented,1,True,0.9999574422836304,3.989860852016136e-05,0.9999175436751102,0.00034726599561615704,0.9997988343238831,2.6962281935993815e-06,0.9999574422836304,3.989860852016136e-05,7.52817364002567e-09
792,data/dataset/Very_Mild_Demented/verymild_208.jpg,verymild_208.jpg,Very_Mild_Demented,1,Very_Mild_Demented,1,True,0.9997479319572449,0.0002511214406695217,0.9994968105165754,0.0016931697015997735,0.9991207718849182,9.23380980566435e-07,0.9997479319572449,0.0002511214406695217,3.9606682378234837e-08
793,data/dataset/Very_Mild_Demented/verymild_1723.jpg,verymild_1723.jpg,Very_Mild_Demented,1,Very_Mild_Demented,1,True,0.9999724626541138,2.550463250372559e-05,0.99994695802161,0.00023389174451076208,0.9998599290847778,2.550463250372559e-05,0.9999724626541138,1.8272563693244592e-06,1.809508205496968e-07
794,data/dataset/Very_Mild_Demented/verymild_2203.jpg,verymild_2203.jpg,Very_Mild_Demented,1,Very_Mild_Demented,1,True,0.9999653100967407,2.983160266012419e-05,0.9999354784940806,0.00029164308619458897,0.999826967716217,2.983160266012419e-05,0.9999653100967407,4.691184585681185e-06,7.369219900965618e-08
795,data/dataset/Very_Mild_Demented/verymild_1941.jpg,verymild_1941.jpg,Very_Mild_Demented,1,Very_Mild_Demented,1,True,0.999634861946106,0.0003642690717242658,0.9992705928743817,0.0023523095023568136,0.9987978935241699,7.12290272986138e-07,0.999634861946106,0.0003642690717242658,1.0560345486965161e-07
796,data/dataset/Very_Mild_Demented/verymild_1280.jpg,verymild_1280.jpg,Very_Mild_Demented,1,Very_Mild_Demented,1,True,0.9923600554466248,0.007439758628606796,0.984920296818018,0.03307939297924215,0.9838612079620361,0.007439758628606796,0.9923600554466248,0.00017242238391190767,2.7766271159634925e-05
797,data/dataset/Very_Mild_Demented/verymild_2007.jpg,verymild_2007.jpg,Very_Mild_Demented,1,Very_Mild_Demented,1,True,0.9997848868370056,0.00016573573520872742,0.9996191511017969,0.0015504454312631926,0.999167799949646,4.92829640279524e-05,0.9997848868370056,0.00016573573520872742,1.7684969577658194e-07
798,data/dataset/Very_Mild_Demented/verymild_1443.jpg,verymild_1443.jpg,Very_Mild_Demented,1,Very_Mild_Demented,1,True,0.9997013211250305,0.0002978517150040716,0.9994034694100264,0.0019674576767138682,0.9989860653877258,0.0002978517150040716,0.9997013211250305,3.909058250428643e-07,3.239731256599043e-07
799,data/dataset/Very_Mild_Demented/verymild_1359.jpg,verymild_1359.jpg,Very_Mild_Demented,1,Very_Mild_Demented,1,True,0.5447768568992615,0.4551086127758026,0.08966824412345886,0.49791535666714687,0.53789883852005,0.4551086127758026,0.5447768568992615,2.668840352271218e-05,8.777844777796417e-05
800,data/dataset/Very_Mild_Demented/verymild_387.jpg,verymild_387.jpg,Very_Mild_Demented,1,Very_Mild_Demented,1,True,0.9910392165184021,0.008820821531116962,0.9822183949872851,0.037463375860096806,0.9816924333572388,0.008820821531116962,0.9910392165184021,1.3568750546255615e-05,0.00012639586930163205
801,data/dataset/Very_Mild_Demented/verymild_3.jpg,verymild_3.jpg,Very_Mild_Demented,1,Very_Mild_Demented,1,True,0.9898449182510376,0.005183125380426645,0.984661792870611,0.04603689104994544,0.9778221249580383,0.004962218459695578,0.9898449182510376,0.005183125380426645,9.78689240582753e-06
802,data/dataset/Very_Mild_Demented/verymild_61.jpg,verymild_61.jpg,Very_Mild_Demented,1,Very_Mild_Demented,1,True,0.9995953440666199,0.0003691895108204335,0.9992261545557994,0.0026627717775256797,0.9986221790313721,0.0003691895108204335,0.9995953440666199,3.455539990682155e-05,9.892562502500368e-07
803,data/dataset/Very_Mild_Demented/verymild_768.jpg,verymild_768.jpg,Very_Mild_Demented,1,Very_Mild_Demented,1,True,0.9986087679862976,0.0013522240333259106,0.9972565439529717,0.007738675124970143,0.9961773157119751,0.0013522240333259106,0.9986087679862976,3.6377041396917775e-05,2.5791971438593464e-06
804,data/dataset/Very_Mild_Demented/verymild_309.jpg,verymild_309.jpg,Very_Mild_Demented,1,Very_Mild_Demented,1,True,0.9999862909317017,9.66586776485201e-06,0.9999766250639368,0.00012771173007288645,0.9999173879623413,3.496024191917968e-06,0.9999862909317017,9.66586776485201e-06,5.407010235103371e-07
805,data/dataset/Very_Mild_Demented/verymild_342.jpg,verymild_342.jpg,Very_Mild_Demented,1,Very_Mild_Demented,1,True,0.9992608428001404,0.0007053757435642183,0.9985554670565762,0.004485578944622942,0.9977378845214844,0.0007053757435642183,0.9992608428001404,2.9761926271021366e-05,4.069010174134746e-06
806,data/dataset/Very_Mild_Demented/verymild_1541.jpg,verymild_1541.jpg,Very_Mild_Demented,1,Very_Mild_Demented,1,True,0.9996483325958252,0.0003480026207398623,0.9993003299750853,0.0022880372008137156,0.9988238215446472,0.0003480026207398623,0.9996483325958252,3.002941184604424e-06,7.71050622461189e-07
807,data/dataset/Very_Mild_Demented/verymild_326.jpg,verymild_326.jpg,Very_Mild_Demented,1,Very_Mild_Demented,1,True,0.9965696334838867,0.003374350955709815,0.9931952825281769,0.01673392670871034,0.9918535351753235,0.003374350955709815,0.9965696334838867,4.997312498744577e-05,6.1180458033049945e-06
808,data/dataset/Very_Mild_Demented/verymild_2210.jpg,verymild_2210.jpg,Very_Mild_Demented,1,Very_Mild_Demented,1,True,0.999799907207489,0.00020008423598483205,0.9995998229715042,0.001373704285814866,0.9992814660072327,0.00020008423598483205,0.999799907207489,2.169766144533014e-09,9.216702068215454e-09
809,data/dataset/Very_Mild_Demented/verymild_1893.jpg,verymild_1893.jpg,Very_Mild_Demented,1,Very_Mild_Demented,1,True,0.99958735704422,0.000337765522999689,0.9992495915212203,0.00276813718370931,0.998557984828949,0.000337765522999689,0.99958735704422,7.183159323176369e-05,3.1344393391918857e-06
810,data/dataset/Very_Mild_Demented/verymild_494.jpg,verymild_494.jpg,Very_Mild_Demented,1,Very_Mild_Demented,1,True,0.9455274343490601,0.05445054918527603,0.891076885163784,0.15270040750252906,0.9186690449714661,0.05445054918527603,0.9455274343490601,8.123348379740492e-06,1.385373434459325e-05
811,data/dataset/Very_Mild_Demented/verymild_1201.jpg,verymild_1201.jpg,Very_Mild_Demented,1,Very_Mild_Demented,1,True,0.9985744953155518,0.0014231088571250439,0.9971513864584267,0.007779396048405293,0.9961842894554138,2.1197492969804443e-06,0.9985744953155518,0.0014231088571250439,2.640329626046878e-07
812,data/dataset/Very_Mild_Demented/verymild_563.jpg,verymild_563.jpg,Very_Mild_Demented,1,Very_Mild_Demented,1,True,0.9996439218521118,0.0003556898154783994,0.9992882320366334,0.002298532341311534,0.9988251328468323,0.0003556898154783994,0.9996439218521118,2.704563542010874e-07,1.0212558976263608e-07
813,data/dataset/Very_Mild_Demented/verymild_1620.jpg,verymild_1620.jpg,Very_Mild_Demented,1,Very_Mild_Demented,1,True,0.9992033839225769,0.0007373180706053972,0.9984660658519715,0.004834712459368433,0.9975624084472656,0.0007373180706053972,0.9992033839225769,5.684196003130637e-05,2.520585212550941e-06
814,data/dataset/Very_Mild_Demented/verymild_1483.jpg,verymild_1483.jpg,Very_Mild_Demented,1,Very_Mild_Demented,1,True,0.9995408058166504,0.0002621581661514938,0.9992786476504989,0.003109106057237619,0.9983822107315063,0.00019587103452067822,0.9995408058166504,0.0002621581661514938,1.2338006172285532e-06
815,data/dataset/Very_Mild_Demented/verymild_568.jpg,verymild_568.jpg,Very_Mild_Demented,1,Very_Mild_Demented,1,True,0.9994474053382874,0.0005476237274706364,0.9988997816108167,0.0034110367164899534,0.9982765913009644,0.0005476237274706364,0.9994474053382874,2.722355475270888e-06,2.2086351236794144e-06
816,data/dataset/Very_Mild_Demented/verymild_196.jpg,verymild_196.jpg,Very_Mild_Demented,1,Very_Mild_Demented,1,True,0.9999946355819702,5.045063517172821e-06,0.999989590518453,5.141891822544377e-05,0.9999656677246094,5.045063517172821e-06,0.9999946355819702,2.7102021249447716e-07,1.581603115141661e-08
817,data/dataset/Very_Mild_Demented/verymild_1555.jpg,verymild_1555.jpg,Very_Mild_Demented,1,Very_Mild_Demented,1,True,0.9998847246170044,0.00010157341603189707,0.9997831512009725,0.0008737450093952268,0.9995150566101074,0.00010157341603189707,0.9998847246170044,5.09412529936526e-06,8.568733392166905e-06
818,data/dataset/Very_Mild_Demented/verymild_1231.jpg,verymild_1231.jpg,Very_Mild_Demented,1,Very_Mild_Demented,1,True,0.9084447622299194,0.09149958938360214,0.8169451728463173,0.22115896159172435,0.875323474407196,0.09149958938360214,0.9084447622299194,5.520188278751448e-05,4.229864316585008e-07
819,data/dataset/Very_Mild_Demented/verymild_1362.jpg,verymild_1362.jpg,Very_Mild_Demented,1,Very_Mild_Demented,1,True,0.9998537302017212,0.00014471181202679873,0.9997090183896944,0.0010434240332665957,0.9994425177574158,1.3844573913956992e-06,0.9998537302017212,0.00014471181202679873,1.3894313610762765e-07
820,data/dataset/Very_Mild_Demented/verymild_514.jpg,verymild_514.jpg,Very_Mild_Demented,1,Non_Demented,0,False,0.9986078143119812,0.0013362661702558398,0.9972715481417254,0.0077906515067355875,0.9961440563201904,0.9986078143119812,0.0013362661702558398,5.061078991275281e-05,5.361352577892831e-06
821,data/dataset/Very_Mild_Demented/verymild_210.jpg,verymild_210.jpg,Very_Mild_Demented,1,Very_Mild_Demented,1,True,0.9995365142822266,0.0004476799222175032,0.9990888343600091,0.002954665972666432,0.9984885454177856,0.0004476799222175032,0.9995365142822266,1.4150573406368494e-05,1.685279357843683e-06
822,data/dataset/Very_Mild_Demented/verymild_2209.jpg,verymild_2209.jpg,Very_Mild_Demented,1,Very_Mild_Demented,1,True,0.999904990196228,4.339346196502447e-05,0.999861596734263,0.0007705919483956692,0.9995567202568054,4.339346196502447e-05,0.999904990196228,3.915724664693698e-05,1.2391088603180833e-05
823,data/dataset/Very_Mild_Demented/verymild_422.jpg,verymild_422.jpg,Very_Mild_Demented,1,Very_Mild_Demented,1,True,0.9662174582481384,0.033702779561281204,0.9325146786868572,0.1069345342380542,0.9450980424880981,0.033702779561281204,0.9662174582481384,7.187819574028254e-05,7.945442121126689e-06
824,data/dataset/Very_Mild_Demented/verymild_1214.jpg,verymild_1214.jpg,Very_Mild_Demented,1,Very_Mild_Demented,1,True,0.9981949925422668,0.0018048714846372604,0.9963901210576296,0.009527382028883244,0.9953525066375732,0.0018048714846372604,0.9981949925422668,1.2384002445742226e-07,3.215961541513934e-08
825,data/dataset/Very_Mild_Demented/verymild_300.jpg,verymild_300.jpg,Very_Mild_Demented,1,Very_Mild_Demented,1,True,0.9968169331550598,0.0031781806610524654,0.9936387524940073,0.015523515499166812,0.9924651384353638,0.0031781806610524654,0.9968169331550598,3.5029272567044245e-06,1.412668893863156e-06
826,data/dataset/Very_Mild_Demented/verymild_1047.jpg,verymild_1047.jpg,Very_Mild_Demented,1,Very_Mild_Demented,1,True,0.9973166584968567,0.0019483122741803527,0.9953683462226763,0.014582183239428287,0.9928483963012695,0.0019483122741803527,0.9973166584968567,0.0007201259140856564,1.489566420787014e-05
827,data/dataset/Very_Mild_Demented/verymild_1817.jpg,verymild_1817.jpg,Very_Mild_Demented,1,Very_Mild_Demented,1,True,0.996660590171814,0.0033274665474891663,0.9933331236243248,0.0161989034616352,0.9921344518661499,0.0033274665474891663,0.996660590171814,1.1345453458488919e-05,5.873732789041242e-07
828,data/dataset/Very_Mild_Demented/verymild_193.jpg,verymild_193.jpg,Very_Mild_Demented,1,Very_Mild_Demented,1,True,0.9998949766159058,0.00010127750283572823,0.99979369911307,0.0007815545827496172,0.999572217464447,0.00010127750283572823,0.9998949766159058,3.596987880882807e-06,1.1532334553976398e-07
829,data/dataset/Very_Mild_Demented/verymild_804.jpg,verymild_804.jpg,Very_Mild_Demented,1,Very_Mild_Demented,1,True,0.9556664824485779,0.044330570846796036,0.9113359116017818,0.13093342329607768,0.931460440158844,0.044330570846796036,0.9556664824485779,1.3158395404389012e-06,1.560371856612619e-06
830,data/dataset/Very_Mild_Demented/verymild_888.jpg,verymild_888.jpg,Very_Mild_Demented,1,Very_Mild_Demented,1,True,0.9997722506523132,0.00015939059085212648,0.9996128600614611,0.001649523897437304,0.9991118311882019,6.609281263081357e-05,0.9997722506523132,0.00015939059085212648,2.2415999865188496e-06
831,data/dataset/Very_Mild_Demented/verymild_182.jpg,verymild_182.jpg,Very_Mild_Demented,1,Very_Mild_Demented,1,True,0.9999428987503052,5.382539166021161e-05,0.999889073358645,0.00045349343544567075,0.9997418522834778,5.382539166021161e-05,0.9999428987503052,3.2933301099546952e-06,5.4472771182645374e-08
832,data/dataset/Very_Mild_Demented/verymild_1639.jpg,verymild_1639.jpg,Very_Mild_Demented,1,Very_Mild_Demented,1,True,0.9957118034362793,0.004285769071429968,0.9914260343648493,0.019965350387819908,0.9903237819671631,0.004285769071429968,0.9957118034362793,4.604167358479572e-08,2.3216277895699022e-06
833,data/dataset/Very_Mild_Demented/verymild_748.jpg,verymild_748.jpg,Very_Mild_Demented,1,Very_Mild_Demented,1,True,0.847107470035553,0.15275369584560394,0.694353774189949,0.3093276303787145,0.8104807138442993,0.00013599882367998362,0.847107470035553,0.15275369584560394,2.860075483113178e-06
834,data/dataset/Very_Mild_Demented/verymild_2002.jpg,verymild_2002.jpg,Very_Mild_Demented,1,Very_Mild_Demented,1,True,0.9962019324302673,0.0037865974009037018,0.9924153350293636,0.01806203720132364,0.9912348985671997,0.0037865974009037018,0.9962019324302673,1.2047021300531924e-06,1.0166695574298501e-05
835,data/dataset/Very_Mild_Demented/verymild_699.jpg,verymild_699.jpg,Very_Mild_Demented,1,Very_Mild_Demented,1,True,0.9994398951530457,0.0005599341820925474,0.9988799609709531,0.003429759983988182,0.9982770681381226,0.0005599341820925474,0.9994398951530457,9.600253747521492e-08,3.145813920468754e-08
836,data/dataset/Very_Mild_Demented/verymild_226.jpg,verymild_226.jpg,Very_Mild_Demented,1,Very_Mild_Demented,1,True,0.9991245865821838,0.0008692730334587395,0.9982553135487251,0.005104512258331154,0.9974616765975952,0.0008692730334587395,0.9991245865821838,6.069871687941486e-06,1.1950731959586847e-07
837,data/dataset/Very_Mild_Demented/verymild_1261.jpg,verymild_1261.jpg,Very_Mild_Demented,1,Very_Mild_Demented,1,True,0.9776239395141602,0.022369420155882835,0.9552545193582773,0.07733701332962613,0.9611766934394836,0.022369420155882835,0.9776239395141602,1.4249038713387563e-06,5.239801794232335e-06
838,data/dataset/Very_Mild_Demented/verymild_512.jpg,verymild_512.jpg,Very_Mild_Demented,1,Very_Mild_Demented,1,True,0.827573835849762,0.171017587184906,0.656556248664856,0.33757900545763453,0.7896734476089478,0.171017587184906,0.827573835849762,0.0013905212981626391,1.810120556910988e-05
839,data/dataset/Very_Mild_Demented/verymild_1979.jpg,verymild_1979.jpg,Very_Mild_Demented,1,Very_Mild_Demented,1,True,0.9999796152114868,2.0263803889974952e-05,0.9999593514075968,0.0001750674427048287,0.9998950958251953,2.0263803889974952e-05,0.9999796152114868,3.7854171353046695e-08,1.7201125501742354e-07
840,data/dataset/Very_Mild_Demented/verymild_171.jpg,verymild_171.jpg,Very_Mild_Demented,1,Very_Mild_Demented,1,True,0.9999971389770508,1.8592553487906116e-06,0.999995279721702,2.9888312646910533e-05,0.9999784231185913,1.005395006359322e-06,0.9999971389770508,1.8592553487906116e-06,8.323394418141561e-09
841,data/dataset/Very_Mild_Demented/verymild_1453.jpg,verymild_1453.jpg,Very_Mild_Demented,1,Very_Mild_Demented,1,True,0.9995144605636597,0.0004155017086304724,0.9990989588550292,0.00317402480528772,0.9983623623847961,6.795468652853742e-05,0.9995144605636597,0.0004155017086304724,2.100965048157377e-06
842,data/dataset/Very_Mild_Demented/verymild_243.jpg,verymild_243.jpg,Very_Mild_Demented,1,Very_Mild_Demented,1,True,0.9996022582054138,0.0002771616855170578,0.9993250965198968,0.002710285175910873,0.9985848665237427,0.0002771616855170578,0.9996022582054138,0.00012045296898577362,1.519960051155067e-07
843,data/dataset/Very_Mild_Demented/verymild_409.jpg,verymild_409.jpg,Very_Mild_Demented,1,Very_Mild_Demented,1,True,0.9999637603759766,3.539245153660886e-05,0.99992836792444,0.0002966319896659981,0.99982750415802,3.539245153660886e-05,0.9999637603759766,5.858128702129761e-07,2.5250869839510415e-07
844,data/dataset/Very_Mild_Demented/verymild_495.jpg,verymild_495.jpg,Very_Mild_Demented,1,Very_Mild_Demented,1,True,0.9909555315971375,0.008530333638191223,0.9824251979589462,0.03864540724501905,0.9811444878578186,0.008530333638191223,0.9909555315971375,0.0005070607294328511,7.071816980896983e-06
845,data/dataset/Very_Mild_Demented/verymild_80.jpg,verymild_80.jpg,Very_Mild_Demented,1,Very_Mild_Demented,1,True,0.9999914169311523,8.525360499334056e-06,0.999982891570653,7.819799941809842e-05,0.9999505281448364,8.525360499334056e-06,0.9999914169311523,1.716484376856897e-08,1.5589095292423139e-10
846,data/dataset/Very_Mild_Demented/verymild_501.jpg,verymild_501.jpg,Very_Mild_Demented,1,Very_Mild_Demented,1,True,0.9909012317657471,0.008998120203614235,0.9819031115621328,0.03779630471264909,0.9815296530723572,9.343625424662605e-05,0.9909012317657471,0.008998120203614235,7.160314453358296e-06
847,data/dataset/Very_Mild_Demented/verymild_1795.jpg,verymild_1795.jpg,Very_Mild_Demented,1,Very_Mild_Demented,1,True,0.9904429316520691,0.006548722740262747,0.9838942089118063,0.04327848281058821,0.979098916053772,0.006548722740262747,0.9904429316520691,0.0029945301357656717,1.3776209925708827e-05
848,data/dataset/Very_Mild_Demented/verymild_1918.jpg,verymild_1918.jpg,Very_Mild_Demented,1,Very_Mild_Demented,1,True,0.8665134906768799,0.13343025743961334,0.7330832332372665,0.2838253549781738,0.8304154872894287,0.13343025743961334,0.8665134906768799,5.371193401515484e-05,2.5923395696736407e-06
849,data/dataset/Very_Mild_Demented/verymild_1353.jpg,verymild_1353.jpg,Very_Mild_Demented,1,Very_Mild_Demented,1,True,0.9430481791496277,0.0567147471010685,0.8863334320485592,0.15881303637732636,0.915187418460846,0.0567147471010685,0.9430481791496277,0.00018153697601519525,5.551305730477907e-05
850,data/dataset/Very_Mild_Demented/verymild_868.jpg,verymild_868.jpg,Very_Mild_Demented,1,Very_Mild_Demented,1,True,0.9458352327346802,0.0517134815454483,0.8941217511892319,0.1595023858376472,0.9164445400238037,0.0517134815454483,0.9458352327346802,0.002312188036739826,0.00013912279973737895
851,data/dataset/Very_Mild_Demented/verymild_2091.jpg,verymild_2091.jpg,Very_Mild_Demented,1,Very_Mild_Demented,1,True,0.9999971389770508,1.907869773276616e-06,0.9999952311072775,2.935893904671142e-05,0.99997878074646,1.907869773276616e-06,0.9999971389770508,9.079417964130698e-07,4.254727237196221e-09
852,data/dataset/Very_Mild_Demented/verymild_433.jpg,verymild_433.jpg,Very_Mild_Demented,1,Very_Mild_Demented,1,True,0.9952641725540161,0.004593769088387489,0.9906704034656286,0.02217727972321718,0.9892059564590454,0.004593769088387489,0.9952641725540161,0.00013336737174540758,8.681389772391412e-06
853,data/dataset/Very_Mild_Demented/verymild_1506.jpg,verymild_1506.jpg,Very_Mild_Demented,1,Very_Mild_Demented,1,True,0.9999533891677856,3.8364472857210785e-05,0.9999150246949284,0.0003848763046188859,0.9997753500938416,8.254824933828786e-06,0.9999533891677856,3.8364472857210785e-05,1.1910214148258547e-08
854,data/dataset/Very_Mild_Demented/verymild_463.jpg,verymild_463.jpg,Very_Mild_Demented,1,Very_Mild_Demented,1,True,0.9974013566970825,0.0025933226570487022,0.9948080340400338,0.013060824709895882,0.9936490654945374,0.0025933226570487022,0.9974013566970825,4.135560629947577e-06,1.2399121942507918e-06
855,data/dataset/Very_Mild_Demented/verymild_858.jpg,verymild_858.jpg,Very_Mild_Demented,1,Very_Mild_Demented,1,True,0.9955305457115173,0.004469206091016531,0.9910613396205008,0.020663264046707944,0.9899887442588806,0.004469206091016531,0.9955305457115173,8.408302676343737e-08,2.4343597715414944e-07
856,data/dataset/Very_Mild_Demented/verymild_1586.jpg,verymild_1586.jpg,Very_Mild_Demented,1,Very_Mild_Demented,1,True,0.9998736381530762,0.00012045558105455711,0.9997531825720216,0.0009275067188742178,0.9994961023330688,0.00012045558105455711,0.9998736381530762,5.819745183544001e-06,1.4423360994442191e-07
857,data/dataset/Very_Mild_Demented/verymild_2053.jpg,verymild_2053.jpg,Very_Mild_Demented,1,Very_Mild_Demented,1,True,0.9994509816169739,0.0003839828132186085,0.9990669988037553,0.003614944318726401,0.998137354850769,0.000164203840540722,0.9994509816169739,0.0003839828132186085,8.267757038993295e-07
858,data/dataset/Very_Mild_Demented/verymild_957.jpg,verymild_957.jpg,Very_Mild_Demented,1,Very_Mild_Demented,1,True,0.9709386825561523,0.028174474835395813,0.9427642077207565,0.09785254965370076,0.9504788517951965,0.028174474835395813,0.9709386825561523,0.0008263546624220908,6.0476973885670304e-05
859,data/dataset/Very_Mild_Demented/verymild_1967.jpg,verymild_1967.jpg,Very_Mild_Demented,1,Very_Mild_Demented,1,True,0.9997736811637878,0.00020873945322819054,0.9995649417105597,0.0015865093869804477,0.9991546869277954,0.00020873945322819054,0.9997736811637878,9.57296560955001e-06,7.963682946865447e-06
860,data/dataset/Very_Mild_Demented/verymild_1765.jpg,verymild_1765.jpg,Very_Mild_Demented,1,Very_Mild_Demented,1,True,0.9998542070388794,0.00013267775648273528,0.9997215292823967,0.0010692510743900378,0.999417781829834,0.00013267775648273528,0.9998542070388794,1.089005218091188e-05,2.109921297233086e-06
861,data/dataset/Very_Mild_Demented/verymild_381.jpg,verymild_381.jpg,Very_Mild_Demented,1,Very_Mild_Demented,1,True,0.9999738931655884,1.371143662254326e-05,0.9999601817289658,0.00023004877622181093,0.9998588562011719,1.2221982615301386e-05,0.9999738931655884,1.371143662254326e-05,6.139909913827069e-08
862,data/dataset/Very_Mild_Demented/verymild_1880.jpg,verymild_1880.jpg,Very_Mild_Demented,1,Very_Mild_Demented,1,True,0.9999414682388306,5.760450221714564e-05,0.9998838637366134,0.0004564185681007021,0.9997434020042419,5.760450221714564e-05,0.9999414682388306,7.639540626769303e-07,6.723247736317717e-08
863,data/dataset/Very_Mild_Demented/verymild_220.jpg,verymild_220.jpg,Very_Mild_Demented,1,Very_Mild_Demented,1,True,0.998584508895874,0.001415405422449112,0.9971691034734249,0.007720176241086713,0.9962177872657776,0.001415405422449112,0.998584508895874,1.5160006228143175e-07,1.3152650080172634e-09
864,data/dataset/Very_Mild_Demented/verymild_2159.jpg,verymild_2159.jpg,Very_Mild_Demented,1,Very_Mild_Demented,1,True,0.9465345740318298,0.05345124006271362,0.8930833339691162,0.15056695196966022,0.9199398756027222,1.307619004364824e-05,0.9465345740318298,0.05345124006271362,1.108679157368897e-06
865,data/dataset/Very_Mild_Demented/verymild_2170.jpg,verymild_2170.jpg,Very_Mild_Demented,1,Very_Mild_Demented,1,True,0.9997513890266418,0.00024102567113004625,0.9995103633555118,0.0016939459748539609,0.9991115927696228,0.00024102567113004625,0.9997513890266418,7.192516591203457e-07,6.869148819532711e-06
866,data/dataset/Very_Mild_Demented/verymild_1221.jpg,verymild_1221.jpg,Very_Mild_Demented,1,Very_Mild_Demented,1,True,0.6961085200309753,0.2998315095901489,0.3962770104408264,0.4590521790777017,0.6658582091331482,0.2998315095901489,0.6961085200309753,0.0038910123985260725,0.00016892969142645597
867,data/dataset/Very_Mild_Demented/verymild_258.jpg,verymild_258.jpg,Very_Mild_Demented,1,Very_Mild_Demented,1,True,0.9932107329368591,0.006789192091673613,0.9864215408451855,0.02933195551043562,0.9857534170150757,0.006789192091673613,0.9932107329368591,9.220280361432742e-08,3.135732384862422e-08
868,data/dataset/Very_Mild_Demented/verymild_1766.jpg,verymild_1766.jpg,Very_Mild_Demented,1,Very_Mild_Demented,1,True,0.9998985528945923,9.944028715835884e-05,0.9997991126074339,0.0007539561539126496,0.9995877146720886,9.944028715835884e-05,0.9998985528945923,7.716931804679916e-07,1.2083124829587177e-06
869,data/dataset/Very_Mild_Demented/verymild_1092.jpg,verymild_1092.jpg,Very_Mild_Demented,1,Very_Mild_Demented,1,True,0.9994252920150757,0.0005725802620872855,0.9988527117529884,0.003518355570146421,0.9982293248176575,0.0005725802620872855,0.9994252920150757,1.0290469845131156e-06,1.032409841172921e-06
870,data/dataset/Very_Mild_Demented/verymild_648.jpg,verymild_648.jpg,Very_Mild_Demented,1,Very_Mild_Demented,1,True,0.9322739839553833,0.06655632704496384,0.8657176569104195,0.18301148980384477,0.9012376070022583,0.06655632704496384,0.9322739839553833,0.0011536829406395555,1.5952215107972734e-05
871,data/dataset/Very_Mild_Demented/verymild_808.jpg,verymild_808.jpg,Very_Mild_Demented,1,Very_Mild_Demented,1,True,0.9998457431793213,0.00012725555279757828,0.9997184876265237,0.001142390307633308,0.9993763566017151,0.00012725555279757828,0.9998457431793213,2.6021263693110086e-05,9.639899190005963e-07
872,data/dataset/Very_Mild_Demented/verymild_1772.jpg,verymild_1772.jpg,Very_Mild_Demented,1,Very_Mild_Demented,1,True,0.9954034090042114,0.003955553285777569,0.9914478557184339,0.022606700248204718,0.9889845848083496,0.003955553285777569,0.9954034090042114,0.0005988069460727274,4.2235824366798624e-05
873,data/dataset/Very_Mild_Demented/verymild_1237.jpg,verymild_1237.jpg,Very_Mild_Demented,1,Very_Mild_Demented,1,True,0.997651994228363,0.002268468728289008,0.995383525500074,0.012204434412695607,0.994027853012085,0.002268468728289008,0.997651994228363,7.733084203209728e-05,2.2829269710200606e-06
874,data/dataset/Very_Mild_Demented/verymild_697.jpg,verymild_697.jpg,Very_Mild_Demented,1,Very_Mild_Demented,1,True,0.999602735042572,0.00037841606535948813,0.9992243189772125,0.0025871921205437745,0.9986668825149536,0.00037841606535948813,0.999602735042572,1.8229950001114048e-05,6.119632871559588e-07
875,data/dataset/Very_Mild_Demented/verymild_1262.jpg,verymild_1262.jpg,Very_Mild_Demented,1,Very_Mild_Demented,1,True,0.9996459484100342,0.0003368635370861739,0.999309084872948,0.0023384235828177165,0.9987878203392029,0.0003368635370861739,0.9996459484100342,1.563065052323509e-05,1.5938610431476263e-06
876,data/dataset/Very_Mild_Demented/verymild_496.jpg,verymild_496.jpg,Very_Mild_Demented,1,Very_Mild_Demented,1,True,0.9995506405830383,0.0004274935054127127,0.9991231470776256,0.002888350873288916,0.998518168926239,0.0004274935054127127,0.9995506405830383,2.089763802359812e-05,9.632726687414106e-07
877,data/dataset/Very_Mild_Demented/verymild_777.jpg,verymild_777.jpg,Very_Mild_Demented,1,Very_Mild_Demented,1,True,0.9999990463256836,6.27332667590963e-07,0.999998418993016,1.1263193298303606e-05,0.9999910593032837,6.27332667590963e-07,0.9999990463256836,3.221084341475944e-07,5.287870408210438e-08
878,data/dataset/Very_Mild_Demented/verymild_478.jpg,verymild_478.jpg,Very_Mild_Demented,1,Non_Demented,0,False,0.8021778464317322,0.19772960245609283,0.6044482439756393,0.3593987883379008,0.7664750218391418,0.8021778464317322,0.19772960245609283,5.710217737942003e-05,3.5482946259435266e-05
879,data/dataset/Very_Mild_Demented/verymild_1747.jpg,verymild_1747.jpg,Very_Mild_Demented,1,Very_Mild_Demented,1,True,0.9988824725151062,0.0005875254864804447,0.9982949470286258,0.006867543361723452,0.9965464472770691,0.0005235351272858679,0.9988824725151062,0.0005875254864804447,6.471865617641015e-06
880,data/dataset/Very_Mild_Demented/verymild_234.jpg,verymild_234.jpg,Very_Mild_Demented,1,Very_Mild_Demented,1,True,0.9999334812164307,6.527617370011285e-05,0.9998682050427306,0.0005138775686696285,0.9997130036354065,6.527617370011285e-05,0.9999334812164307,1.2203256574139232e-06,1.05435260522313e-08
881,data/dataset/Very_Mild_Demented/verymild_1521.jpg,verymild_1521.jpg,Very_Mild_Demented,1,Very_Mild_Demented,1,True,0.9996967315673828,0.00017702554760035127,0.9995197060197825,0.0021455756071040387,0.9988605976104736,0.00017702554760035127,0.9996967315673828,0.0001245564635610208,1.6491439964738674e-06
882,data/dataset/Very_Mild_Demented/verymild_1407.jpg,verymild_1407.jpg,Very_Mild_Demented,1,Very_Mild_Demented,1,True,0.9998501539230347,0.0001485714310547337,0.9997015824919799,0.0010653257887214438,0.9994317889213562,0.0001485714310547337,0.9998501539230347,9.737254913488869e-07,2.6175865741606685e-07
883,data/dataset/Very_Mild_Demented/verymild_1801.jpg,verymild_1801.jpg,Very_Mild_Demented,1,Very_Mild_Demented,1,True,0.9999761581420898,2.243089329567738e-05,0.9999537272487942,0.00020399504214621837,0.9998774528503418,1.369064762002381e-06,0.9999761581420898,2.243089329567738e-05,1.955163497768808e-08
884,data/dataset/Very_Mild_Demented/verymild_1534.jpg,verymild_1534.jpg,Very_Mild_Demented,1,Very_Mild_Demented,1,True,0.999715268611908,0.00028474157443270087,0.9994305270374753,0.0018822951934523936,0.9990304708480835,0.00028474157443270087,0.999715268611908,3.44209973024423e-11,5.985966833321754e-09
885,data/dataset/Very_Mild_Demented/verymild_1513.jpg,verymild_1513.jpg,Very_Mild_Demented,1,Very_Mild_Demented,1,True,0.9999957084655762,4.25142616222729e-06,0.999991457039414,4.1294893488729436e-05,0.9999724626541138,4.25142616222729e-06,0.9999957084655762,1.4380777457745353e-08,5.964370330957536e-09
886,data/dataset/Very_Mild_Demented/verymild_1037.jpg,verymild_1037.jpg,Very_Mild_Demented,1,Very_Mild_Demented,1,True,0.9507618546485901,0.048199187964200974,0.9025626666843891,0.14528717057949744,0.9238466620445251,0.048199187964200974,0.9507618546485901,0.0010163543047383428,2.253558523079846e-05
887,data/dataset/Very_Mild_Demented/verymild_1605.jpg,verymild_1605.jpg,Very_Mild_Demented,1,Very_Mild_Demented,1,True,0.9994847774505615,0.00042411714093759656,0.9990606603096239,0.0033630189588268883,0.9982681274414062,9.015204705065116e-05,0.9994847774505615,0.00042411714093759656,1.0054377526103053e-06
888,data/dataset/Very_Mild_Demented/verymild_763.jpg,verymild_763.jpg,Very_Mild_Demented,1,Very_Mild_Demented,1,True,0.9980641007423401,0.0018339052330702543,0.9962301955092698,0.010413300269260758,0.9948819875717163,0.0018339052330702543,0.9980641007423401,0.00010042605572380126,1.5992271755749243e-06
889,data/dataset/Very_Mild_Demented/verymild_1640.jpg,verymild_1640.jpg,Very_Mild_Demented,1,Very_Mild_Demented,1,True,0.9836139678955078,0.015694672241806984,0.9679192956537008,0.06252522250238031,0.9690921306610107,0.015694672241806984,0.9836139678955078,0.0006355145014822483,5.5831238569226116e-05
890,data/dataset/Very_Mild_Demented/verymild_900.jpg,verymild_900.jpg,Very_Mild_Demented,1,Mild_Demented,2,False,0.518277645111084,0.4783105254173279,0.039967119693756104,0.5155996877204287,0.5129801034927368,0.0024748630821704865,0.4783105254173279,0.518277645111084,0.0009369503241032362
891,data/dataset/Very_Mild_Demented/verymild_302.jpg,verymild_302.jpg,Very_Mild_Demented,1,Very_Mild_Demented,1,True,0.9996235370635986,0.00037625309778377414,0.9992472839658149,0.0024132996896780745,0.9987700581550598,0.00037625309778377414,0.9996235370635986,6.549144160317155e-08,7.426079662309348e-08
892,data/dataset/Very_Mild_Demented/verymild_1321.jpg,verymild_1321.jpg,Very_Mild_Demented,1,Very_Mild_Demented,1,True,0.9999995231628418,2.7715557848750905e-07,0.9999992460072633,5.271358719860131e-06,0.9999955892562866,2.7715557848750905e-07,0.9999995231628418,1.690003159637854e-07,5.068868658142378e-10
893,data/dataset/Very_Mild_Demented/verymild_1984.jpg,verymild_1984.jpg,Very_Mild_Demented,1,Very_Mild_Demented,1,True,0.9995124340057373,0.00048756611067801714,0.9990248678950593,0.003034851540016757,0.9984682202339172,0.00048756611067801714,0.9995124340057373,4.3122529547190425e-08,4.7347285203613865e-08
894,data/dataset/Very_Mild_Demented/verymild_1708.jpg,verymild_1708.jpg,Very_Mild_Demented,1,Very_Mild_Demented,1,True,0.9937676191329956,0.006082912441343069,0.9876847066916525,0.02783616327684554,0.9864495396614075,0.006082912441343069,0.9937676191329956,0.00014428018766921014,5.2248115025577135e-06
895,data/dataset/Very_Mild_Demented/verymild_271.jpg,verymild_271.jpg,Very_Mild_Demented,1,Very_Mild_Demented,1,True,0.9995594620704651,0.00043723583803512156,0.99912222623243,0.0027876268153050844,0.9985822439193726,3.1612526072422042e-06,0.9995594620704651,0.00043723583803512156,1.2312042940720858e-07
896,data/dataset/Very_Mild_Demented/verymild_592.jpg,verymild_592.jpg,Very_Mild_Demented,1,Very_Mild_Demented,1,True,0.9999133348464966,7.90532649261877e-05,0.9998342815815704,0.0006666423759491225,0.9996274709701538,7.126460332074203e-06,0.9999133348464966,7.90532649261877e-05,4.335274184086302e-07
897,data/dataset/Very_Mild_Demented/verymild_1675.jpg,verymild_1675.jpg,Very_Mild_Demented,1,Very_Mild_Demented,1,True,0.9999521970748901,3.668265708256513e-05,0.9999155144178076,0.00039652220891362746,0.9997679591178894,1.1107050340797286e-05,0.9999521970748901,3.668265708256513e-05,3.1168990943797326e-08
898,data/dataset/Very_Mild_Demented/verymild_66.jpg,verymild_66.jpg,Very_Mild_Demented,1,Very_Mild_Demented,1,True,0.958246111869812,0.03779952600598335,0.9204465858638287,0.13463288835420917,0.9314892888069153,0.003942457493394613,0.958246111869812,0.03779952600598335,1.1902878213732038e-05
899,data/dataset/Very_Mild_Demented/verymild_893.jpg,verymild_893.jpg,Very_Mild_Demented,1,Very_Mild_Demented,1,True,0.9866510629653931,0.013337928801774979,0.9733131341636181,0.05119436590305558,0.974789559841156,0.013337928801774979,0.9866510629653931,1.0213648238277528e-05,8.507352049491601e-07
900,data/dataset/Very_Mild_Demented/verymild_1528.jpg,verymild_1528.jpg,Very_Mild_Demented,1,Very_Mild_Demented,1,True,0.9996970891952515,0.00028764555463567376,0.9994094436406158,0.002033924268621734,0.9989398121833801,0.00028764555463567376,0.9996970891952515,1.4957240637158975e-05,3.479311203591351e-07
901,data/dataset/Very_Mild_Demented/verymild_882.jpg,verymild_882.jpg,Very_Mild_Demented,1,Very_Mild_Demented,1,True,0.9825238585472107,0.01742931641638279,0.9650945421308279,0.063765222789559,0.9683068990707397,0.01742931641638279,0.9825238585472107,3.505869608488865e-05,1.1752043064916506e-05
902,data/dataset/Very_Mild_Demented/verymild_170.jpg,verymild_170.jpg,Very_Mild_Demented,1,Very_Mild_Demented,1,True,0.9942076206207275,0.0057487390004098415,0.9884588816203177,0.025878527757736906,0.9874225854873657,0.0057487390004098415,0.9942076206207275,4.2399376980029047e-05,1.1988257710981998e-06
903,data/dataset/Very_Mild_Demented/verymild_1063.jpg,verymild_1063.jpg,Very_Mild_Demented,1,Very_Mild_Demented,1,True,0.9999524354934692,3.136955638183281e-05,0.9999210659370874,0.00039924579939967894,0.9997648596763611,1.612928645045031e-05,0.9999524354934692,3.136955638183281e-05,1.6878733788416866e-07
904,data/dataset/Very_Mild_Demented/verymild_1754.jpg,verymild_1754.jpg,Very_Mild_Demented,1,Very_Mild_Demented,1,True,0.9993852376937866,0.000550128286704421,0.9988351094070822,0.003882738773107772,0.9980182647705078,0.000550128286704421,0.9993852376937866,6.0380491049727425e-05,4.248352524882648e-06
905,data/dataset/Very_Mild_Demented/verymild_998.jpg,verymild_998.jpg,Very_Mild_Demented,1,Very_Mild_Demented,1,True,0.9997603297233582,0.0001733942044666037,0.9995869355188916,0.0017214358228473906,0.9990768432617188,0.0001733942044666037,0.9997603297233582,6.44772662781179e-05,1.7369276292811264e-06
906,data/dataset/Very_Mild_Demented/verymild_2150.jpg,verymild_2150.jpg,Very_Mild_Demented,1,Very_Mild_Demented,1,True,0.9998947381973267,9.7948286565952e-05,0.9997967899107607,0.0007907559064984887,0.9995649456977844,9.7948286565952e-05,0.9998947381973267,7.305412054847693e-06,2.251329433988758e-08
907,data/dataset/Very_Mild_Demented/verymild_862.jpg,verymild_862.jpg,Very_Mild_Demented,1,Non_Demented,0,False,0.8017063736915588,0.19821590185165405,0.6034904718399048,0.3597696689244864,0.7660611867904663,0.8017063736915588,0.19821590185165405,6.677790224784985e-05,1.0939204003079794e-05
908,data/dataset/Very_Mild_Demented/verymild_397.jpg,verymild_397.jpg,Very_Mild_Demented,1,Very_Mild_Demented,1,True,0.9963541030883789,0.00364570040255785,0.9927084026858211,0.017391597770910937,0.9915730953216553,0.00364570040255785,0.9963541030883789,1.063551096081028e-07,7.363743748101115e-08
909,data/dataset/Very_Mild_Demented/verymild_1899.jpg,verymild_1899.jpg,Very_Mild_Demented,1,Very_Mild_Demented,1,True,0.9999513626098633,3.12006231979467e-05,0.9999201619866653,0.0004078007606174513,0.9997594952583313,3.12006231979467e-05,0.9999513626098633,1.6902620700420812e-05,5.004366698813101e-07
910,data/dataset/Very_Mild_Demented/verymild_842.jpg,verymild_842.jpg,Very_Mild_Demented,1,Very_Mild_Demented,1,True,0.9996470212936401,0.00035269008367322385,0.9992943312099669,0.002280256497428441,0.9988344311714172,0.00035269008367322385,0.9996470212936401,1.681037389289486e-07,1.0652115634002257e-07
911,data/dataset/Very_Mild_Demented/verymild_1157.jpg,verymild_1157.jpg,Very_Mild_Demented,1,Very_Mild_Demented,1,True,0.9997840523719788,0.00019796004926320165,0.9995860923227156,0.0015165762697661282,0.9991934895515442,0.00019796004926320165,0.9997840523719788,1.760158374963794e-05,3.866678071062779e-07
912,data/dataset/Very_Mild_Demented/verymild_523.jpg,verymild_523.jpg,Very_Mild_Demented,1,Very_Mild_Demented,1,True,0.9999890327453613,9.494066034676507e-06,0.9999795386793267,0.00010210023410037313,0.9999343156814575,9.494066034676507e-06,0.9999890327453613,1.4895854292262811e-06,4.68471057502029e-08
913,data/dataset/Very_Mild_Demented/verymild_2238.jpg,verymild_2238.jpg,Very_Mild_Demented,1,Very_Mild_Demented,1,True,0.999606192111969,0.0003929770609829575,0.999213215050986,0.002515700746459626,0.9987181425094604,0.0003929770609829575,0.999606192111969,6.917679229445639e-07,1.4804507486587681e-07
914,data/dataset/Very_Mild_Demented/verymild_880.jpg,verymild_880.jpg,Very_Mild_Demented,1,Very_Mild_Demented,1,True,0.9998617172241211,0.00013815509737469256,0.9997235621267464,0.0009876410237845443,0.9994733929634094,0.00013815509737469256,0.9998617172241211,1.4282315419222869e-07,4.9587850270427225e-08
915,data/dataset/Very_Mild_Demented/verymild_1465.jpg,verymild_1465.jpg,Very_Mild_Demented,1,Very_Mild_Demented,1,True,0.9996296167373657,0.00033580834860913455,0.9992938083887566,0.002463786674814758,0.9987198114395142,3.363420182722621e-05,0.9996296167373657,0.00033580834860913455,9.106939842240536e-07
916,data/dataset/Very_Mild_Demented/verymild_612.jpg,verymild_612.jpg,Very_Mild_Demented,1,Very_Mild_Demented,1,True,0.9999704360961914,2.6162670110352337e-05,0.999944273426081,0.0002523104104121438,0.9998481273651123,2.4102582756313495e-06,0.9999704360961914,2.6162670110352337e-05,9.355567840430012e-07
917,data/dataset/Very_Mild_Demented/verymild_2157.jpg,verymild_2157.jpg,Very_Mild_Demented,1,Very_Mild_Demented,1,True,0.9992501139640808,0.0005205526831559837,0.9987295612809248,0.004767654677098226,0.9975752234458923,0.0005205526831559837,0.9992501139640808,0.00022900431940797716,3.071284311317868e-07
918,data/dataset/Very_Mild_Demented/verymild_1499.jpg,verymild_1499.jpg,Very_Mild_Demented,1,Very_Mild_Demented,1,True,0.996574878692627,0.003407073440030217,0.9931678052525967,0.016574344275697633,0.9919503927230835,0.003407073440030217,0.996574878692627,2.5781707790883956e-07,1.784410051186569e-05
919,data/dataset/Very_Mild_Demented/verymild_2192.jpg,verymild_2192.jpg,Very_Mild_Demented,1,Very_Mild_Demented,1,True,0.9998953342437744,9.51315596466884e-05,0.9998002026841277,0.0007945759703596943,0.9995585083961487,5.839803634444252e-06,0.9998953342437744,9.51315596466884e-05,3.6359926980367163e-06
920,data/dataset/Very_Mild_Demented/verymild_98.jpg,verymild_98.jpg,Very_Mild_Demented,1,Very_Mild_Demented,1,True,0.9963057041168213,0.0020340874325484037,0.9942716166842729,0.019465228869954238,0.9905257225036621,0.0020340874325484037,0.9963057041168213,0.0016497962642461061,1.0462298632774036e-05
921,data/dataset/Very_Mild_Demented/verymild_2214.jpg,verymild_2214.jpg,Very_Mild_Demented,1,Very_Mild_Demented,1,True,0.9999850988388062,1.4772175745747518e-05,0.9999703266630604,0.00013067567009243439,0.999920129776001,1.4772175745747518e-05,0.9999850988388062,1.1604768701545254e-07,4.871985037624427e-09
922,data/dataset/Very_Mild_Demented/verymild_971.jpg,verymild_971.jpg,Very_Mild_Demented,1,Very_Mild_Demented,1,True,0.9997183680534363,0.0002186286001233384,0.9994997394533129,0.001973103208770609,0.9989547729492188,6.264166586333886e-05,0.9997183680534363,0.0002186286001233384,3.229760636713763e-07
923,data/dataset/Very_Mild_Demented/verymild_554.jpg,verymild_554.jpg,Very_Mild_Demented,1,Very_Mild_Demented,1,True,0.9821943044662476,0.017584163695573807,0.9646101407706738,0.06536516126716219,0.9675089120864868,0.017584163695573807,0.9821943044662476,0.0002074557269224897,1.3998180293128826e-05
924,data/dataset/Very_Mild_Demented/verymild_658.jpg,verymild_658.jpg,Very_Mild_Demented,1,Very_Mild_Demented,1,True,0.9996128678321838,0.00029541354160755873,0.9993174542905763,0.002630892341091869,0.9986248016357422,0.00029541354160755873,0.9996128678321838,9.053064422914758e-05,1.2066867611792986e-06
925,data/dataset/Very_Mild_Demented/verymild_68.jpg,verymild_68.jpg,Very_Mild_Demented,1,Very_Mild_Demented,1,True,0.9999997615814209,1.3537705001454015e-07,0.9999996262043709,2.8692437388134494e-06,0.9999973773956299,9.866545269687776e-08,0.9999997615814209,1.3537705001454015e-07,2.9902708087448104e-10
926,data/dataset/Very_Mild_Demented/verymild_629.jpg,verymild_629.jpg,Very_Mild_Demented,1,Very_Mild_Demented,1,True,0.9999678134918213,3.1230611057253554e-05,0.999936582880764,0.0002671379937478472,0.9998434782028198,3.1230611057253554e-05,0.9999678134918213,9.964776381821139e-07,2.186622616306977e-08
927,data/dataset/Very_Mild_Demented/verymild_118.jpg,verymild_118.jpg,Very_Mild_Demented,1,Very_Mild_Demented,1,True,0.9968308806419373,0.003058105241507292,0.99377277540043,0.015790572309209716,0.9923012256622314,0.003058105241507292,0.9968308806419373,0.00010938015475403517,1.6818271433294285e-06
928,data/dataset/Very_Mild_Demented/verymild_929.jpg,verymild_929.jpg,Very_Mild_Demented,1,Very_Mild_Demented,1,True,0.9926691055297852,0.007330694701522589,0.9853384108282626,0.03126441706902421,0.9848010540008545,0.007330694701522589,0.9926691055297852,1.2749592315230984e-07,1.772312430148304e-08
929,data/dataset/Very_Mild_Demented/verymild_75.jpg,verymild_75.jpg,Very_Mild_Demented,1,Very_Mild_Demented,1,True,0.9999673366546631,2.2806882043369114e-05,0.9999445297726197,0.00028309958768767737,0.9998283386230469,2.2806882043369114e-05,0.9999673366546631,9.10195285541704e-06,7.349335078288277e-07
930,data/dataset/Very_Mild_Demented/verymild_2191.jpg,verymild_2191.jpg,Very_Mild_Demented,1,Very_Mild_Demented,1,True,0.999947190284729,5.2610859711421654e-05,0.9998945794250176,0.0004139849141207906,0.9997672438621521,1.726145342217933e-07,0.999947190284729,5.2610859711421654e-05,2.8219864223189006e-09
931,data/dataset/Very_Mild_Demented/verymild_2055.jpg,verymild_2055.jpg,Very_Mild_Demented,1,Very_Mild_Demented,1,True,0.9999868869781494,7.261614427989116e-06,0.9999796253637214,0.00012241852941728167,0.9999212026596069,7.261614427989116e-06,0.9999868869781494,5.847889951837715e-06,1.1222477169781087e-08
932,data/dataset/Very_Mild_Demented/verymild_1230.jpg,verymild_1230.jpg,Very_Mild_Demented,1,Very_Mild_Demented,1,True,0.9994297623634338,0.0005701102199964225,0.9988596521434374,0.003484288561420141,0.9982509016990662,0.0005701102199964225,0.9994297623634338,6.738738989042758e-08,3.003260928835516e-08
933,data/dataset/Very_Mild_Demented/verymild_252.jpg,verymild_252.jpg,Very_Mild_Demented,1,Very_Mild_Demented,1,True,0.9036067724227905,0.09637808799743652,0.807228684425354,0.22884069567949983,0.8700519800186157,0.09637808799743652,0.9036067724227905,1.2352869816822931e-05,2.837407009792514e-06
934,data/dataset/Very_Mild_Demented/verymild_1900.jpg,verymild_1900.jpg,Very_Mild_Demented,1,Very_Mild_Demented,1,True,0.9999996423721313,2.716584219797369e-07,0.9999993707137094,3.630485962292854e-06,0.9999969005584717,2.716584219797369e-07,0.9999996423721313,3.275696514037918e-08,1.6091197818646208e-10
935,data/dataset/Very_Mild_Demented/verymild_1003.jpg,verymild_1003.jpg,Very_Mild_Demented,1,Very_Mild_Demented,1,True,0.8332759141921997,0.16671733558177948,0.6665585786104202,0.3251349857761424,0.7969359159469604,0.16671733558177948,0.8332759141921997,2.4377739009651123e-06,4.292706307751359e-06
936,data/dataset/Very_Mild_Demented/verymild_887.jpg,verymild_887.jpg,Very_Mild_Demented,1,Very_Mild_Demented,1,True,0.9851657152175903,0.014717872254550457,0.9704478429630399,0.05620920264510638,0.972214937210083,0.014717872254550457,0.9851657152175903,9.647517435951158e-05,2.0019051589770243e-05
937,data/dataset/Very_Mild_Demented/verymild_656.jpg,verymild_656.jpg,Very_Mild_Demented,1,Very_Mild_Demented,1,True,0.5821027159690857,0.4123390018939972,0.1697637140750885,0.511697487363677,0.566455066204071,0.4123390018939972,0.5821027159690857,0.005520558916032314,3.7779802369186655e-05
938,data/dataset/Very_Mild_Demented/verymild_378.jpg,verymild_378.jpg,Very_Mild_Demented,1,Very_Mild_Demented,1,True,0.9971733093261719,0.002568901516497135,0.9946044078096747,0.014635362156135312,0.9928420782089233,0.002568901516497135,0.9971733093261719,0.00025511765852570534,2.630593371577561e-06
939,data/dataset/Very_Mild_Demented/verymild_659.jpg,verymild_659.jpg,Very_Mild_Demented,1,Very_Mild_Demented,1,True,0.9998847246170044,0.00011438212095526978,0.9997703424960491,0.0008418251805517163,0.9995449185371399,0.00011438212095526978,0.9998847246170044,4.043159265165741e-07,5.307304036250571e-07
940,data/dataset/Very_Mild_Demented/verymild_491.jpg,verymild_491.jpg,Very_Mild_Demented,1,Very_Mild_Demented,1,True,0.9758545756340027,0.024129362776875496,0.9517252128571272,0.08216567347766009,0.9585970640182495,0.024129362776875496,0.9758545756340027,6.200160896696616e-06,9.920763659465592e-06
941,data/dataset/Very_Mild_Demented/verymild_373.jpg,verymild_373.jpg,Very_Mild_Demented,1,Very_Mild_Demented,1,True,0.9999773502349854,2.247072188765742e-05,0.9999548795130977,0.00019221947905609984,0.9998856782913208,2.247072188765742e-05,0.9999773502349854,2.0093507657747978e-07,1.17167662239126e-08
942,data/dataset/Very_Mild_Demented/verymild_859.jpg,verymild_859.jpg,Very_Mild_Demented,1,Very_Mild_Demented,1,True,0.9983776807785034,0.001622100011445582,0.9967555807670578,0.008688063697010022,0.9957544803619385,0.001622100011445582,0.9983776807785034,1.6715219430807338e-07,9.657540545049415e-09
943,data/dataset/Very_Mild_Demented/verymild_1064.jpg,verymild_1064.jpg,Very_Mild_Demented,1,Very_Mild_Demented,1,True,1.0,1.2639927327029454e-08,0.9999999873600727,1.6663406645853187e-07,0.9999997615814209,1.2639927327029454e-08,1.0,3.1657006877017224e-11,1.457544154814805e-11
944,data/dataset/Very_Mild_Demented/verymild_1681.jpg,verymild_1681.jpg,Very_Mild_Demented,1,Very_Mild_Demented,1,True,0.9999604225158691,3.7282530684024096e-05,0.9999231399851851,0.0003253150722696681,0.9998099207878113,3.7282530684024096e-05,0.9999604225158691,1.544330643810099e-06,7.49569380786852e-07
945,data/dataset/Very_Mild_Demented/verymild_2227.jpg,verymild_2227.jpg,Very_Mild_Demented,1,Very_Mild_Demented,1,True,0.9990931749343872,0.0007694097585044801,0.9983237651758827,0.005517249122570536,0.9972221851348877,0.0007694097585044801,0.9990931749343872,0.00013679770927410573,5.887923180125654e-07
946,data/dataset/Very_Mild_Demented/verymild_1527.jpg,verymild_1527.jpg,Very_Mild_Demented,1,Very_Mild_Demented,1,True,0.9985344409942627,0.001247722189873457,0.9972867188043892,0.008401564785732861,0.9958316683769226,0.001247722189873457,0.9985344409942627,0.0002173039538320154,4.778657967108302e-07
947,data/dataset/Very_Mild_Demented/verymild_620.jpg,verymild_620.jpg,Very_Mild_Demented,1,Very_Mild_Demented,1,True,0.9991034865379333,0.0008962838910520077,0.9982072026468813,0.005185256097489553,0.9974321722984314,0.0008962838910520077,0.9991034865379333,3.111379953679716e-08,1.3873246018647478e-07
948,data/dataset/Very_Mild_Demented/verymild_2006.jpg,verymild_2006.jpg,Very_Mild_Demented,1,Very_Mild_Demented,1,True,0.9999769926071167,2.215349923062604e-05,0.9999548391078861,0.00019627200921283817,0.9998824596405029,2.215349923062604e-05,0.9999769926071167,8.290992354886839e-07,2.1755590662309032e-09
949,data/dataset/Very_Mild_Demented/verymild_22.jpg,verymild_22.jpg,Very_Mild_Demented,1,Very_Mild_Demented,1,True,0.9996188879013062,0.00038106259307824075,0.9992378253082279,0.0024389778415241825,0.9987583160400391,0.00038106259307824075,0.9996188879013062,2.0773001097040833e-09,6.7595666841668844e-09
950,data/dataset/Very_Mild_Demented/verymild_1731.jpg,verymild_1731.jpg,Very_Mild_Demented,1,Very_Mild_Demented,1,True,0.9997718930244446,0.00020913798653054982,0.999562755037914,0.0015939624163893227,0.9991539716720581,1.8137752704205923e-05,0.9997718930244446,0.00020913798653054982,8.341854140780924e-07
951,data/dataset/Very_Mild_Demented/verymild_861.jpg,verymild_861.jpg,Very_Mild_Demented,1,Very_Mild_Demented,1,True,0.9824026823043823,0.017595896497368813,0.9648067858070135,0.06387513582683385,0.9682628512382507,0.017595896497368813,0.9824026823043823,1.1540840887391823e-06,2.2100969943039672e-07
952,data/dataset/Very_Mild_Demented/verymild_308.jpg,verymild_308.jpg,Very_Mild_Demented,1,Very_Mild_Demented,1,True,0.9644570350646973,0.0355064682662487,0.9289505667984486,0.11094618005424872,0.9428430199623108,0.0355064682662487,0.9644570350646973,3.521837788866833e-05,1.267770244339772e-06
953,data/dataset/Very_Mild_Demented/verymild_574.jpg,verymild_574.jpg,Very_Mild_Demented,1,Very_Mild_Demented,1,True,0.9998446702957153,0.00015265551337506622,0.9996920147823403,0.001104720900588321,0.9994101524353027,0.00015265551337506622,0.9998446702957153,2.566783678048523e-06,1.0418419549296232e-07
954,data/dataset/Very_Mild_Demented/verymild_1741.jpg,verymild_1741.jpg,Very_Mild_Demented,1,Very_Mild_Demented,1,True,0.9999960660934448,3.689813866003533e-06,0.9999923762795788,3.942206550773113e-05,0.999972939491272,3.689813866003533e-06,0.9999960660934448,2.9966250281177054e-07,2.858987491194398e-09
955,data/dataset/Very_Mild_Demented/verymild_174.jpg,verymild_174.jpg,Very_Mild_Demented,1,Very_Mild_Demented,1,True,0.9992592930793762,0.0007392431725747883,0.9985200499068014,0.004393586701110163,0.9978087544441223,0.0007392431725747883,0.9992592930793762,9.140651968664315e-07,5.408430752140703e-07
956,data/dataset/Very_Mild_Demented/verymild_273.jpg,verymild_273.jpg,Very_Mild_Demented,1,Very_Mild_Demented,1,True,0.9994729161262512,0.00037624212563969195,0.9990966740006115,0.0034812550158733794,0.9982033967971802,0.00014988789916969836,0.9994729161262512,0.00037624212563969195,8.953894052865508e-07
957,data/dataset/Very_Mild_Demented/verymild_203.jpg,verymild_203.jpg,Very_Mild_Demented,1,Very_Mild_Demented,1,True,0.9999579191207886,3.534596908139065e-05,0.9999225731517072,0.0003504553794462873,0.9997938275337219,3.534596908139065e-05,0.9999579191207886,6.446426596085075e-06,2.9238992738100933e-07
958,data/dataset/Very_Mild_Demented/verymild_1486.jpg,verymild_1486.jpg,Very_Mild_Demented,1,Very_Mild_Demented,1,True,0.9435740113258362,0.056309305131435394,0.8872647061944008,0.15720756758260634,0.9160433411598206,0.056309305131435394,0.9435740113258362,6.5082851506304e-05,5.15990104759112e-05
959,data/dataset/Very_Mild_Demented/verymild_2207.jpg,verymild_2207.jpg,Very_Mild_Demented,1,Very_Mild_Demented,1,True,0.9998892545700073,0.00010979696526192129,0.9997794576047454,0.0008119692274944632,0.9995604157447815,9.550138884151238e-07,0.9998892545700073,0.00010979696526192129,3.7776391792476716e-08
